ISO-10303-21;
HEADER;
FILE_DESCRIPTION(('FreeCAD Model'),'2;1');
FILE_NAME('Open CASCADE Shape Model','2026-07-28T09:57:43',(''),(''),
  'Open CASCADE STEP processor 7.8','FreeCAD','Unknown');
FILE_SCHEMA(('AUTOMOTIVE_DESIGN { 1 0 10303 214 1 1 1 1 }'));
ENDSEC;
DATA;
#1 = APPLICATION_PROTOCOL_DEFINITION('international standard',
  'automotive_design',2000,#2);
#2 = APPLICATION_CONTEXT(
  'core data for automotive mechanical design processes');
#3 = SHAPE_DEFINITION_REPRESENTATION(#4,#10);
#4 = PRODUCT_DEFINITION_SHAPE('','',#5);
#5 = PRODUCT_DEFINITION('design','',#6,#9);
#6 = PRODUCT_DEFINITION_FORMATION('','',#7);
#7 = PRODUCT('Keycaps','Keycaps','',(#8));
#8 = PRODUCT_CONTEXT('',#2,'mechanical');
#9 = PRODUCT_DEFINITION_CONTEXT('part definition',#2,'design');
#10 = ADVANCED_BREP_SHAPE_REPRESENTATION('',(#11,#15),#7667);
#11 = AXIS2_PLACEMENT_3D('',#12,#13,#14);
#12 = CARTESIAN_POINT('',(0.,0.,0.));
#13 = DIRECTION('',(0.,0.,1.));
#14 = DIRECTION('',(1.,0.,-0.));
#15 = MANIFOLD_SOLID_BREP('',#16);
#16 = CLOSED_SHELL('',(#17,#532,#608,#658,#712,#761,#810,#864,#914,#963,
    #1012,#1062,#1116,#1165,#1214,#1268,#1318,#1345,#1404,#1423,#2347,
    #2419,#2624,#2829,#2876,#2923,#3128,#3328,#3355,#3414,#3473,#3551,
    #3605,#3656,#3729,#3761,#3815,#3866,#3898,#4376,#4854,#5111,#5187,
    #5237,#5291,#5340,#5389,#5443,#5493,#5542,#5591,#5641,#5695,#5744,
    #5793,#5847,#5897,#5924,#6000,#6050,#6104,#6153,#6202,#6256,#6306,
    #6355,#6404,#6454,#6508,#6557,#6606,#6660,#6710,#6737,#6813,#6882,
    #6936,#7005,#7059,#7128,#7182,#7229,#7248,#7267,#7340,#7389,#7436,
    #7485,#7532,#7581,#7628,#7656));
#17 = ADVANCED_FACE('',(#18,#497),#32,.F.);
#18 = FACE_BOUND('',#19,.F.);
#19 = EDGE_LOOP('',(#20,#55,#84,#112,#145,#173,#202,#230,#263,#291,#320,
    #348,#381,#409,#438,#466));
#20 = ORIENTED_EDGE('',*,*,#21,.T.);
#21 = EDGE_CURVE('',#22,#24,#26,.T.);
#22 = VERTEX_POINT('',#23);
#23 = CARTESIAN_POINT('',(-11.1,2.154065922854,-5.5));
#24 = VERTEX_POINT('',#25);
#25 = CARTESIAN_POINT('',(-11.1,0.95,-5.5));
#26 = SURFACE_CURVE('',#27,(#31,#43),.PCURVE_S1.);
#27 = LINE('',#28,#29);
#28 = CARTESIAN_POINT('',(-11.1,2.154065922854,-5.5));
#29 = VECTOR('',#30,1.);
#30 = DIRECTION('',(0.,-1.,0.));
#31 = PCURVE('',#32,#37);
#32 = PLANE('',#33);
#33 = AXIS2_PLACEMENT_3D('',#34,#35,#36);
#34 = CARTESIAN_POINT('',(-11.75,1.7E-16,-5.5));
#35 = DIRECTION('',(0.,0.,1.));
#36 = DIRECTION('',(1.,0.,0.));
#37 = DEFINITIONAL_REPRESENTATION('',(#38),#42);
#38 = LINE('',#39,#40);
#39 = CARTESIAN_POINT('',(0.65,2.154065922854));
#40 = VECTOR('',#41,1.);
#41 = DIRECTION('',(0.,-1.));
#42 = ( GEOMETRIC_REPRESENTATION_CONTEXT(2) 
PARAMETRIC_REPRESENTATION_CONTEXT() REPRESENTATION_CONTEXT('2D SPACE',''
  ) );
#43 = PCURVE('',#44,#49);
#44 = PLANE('',#45);
#45 = AXIS2_PLACEMENT_3D('',#46,#47,#48);
#46 = CARTESIAN_POINT('',(-11.1,2.154065922854,-5.5));
#47 = DIRECTION('',(1.,0.,0.));
#48 = DIRECTION('',(0.,-1.,0.));
#49 = DEFINITIONAL_REPRESENTATION('',(#50),#54);
#50 = LINE('',#51,#52);
#51 = CARTESIAN_POINT('',(0.,0.));
#52 = VECTOR('',#53,1.);
#53 = DIRECTION('',(1.,0.));
#54 = ( GEOMETRIC_REPRESENTATION_CONTEXT(2) 
PARAMETRIC_REPRESENTATION_CONTEXT() REPRESENTATION_CONTEXT('2D SPACE',''
  ) );
#55 = ORIENTED_EDGE('',*,*,#56,.T.);
#56 = EDGE_CURVE('',#24,#57,#59,.T.);
#57 = VERTEX_POINT('',#58);
#58 = CARTESIAN_POINT('',(-10.8,0.65,-5.5));
#59 = SURFACE_CURVE('',#60,(#65,#72),.PCURVE_S1.);
#60 = CIRCLE('',#61,0.3);
#61 = AXIS2_PLACEMENT_3D('',#62,#63,#64);
#62 = CARTESIAN_POINT('',(-10.8,0.95,-5.5));
#63 = DIRECTION('',(-0.,0.,1.));
#64 = DIRECTION('',(0.,-1.,0.));
#65 = PCURVE('',#32,#66);
#66 = DEFINITIONAL_REPRESENTATION('',(#67),#71);
#67 = CIRCLE('',#68,0.3);
#68 = AXIS2_PLACEMENT_2D('',#69,#70);
#69 = CARTESIAN_POINT('',(0.95,0.95));
#70 = DIRECTION('',(0.,-1.));
#71 = ( GEOMETRIC_REPRESENTATION_CONTEXT(2) 
PARAMETRIC_REPRESENTATION_CONTEXT() REPRESENTATION_CONTEXT('2D SPACE',''
  ) );
#72 = PCURVE('',#73,#78);
#73 = CYLINDRICAL_SURFACE('',#74,0.3);
#74 = AXIS2_PLACEMENT_3D('',#75,#76,#77);
#75 = CARTESIAN_POINT('',(-10.8,0.95,-5.5));
#76 = DIRECTION('',(0.,0.,1.));
#77 = DIRECTION('',(-1.,0.,0.));
#78 = DEFINITIONAL_REPRESENTATION('',(#79),#83);
#79 = LINE('',#80,#81);
#80 = CARTESIAN_POINT('',(-4.712388980385,-4.44E-15));
#81 = VECTOR('',#82,1.);
#82 = DIRECTION('',(1.,0.));
#83 = ( GEOMETRIC_REPRESENTATION_CONTEXT(2) 
PARAMETRIC_REPRESENTATION_CONTEXT() REPRESENTATION_CONTEXT('2D SPACE',''
  ) );
#84 = ORIENTED_EDGE('',*,*,#85,.T.);
#85 = EDGE_CURVE('',#57,#86,#88,.T.);
#86 = VERTEX_POINT('',#87);
#87 = CARTESIAN_POINT('',(-9.595934077146,0.65,-5.5));
#88 = SURFACE_CURVE('',#89,(#93,#100),.PCURVE_S1.);
#89 = LINE('',#90,#91);
#90 = CARTESIAN_POINT('',(-11.1,0.65,-5.5));
#91 = VECTOR('',#92,1.);
#92 = DIRECTION('',(1.,0.,0.));
#93 = PCURVE('',#32,#94);
#94 = DEFINITIONAL_REPRESENTATION('',(#95),#99);
#95 = LINE('',#96,#97);
#96 = CARTESIAN_POINT('',(0.65,0.65));
#97 = VECTOR('',#98,1.);
#98 = DIRECTION('',(1.,0.));
#99 = ( GEOMETRIC_REPRESENTATION_CONTEXT(2) 
PARAMETRIC_REPRESENTATION_CONTEXT() REPRESENTATION_CONTEXT('2D SPACE',''
  ) );
#100 = PCURVE('',#101,#106);
#101 = PLANE('',#102);
#102 = AXIS2_PLACEMENT_3D('',#103,#104,#105);
#103 = CARTESIAN_POINT('',(-11.1,0.65,-5.5));
#104 = DIRECTION('',(0.,1.,0.));
#105 = DIRECTION('',(1.,0.,0.));
#106 = DEFINITIONAL_REPRESENTATION('',(#107),#111);
#107 = LINE('',#108,#109);
#108 = CARTESIAN_POINT('',(0.,0.));
#109 = VECTOR('',#110,1.);
#110 = DIRECTION('',(1.,0.));
#111 = ( GEOMETRIC_REPRESENTATION_CONTEXT(2) 
PARAMETRIC_REPRESENTATION_CONTEXT() REPRESENTATION_CONTEXT('2D SPACE',''
  ) );
#112 = ORIENTED_EDGE('',*,*,#113,.T.);
#113 = EDGE_CURVE('',#86,#114,#116,.T.);
#114 = VERTEX_POINT('',#115);
#115 = CARTESIAN_POINT('',(-9.595934077146,-0.65,-5.5));
#116 = SURFACE_CURVE('',#117,(#122,#133),.PCURVE_S1.);
#117 = CIRCLE('',#118,2.25);
#118 = AXIS2_PLACEMENT_3D('',#119,#120,#121);
#119 = CARTESIAN_POINT('',(-11.75,0.,-5.5));
#120 = DIRECTION('',(0.,0.,-1.));
#121 = DIRECTION('',(-1.,0.,0.));
#122 = PCURVE('',#32,#123);
#123 = DEFINITIONAL_REPRESENTATION('',(#124),#132);
#124 = ( BOUNDED_CURVE() B_SPLINE_CURVE(2,(#125,#126,#127,#128,#129,#130
,#131),.UNSPECIFIED.,.T.,.F.) B_SPLINE_CURVE_WITH_KNOTS((1,2,2,2,2,1),(
    -2.094395102393,0.,2.094395102393,4.188790204786,6.28318530718,
8.377580409573),.UNSPECIFIED.) CURVE() GEOMETRIC_REPRESENTATION_ITEM() 
RATIONAL_B_SPLINE_CURVE((1.,0.5,1.,0.5,1.,0.5,1.)) REPRESENTATION_ITEM(
  '') );
#125 = CARTESIAN_POINT('',(-2.25,-1.7E-16));
#126 = CARTESIAN_POINT('',(-2.25,3.89711431703));
#127 = CARTESIAN_POINT('',(1.125,1.948557158515));
#128 = CARTESIAN_POINT('',(4.5,3.810910596163E-16));
#129 = CARTESIAN_POINT('',(1.125,-1.948557158515));
#130 = CARTESIAN_POINT('',(-2.25,-3.89711431703));
#131 = CARTESIAN_POINT('',(-2.25,-1.7E-16));
#132 = ( GEOMETRIC_REPRESENTATION_CONTEXT(2) 
PARAMETRIC_REPRESENTATION_CONTEXT() REPRESENTATION_CONTEXT('2D SPACE',''
  ) );
#133 = PCURVE('',#134,#139);
#134 = CYLINDRICAL_SURFACE('',#135,2.25);
#135 = AXIS2_PLACEMENT_3D('',#136,#137,#138);
#136 = CARTESIAN_POINT('',(-11.75,0.,-5.5));
#137 = DIRECTION('',(0.,0.,-1.));
#138 = DIRECTION('',(-1.,0.,0.));
#139 = DEFINITIONAL_REPRESENTATION('',(#140),#144);
#140 = LINE('',#141,#142);
#141 = CARTESIAN_POINT('',(0.,0.));
#142 = VECTOR('',#143,1.);
#143 = DIRECTION('',(1.,0.));
#144 = ( GEOMETRIC_REPRESENTATION_CONTEXT(2) 
PARAMETRIC_REPRESENTATION_CONTEXT() REPRESENTATION_CONTEXT('2D SPACE',''
  ) );
#145 = ORIENTED_EDGE('',*,*,#146,.F.);
#146 = EDGE_CURVE('',#147,#114,#149,.T.);
#147 = VERTEX_POINT('',#148);
#148 = CARTESIAN_POINT('',(-10.8,-0.65,-5.5));
#149 = SURFACE_CURVE('',#150,(#154,#161),.PCURVE_S1.);
#150 = LINE('',#151,#152);
#151 = CARTESIAN_POINT('',(-11.1,-0.65,-5.5));
#152 = VECTOR('',#153,1.);
#153 = DIRECTION('',(1.,0.,0.));
#154 = PCURVE('',#32,#155);
#155 = DEFINITIONAL_REPRESENTATION('',(#156),#160);
#156 = LINE('',#157,#158);
#157 = CARTESIAN_POINT('',(0.65,-0.65));
#158 = VECTOR('',#159,1.);
#159 = DIRECTION('',(1.,0.));
#160 = ( GEOMETRIC_REPRESENTATION_CONTEXT(2) 
PARAMETRIC_REPRESENTATION_CONTEXT() REPRESENTATION_CONTEXT('2D SPACE',''
  ) );
#161 = PCURVE('',#162,#167);
#162 = PLANE('',#163);
#163 = AXIS2_PLACEMENT_3D('',#164,#165,#166);
#164 = CARTESIAN_POINT('',(-11.1,-0.65,-5.5));
#165 = DIRECTION('',(0.,1.,0.));
#166 = DIRECTION('',(1.,0.,0.));
#167 = DEFINITIONAL_REPRESENTATION('',(#168),#172);
#168 = LINE('',#169,#170);
#169 = CARTESIAN_POINT('',(0.,0.));
#170 = VECTOR('',#171,1.);
#171 = DIRECTION('',(1.,0.));
#172 = ( GEOMETRIC_REPRESENTATION_CONTEXT(2) 
PARAMETRIC_REPRESENTATION_CONTEXT() REPRESENTATION_CONTEXT('2D SPACE',''
  ) );
#173 = ORIENTED_EDGE('',*,*,#174,.T.);
#174 = EDGE_CURVE('',#147,#175,#177,.T.);
#175 = VERTEX_POINT('',#176);
#176 = CARTESIAN_POINT('',(-11.1,-0.95,-5.5));
#177 = SURFACE_CURVE('',#178,(#183,#190),.PCURVE_S1.);
#178 = CIRCLE('',#179,0.3);
#179 = AXIS2_PLACEMENT_3D('',#180,#181,#182);
#180 = CARTESIAN_POINT('',(-10.8,-0.95,-5.5));
#181 = DIRECTION('',(-0.,0.,1.));
#182 = DIRECTION('',(0.,-1.,0.));
#183 = PCURVE('',#32,#184);
#184 = DEFINITIONAL_REPRESENTATION('',(#185),#189);
#185 = CIRCLE('',#186,0.3);
#186 = AXIS2_PLACEMENT_2D('',#187,#188);
#187 = CARTESIAN_POINT('',(0.95,-0.95));
#188 = DIRECTION('',(0.,-1.));
#189 = ( GEOMETRIC_REPRESENTATION_CONTEXT(2) 
PARAMETRIC_REPRESENTATION_CONTEXT() REPRESENTATION_CONTEXT('2D SPACE',''
  ) );
#190 = PCURVE('',#191,#196);
#191 = CYLINDRICAL_SURFACE('',#192,0.3);
#192 = AXIS2_PLACEMENT_3D('',#193,#194,#195);
#193 = CARTESIAN_POINT('',(-10.8,-0.95,-5.5));
#194 = DIRECTION('',(0.,0.,1.));
#195 = DIRECTION('',(0.,1.,0.));
#196 = DEFINITIONAL_REPRESENTATION('',(#197),#201);
#197 = LINE('',#198,#199);
#198 = CARTESIAN_POINT('',(-3.14159265359,-4.44E-15));
#199 = VECTOR('',#200,1.);
#200 = DIRECTION('',(1.,0.));
#201 = ( GEOMETRIC_REPRESENTATION_CONTEXT(2) 
PARAMETRIC_REPRESENTATION_CONTEXT() REPRESENTATION_CONTEXT('2D SPACE',''
  ) );
#202 = ORIENTED_EDGE('',*,*,#203,.F.);
#203 = EDGE_CURVE('',#204,#175,#206,.T.);
#204 = VERTEX_POINT('',#205);
#205 = CARTESIAN_POINT('',(-11.1,-2.154065922854,-5.5));
#206 = SURFACE_CURVE('',#207,(#211,#218),.PCURVE_S1.);
#207 = LINE('',#208,#209);
#208 = CARTESIAN_POINT('',(-11.1,-2.154065922854,-5.5));
#209 = VECTOR('',#210,1.);
#210 = DIRECTION('',(0.,1.,0.));
#211 = PCURVE('',#32,#212);
#212 = DEFINITIONAL_REPRESENTATION('',(#213),#217);
#213 = LINE('',#214,#215);
#214 = CARTESIAN_POINT('',(0.65,-2.154065922854));
#215 = VECTOR('',#216,1.);
#216 = DIRECTION('',(0.,1.));
#217 = ( GEOMETRIC_REPRESENTATION_CONTEXT(2) 
PARAMETRIC_REPRESENTATION_CONTEXT() REPRESENTATION_CONTEXT('2D SPACE',''
  ) );
#218 = PCURVE('',#219,#224);
#219 = PLANE('',#220);
#220 = AXIS2_PLACEMENT_3D('',#221,#222,#223);
#221 = CARTESIAN_POINT('',(-11.1,-2.154065922854,-5.5));
#222 = DIRECTION('',(-1.,0.,0.));
#223 = DIRECTION('',(0.,1.,0.));
#224 = DEFINITIONAL_REPRESENTATION('',(#225),#229);
#225 = LINE('',#226,#227);
#226 = CARTESIAN_POINT('',(0.,0.));
#227 = VECTOR('',#228,1.);
#228 = DIRECTION('',(1.,0.));
#229 = ( GEOMETRIC_REPRESENTATION_CONTEXT(2) 
PARAMETRIC_REPRESENTATION_CONTEXT() REPRESENTATION_CONTEXT('2D SPACE',''
  ) );
#230 = ORIENTED_EDGE('',*,*,#231,.T.);
#231 = EDGE_CURVE('',#204,#232,#234,.T.);
#232 = VERTEX_POINT('',#233);
#233 = CARTESIAN_POINT('',(-12.4,-2.154065922854,-5.5));
#234 = SURFACE_CURVE('',#235,(#240,#251),.PCURVE_S1.);
#235 = CIRCLE('',#236,2.25);
#236 = AXIS2_PLACEMENT_3D('',#237,#238,#239);
#237 = CARTESIAN_POINT('',(-11.75,0.,-5.5));
#238 = DIRECTION('',(0.,0.,-1.));
#239 = DIRECTION('',(-1.,0.,0.));
#240 = PCURVE('',#32,#241);
#241 = DEFINITIONAL_REPRESENTATION('',(#242),#250);
#242 = ( BOUNDED_CURVE() B_SPLINE_CURVE(2,(#243,#244,#245,#246,#247,#248
,#249),.UNSPECIFIED.,.T.,.F.) B_SPLINE_CURVE_WITH_KNOTS((1,2,2,2,2,1),(
    -2.094395102393,0.,2.094395102393,4.188790204786,6.28318530718,
8.377580409573),.UNSPECIFIED.) CURVE() GEOMETRIC_REPRESENTATION_ITEM() 
RATIONAL_B_SPLINE_CURVE((1.,0.5,1.,0.5,1.,0.5,1.)) REPRESENTATION_ITEM(
  '') );
#243 = CARTESIAN_POINT('',(-2.25,-1.7E-16));
#244 = CARTESIAN_POINT('',(-2.25,3.89711431703));
#245 = CARTESIAN_POINT('',(1.125,1.948557158515));
#246 = CARTESIAN_POINT('',(4.5,3.810910596163E-16));
#247 = CARTESIAN_POINT('',(1.125,-1.948557158515));
#248 = CARTESIAN_POINT('',(-2.25,-3.89711431703));
#249 = CARTESIAN_POINT('',(-2.25,-1.7E-16));
#250 = ( GEOMETRIC_REPRESENTATION_CONTEXT(2) 
PARAMETRIC_REPRESENTATION_CONTEXT() REPRESENTATION_CONTEXT('2D SPACE',''
  ) );
#251 = PCURVE('',#252,#257);
#252 = CYLINDRICAL_SURFACE('',#253,2.25);
#253 = AXIS2_PLACEMENT_3D('',#254,#255,#256);
#254 = CARTESIAN_POINT('',(-11.75,0.,-5.5));
#255 = DIRECTION('',(0.,0.,-1.));
#256 = DIRECTION('',(-1.,0.,0.));
#257 = DEFINITIONAL_REPRESENTATION('',(#258),#262);
#258 = LINE('',#259,#260);
#259 = CARTESIAN_POINT('',(0.,0.));
#260 = VECTOR('',#261,1.);
#261 = DIRECTION('',(1.,0.));
#262 = ( GEOMETRIC_REPRESENTATION_CONTEXT(2) 
PARAMETRIC_REPRESENTATION_CONTEXT() REPRESENTATION_CONTEXT('2D SPACE',''
  ) );
#263 = ORIENTED_EDGE('',*,*,#264,.T.);
#264 = EDGE_CURVE('',#232,#265,#267,.T.);
#265 = VERTEX_POINT('',#266);
#266 = CARTESIAN_POINT('',(-12.4,-0.95,-5.5));
#267 = SURFACE_CURVE('',#268,(#272,#279),.PCURVE_S1.);
#268 = LINE('',#269,#270);
#269 = CARTESIAN_POINT('',(-12.4,-2.154065922854,-5.5));
#270 = VECTOR('',#271,1.);
#271 = DIRECTION('',(-4.4E-16,1.,0.));
#272 = PCURVE('',#32,#273);
#273 = DEFINITIONAL_REPRESENTATION('',(#274),#278);
#274 = LINE('',#275,#276);
#275 = CARTESIAN_POINT('',(-0.65,-2.154065922854));
#276 = VECTOR('',#277,1.);
#277 = DIRECTION('',(-4.4E-16,1.));
#278 = ( GEOMETRIC_REPRESENTATION_CONTEXT(2) 
PARAMETRIC_REPRESENTATION_CONTEXT() REPRESENTATION_CONTEXT('2D SPACE',''
  ) );
#279 = PCURVE('',#280,#285);
#280 = PLANE('',#281);
#281 = AXIS2_PLACEMENT_3D('',#282,#283,#284);
#282 = CARTESIAN_POINT('',(-12.4,-2.154065922854,-5.5));
#283 = DIRECTION('',(-1.,-4.4E-16,-0.));
#284 = DIRECTION('',(-4.4E-16,1.,0.));
#285 = DEFINITIONAL_REPRESENTATION('',(#286),#290);
#286 = LINE('',#287,#288);
#287 = CARTESIAN_POINT('',(0.,0.));
#288 = VECTOR('',#289,1.);
#289 = DIRECTION('',(1.,0.));
#290 = ( GEOMETRIC_REPRESENTATION_CONTEXT(2) 
PARAMETRIC_REPRESENTATION_CONTEXT() REPRESENTATION_CONTEXT('2D SPACE',''
  ) );
#291 = ORIENTED_EDGE('',*,*,#292,.T.);
#292 = EDGE_CURVE('',#265,#293,#295,.T.);
#293 = VERTEX_POINT('',#294);
#294 = CARTESIAN_POINT('',(-12.7,-0.65,-5.5));
#295 = SURFACE_CURVE('',#296,(#301,#308),.PCURVE_S1.);
#296 = CIRCLE('',#297,0.3);
#297 = AXIS2_PLACEMENT_3D('',#298,#299,#300);
#298 = CARTESIAN_POINT('',(-12.7,-0.95,-5.5));
#299 = DIRECTION('',(-0.,0.,1.));
#300 = DIRECTION('',(0.,-1.,0.));
#301 = PCURVE('',#32,#302);
#302 = DEFINITIONAL_REPRESENTATION('',(#303),#307);
#303 = CIRCLE('',#304,0.3);
#304 = AXIS2_PLACEMENT_2D('',#305,#306);
#305 = CARTESIAN_POINT('',(-0.95,-0.95));
#306 = DIRECTION('',(0.,-1.));
#307 = ( GEOMETRIC_REPRESENTATION_CONTEXT(2) 
PARAMETRIC_REPRESENTATION_CONTEXT() REPRESENTATION_CONTEXT('2D SPACE',''
  ) );
#308 = PCURVE('',#309,#314);
#309 = CYLINDRICAL_SURFACE('',#310,0.3);
#310 = AXIS2_PLACEMENT_3D('',#311,#312,#313);
#311 = CARTESIAN_POINT('',(-12.7,-0.95,-5.5));
#312 = DIRECTION('',(0.,0.,1.));
#313 = DIRECTION('',(1.,4.4E-16,0.));
#314 = DEFINITIONAL_REPRESENTATION('',(#315),#319);
#315 = LINE('',#316,#317);
#316 = CARTESIAN_POINT('',(-1.570796326795,-4.44E-15));
#317 = VECTOR('',#318,1.);
#318 = DIRECTION('',(1.,0.));
#319 = ( GEOMETRIC_REPRESENTATION_CONTEXT(2) 
PARAMETRIC_REPRESENTATION_CONTEXT() REPRESENTATION_CONTEXT('2D SPACE',''
  ) );
#320 = ORIENTED_EDGE('',*,*,#321,.T.);
#321 = EDGE_CURVE('',#293,#322,#324,.T.);
#322 = VERTEX_POINT('',#323);
#323 = CARTESIAN_POINT('',(-13.90406592285,-0.65,-5.5));
#324 = SURFACE_CURVE('',#325,(#329,#336),.PCURVE_S1.);
#325 = LINE('',#326,#327);
#326 = CARTESIAN_POINT('',(-12.4,-0.65,-5.5));
#327 = VECTOR('',#328,1.);
#328 = DIRECTION('',(-1.,-3.E-16,0.));
#329 = PCURVE('',#32,#330);
#330 = DEFINITIONAL_REPRESENTATION('',(#331),#335);
#331 = LINE('',#332,#333);
#332 = CARTESIAN_POINT('',(-0.65,-0.65));
#333 = VECTOR('',#334,1.);
#334 = DIRECTION('',(-1.,-3.E-16));
#335 = ( GEOMETRIC_REPRESENTATION_CONTEXT(2) 
PARAMETRIC_REPRESENTATION_CONTEXT() REPRESENTATION_CONTEXT('2D SPACE',''
  ) );
#336 = PCURVE('',#337,#342);
#337 = PLANE('',#338);
#338 = AXIS2_PLACEMENT_3D('',#339,#340,#341);
#339 = CARTESIAN_POINT('',(-12.4,-0.65,-5.5));
#340 = DIRECTION('',(3.E-16,-1.,0.));
#341 = DIRECTION('',(-1.,-3.E-16,0.));
#342 = DEFINITIONAL_REPRESENTATION('',(#343),#347);
#343 = LINE('',#344,#345);
#344 = CARTESIAN_POINT('',(0.,0.));
#345 = VECTOR('',#346,1.);
#346 = DIRECTION('',(1.,-0.));
#347 = ( GEOMETRIC_REPRESENTATION_CONTEXT(2) 
PARAMETRIC_REPRESENTATION_CONTEXT() REPRESENTATION_CONTEXT('2D SPACE',''
  ) );
#348 = ORIENTED_EDGE('',*,*,#349,.T.);
#349 = EDGE_CURVE('',#322,#350,#352,.T.);
#350 = VERTEX_POINT('',#351);
#351 = CARTESIAN_POINT('',(-13.90406592285,0.65,-5.5));
#352 = SURFACE_CURVE('',#353,(#358,#369),.PCURVE_S1.);
#353 = CIRCLE('',#354,2.25);
#354 = AXIS2_PLACEMENT_3D('',#355,#356,#357);
#355 = CARTESIAN_POINT('',(-11.75,0.,-5.5));
#356 = DIRECTION('',(0.,0.,-1.));
#357 = DIRECTION('',(-1.,0.,0.));
#358 = PCURVE('',#32,#359);
#359 = DEFINITIONAL_REPRESENTATION('',(#360),#368);
#360 = ( BOUNDED_CURVE() B_SPLINE_CURVE(2,(#361,#362,#363,#364,#365,#366
,#367),.UNSPECIFIED.,.T.,.F.) B_SPLINE_CURVE_WITH_KNOTS((1,2,2,2,2,1),(
    -2.094395102393,0.,2.094395102393,4.188790204786,6.28318530718,
8.377580409573),.UNSPECIFIED.) CURVE() GEOMETRIC_REPRESENTATION_ITEM() 
RATIONAL_B_SPLINE_CURVE((1.,0.5,1.,0.5,1.,0.5,1.)) REPRESENTATION_ITEM(
  '') );
#361 = CARTESIAN_POINT('',(-2.25,-1.7E-16));
#362 = CARTESIAN_POINT('',(-2.25,3.89711431703));
#363 = CARTESIAN_POINT('',(1.125,1.948557158515));
#364 = CARTESIAN_POINT('',(4.5,3.810910596163E-16));
#365 = CARTESIAN_POINT('',(1.125,-1.948557158515));
#366 = CARTESIAN_POINT('',(-2.25,-3.89711431703));
#367 = CARTESIAN_POINT('',(-2.25,-1.7E-16));
#368 = ( GEOMETRIC_REPRESENTATION_CONTEXT(2) 
PARAMETRIC_REPRESENTATION_CONTEXT() REPRESENTATION_CONTEXT('2D SPACE',''
  ) );
#369 = PCURVE('',#370,#375);
#370 = CYLINDRICAL_SURFACE('',#371,2.25);
#371 = AXIS2_PLACEMENT_3D('',#372,#373,#374);
#372 = CARTESIAN_POINT('',(-11.75,0.,-5.5));
#373 = DIRECTION('',(0.,0.,-1.));
#374 = DIRECTION('',(-1.,0.,0.));
#375 = DEFINITIONAL_REPRESENTATION('',(#376),#380);
#376 = LINE('',#377,#378);
#377 = CARTESIAN_POINT('',(0.,0.));
#378 = VECTOR('',#379,1.);
#379 = DIRECTION('',(1.,0.));
#380 = ( GEOMETRIC_REPRESENTATION_CONTEXT(2) 
PARAMETRIC_REPRESENTATION_CONTEXT() REPRESENTATION_CONTEXT('2D SPACE',''
  ) );
#381 = ORIENTED_EDGE('',*,*,#382,.F.);
#382 = EDGE_CURVE('',#383,#350,#385,.T.);
#383 = VERTEX_POINT('',#384);
#384 = CARTESIAN_POINT('',(-12.7,0.65,-5.5));
#385 = SURFACE_CURVE('',#386,(#390,#397),.PCURVE_S1.);
#386 = LINE('',#387,#388);
#387 = CARTESIAN_POINT('',(-12.4,0.65,-5.5));
#388 = VECTOR('',#389,1.);
#389 = DIRECTION('',(-1.,0.,0.));
#390 = PCURVE('',#32,#391);
#391 = DEFINITIONAL_REPRESENTATION('',(#392),#396);
#392 = LINE('',#393,#394);
#393 = CARTESIAN_POINT('',(-0.65,0.65));
#394 = VECTOR('',#395,1.);
#395 = DIRECTION('',(-1.,0.));
#396 = ( GEOMETRIC_REPRESENTATION_CONTEXT(2) 
PARAMETRIC_REPRESENTATION_CONTEXT() REPRESENTATION_CONTEXT('2D SPACE',''
  ) );
#397 = PCURVE('',#398,#403);
#398 = PLANE('',#399);
#399 = AXIS2_PLACEMENT_3D('',#400,#401,#402);
#400 = CARTESIAN_POINT('',(-12.4,0.65,-5.5));
#401 = DIRECTION('',(-0.,-1.,-0.));
#402 = DIRECTION('',(-1.,0.,0.));
#403 = DEFINITIONAL_REPRESENTATION('',(#404),#408);
#404 = LINE('',#405,#406);
#405 = CARTESIAN_POINT('',(0.,0.));
#406 = VECTOR('',#407,1.);
#407 = DIRECTION('',(1.,0.));
#408 = ( GEOMETRIC_REPRESENTATION_CONTEXT(2) 
PARAMETRIC_REPRESENTATION_CONTEXT() REPRESENTATION_CONTEXT('2D SPACE',''
  ) );
#409 = ORIENTED_EDGE('',*,*,#410,.T.);
#410 = EDGE_CURVE('',#383,#411,#413,.T.);
#411 = VERTEX_POINT('',#412);
#412 = CARTESIAN_POINT('',(-12.4,0.95,-5.5));
#413 = SURFACE_CURVE('',#414,(#419,#426),.PCURVE_S1.);
#414 = CIRCLE('',#415,0.3);
#415 = AXIS2_PLACEMENT_3D('',#416,#417,#418);
#416 = CARTESIAN_POINT('',(-12.7,0.95,-5.5));
#417 = DIRECTION('',(-0.,0.,1.));
#418 = DIRECTION('',(0.,-1.,0.));
#419 = PCURVE('',#32,#420);
#420 = DEFINITIONAL_REPRESENTATION('',(#421),#425);
#421 = CIRCLE('',#422,0.3);
#422 = AXIS2_PLACEMENT_2D('',#423,#424);
#423 = CARTESIAN_POINT('',(-0.95,0.95));
#424 = DIRECTION('',(0.,-1.));
#425 = ( GEOMETRIC_REPRESENTATION_CONTEXT(2) 
PARAMETRIC_REPRESENTATION_CONTEXT() REPRESENTATION_CONTEXT('2D SPACE',''
  ) );
#426 = PCURVE('',#427,#432);
#427 = CYLINDRICAL_SURFACE('',#428,0.3);
#428 = AXIS2_PLACEMENT_3D('',#429,#430,#431);
#429 = CARTESIAN_POINT('',(-12.7,0.95,-5.5));
#430 = DIRECTION('',(0.,0.,1.));
#431 = DIRECTION('',(0.,-1.,0.));
#432 = DEFINITIONAL_REPRESENTATION('',(#433),#437);
#433 = LINE('',#434,#435);
#434 = CARTESIAN_POINT('',(0.,-4.44E-15));
#435 = VECTOR('',#436,1.);
#436 = DIRECTION('',(1.,0.));
#437 = ( GEOMETRIC_REPRESENTATION_CONTEXT(2) 
PARAMETRIC_REPRESENTATION_CONTEXT() REPRESENTATION_CONTEXT('2D SPACE',''
  ) );
#438 = ORIENTED_EDGE('',*,*,#439,.F.);
#439 = EDGE_CURVE('',#440,#411,#442,.T.);
#440 = VERTEX_POINT('',#441);
#441 = CARTESIAN_POINT('',(-12.4,2.154065922854,-5.5));
#442 = SURFACE_CURVE('',#443,(#447,#454),.PCURVE_S1.);
#443 = LINE('',#444,#445);
#444 = CARTESIAN_POINT('',(-12.4,2.154065922854,-5.5));
#445 = VECTOR('',#446,1.);
#446 = DIRECTION('',(0.,-1.,0.));
#447 = PCURVE('',#32,#448);
#448 = DEFINITIONAL_REPRESENTATION('',(#449),#453);
#449 = LINE('',#450,#451);
#450 = CARTESIAN_POINT('',(-0.65,2.154065922854));
#451 = VECTOR('',#452,1.);
#452 = DIRECTION('',(0.,-1.));
#453 = ( GEOMETRIC_REPRESENTATION_CONTEXT(2) 
PARAMETRIC_REPRESENTATION_CONTEXT() REPRESENTATION_CONTEXT('2D SPACE',''
  ) );
#454 = PCURVE('',#455,#460);
#455 = PLANE('',#456);
#456 = AXIS2_PLACEMENT_3D('',#457,#458,#459);
#457 = CARTESIAN_POINT('',(-12.4,2.154065922854,-5.5));
#458 = DIRECTION('',(1.,0.,0.));
#459 = DIRECTION('',(0.,-1.,0.));
#460 = DEFINITIONAL_REPRESENTATION('',(#461),#465);
#461 = LINE('',#462,#463);
#462 = CARTESIAN_POINT('',(0.,0.));
#463 = VECTOR('',#464,1.);
#464 = DIRECTION('',(1.,0.));
#465 = ( GEOMETRIC_REPRESENTATION_CONTEXT(2) 
PARAMETRIC_REPRESENTATION_CONTEXT() REPRESENTATION_CONTEXT('2D SPACE',''
  ) );
#466 = ORIENTED_EDGE('',*,*,#467,.T.);
#467 = EDGE_CURVE('',#440,#22,#468,.T.);
#468 = SURFACE_CURVE('',#469,(#474,#485),.PCURVE_S1.);
#469 = CIRCLE('',#470,2.25);
#470 = AXIS2_PLACEMENT_3D('',#471,#472,#473);
#471 = CARTESIAN_POINT('',(-11.75,0.,-5.5));
#472 = DIRECTION('',(0.,0.,-1.));
#473 = DIRECTION('',(-1.,0.,0.));
#474 = PCURVE('',#32,#475);
#475 = DEFINITIONAL_REPRESENTATION('',(#476),#484);
#476 = ( BOUNDED_CURVE() B_SPLINE_CURVE(2,(#477,#478,#479,#480,#481,#482
,#483),.UNSPECIFIED.,.T.,.F.) B_SPLINE_CURVE_WITH_KNOTS((1,2,2,2,2,1),(
    -2.094395102393,0.,2.094395102393,4.188790204786,6.28318530718,
8.377580409573),.UNSPECIFIED.) CURVE() GEOMETRIC_REPRESENTATION_ITEM() 
RATIONAL_B_SPLINE_CURVE((1.,0.5,1.,0.5,1.,0.5,1.)) REPRESENTATION_ITEM(
  '') );
#477 = CARTESIAN_POINT('',(-2.25,-1.7E-16));
#478 = CARTESIAN_POINT('',(-2.25,3.89711431703));
#479 = CARTESIAN_POINT('',(1.125,1.948557158515));
#480 = CARTESIAN_POINT('',(4.5,3.810910596163E-16));
#481 = CARTESIAN_POINT('',(1.125,-1.948557158515));
#482 = CARTESIAN_POINT('',(-2.25,-3.89711431703));
#483 = CARTESIAN_POINT('',(-2.25,-1.7E-16));
#484 = ( GEOMETRIC_REPRESENTATION_CONTEXT(2) 
PARAMETRIC_REPRESENTATION_CONTEXT() REPRESENTATION_CONTEXT('2D SPACE',''
  ) );
#485 = PCURVE('',#486,#491);
#486 = CYLINDRICAL_SURFACE('',#487,2.25);
#487 = AXIS2_PLACEMENT_3D('',#488,#489,#490);
#488 = CARTESIAN_POINT('',(-11.75,0.,-5.5));
#489 = DIRECTION('',(0.,0.,-1.));
#490 = DIRECTION('',(-1.,0.,0.));
#491 = DEFINITIONAL_REPRESENTATION('',(#492),#496);
#492 = LINE('',#493,#494);
#493 = CARTESIAN_POINT('',(0.,0.));
#494 = VECTOR('',#495,1.);
#495 = DIRECTION('',(1.,0.));
#496 = ( GEOMETRIC_REPRESENTATION_CONTEXT(2) 
PARAMETRIC_REPRESENTATION_CONTEXT() REPRESENTATION_CONTEXT('2D SPACE',''
  ) );
#497 = FACE_BOUND('',#498,.T.);
#498 = EDGE_LOOP('',(#499));
#499 = ORIENTED_EDGE('',*,*,#500,.T.);
#500 = EDGE_CURVE('',#501,#501,#503,.T.);
#501 = VERTEX_POINT('',#502);
#502 = CARTESIAN_POINT('',(-14.4,0.,-5.5));
#503 = SURFACE_CURVE('',#504,(#509,#520),.PCURVE_S1.);
#504 = CIRCLE('',#505,2.65);
#505 = AXIS2_PLACEMENT_3D('',#506,#507,#508);
#506 = CARTESIAN_POINT('',(-11.75,0.,-5.5));
#507 = DIRECTION('',(0.,0.,-1.));
#508 = DIRECTION('',(-1.,0.,0.));
#509 = PCURVE('',#32,#510);
#510 = DEFINITIONAL_REPRESENTATION('',(#511),#519);
#511 = ( BOUNDED_CURVE() B_SPLINE_CURVE(2,(#512,#513,#514,#515,#516,#517
,#518),.UNSPECIFIED.,.T.,.F.) B_SPLINE_CURVE_WITH_KNOTS((1,2,2,2,2,1),(
    -2.094395102393,0.,2.094395102393,4.188790204786,6.28318530718,
8.377580409573),.UNSPECIFIED.) CURVE() GEOMETRIC_REPRESENTATION_ITEM() 
RATIONAL_B_SPLINE_CURVE((1.,0.5,1.,0.5,1.,0.5,1.)) REPRESENTATION_ITEM(
  '') );
#512 = CARTESIAN_POINT('',(-2.65,-1.7E-16));
#513 = CARTESIAN_POINT('',(-2.65,4.589934640058));
#514 = CARTESIAN_POINT('',(1.325,2.294967320029));
#515 = CARTESIAN_POINT('',(5.3,4.790628035481E-16));
#516 = CARTESIAN_POINT('',(1.325,-2.294967320029));
#517 = CARTESIAN_POINT('',(-2.65,-4.589934640058));
#518 = CARTESIAN_POINT('',(-2.65,-1.7E-16));
#519 = ( GEOMETRIC_REPRESENTATION_CONTEXT(2) 
PARAMETRIC_REPRESENTATION_CONTEXT() REPRESENTATION_CONTEXT('2D SPACE',''
  ) );
#520 = PCURVE('',#521,#526);
#521 = CYLINDRICAL_SURFACE('',#522,2.65);
#522 = AXIS2_PLACEMENT_3D('',#523,#524,#525);
#523 = CARTESIAN_POINT('',(-11.75,0.,-5.5));
#524 = DIRECTION('',(0.,0.,-1.));
#525 = DIRECTION('',(-1.,0.,0.));
#526 = DEFINITIONAL_REPRESENTATION('',(#527),#531);
#527 = LINE('',#528,#529);
#528 = CARTESIAN_POINT('',(0.,0.));
#529 = VECTOR('',#530,1.);
#530 = DIRECTION('',(1.,0.));
#531 = ( GEOMETRIC_REPRESENTATION_CONTEXT(2) 
PARAMETRIC_REPRESENTATION_CONTEXT() REPRESENTATION_CONTEXT('2D SPACE',''
  ) );
#532 = ADVANCED_FACE('',(#533),#44,.F.);
#533 = FACE_BOUND('',#534,.F.);
#534 = EDGE_LOOP('',(#535,#536,#559,#587));
#535 = ORIENTED_EDGE('',*,*,#21,.F.);
#536 = ORIENTED_EDGE('',*,*,#537,.T.);
#537 = EDGE_CURVE('',#22,#538,#540,.T.);
#538 = VERTEX_POINT('',#539);
#539 = CARTESIAN_POINT('',(-11.1,2.154065922854,-1.));
#540 = SURFACE_CURVE('',#541,(#545,#552),.PCURVE_S1.);
#541 = LINE('',#542,#543);
#542 = CARTESIAN_POINT('',(-11.1,2.154065922854,-5.5));
#543 = VECTOR('',#544,1.);
#544 = DIRECTION('',(0.,0.,1.));
#545 = PCURVE('',#44,#546);
#546 = DEFINITIONAL_REPRESENTATION('',(#547),#551);
#547 = LINE('',#548,#549);
#548 = CARTESIAN_POINT('',(0.,0.));
#549 = VECTOR('',#550,1.);
#550 = DIRECTION('',(0.,-1.));
#551 = ( GEOMETRIC_REPRESENTATION_CONTEXT(2) 
PARAMETRIC_REPRESENTATION_CONTEXT() REPRESENTATION_CONTEXT('2D SPACE',''
  ) );
#552 = PCURVE('',#486,#553);
#553 = DEFINITIONAL_REPRESENTATION('',(#554),#558);
#554 = LINE('',#555,#556);
#555 = CARTESIAN_POINT('',(1.863862365119,0.));
#556 = VECTOR('',#557,1.);
#557 = DIRECTION('',(0.,-1.));
#558 = ( GEOMETRIC_REPRESENTATION_CONTEXT(2) 
PARAMETRIC_REPRESENTATION_CONTEXT() REPRESENTATION_CONTEXT('2D SPACE',''
  ) );
#559 = ORIENTED_EDGE('',*,*,#560,.T.);
#560 = EDGE_CURVE('',#538,#561,#563,.T.);
#561 = VERTEX_POINT('',#562);
#562 = CARTESIAN_POINT('',(-11.1,0.95,-1.));
#563 = SURFACE_CURVE('',#564,(#568,#575),.PCURVE_S1.);
#564 = LINE('',#565,#566);
#565 = CARTESIAN_POINT('',(-11.1,1.077032961427,-1.));
#566 = VECTOR('',#567,1.);
#567 = DIRECTION('',(0.,-1.,0.));
#568 = PCURVE('',#44,#569);
#569 = DEFINITIONAL_REPRESENTATION('',(#570),#574);
#570 = LINE('',#571,#572);
#571 = CARTESIAN_POINT('',(1.077032961427,-4.5));
#572 = VECTOR('',#573,1.);
#573 = DIRECTION('',(1.,0.));
#574 = ( GEOMETRIC_REPRESENTATION_CONTEXT(2) 
PARAMETRIC_REPRESENTATION_CONTEXT() REPRESENTATION_CONTEXT('2D SPACE',''
  ) );
#575 = PCURVE('',#576,#581);
#576 = PLANE('',#577);
#577 = AXIS2_PLACEMENT_3D('',#578,#579,#580);
#578 = CARTESIAN_POINT('',(6.E-17,1.3E-16,-1.));
#579 = DIRECTION('',(0.,0.,1.));
#580 = DIRECTION('',(1.,0.,0.));
#581 = DEFINITIONAL_REPRESENTATION('',(#582),#586);
#582 = LINE('',#583,#584);
#583 = CARTESIAN_POINT('',(-11.1,1.077032961427));
#584 = VECTOR('',#585,1.);
#585 = DIRECTION('',(0.,-1.));
#586 = ( GEOMETRIC_REPRESENTATION_CONTEXT(2) 
PARAMETRIC_REPRESENTATION_CONTEXT() REPRESENTATION_CONTEXT('2D SPACE',''
  ) );
#587 = ORIENTED_EDGE('',*,*,#588,.F.);
#588 = EDGE_CURVE('',#24,#561,#589,.T.);
#589 = SURFACE_CURVE('',#590,(#594,#601),.PCURVE_S1.);
#590 = LINE('',#591,#592);
#591 = CARTESIAN_POINT('',(-11.1,0.95,-5.5));
#592 = VECTOR('',#593,1.);
#593 = DIRECTION('',(0.,0.,1.));
#594 = PCURVE('',#44,#595);
#595 = DEFINITIONAL_REPRESENTATION('',(#596),#600);
#596 = LINE('',#597,#598);
#597 = CARTESIAN_POINT('',(1.204065922854,0.));
#598 = VECTOR('',#599,1.);
#599 = DIRECTION('',(0.,-1.));
#600 = ( GEOMETRIC_REPRESENTATION_CONTEXT(2) 
PARAMETRIC_REPRESENTATION_CONTEXT() REPRESENTATION_CONTEXT('2D SPACE',''
  ) );
#601 = PCURVE('',#73,#602);
#602 = DEFINITIONAL_REPRESENTATION('',(#603),#607);
#603 = LINE('',#604,#605);
#604 = CARTESIAN_POINT('',(0.,0.));
#605 = VECTOR('',#606,1.);
#606 = DIRECTION('',(0.,1.));
#607 = ( GEOMETRIC_REPRESENTATION_CONTEXT(2) 
PARAMETRIC_REPRESENTATION_CONTEXT() REPRESENTATION_CONTEXT('2D SPACE',''
  ) );
#608 = ADVANCED_FACE('',(#609),#73,.T.);
#609 = FACE_BOUND('',#610,.T.);
#610 = EDGE_LOOP('',(#611,#612,#635,#657));
#611 = ORIENTED_EDGE('',*,*,#56,.T.);
#612 = ORIENTED_EDGE('',*,*,#613,.T.);
#613 = EDGE_CURVE('',#57,#614,#616,.T.);
#614 = VERTEX_POINT('',#615);
#615 = CARTESIAN_POINT('',(-10.8,0.65,-1.));
#616 = SURFACE_CURVE('',#617,(#621,#628),.PCURVE_S1.);
#617 = LINE('',#618,#619);
#618 = CARTESIAN_POINT('',(-10.8,0.65,-5.5));
#619 = VECTOR('',#620,1.);
#620 = DIRECTION('',(0.,0.,1.));
#621 = PCURVE('',#73,#622);
#622 = DEFINITIONAL_REPRESENTATION('',(#623),#627);
#623 = LINE('',#624,#625);
#624 = CARTESIAN_POINT('',(1.570796326795,0.));
#625 = VECTOR('',#626,1.);
#626 = DIRECTION('',(0.,1.));
#627 = ( GEOMETRIC_REPRESENTATION_CONTEXT(2) 
PARAMETRIC_REPRESENTATION_CONTEXT() REPRESENTATION_CONTEXT('2D SPACE',''
  ) );
#628 = PCURVE('',#101,#629);
#629 = DEFINITIONAL_REPRESENTATION('',(#630),#634);
#630 = LINE('',#631,#632);
#631 = CARTESIAN_POINT('',(0.3,0.));
#632 = VECTOR('',#633,1.);
#633 = DIRECTION('',(0.,-1.));
#634 = ( GEOMETRIC_REPRESENTATION_CONTEXT(2) 
PARAMETRIC_REPRESENTATION_CONTEXT() REPRESENTATION_CONTEXT('2D SPACE',''
  ) );
#635 = ORIENTED_EDGE('',*,*,#636,.F.);
#636 = EDGE_CURVE('',#561,#614,#637,.T.);
#637 = SURFACE_CURVE('',#638,(#643,#650),.PCURVE_S1.);
#638 = CIRCLE('',#639,0.3);
#639 = AXIS2_PLACEMENT_3D('',#640,#641,#642);
#640 = CARTESIAN_POINT('',(-10.8,0.95,-1.));
#641 = DIRECTION('',(-0.,0.,1.));
#642 = DIRECTION('',(0.,-1.,0.));
#643 = PCURVE('',#73,#644);
#644 = DEFINITIONAL_REPRESENTATION('',(#645),#649);
#645 = LINE('',#646,#647);
#646 = CARTESIAN_POINT('',(-4.712388980385,4.5));
#647 = VECTOR('',#648,1.);
#648 = DIRECTION('',(1.,0.));
#649 = ( GEOMETRIC_REPRESENTATION_CONTEXT(2) 
PARAMETRIC_REPRESENTATION_CONTEXT() REPRESENTATION_CONTEXT('2D SPACE',''
  ) );
#650 = PCURVE('',#576,#651);
#651 = DEFINITIONAL_REPRESENTATION('',(#652),#656);
#652 = CIRCLE('',#653,0.3);
#653 = AXIS2_PLACEMENT_2D('',#654,#655);
#654 = CARTESIAN_POINT('',(-10.8,0.95));
#655 = DIRECTION('',(0.,-1.));
#656 = ( GEOMETRIC_REPRESENTATION_CONTEXT(2) 
PARAMETRIC_REPRESENTATION_CONTEXT() REPRESENTATION_CONTEXT('2D SPACE',''
  ) );
#657 = ORIENTED_EDGE('',*,*,#588,.F.);
#658 = ADVANCED_FACE('',(#659),#486,.F.);
#659 = FACE_BOUND('',#660,.F.);
#660 = EDGE_LOOP('',(#661,#662,#685,#711));
#661 = ORIENTED_EDGE('',*,*,#467,.F.);
#662 = ORIENTED_EDGE('',*,*,#663,.T.);
#663 = EDGE_CURVE('',#440,#664,#666,.T.);
#664 = VERTEX_POINT('',#665);
#665 = CARTESIAN_POINT('',(-12.4,2.154065922854,-1.));
#666 = SURFACE_CURVE('',#667,(#671,#678),.PCURVE_S1.);
#667 = LINE('',#668,#669);
#668 = CARTESIAN_POINT('',(-12.4,2.154065922854,-5.5));
#669 = VECTOR('',#670,1.);
#670 = DIRECTION('',(0.,0.,1.));
#671 = PCURVE('',#486,#672);
#672 = DEFINITIONAL_REPRESENTATION('',(#673),#677);
#673 = LINE('',#674,#675);
#674 = CARTESIAN_POINT('',(1.277730288471,0.));
#675 = VECTOR('',#676,1.);
#676 = DIRECTION('',(0.,-1.));
#677 = ( GEOMETRIC_REPRESENTATION_CONTEXT(2) 
PARAMETRIC_REPRESENTATION_CONTEXT() REPRESENTATION_CONTEXT('2D SPACE',''
  ) );
#678 = PCURVE('',#455,#679);
#679 = DEFINITIONAL_REPRESENTATION('',(#680),#684);
#680 = LINE('',#681,#682);
#681 = CARTESIAN_POINT('',(0.,0.));
#682 = VECTOR('',#683,1.);
#683 = DIRECTION('',(0.,-1.));
#684 = ( GEOMETRIC_REPRESENTATION_CONTEXT(2) 
PARAMETRIC_REPRESENTATION_CONTEXT() REPRESENTATION_CONTEXT('2D SPACE',''
  ) );
#685 = ORIENTED_EDGE('',*,*,#686,.T.);
#686 = EDGE_CURVE('',#664,#538,#687,.T.);
#687 = SURFACE_CURVE('',#688,(#693,#700),.PCURVE_S1.);
#688 = CIRCLE('',#689,2.25);
#689 = AXIS2_PLACEMENT_3D('',#690,#691,#692);
#690 = CARTESIAN_POINT('',(-11.75,0.,-1.));
#691 = DIRECTION('',(0.,0.,-1.));
#692 = DIRECTION('',(-1.,0.,0.));
#693 = PCURVE('',#486,#694);
#694 = DEFINITIONAL_REPRESENTATION('',(#695),#699);
#695 = LINE('',#696,#697);
#696 = CARTESIAN_POINT('',(0.,-4.5));
#697 = VECTOR('',#698,1.);
#698 = DIRECTION('',(1.,0.));
#699 = ( GEOMETRIC_REPRESENTATION_CONTEXT(2) 
PARAMETRIC_REPRESENTATION_CONTEXT() REPRESENTATION_CONTEXT('2D SPACE',''
  ) );
#700 = PCURVE('',#576,#701);
#701 = DEFINITIONAL_REPRESENTATION('',(#702),#710);
#702 = ( BOUNDED_CURVE() B_SPLINE_CURVE(2,(#703,#704,#705,#706,#707,#708
,#709),.UNSPECIFIED.,.T.,.F.) B_SPLINE_CURVE_WITH_KNOTS((1,2,2,2,2,1),(
    -2.094395102393,0.,2.094395102393,4.188790204786,6.28318530718,
8.377580409573),.UNSPECIFIED.) CURVE() GEOMETRIC_REPRESENTATION_ITEM() 
RATIONAL_B_SPLINE_CURVE((1.,0.5,1.,0.5,1.,0.5,1.)) REPRESENTATION_ITEM(
  '') );
#703 = CARTESIAN_POINT('',(-14.,-1.3E-16));
#704 = CARTESIAN_POINT('',(-14.,3.89711431703));
#705 = CARTESIAN_POINT('',(-10.625,1.948557158515));
#706 = CARTESIAN_POINT('',(-7.25,4.210910596163E-16));
#707 = CARTESIAN_POINT('',(-10.625,-1.948557158515));
#708 = CARTESIAN_POINT('',(-14.,-3.89711431703));
#709 = CARTESIAN_POINT('',(-14.,-1.3E-16));
#710 = ( GEOMETRIC_REPRESENTATION_CONTEXT(2) 
PARAMETRIC_REPRESENTATION_CONTEXT() REPRESENTATION_CONTEXT('2D SPACE',''
  ) );
#711 = ORIENTED_EDGE('',*,*,#537,.F.);
#712 = ADVANCED_FACE('',(#713),#101,.F.);
#713 = FACE_BOUND('',#714,.F.);
#714 = EDGE_LOOP('',(#715,#716,#717,#740));
#715 = ORIENTED_EDGE('',*,*,#85,.F.);
#716 = ORIENTED_EDGE('',*,*,#613,.T.);
#717 = ORIENTED_EDGE('',*,*,#718,.T.);
#718 = EDGE_CURVE('',#614,#719,#721,.T.);
#719 = VERTEX_POINT('',#720);
#720 = CARTESIAN_POINT('',(-9.595934077146,0.65,-1.));
#721 = SURFACE_CURVE('',#722,(#726,#733),.PCURVE_S1.);
#722 = LINE('',#723,#724);
#723 = CARTESIAN_POINT('',(-5.55,0.65,-1.));
#724 = VECTOR('',#725,1.);
#725 = DIRECTION('',(1.,0.,0.));
#726 = PCURVE('',#101,#727);
#727 = DEFINITIONAL_REPRESENTATION('',(#728),#732);
#728 = LINE('',#729,#730);
#729 = CARTESIAN_POINT('',(5.55,-4.5));
#730 = VECTOR('',#731,1.);
#731 = DIRECTION('',(1.,0.));
#732 = ( GEOMETRIC_REPRESENTATION_CONTEXT(2) 
PARAMETRIC_REPRESENTATION_CONTEXT() REPRESENTATION_CONTEXT('2D SPACE',''
  ) );
#733 = PCURVE('',#576,#734);
#734 = DEFINITIONAL_REPRESENTATION('',(#735),#739);
#735 = LINE('',#736,#737);
#736 = CARTESIAN_POINT('',(-5.55,0.65));
#737 = VECTOR('',#738,1.);
#738 = DIRECTION('',(1.,0.));
#739 = ( GEOMETRIC_REPRESENTATION_CONTEXT(2) 
PARAMETRIC_REPRESENTATION_CONTEXT() REPRESENTATION_CONTEXT('2D SPACE',''
  ) );
#740 = ORIENTED_EDGE('',*,*,#741,.F.);
#741 = EDGE_CURVE('',#86,#719,#742,.T.);
#742 = SURFACE_CURVE('',#743,(#747,#754),.PCURVE_S1.);
#743 = LINE('',#744,#745);
#744 = CARTESIAN_POINT('',(-9.595934077146,0.65,-5.5));
#745 = VECTOR('',#746,1.);
#746 = DIRECTION('',(0.,0.,1.));
#747 = PCURVE('',#101,#748);
#748 = DEFINITIONAL_REPRESENTATION('',(#749),#753);
#749 = LINE('',#750,#751);
#750 = CARTESIAN_POINT('',(1.504065922854,0.));
#751 = VECTOR('',#752,1.);
#752 = DIRECTION('',(0.,-1.));
#753 = ( GEOMETRIC_REPRESENTATION_CONTEXT(2) 
PARAMETRIC_REPRESENTATION_CONTEXT() REPRESENTATION_CONTEXT('2D SPACE',''
  ) );
#754 = PCURVE('',#134,#755);
#755 = DEFINITIONAL_REPRESENTATION('',(#756),#760);
#756 = LINE('',#757,#758);
#757 = CARTESIAN_POINT('',(2.848526615266,0.));
#758 = VECTOR('',#759,1.);
#759 = DIRECTION('',(0.,-1.));
#760 = ( GEOMETRIC_REPRESENTATION_CONTEXT(2) 
PARAMETRIC_REPRESENTATION_CONTEXT() REPRESENTATION_CONTEXT('2D SPACE',''
  ) );
#761 = ADVANCED_FACE('',(#762),#455,.T.);
#762 = FACE_BOUND('',#763,.T.);
#763 = EDGE_LOOP('',(#764,#765,#766,#789));
#764 = ORIENTED_EDGE('',*,*,#439,.F.);
#765 = ORIENTED_EDGE('',*,*,#663,.T.);
#766 = ORIENTED_EDGE('',*,*,#767,.T.);
#767 = EDGE_CURVE('',#664,#768,#770,.T.);
#768 = VERTEX_POINT('',#769);
#769 = CARTESIAN_POINT('',(-12.4,0.95,-1.));
#770 = SURFACE_CURVE('',#771,(#775,#782),.PCURVE_S1.);
#771 = LINE('',#772,#773);
#772 = CARTESIAN_POINT('',(-12.4,1.077032961427,-1.));
#773 = VECTOR('',#774,1.);
#774 = DIRECTION('',(0.,-1.,0.));
#775 = PCURVE('',#455,#776);
#776 = DEFINITIONAL_REPRESENTATION('',(#777),#781);
#777 = LINE('',#778,#779);
#778 = CARTESIAN_POINT('',(1.077032961427,-4.5));
#779 = VECTOR('',#780,1.);
#780 = DIRECTION('',(1.,0.));
#781 = ( GEOMETRIC_REPRESENTATION_CONTEXT(2) 
PARAMETRIC_REPRESENTATION_CONTEXT() REPRESENTATION_CONTEXT('2D SPACE',''
  ) );
#782 = PCURVE('',#576,#783);
#783 = DEFINITIONAL_REPRESENTATION('',(#784),#788);
#784 = LINE('',#785,#786);
#785 = CARTESIAN_POINT('',(-12.4,1.077032961427));
#786 = VECTOR('',#787,1.);
#787 = DIRECTION('',(0.,-1.));
#788 = ( GEOMETRIC_REPRESENTATION_CONTEXT(2) 
PARAMETRIC_REPRESENTATION_CONTEXT() REPRESENTATION_CONTEXT('2D SPACE',''
  ) );
#789 = ORIENTED_EDGE('',*,*,#790,.F.);
#790 = EDGE_CURVE('',#411,#768,#791,.T.);
#791 = SURFACE_CURVE('',#792,(#796,#803),.PCURVE_S1.);
#792 = LINE('',#793,#794);
#793 = CARTESIAN_POINT('',(-12.4,0.95,-5.5));
#794 = VECTOR('',#795,1.);
#795 = DIRECTION('',(0.,0.,1.));
#796 = PCURVE('',#455,#797);
#797 = DEFINITIONAL_REPRESENTATION('',(#798),#802);
#798 = LINE('',#799,#800);
#799 = CARTESIAN_POINT('',(1.204065922854,0.));
#800 = VECTOR('',#801,1.);
#801 = DIRECTION('',(0.,-1.));
#802 = ( GEOMETRIC_REPRESENTATION_CONTEXT(2) 
PARAMETRIC_REPRESENTATION_CONTEXT() REPRESENTATION_CONTEXT('2D SPACE',''
  ) );
#803 = PCURVE('',#427,#804);
#804 = DEFINITIONAL_REPRESENTATION('',(#805),#809);
#805 = LINE('',#806,#807);
#806 = CARTESIAN_POINT('',(1.570796326795,0.));
#807 = VECTOR('',#808,1.);
#808 = DIRECTION('',(0.,1.));
#809 = ( GEOMETRIC_REPRESENTATION_CONTEXT(2) 
PARAMETRIC_REPRESENTATION_CONTEXT() REPRESENTATION_CONTEXT('2D SPACE',''
  ) );
#810 = ADVANCED_FACE('',(#811),#134,.F.);
#811 = FACE_BOUND('',#812,.F.);
#812 = EDGE_LOOP('',(#813,#814,#815,#843));
#813 = ORIENTED_EDGE('',*,*,#113,.F.);
#814 = ORIENTED_EDGE('',*,*,#741,.T.);
#815 = ORIENTED_EDGE('',*,*,#816,.T.);
#816 = EDGE_CURVE('',#719,#817,#819,.T.);
#817 = VERTEX_POINT('',#818);
#818 = CARTESIAN_POINT('',(-9.595934077146,-0.65,-1.));
#819 = SURFACE_CURVE('',#820,(#825,#832),.PCURVE_S1.);
#820 = CIRCLE('',#821,2.25);
#821 = AXIS2_PLACEMENT_3D('',#822,#823,#824);
#822 = CARTESIAN_POINT('',(-11.75,0.,-1.));
#823 = DIRECTION('',(0.,0.,-1.));
#824 = DIRECTION('',(-1.,0.,0.));
#825 = PCURVE('',#134,#826);
#826 = DEFINITIONAL_REPRESENTATION('',(#827),#831);
#827 = LINE('',#828,#829);
#828 = CARTESIAN_POINT('',(0.,-4.5));
#829 = VECTOR('',#830,1.);
#830 = DIRECTION('',(1.,0.));
#831 = ( GEOMETRIC_REPRESENTATION_CONTEXT(2) 
PARAMETRIC_REPRESENTATION_CONTEXT() REPRESENTATION_CONTEXT('2D SPACE',''
  ) );
#832 = PCURVE('',#576,#833);
#833 = DEFINITIONAL_REPRESENTATION('',(#834),#842);
#834 = ( BOUNDED_CURVE() B_SPLINE_CURVE(2,(#835,#836,#837,#838,#839,#840
,#841),.UNSPECIFIED.,.T.,.F.) B_SPLINE_CURVE_WITH_KNOTS((1,2,2,2,2,1),(
    -2.094395102393,0.,2.094395102393,4.188790204786,6.28318530718,
8.377580409573),.UNSPECIFIED.) CURVE() GEOMETRIC_REPRESENTATION_ITEM() 
RATIONAL_B_SPLINE_CURVE((1.,0.5,1.,0.5,1.,0.5,1.)) REPRESENTATION_ITEM(
  '') );
#835 = CARTESIAN_POINT('',(-14.,-1.3E-16));
#836 = CARTESIAN_POINT('',(-14.,3.89711431703));
#837 = CARTESIAN_POINT('',(-10.625,1.948557158515));
#838 = CARTESIAN_POINT('',(-7.25,4.210910596163E-16));
#839 = CARTESIAN_POINT('',(-10.625,-1.948557158515));
#840 = CARTESIAN_POINT('',(-14.,-3.89711431703));
#841 = CARTESIAN_POINT('',(-14.,-1.3E-16));
#842 = ( GEOMETRIC_REPRESENTATION_CONTEXT(2) 
PARAMETRIC_REPRESENTATION_CONTEXT() REPRESENTATION_CONTEXT('2D SPACE',''
  ) );
#843 = ORIENTED_EDGE('',*,*,#844,.F.);
#844 = EDGE_CURVE('',#114,#817,#845,.T.);
#845 = SURFACE_CURVE('',#846,(#850,#857),.PCURVE_S1.);
#846 = LINE('',#847,#848);
#847 = CARTESIAN_POINT('',(-9.595934077146,-0.65,-5.5));
#848 = VECTOR('',#849,1.);
#849 = DIRECTION('',(0.,0.,1.));
#850 = PCURVE('',#134,#851);
#851 = DEFINITIONAL_REPRESENTATION('',(#852),#856);
#852 = LINE('',#853,#854);
#853 = CARTESIAN_POINT('',(3.434658691914,0.));
#854 = VECTOR('',#855,1.);
#855 = DIRECTION('',(0.,-1.));
#856 = ( GEOMETRIC_REPRESENTATION_CONTEXT(2) 
PARAMETRIC_REPRESENTATION_CONTEXT() REPRESENTATION_CONTEXT('2D SPACE',''
  ) );
#857 = PCURVE('',#162,#858);
#858 = DEFINITIONAL_REPRESENTATION('',(#859),#863);
#859 = LINE('',#860,#861);
#860 = CARTESIAN_POINT('',(1.504065922854,0.));
#861 = VECTOR('',#862,1.);
#862 = DIRECTION('',(0.,-1.));
#863 = ( GEOMETRIC_REPRESENTATION_CONTEXT(2) 
PARAMETRIC_REPRESENTATION_CONTEXT() REPRESENTATION_CONTEXT('2D SPACE',''
  ) );
#864 = ADVANCED_FACE('',(#865),#427,.T.);
#865 = FACE_BOUND('',#866,.T.);
#866 = EDGE_LOOP('',(#867,#868,#869,#893));
#867 = ORIENTED_EDGE('',*,*,#410,.T.);
#868 = ORIENTED_EDGE('',*,*,#790,.T.);
#869 = ORIENTED_EDGE('',*,*,#870,.F.);
#870 = EDGE_CURVE('',#871,#768,#873,.T.);
#871 = VERTEX_POINT('',#872);
#872 = CARTESIAN_POINT('',(-12.7,0.65,-1.));
#873 = SURFACE_CURVE('',#874,(#879,#886),.PCURVE_S1.);
#874 = CIRCLE('',#875,0.3);
#875 = AXIS2_PLACEMENT_3D('',#876,#877,#878);
#876 = CARTESIAN_POINT('',(-12.7,0.95,-1.));
#877 = DIRECTION('',(-0.,0.,1.));
#878 = DIRECTION('',(0.,-1.,0.));
#879 = PCURVE('',#427,#880);
#880 = DEFINITIONAL_REPRESENTATION('',(#881),#885);
#881 = LINE('',#882,#883);
#882 = CARTESIAN_POINT('',(0.,4.5));
#883 = VECTOR('',#884,1.);
#884 = DIRECTION('',(1.,0.));
#885 = ( GEOMETRIC_REPRESENTATION_CONTEXT(2) 
PARAMETRIC_REPRESENTATION_CONTEXT() REPRESENTATION_CONTEXT('2D SPACE',''
  ) );
#886 = PCURVE('',#576,#887);
#887 = DEFINITIONAL_REPRESENTATION('',(#888),#892);
#888 = CIRCLE('',#889,0.3);
#889 = AXIS2_PLACEMENT_2D('',#890,#891);
#890 = CARTESIAN_POINT('',(-12.7,0.95));
#891 = DIRECTION('',(0.,-1.));
#892 = ( GEOMETRIC_REPRESENTATION_CONTEXT(2) 
PARAMETRIC_REPRESENTATION_CONTEXT() REPRESENTATION_CONTEXT('2D SPACE',''
  ) );
#893 = ORIENTED_EDGE('',*,*,#894,.F.);
#894 = EDGE_CURVE('',#383,#871,#895,.T.);
#895 = SURFACE_CURVE('',#896,(#900,#907),.PCURVE_S1.);
#896 = LINE('',#897,#898);
#897 = CARTESIAN_POINT('',(-12.7,0.65,-5.5));
#898 = VECTOR('',#899,1.);
#899 = DIRECTION('',(0.,0.,1.));
#900 = PCURVE('',#427,#901);
#901 = DEFINITIONAL_REPRESENTATION('',(#902),#906);
#902 = LINE('',#903,#904);
#903 = CARTESIAN_POINT('',(0.,0.));
#904 = VECTOR('',#905,1.);
#905 = DIRECTION('',(0.,1.));
#906 = ( GEOMETRIC_REPRESENTATION_CONTEXT(2) 
PARAMETRIC_REPRESENTATION_CONTEXT() REPRESENTATION_CONTEXT('2D SPACE',''
  ) );
#907 = PCURVE('',#398,#908);
#908 = DEFINITIONAL_REPRESENTATION('',(#909),#913);
#909 = LINE('',#910,#911);
#910 = CARTESIAN_POINT('',(0.3,0.));
#911 = VECTOR('',#912,1.);
#912 = DIRECTION('',(0.,-1.));
#913 = ( GEOMETRIC_REPRESENTATION_CONTEXT(2) 
PARAMETRIC_REPRESENTATION_CONTEXT() REPRESENTATION_CONTEXT('2D SPACE',''
  ) );
#914 = ADVANCED_FACE('',(#915),#162,.T.);
#915 = FACE_BOUND('',#916,.T.);
#916 = EDGE_LOOP('',(#917,#918,#941,#962));
#917 = ORIENTED_EDGE('',*,*,#146,.F.);
#918 = ORIENTED_EDGE('',*,*,#919,.T.);
#919 = EDGE_CURVE('',#147,#920,#922,.T.);
#920 = VERTEX_POINT('',#921);
#921 = CARTESIAN_POINT('',(-10.8,-0.65,-1.));
#922 = SURFACE_CURVE('',#923,(#927,#934),.PCURVE_S1.);
#923 = LINE('',#924,#925);
#924 = CARTESIAN_POINT('',(-10.8,-0.65,-5.5));
#925 = VECTOR('',#926,1.);
#926 = DIRECTION('',(0.,0.,1.));
#927 = PCURVE('',#162,#928);
#928 = DEFINITIONAL_REPRESENTATION('',(#929),#933);
#929 = LINE('',#930,#931);
#930 = CARTESIAN_POINT('',(0.3,0.));
#931 = VECTOR('',#932,1.);
#932 = DIRECTION('',(0.,-1.));
#933 = ( GEOMETRIC_REPRESENTATION_CONTEXT(2) 
PARAMETRIC_REPRESENTATION_CONTEXT() REPRESENTATION_CONTEXT('2D SPACE',''
  ) );
#934 = PCURVE('',#191,#935);
#935 = DEFINITIONAL_REPRESENTATION('',(#936),#940);
#936 = LINE('',#937,#938);
#937 = CARTESIAN_POINT('',(0.,0.));
#938 = VECTOR('',#939,1.);
#939 = DIRECTION('',(0.,1.));
#940 = ( GEOMETRIC_REPRESENTATION_CONTEXT(2) 
PARAMETRIC_REPRESENTATION_CONTEXT() REPRESENTATION_CONTEXT('2D SPACE',''
  ) );
#941 = ORIENTED_EDGE('',*,*,#942,.T.);
#942 = EDGE_CURVE('',#920,#817,#943,.T.);
#943 = SURFACE_CURVE('',#944,(#948,#955),.PCURVE_S1.);
#944 = LINE('',#945,#946);
#945 = CARTESIAN_POINT('',(-5.55,-0.65,-1.));
#946 = VECTOR('',#947,1.);
#947 = DIRECTION('',(1.,0.,0.));
#948 = PCURVE('',#162,#949);
#949 = DEFINITIONAL_REPRESENTATION('',(#950),#954);
#950 = LINE('',#951,#952);
#951 = CARTESIAN_POINT('',(5.55,-4.5));
#952 = VECTOR('',#953,1.);
#953 = DIRECTION('',(1.,0.));
#954 = ( GEOMETRIC_REPRESENTATION_CONTEXT(2) 
PARAMETRIC_REPRESENTATION_CONTEXT() REPRESENTATION_CONTEXT('2D SPACE',''
  ) );
#955 = PCURVE('',#576,#956);
#956 = DEFINITIONAL_REPRESENTATION('',(#957),#961);
#957 = LINE('',#958,#959);
#958 = CARTESIAN_POINT('',(-5.55,-0.65));
#959 = VECTOR('',#960,1.);
#960 = DIRECTION('',(1.,0.));
#961 = ( GEOMETRIC_REPRESENTATION_CONTEXT(2) 
PARAMETRIC_REPRESENTATION_CONTEXT() REPRESENTATION_CONTEXT('2D SPACE',''
  ) );
#962 = ORIENTED_EDGE('',*,*,#844,.F.);
#963 = ADVANCED_FACE('',(#964),#398,.T.);
#964 = FACE_BOUND('',#965,.T.);
#965 = EDGE_LOOP('',(#966,#967,#968,#991));
#966 = ORIENTED_EDGE('',*,*,#382,.F.);
#967 = ORIENTED_EDGE('',*,*,#894,.T.);
#968 = ORIENTED_EDGE('',*,*,#969,.T.);
#969 = EDGE_CURVE('',#871,#970,#972,.T.);
#970 = VERTEX_POINT('',#971);
#971 = CARTESIAN_POINT('',(-13.90406592285,0.65,-1.));
#972 = SURFACE_CURVE('',#973,(#977,#984),.PCURVE_S1.);
#973 = LINE('',#974,#975);
#974 = CARTESIAN_POINT('',(-6.2,0.65,-1.));
#975 = VECTOR('',#976,1.);
#976 = DIRECTION('',(-1.,0.,0.));
#977 = PCURVE('',#398,#978);
#978 = DEFINITIONAL_REPRESENTATION('',(#979),#983);
#979 = LINE('',#980,#981);
#980 = CARTESIAN_POINT('',(-6.2,-4.5));
#981 = VECTOR('',#982,1.);
#982 = DIRECTION('',(1.,0.));
#983 = ( GEOMETRIC_REPRESENTATION_CONTEXT(2) 
PARAMETRIC_REPRESENTATION_CONTEXT() REPRESENTATION_CONTEXT('2D SPACE',''
  ) );
#984 = PCURVE('',#576,#985);
#985 = DEFINITIONAL_REPRESENTATION('',(#986),#990);
#986 = LINE('',#987,#988);
#987 = CARTESIAN_POINT('',(-6.2,0.65));
#988 = VECTOR('',#989,1.);
#989 = DIRECTION('',(-1.,0.));
#990 = ( GEOMETRIC_REPRESENTATION_CONTEXT(2) 
PARAMETRIC_REPRESENTATION_CONTEXT() REPRESENTATION_CONTEXT('2D SPACE',''
  ) );
#991 = ORIENTED_EDGE('',*,*,#992,.F.);
#992 = EDGE_CURVE('',#350,#970,#993,.T.);
#993 = SURFACE_CURVE('',#994,(#998,#1005),.PCURVE_S1.);
#994 = LINE('',#995,#996);
#995 = CARTESIAN_POINT('',(-13.90406592285,0.65,-5.5));
#996 = VECTOR('',#997,1.);
#997 = DIRECTION('',(0.,0.,1.));
#998 = PCURVE('',#398,#999);
#999 = DEFINITIONAL_REPRESENTATION('',(#1000),#1004);
#1000 = LINE('',#1001,#1002);
#1001 = CARTESIAN_POINT('',(1.504065922854,0.));
#1002 = VECTOR('',#1003,1.);
#1003 = DIRECTION('',(0.,-1.));
#1004 = ( GEOMETRIC_REPRESENTATION_CONTEXT(2) 
PARAMETRIC_REPRESENTATION_CONTEXT() REPRESENTATION_CONTEXT('2D SPACE',''
  ) );
#1005 = PCURVE('',#370,#1006);
#1006 = DEFINITIONAL_REPRESENTATION('',(#1007),#1011);
#1007 = LINE('',#1008,#1009);
#1008 = CARTESIAN_POINT('',(6.576251345504,0.));
#1009 = VECTOR('',#1010,1.);
#1010 = DIRECTION('',(0.,-1.));
#1011 = ( GEOMETRIC_REPRESENTATION_CONTEXT(2) 
PARAMETRIC_REPRESENTATION_CONTEXT() REPRESENTATION_CONTEXT('2D SPACE',''
  ) );
#1012 = ADVANCED_FACE('',(#1013),#191,.T.);
#1013 = FACE_BOUND('',#1014,.T.);
#1014 = EDGE_LOOP('',(#1015,#1016,#1039,#1061));
#1015 = ORIENTED_EDGE('',*,*,#174,.T.);
#1016 = ORIENTED_EDGE('',*,*,#1017,.T.);
#1017 = EDGE_CURVE('',#175,#1018,#1020,.T.);
#1018 = VERTEX_POINT('',#1019);
#1019 = CARTESIAN_POINT('',(-11.1,-0.95,-1.));
#1020 = SURFACE_CURVE('',#1021,(#1025,#1032),.PCURVE_S1.);
#1021 = LINE('',#1022,#1023);
#1022 = CARTESIAN_POINT('',(-11.1,-0.95,-5.5));
#1023 = VECTOR('',#1024,1.);
#1024 = DIRECTION('',(0.,0.,1.));
#1025 = PCURVE('',#191,#1026);
#1026 = DEFINITIONAL_REPRESENTATION('',(#1027),#1031);
#1027 = LINE('',#1028,#1029);
#1028 = CARTESIAN_POINT('',(1.570796326795,0.));
#1029 = VECTOR('',#1030,1.);
#1030 = DIRECTION('',(0.,1.));
#1031 = ( GEOMETRIC_REPRESENTATION_CONTEXT(2) 
PARAMETRIC_REPRESENTATION_CONTEXT() REPRESENTATION_CONTEXT('2D SPACE',''
  ) );
#1032 = PCURVE('',#219,#1033);
#1033 = DEFINITIONAL_REPRESENTATION('',(#1034),#1038);
#1034 = LINE('',#1035,#1036);
#1035 = CARTESIAN_POINT('',(1.204065922854,0.));
#1036 = VECTOR('',#1037,1.);
#1037 = DIRECTION('',(0.,-1.));
#1038 = ( GEOMETRIC_REPRESENTATION_CONTEXT(2) 
PARAMETRIC_REPRESENTATION_CONTEXT() REPRESENTATION_CONTEXT('2D SPACE',''
  ) );
#1039 = ORIENTED_EDGE('',*,*,#1040,.F.);
#1040 = EDGE_CURVE('',#920,#1018,#1041,.T.);
#1041 = SURFACE_CURVE('',#1042,(#1047,#1054),.PCURVE_S1.);
#1042 = CIRCLE('',#1043,0.3);
#1043 = AXIS2_PLACEMENT_3D('',#1044,#1045,#1046);
#1044 = CARTESIAN_POINT('',(-10.8,-0.95,-1.));
#1045 = DIRECTION('',(-0.,0.,1.));
#1046 = DIRECTION('',(0.,-1.,0.));
#1047 = PCURVE('',#191,#1048);
#1048 = DEFINITIONAL_REPRESENTATION('',(#1049),#1053);
#1049 = LINE('',#1050,#1051);
#1050 = CARTESIAN_POINT('',(-3.14159265359,4.5));
#1051 = VECTOR('',#1052,1.);
#1052 = DIRECTION('',(1.,0.));
#1053 = ( GEOMETRIC_REPRESENTATION_CONTEXT(2) 
PARAMETRIC_REPRESENTATION_CONTEXT() REPRESENTATION_CONTEXT('2D SPACE',''
  ) );
#1054 = PCURVE('',#576,#1055);
#1055 = DEFINITIONAL_REPRESENTATION('',(#1056),#1060);
#1056 = CIRCLE('',#1057,0.3);
#1057 = AXIS2_PLACEMENT_2D('',#1058,#1059);
#1058 = CARTESIAN_POINT('',(-10.8,-0.95));
#1059 = DIRECTION('',(0.,-1.));
#1060 = ( GEOMETRIC_REPRESENTATION_CONTEXT(2) 
PARAMETRIC_REPRESENTATION_CONTEXT() REPRESENTATION_CONTEXT('2D SPACE',''
  ) );
#1061 = ORIENTED_EDGE('',*,*,#919,.F.);
#1062 = ADVANCED_FACE('',(#1063),#370,.F.);
#1063 = FACE_BOUND('',#1064,.F.);
#1064 = EDGE_LOOP('',(#1065,#1066,#1089,#1115));
#1065 = ORIENTED_EDGE('',*,*,#349,.F.);
#1066 = ORIENTED_EDGE('',*,*,#1067,.T.);
#1067 = EDGE_CURVE('',#322,#1068,#1070,.T.);
#1068 = VERTEX_POINT('',#1069);
#1069 = CARTESIAN_POINT('',(-13.90406592285,-0.65,-1.));
#1070 = SURFACE_CURVE('',#1071,(#1075,#1082),.PCURVE_S1.);
#1071 = LINE('',#1072,#1073);
#1072 = CARTESIAN_POINT('',(-13.90406592285,-0.65,-5.5));
#1073 = VECTOR('',#1074,1.);
#1074 = DIRECTION('',(0.,0.,1.));
#1075 = PCURVE('',#370,#1076);
#1076 = DEFINITIONAL_REPRESENTATION('',(#1077),#1081);
#1077 = LINE('',#1078,#1079);
#1078 = CARTESIAN_POINT('',(5.990119268856,0.));
#1079 = VECTOR('',#1080,1.);
#1080 = DIRECTION('',(0.,-1.));
#1081 = ( GEOMETRIC_REPRESENTATION_CONTEXT(2) 
PARAMETRIC_REPRESENTATION_CONTEXT() REPRESENTATION_CONTEXT('2D SPACE',''
  ) );
#1082 = PCURVE('',#337,#1083);
#1083 = DEFINITIONAL_REPRESENTATION('',(#1084),#1088);
#1084 = LINE('',#1085,#1086);
#1085 = CARTESIAN_POINT('',(1.504065922854,-0.));
#1086 = VECTOR('',#1087,1.);
#1087 = DIRECTION('',(0.,-1.));
#1088 = ( GEOMETRIC_REPRESENTATION_CONTEXT(2) 
PARAMETRIC_REPRESENTATION_CONTEXT() REPRESENTATION_CONTEXT('2D SPACE',''
  ) );
#1089 = ORIENTED_EDGE('',*,*,#1090,.T.);
#1090 = EDGE_CURVE('',#1068,#970,#1091,.T.);
#1091 = SURFACE_CURVE('',#1092,(#1097,#1104),.PCURVE_S1.);
#1092 = CIRCLE('',#1093,2.25);
#1093 = AXIS2_PLACEMENT_3D('',#1094,#1095,#1096);
#1094 = CARTESIAN_POINT('',(-11.75,0.,-1.));
#1095 = DIRECTION('',(0.,0.,-1.));
#1096 = DIRECTION('',(-1.,0.,0.));
#1097 = PCURVE('',#370,#1098);
#1098 = DEFINITIONAL_REPRESENTATION('',(#1099),#1103);
#1099 = LINE('',#1100,#1101);
#1100 = CARTESIAN_POINT('',(0.,-4.5));
#1101 = VECTOR('',#1102,1.);
#1102 = DIRECTION('',(1.,0.));
#1103 = ( GEOMETRIC_REPRESENTATION_CONTEXT(2) 
PARAMETRIC_REPRESENTATION_CONTEXT() REPRESENTATION_CONTEXT('2D SPACE',''
  ) );
#1104 = PCURVE('',#576,#1105);
#1105 = DEFINITIONAL_REPRESENTATION('',(#1106),#1114);
#1106 = ( BOUNDED_CURVE() B_SPLINE_CURVE(2,(#1107,#1108,#1109,#1110,
#1111,#1112,#1113),.UNSPECIFIED.,.T.,.F.) B_SPLINE_CURVE_WITH_KNOTS((1,2
    ,2,2,2,1),(-2.094395102393,0.,2.094395102393,4.188790204786,
6.28318530718,8.377580409573),.UNSPECIFIED.) CURVE() 
GEOMETRIC_REPRESENTATION_ITEM() RATIONAL_B_SPLINE_CURVE((1.,0.5,1.,0.5,
1.,0.5,1.)) REPRESENTATION_ITEM('') );
#1107 = CARTESIAN_POINT('',(-14.,-1.3E-16));
#1108 = CARTESIAN_POINT('',(-14.,3.89711431703));
#1109 = CARTESIAN_POINT('',(-10.625,1.948557158515));
#1110 = CARTESIAN_POINT('',(-7.25,4.210910596163E-16));
#1111 = CARTESIAN_POINT('',(-10.625,-1.948557158515));
#1112 = CARTESIAN_POINT('',(-14.,-3.89711431703));
#1113 = CARTESIAN_POINT('',(-14.,-1.3E-16));
#1114 = ( GEOMETRIC_REPRESENTATION_CONTEXT(2) 
PARAMETRIC_REPRESENTATION_CONTEXT() REPRESENTATION_CONTEXT('2D SPACE',''
  ) );
#1115 = ORIENTED_EDGE('',*,*,#992,.F.);
#1116 = ADVANCED_FACE('',(#1117),#219,.T.);
#1117 = FACE_BOUND('',#1118,.T.);
#1118 = EDGE_LOOP('',(#1119,#1120,#1143,#1164));
#1119 = ORIENTED_EDGE('',*,*,#203,.F.);
#1120 = ORIENTED_EDGE('',*,*,#1121,.T.);
#1121 = EDGE_CURVE('',#204,#1122,#1124,.T.);
#1122 = VERTEX_POINT('',#1123);
#1123 = CARTESIAN_POINT('',(-11.1,-2.154065922854,-1.));
#1124 = SURFACE_CURVE('',#1125,(#1129,#1136),.PCURVE_S1.);
#1125 = LINE('',#1126,#1127);
#1126 = CARTESIAN_POINT('',(-11.1,-2.154065922854,-5.5));
#1127 = VECTOR('',#1128,1.);
#1128 = DIRECTION('',(0.,0.,1.));
#1129 = PCURVE('',#219,#1130);
#1130 = DEFINITIONAL_REPRESENTATION('',(#1131),#1135);
#1131 = LINE('',#1132,#1133);
#1132 = CARTESIAN_POINT('',(0.,0.));
#1133 = VECTOR('',#1134,1.);
#1134 = DIRECTION('',(0.,-1.));
#1135 = ( GEOMETRIC_REPRESENTATION_CONTEXT(2) 
PARAMETRIC_REPRESENTATION_CONTEXT() REPRESENTATION_CONTEXT('2D SPACE',''
  ) );
#1136 = PCURVE('',#252,#1137);
#1137 = DEFINITIONAL_REPRESENTATION('',(#1138),#1142);
#1138 = LINE('',#1139,#1140);
#1139 = CARTESIAN_POINT('',(4.419322942061,0.));
#1140 = VECTOR('',#1141,1.);
#1141 = DIRECTION('',(0.,-1.));
#1142 = ( GEOMETRIC_REPRESENTATION_CONTEXT(2) 
PARAMETRIC_REPRESENTATION_CONTEXT() REPRESENTATION_CONTEXT('2D SPACE',''
  ) );
#1143 = ORIENTED_EDGE('',*,*,#1144,.T.);
#1144 = EDGE_CURVE('',#1122,#1018,#1145,.T.);
#1145 = SURFACE_CURVE('',#1146,(#1150,#1157),.PCURVE_S1.);
#1146 = LINE('',#1147,#1148);
#1147 = CARTESIAN_POINT('',(-11.1,-1.077032961427,-1.));
#1148 = VECTOR('',#1149,1.);
#1149 = DIRECTION('',(0.,1.,0.));
#1150 = PCURVE('',#219,#1151);
#1151 = DEFINITIONAL_REPRESENTATION('',(#1152),#1156);
#1152 = LINE('',#1153,#1154);
#1153 = CARTESIAN_POINT('',(1.077032961427,-4.5));
#1154 = VECTOR('',#1155,1.);
#1155 = DIRECTION('',(1.,0.));
#1156 = ( GEOMETRIC_REPRESENTATION_CONTEXT(2) 
PARAMETRIC_REPRESENTATION_CONTEXT() REPRESENTATION_CONTEXT('2D SPACE',''
  ) );
#1157 = PCURVE('',#576,#1158);
#1158 = DEFINITIONAL_REPRESENTATION('',(#1159),#1163);
#1159 = LINE('',#1160,#1161);
#1160 = CARTESIAN_POINT('',(-11.1,-1.077032961427));
#1161 = VECTOR('',#1162,1.);
#1162 = DIRECTION('',(0.,1.));
#1163 = ( GEOMETRIC_REPRESENTATION_CONTEXT(2) 
PARAMETRIC_REPRESENTATION_CONTEXT() REPRESENTATION_CONTEXT('2D SPACE',''
  ) );
#1164 = ORIENTED_EDGE('',*,*,#1017,.F.);
#1165 = ADVANCED_FACE('',(#1166),#337,.F.);
#1166 = FACE_BOUND('',#1167,.F.);
#1167 = EDGE_LOOP('',(#1168,#1169,#1192,#1213));
#1168 = ORIENTED_EDGE('',*,*,#321,.F.);
#1169 = ORIENTED_EDGE('',*,*,#1170,.T.);
#1170 = EDGE_CURVE('',#293,#1171,#1173,.T.);
#1171 = VERTEX_POINT('',#1172);
#1172 = CARTESIAN_POINT('',(-12.7,-0.65,-1.));
#1173 = SURFACE_CURVE('',#1174,(#1178,#1185),.PCURVE_S1.);
#1174 = LINE('',#1175,#1176);
#1175 = CARTESIAN_POINT('',(-12.7,-0.65,-5.5));
#1176 = VECTOR('',#1177,1.);
#1177 = DIRECTION('',(0.,0.,1.));
#1178 = PCURVE('',#337,#1179);
#1179 = DEFINITIONAL_REPRESENTATION('',(#1180),#1184);
#1180 = LINE('',#1181,#1182);
#1181 = CARTESIAN_POINT('',(0.3,-0.));
#1182 = VECTOR('',#1183,1.);
#1183 = DIRECTION('',(0.,-1.));
#1184 = ( GEOMETRIC_REPRESENTATION_CONTEXT(2) 
PARAMETRIC_REPRESENTATION_CONTEXT() REPRESENTATION_CONTEXT('2D SPACE',''
  ) );
#1185 = PCURVE('',#309,#1186);
#1186 = DEFINITIONAL_REPRESENTATION('',(#1187),#1191);
#1187 = LINE('',#1188,#1189);
#1188 = CARTESIAN_POINT('',(1.570796326795,0.));
#1189 = VECTOR('',#1190,1.);
#1190 = DIRECTION('',(0.,1.));
#1191 = ( GEOMETRIC_REPRESENTATION_CONTEXT(2) 
PARAMETRIC_REPRESENTATION_CONTEXT() REPRESENTATION_CONTEXT('2D SPACE',''
  ) );
#1192 = ORIENTED_EDGE('',*,*,#1193,.T.);
#1193 = EDGE_CURVE('',#1171,#1068,#1194,.T.);
#1194 = SURFACE_CURVE('',#1195,(#1199,#1206),.PCURVE_S1.);
#1195 = LINE('',#1196,#1197);
#1196 = CARTESIAN_POINT('',(-6.2,-0.65,-1.));
#1197 = VECTOR('',#1198,1.);
#1198 = DIRECTION('',(-1.,-3.E-16,0.));
#1199 = PCURVE('',#337,#1200);
#1200 = DEFINITIONAL_REPRESENTATION('',(#1201),#1205);
#1201 = LINE('',#1202,#1203);
#1202 = CARTESIAN_POINT('',(-6.2,-4.5));
#1203 = VECTOR('',#1204,1.);
#1204 = DIRECTION('',(1.,-0.));
#1205 = ( GEOMETRIC_REPRESENTATION_CONTEXT(2) 
PARAMETRIC_REPRESENTATION_CONTEXT() REPRESENTATION_CONTEXT('2D SPACE',''
  ) );
#1206 = PCURVE('',#576,#1207);
#1207 = DEFINITIONAL_REPRESENTATION('',(#1208),#1212);
#1208 = LINE('',#1209,#1210);
#1209 = CARTESIAN_POINT('',(-6.2,-0.65));
#1210 = VECTOR('',#1211,1.);
#1211 = DIRECTION('',(-1.,-3.E-16));
#1212 = ( GEOMETRIC_REPRESENTATION_CONTEXT(2) 
PARAMETRIC_REPRESENTATION_CONTEXT() REPRESENTATION_CONTEXT('2D SPACE',''
  ) );
#1213 = ORIENTED_EDGE('',*,*,#1067,.F.);
#1214 = ADVANCED_FACE('',(#1215),#252,.F.);
#1215 = FACE_BOUND('',#1216,.F.);
#1216 = EDGE_LOOP('',(#1217,#1218,#1219,#1247));
#1217 = ORIENTED_EDGE('',*,*,#231,.F.);
#1218 = ORIENTED_EDGE('',*,*,#1121,.T.);
#1219 = ORIENTED_EDGE('',*,*,#1220,.T.);
#1220 = EDGE_CURVE('',#1122,#1221,#1223,.T.);
#1221 = VERTEX_POINT('',#1222);
#1222 = CARTESIAN_POINT('',(-12.4,-2.154065922854,-1.));
#1223 = SURFACE_CURVE('',#1224,(#1229,#1236),.PCURVE_S1.);
#1224 = CIRCLE('',#1225,2.25);
#1225 = AXIS2_PLACEMENT_3D('',#1226,#1227,#1228);
#1226 = CARTESIAN_POINT('',(-11.75,0.,-1.));
#1227 = DIRECTION('',(0.,0.,-1.));
#1228 = DIRECTION('',(-1.,0.,0.));
#1229 = PCURVE('',#252,#1230);
#1230 = DEFINITIONAL_REPRESENTATION('',(#1231),#1235);
#1231 = LINE('',#1232,#1233);
#1232 = CARTESIAN_POINT('',(0.,-4.5));
#1233 = VECTOR('',#1234,1.);
#1234 = DIRECTION('',(1.,0.));
#1235 = ( GEOMETRIC_REPRESENTATION_CONTEXT(2) 
PARAMETRIC_REPRESENTATION_CONTEXT() REPRESENTATION_CONTEXT('2D SPACE',''
  ) );
#1236 = PCURVE('',#576,#1237);
#1237 = DEFINITIONAL_REPRESENTATION('',(#1238),#1246);
#1238 = ( BOUNDED_CURVE() B_SPLINE_CURVE(2,(#1239,#1240,#1241,#1242,
#1243,#1244,#1245),.UNSPECIFIED.,.T.,.F.) B_SPLINE_CURVE_WITH_KNOTS((1,2
    ,2,2,2,1),(-2.094395102393,0.,2.094395102393,4.188790204786,
6.28318530718,8.377580409573),.UNSPECIFIED.) CURVE() 
GEOMETRIC_REPRESENTATION_ITEM() RATIONAL_B_SPLINE_CURVE((1.,0.5,1.,0.5,
1.,0.5,1.)) REPRESENTATION_ITEM('') );
#1239 = CARTESIAN_POINT('',(-14.,-1.3E-16));
#1240 = CARTESIAN_POINT('',(-14.,3.89711431703));
#1241 = CARTESIAN_POINT('',(-10.625,1.948557158515));
#1242 = CARTESIAN_POINT('',(-7.25,4.210910596163E-16));
#1243 = CARTESIAN_POINT('',(-10.625,-1.948557158515));
#1244 = CARTESIAN_POINT('',(-14.,-3.89711431703));
#1245 = CARTESIAN_POINT('',(-14.,-1.3E-16));
#1246 = ( GEOMETRIC_REPRESENTATION_CONTEXT(2) 
PARAMETRIC_REPRESENTATION_CONTEXT() REPRESENTATION_CONTEXT('2D SPACE',''
  ) );
#1247 = ORIENTED_EDGE('',*,*,#1248,.F.);
#1248 = EDGE_CURVE('',#232,#1221,#1249,.T.);
#1249 = SURFACE_CURVE('',#1250,(#1254,#1261),.PCURVE_S1.);
#1250 = LINE('',#1251,#1252);
#1251 = CARTESIAN_POINT('',(-12.4,-2.154065922854,-5.5));
#1252 = VECTOR('',#1253,1.);
#1253 = DIRECTION('',(0.,0.,1.));
#1254 = PCURVE('',#252,#1255);
#1255 = DEFINITIONAL_REPRESENTATION('',(#1256),#1260);
#1256 = LINE('',#1257,#1258);
#1257 = CARTESIAN_POINT('',(5.005455018709,0.));
#1258 = VECTOR('',#1259,1.);
#1259 = DIRECTION('',(0.,-1.));
#1260 = ( GEOMETRIC_REPRESENTATION_CONTEXT(2) 
PARAMETRIC_REPRESENTATION_CONTEXT() REPRESENTATION_CONTEXT('2D SPACE',''
  ) );
#1261 = PCURVE('',#280,#1262);
#1262 = DEFINITIONAL_REPRESENTATION('',(#1263),#1267);
#1263 = LINE('',#1264,#1265);
#1264 = CARTESIAN_POINT('',(0.,0.));
#1265 = VECTOR('',#1266,1.);
#1266 = DIRECTION('',(0.,-1.));
#1267 = ( GEOMETRIC_REPRESENTATION_CONTEXT(2) 
PARAMETRIC_REPRESENTATION_CONTEXT() REPRESENTATION_CONTEXT('2D SPACE',''
  ) );
#1268 = ADVANCED_FACE('',(#1269),#309,.T.);
#1269 = FACE_BOUND('',#1270,.T.);
#1270 = EDGE_LOOP('',(#1271,#1272,#1273,#1297));
#1271 = ORIENTED_EDGE('',*,*,#292,.T.);
#1272 = ORIENTED_EDGE('',*,*,#1170,.T.);
#1273 = ORIENTED_EDGE('',*,*,#1274,.F.);
#1274 = EDGE_CURVE('',#1275,#1171,#1277,.T.);
#1275 = VERTEX_POINT('',#1276);
#1276 = CARTESIAN_POINT('',(-12.4,-0.95,-1.));
#1277 = SURFACE_CURVE('',#1278,(#1283,#1290),.PCURVE_S1.);
#1278 = CIRCLE('',#1279,0.3);
#1279 = AXIS2_PLACEMENT_3D('',#1280,#1281,#1282);
#1280 = CARTESIAN_POINT('',(-12.7,-0.95,-1.));
#1281 = DIRECTION('',(-0.,0.,1.));
#1282 = DIRECTION('',(0.,-1.,0.));
#1283 = PCURVE('',#309,#1284);
#1284 = DEFINITIONAL_REPRESENTATION('',(#1285),#1289);
#1285 = LINE('',#1286,#1287);
#1286 = CARTESIAN_POINT('',(-1.570796326795,4.5));
#1287 = VECTOR('',#1288,1.);
#1288 = DIRECTION('',(1.,0.));
#1289 = ( GEOMETRIC_REPRESENTATION_CONTEXT(2) 
PARAMETRIC_REPRESENTATION_CONTEXT() REPRESENTATION_CONTEXT('2D SPACE',''
  ) );
#1290 = PCURVE('',#576,#1291);
#1291 = DEFINITIONAL_REPRESENTATION('',(#1292),#1296);
#1292 = CIRCLE('',#1293,0.3);
#1293 = AXIS2_PLACEMENT_2D('',#1294,#1295);
#1294 = CARTESIAN_POINT('',(-12.7,-0.95));
#1295 = DIRECTION('',(0.,-1.));
#1296 = ( GEOMETRIC_REPRESENTATION_CONTEXT(2) 
PARAMETRIC_REPRESENTATION_CONTEXT() REPRESENTATION_CONTEXT('2D SPACE',''
  ) );
#1297 = ORIENTED_EDGE('',*,*,#1298,.F.);
#1298 = EDGE_CURVE('',#265,#1275,#1299,.T.);
#1299 = SURFACE_CURVE('',#1300,(#1304,#1311),.PCURVE_S1.);
#1300 = LINE('',#1301,#1302);
#1301 = CARTESIAN_POINT('',(-12.4,-0.95,-5.5));
#1302 = VECTOR('',#1303,1.);
#1303 = DIRECTION('',(0.,0.,1.));
#1304 = PCURVE('',#309,#1305);
#1305 = DEFINITIONAL_REPRESENTATION('',(#1306),#1310);
#1306 = LINE('',#1307,#1308);
#1307 = CARTESIAN_POINT('',(0.,0.));
#1308 = VECTOR('',#1309,1.);
#1309 = DIRECTION('',(0.,1.));
#1310 = ( GEOMETRIC_REPRESENTATION_CONTEXT(2) 
PARAMETRIC_REPRESENTATION_CONTEXT() REPRESENTATION_CONTEXT('2D SPACE',''
  ) );
#1311 = PCURVE('',#280,#1312);
#1312 = DEFINITIONAL_REPRESENTATION('',(#1313),#1317);
#1313 = LINE('',#1314,#1315);
#1314 = CARTESIAN_POINT('',(1.204065922854,0.));
#1315 = VECTOR('',#1316,1.);
#1316 = DIRECTION('',(0.,-1.));
#1317 = ( GEOMETRIC_REPRESENTATION_CONTEXT(2) 
PARAMETRIC_REPRESENTATION_CONTEXT() REPRESENTATION_CONTEXT('2D SPACE',''
  ) );
#1318 = ADVANCED_FACE('',(#1319),#280,.F.);
#1319 = FACE_BOUND('',#1320,.F.);
#1320 = EDGE_LOOP('',(#1321,#1322,#1323,#1344));
#1321 = ORIENTED_EDGE('',*,*,#264,.F.);
#1322 = ORIENTED_EDGE('',*,*,#1248,.T.);
#1323 = ORIENTED_EDGE('',*,*,#1324,.T.);
#1324 = EDGE_CURVE('',#1221,#1275,#1325,.T.);
#1325 = SURFACE_CURVE('',#1326,(#1330,#1337),.PCURVE_S1.);
#1326 = LINE('',#1327,#1328);
#1327 = CARTESIAN_POINT('',(-12.4,-1.077032961427,-1.));
#1328 = VECTOR('',#1329,1.);
#1329 = DIRECTION('',(-4.4E-16,1.,0.));
#1330 = PCURVE('',#280,#1331);
#1331 = DEFINITIONAL_REPRESENTATION('',(#1332),#1336);
#1332 = LINE('',#1333,#1334);
#1333 = CARTESIAN_POINT('',(1.077032961427,-4.5));
#1334 = VECTOR('',#1335,1.);
#1335 = DIRECTION('',(1.,0.));
#1336 = ( GEOMETRIC_REPRESENTATION_CONTEXT(2) 
PARAMETRIC_REPRESENTATION_CONTEXT() REPRESENTATION_CONTEXT('2D SPACE',''
  ) );
#1337 = PCURVE('',#576,#1338);
#1338 = DEFINITIONAL_REPRESENTATION('',(#1339),#1343);
#1339 = LINE('',#1340,#1341);
#1340 = CARTESIAN_POINT('',(-12.4,-1.077032961427));
#1341 = VECTOR('',#1342,1.);
#1342 = DIRECTION('',(-4.4E-16,1.));
#1343 = ( GEOMETRIC_REPRESENTATION_CONTEXT(2) 
PARAMETRIC_REPRESENTATION_CONTEXT() REPRESENTATION_CONTEXT('2D SPACE',''
  ) );
#1344 = ORIENTED_EDGE('',*,*,#1298,.F.);
#1345 = ADVANCED_FACE('',(#1346),#521,.T.);
#1346 = FACE_BOUND('',#1347,.T.);
#1347 = EDGE_LOOP('',(#1348,#1371,#1372,#1373));
#1348 = ORIENTED_EDGE('',*,*,#1349,.F.);
#1349 = EDGE_CURVE('',#501,#1350,#1352,.T.);
#1350 = VERTEX_POINT('',#1351);
#1351 = CARTESIAN_POINT('',(-14.4,0.,-1.));
#1352 = SEAM_CURVE('',#1353,(#1357,#1364),.PCURVE_S1.);
#1353 = LINE('',#1354,#1355);
#1354 = CARTESIAN_POINT('',(-14.4,0.,-5.5));
#1355 = VECTOR('',#1356,1.);
#1356 = DIRECTION('',(0.,0.,1.));
#1357 = PCURVE('',#521,#1358);
#1358 = DEFINITIONAL_REPRESENTATION('',(#1359),#1363);
#1359 = LINE('',#1360,#1361);
#1360 = CARTESIAN_POINT('',(6.28318530718,0.));
#1361 = VECTOR('',#1362,1.);
#1362 = DIRECTION('',(0.,-1.));
#1363 = ( GEOMETRIC_REPRESENTATION_CONTEXT(2) 
PARAMETRIC_REPRESENTATION_CONTEXT() REPRESENTATION_CONTEXT('2D SPACE',''
  ) );
#1364 = PCURVE('',#521,#1365);
#1365 = DEFINITIONAL_REPRESENTATION('',(#1366),#1370);
#1366 = LINE('',#1367,#1368);
#1367 = CARTESIAN_POINT('',(0.,0.));
#1368 = VECTOR('',#1369,1.);
#1369 = DIRECTION('',(0.,-1.));
#1370 = ( GEOMETRIC_REPRESENTATION_CONTEXT(2) 
PARAMETRIC_REPRESENTATION_CONTEXT() REPRESENTATION_CONTEXT('2D SPACE',''
  ) );
#1371 = ORIENTED_EDGE('',*,*,#500,.F.);
#1372 = ORIENTED_EDGE('',*,*,#1349,.T.);
#1373 = ORIENTED_EDGE('',*,*,#1374,.T.);
#1374 = EDGE_CURVE('',#1350,#1350,#1375,.T.);
#1375 = SURFACE_CURVE('',#1376,(#1381,#1388),.PCURVE_S1.);
#1376 = CIRCLE('',#1377,2.65);
#1377 = AXIS2_PLACEMENT_3D('',#1378,#1379,#1380);
#1378 = CARTESIAN_POINT('',(-11.75,0.,-1.));
#1379 = DIRECTION('',(0.,0.,-1.));
#1380 = DIRECTION('',(-1.,0.,0.));
#1381 = PCURVE('',#521,#1382);
#1382 = DEFINITIONAL_REPRESENTATION('',(#1383),#1387);
#1383 = LINE('',#1384,#1385);
#1384 = CARTESIAN_POINT('',(0.,-4.5));
#1385 = VECTOR('',#1386,1.);
#1386 = DIRECTION('',(1.,0.));
#1387 = ( GEOMETRIC_REPRESENTATION_CONTEXT(2) 
PARAMETRIC_REPRESENTATION_CONTEXT() REPRESENTATION_CONTEXT('2D SPACE',''
  ) );
#1388 = PCURVE('',#1389,#1394);
#1389 = PLANE('',#1390);
#1390 = AXIS2_PLACEMENT_3D('',#1391,#1392,#1393);
#1391 = CARTESIAN_POINT('',(6.E-17,1.3E-16,-1.));
#1392 = DIRECTION('',(0.,0.,1.));
#1393 = DIRECTION('',(1.,0.,0.));
#1394 = DEFINITIONAL_REPRESENTATION('',(#1395),#1403);
#1395 = ( BOUNDED_CURVE() B_SPLINE_CURVE(2,(#1396,#1397,#1398,#1399,
#1400,#1401,#1402),.UNSPECIFIED.,.T.,.F.) B_SPLINE_CURVE_WITH_KNOTS((1,2
    ,2,2,2,1),(-2.094395102393,0.,2.094395102393,4.188790204786,
6.28318530718,8.377580409573),.UNSPECIFIED.) CURVE() 
GEOMETRIC_REPRESENTATION_ITEM() RATIONAL_B_SPLINE_CURVE((1.,0.5,1.,0.5,
1.,0.5,1.)) REPRESENTATION_ITEM('') );
#1396 = CARTESIAN_POINT('',(-14.4,-1.3E-16));
#1397 = CARTESIAN_POINT('',(-14.4,4.589934640058));
#1398 = CARTESIAN_POINT('',(-10.425,2.294967320029));
#1399 = CARTESIAN_POINT('',(-6.45,5.190628035481E-16));
#1400 = CARTESIAN_POINT('',(-10.425,-2.294967320029));
#1401 = CARTESIAN_POINT('',(-14.4,-4.589934640058));
#1402 = CARTESIAN_POINT('',(-14.4,-1.3E-16));
#1403 = ( GEOMETRIC_REPRESENTATION_CONTEXT(2) 
PARAMETRIC_REPRESENTATION_CONTEXT() REPRESENTATION_CONTEXT('2D SPACE',''
  ) );
#1404 = ADVANCED_FACE('',(#1405),#576,.F.);
#1405 = FACE_BOUND('',#1406,.F.);
#1406 = EDGE_LOOP('',(#1407,#1408,#1409,#1410,#1411,#1412,#1413,#1414,
    #1415,#1416,#1417,#1418,#1419,#1420,#1421,#1422));
#1407 = ORIENTED_EDGE('',*,*,#560,.F.);
#1408 = ORIENTED_EDGE('',*,*,#686,.F.);
#1409 = ORIENTED_EDGE('',*,*,#767,.T.);
#1410 = ORIENTED_EDGE('',*,*,#870,.F.);
#1411 = ORIENTED_EDGE('',*,*,#969,.T.);
#1412 = ORIENTED_EDGE('',*,*,#1090,.F.);
#1413 = ORIENTED_EDGE('',*,*,#1193,.F.);
#1414 = ORIENTED_EDGE('',*,*,#1274,.F.);
#1415 = ORIENTED_EDGE('',*,*,#1324,.F.);
#1416 = ORIENTED_EDGE('',*,*,#1220,.F.);
#1417 = ORIENTED_EDGE('',*,*,#1144,.T.);
#1418 = ORIENTED_EDGE('',*,*,#1040,.F.);
#1419 = ORIENTED_EDGE('',*,*,#942,.T.);
#1420 = ORIENTED_EDGE('',*,*,#816,.F.);
#1421 = ORIENTED_EDGE('',*,*,#718,.F.);
#1422 = ORIENTED_EDGE('',*,*,#636,.F.);
#1423 = ADVANCED_FACE('',(#1424,#2274,#2277,#2312),#1389,.F.);
#1424 = FACE_BOUND('',#1425,.F.);
#1425 = EDGE_LOOP('',(#1426,#1456,#1640,#1668,#1852,#1880,#2064,#2092));
#1426 = ORIENTED_EDGE('',*,*,#1427,.T.);
#1427 = EDGE_CURVE('',#1428,#1430,#1432,.T.);
#1428 = VERTEX_POINT('',#1429);
#1429 = CARTESIAN_POINT('',(-15.79289321881,-7.085786437627,-1.));
#1430 = VERTEX_POINT('',#1431);
#1431 = CARTESIAN_POINT('',(15.792893218813,-7.085786437627,-1.));
#1432 = SURFACE_CURVE('',#1433,(#1437,#1444),.PCURVE_S1.);
#1433 = LINE('',#1434,#1435);
#1434 = CARTESIAN_POINT('',(-5.4E-16,-7.085786437627,-1.));
#1435 = VECTOR('',#1436,1.);
#1436 = DIRECTION('',(1.,0.,0.));
#1437 = PCURVE('',#1389,#1438);
#1438 = DEFINITIONAL_REPRESENTATION('',(#1439),#1443);
#1439 = LINE('',#1440,#1441);
#1440 = CARTESIAN_POINT('',(-6.E-16,-7.085786437627));
#1441 = VECTOR('',#1442,1.);
#1442 = DIRECTION('',(1.,0.));
#1443 = ( GEOMETRIC_REPRESENTATION_CONTEXT(2) 
PARAMETRIC_REPRESENTATION_CONTEXT() REPRESENTATION_CONTEXT('2D SPACE',''
  ) );
#1444 = PCURVE('',#1445,#1450);
#1445 = PLANE('',#1446);
#1446 = AXIS2_PLACEMENT_3D('',#1447,#1448,#1449);
#1447 = CARTESIAN_POINT('',(-1.11E-15,-7.542893218813,-1.457106781187));
#1448 = DIRECTION('',(0.,0.707106781187,-0.707106781187));
#1449 = DIRECTION('',(1.,0.,0.));
#1450 = DEFINITIONAL_REPRESENTATION('',(#1451),#1455);
#1451 = LINE('',#1452,#1453);
#1452 = CARTESIAN_POINT('',(5.7E-16,-0.646446609407));
#1453 = VECTOR('',#1454,1.);
#1454 = DIRECTION('',(1.,0.));
#1455 = ( GEOMETRIC_REPRESENTATION_CONTEXT(2) 
PARAMETRIC_REPRESENTATION_CONTEXT() REPRESENTATION_CONTEXT('2D SPACE',''
  ) );
#1456 = ORIENTED_EDGE('',*,*,#1457,.F.);
#1457 = EDGE_CURVE('',#1458,#1430,#1460,.T.);
#1458 = VERTEX_POINT('',#1459);
#1459 = CARTESIAN_POINT('',(16.585786437627,-6.292893218813,-1.));
#1460 = SURFACE_CURVE('',#1461,(#1512,#1566),.PCURVE_S1.);
#1461 = B_SPLINE_CURVE_WITH_KNOTS('',7,(#1462,#1463,#1464,#1465,#1466,
    #1467,#1468,#1469,#1470,#1471,#1472,#1473,#1474,#1475,#1476,#1477,
    #1478,#1479,#1480,#1481,#1482,#1483,#1484,#1485,#1486,#1487,#1488,
    #1489,#1490,#1491,#1492,#1493,#1494,#1495,#1496,#1497,#1498,#1499,
    #1500,#1501,#1502,#1503,#1504,#1505,#1506,#1507,#1508,#1509,#1510,
    #1511),.UNSPECIFIED.,.F.,.F.,(8,6,6,6,6,6,6,6,8),(0.,
    6.829911697781E-02,0.131596136741,0.1934589259,0.500014485411,
    0.807217626108,0.869054432496,0.932317588142,1.),.UNSPECIFIED.);
#1462 = CARTESIAN_POINT('',(16.585786437627,-6.292893218813,-1.));
#1463 = CARTESIAN_POINT('',(16.585786437627,-6.300597033785,-1.));
#1464 = CARTESIAN_POINT('',(16.585628831465,-6.308800403712,-1.));
#1465 = CARTESIAN_POINT('',(16.585290858966,-6.317444845155,-1.));
#1466 = CARTESIAN_POINT('',(16.584755388705,-6.326477387405,-1.));
#1467 = CARTESIAN_POINT('',(16.584009749231,-6.335850734057,-1.));
#1468 = CARTESIAN_POINT('',(16.583044560274,-6.345523424585,-1.));
#1469 = CARTESIAN_POINT('',(16.580747867201,-6.364668831695,-1.));
#1470 = CARTESIAN_POINT('',(16.579448440686,-6.37410366682,-1.));
#1471 = CARTESIAN_POINT('',(16.577948653051,-6.383735744599,-1.));
#1472 = CARTESIAN_POINT('',(16.576244607664,-6.393539375071,-1.));
#1473 = CARTESIAN_POINT('',(16.57433376645,-6.403491652558,-1.));
#1474 = CARTESIAN_POINT('',(16.57221457371,-6.413572173222,-1.));
#1475 = CARTESIAN_POINT('',(16.567610346907,-6.433722426336,-1.));
#1476 = CARTESIAN_POINT('',(16.565134671645,-6.443786927267,-1.));
#1477 = CARTESIAN_POINT('',(16.562458417044,-6.453939387916,-1.));
#1478 = CARTESIAN_POINT('',(16.559581414871,-6.464164295877,-1.));
#1479 = CARTESIAN_POINT('',(16.55650396578,-6.474447493835,-1.));
#1480 = CARTESIAN_POINT('',(16.553226839309,-6.484776179563,-1.));
#1481 = CARTESIAN_POINT('',(16.532528417945,-6.546490476383,-1.));
#1482 = CARTESIAN_POINT('',(16.510440082077,-6.598647543408,-1.));
#1483 = CARTESIAN_POINT('',(16.48361533858,-6.65023610555,-1.));
#1484 = CARTESIAN_POINT('',(16.452365840643,-6.70040143223,-1.));
#1485 = CARTESIAN_POINT('',(16.417044495856,-6.748431391689,-1.));
#1486 = CARTESIAN_POINT('',(16.378064675508,-6.793767712142,-1.));
#1487 = CARTESIAN_POINT('',(16.293649200682,-6.878179608539,-1.));
#1488 = CARTESIAN_POINT('',(16.248208881535,-6.917232948838,-1.));
#1489 = CARTESIAN_POINT('',(16.200064819582,-6.952611207747,-1.));
#1490 = CARTESIAN_POINT('',(16.149778880725,-6.983898480421,-1.));
#1491 = CARTESIAN_POINT('',(16.098068633346,-7.010739920463,-1.));
#1492 = CARTESIAN_POINT('',(16.045795209806,-7.032822042696,-1.));
#1493 = CARTESIAN_POINT('',(15.98399004711,-7.053477771731,-1.));
#1494 = CARTESIAN_POINT('',(15.973668550089,-7.056740539055,-1.));
#1495 = CARTESIAN_POINT('',(15.96339318392,-7.059803749395,-1.));
#1496 = CARTESIAN_POINT('',(15.953176785327,-7.06266665081,-1.));
#1497 = CARTESIAN_POINT('',(15.94303355214,-7.065328963306,-1.));
#1498 = CARTESIAN_POINT('',(15.932979043291,-7.067790878831,-1.));
#1499 = CARTESIAN_POINT('',(15.912851830386,-7.072367424018,-1.));
#1500 = CARTESIAN_POINT('',(15.902784372544,-7.074472753222,-1.));
#1501 = CARTESIAN_POINT('',(15.892846039221,-7.076370028384,-1.));
#1502 = CARTESIAN_POINT('',(15.883057293955,-7.078060839583,-1.));
#1503 = CARTESIAN_POINT('',(15.873441111731,-7.079547765862,-1.));
#1504 = CARTESIAN_POINT('',(15.864023260808,-7.08083475361,-1.));
#1505 = CARTESIAN_POINT('',(15.844999892377,-7.083096569857,-1.));
#1506 = CARTESIAN_POINT('',(15.835427947581,-7.084043232043,-1.));
#1507 = CARTESIAN_POINT('',(15.826151440707,-7.084774625722,-1.));
#1508 = CARTESIAN_POINT('',(15.817210862422,-7.08529996718,-1.));
#1509 = CARTESIAN_POINT('',(15.808652342141,-7.085631664553,-1.));
#1510 = CARTESIAN_POINT('',(15.800527486666,-7.085786437627,-1.));
#1511 = CARTESIAN_POINT('',(15.792893218813,-7.085786437627,-1.));
#1512 = PCURVE('',#1389,#1513);
#1513 = DEFINITIONAL_REPRESENTATION('',(#1514),#1565);
#1514 = B_SPLINE_CURVE_WITH_KNOTS('',7,(#1515,#1516,#1517,#1518,#1519,
    #1520,#1521,#1522,#1523,#1524,#1525,#1526,#1527,#1528,#1529,#1530,
    #1531,#1532,#1533,#1534,#1535,#1536,#1537,#1538,#1539,#1540,#1541,
    #1542,#1543,#1544,#1545,#1546,#1547,#1548,#1549,#1550,#1551,#1552,
    #1553,#1554,#1555,#1556,#1557,#1558,#1559,#1560,#1561,#1562,#1563,
    #1564),.UNSPECIFIED.,.F.,.F.,(8,6,6,6,6,6,6,6,8),(0.,
    6.829911697781E-02,0.131596136741,0.1934589259,0.500014485411,
    0.807217626108,0.869054432496,0.932317588142,1.),.UNSPECIFIED.);
#1515 = CARTESIAN_POINT('',(16.585786437627,-6.292893218813));
#1516 = CARTESIAN_POINT('',(16.585786437627,-6.300597033785));
#1517 = CARTESIAN_POINT('',(16.585628831465,-6.308800403712));
#1518 = CARTESIAN_POINT('',(16.585290858966,-6.317444845155));
#1519 = CARTESIAN_POINT('',(16.584755388705,-6.326477387405));
#1520 = CARTESIAN_POINT('',(16.584009749231,-6.335850734057));
#1521 = CARTESIAN_POINT('',(16.583044560274,-6.345523424585));
#1522 = CARTESIAN_POINT('',(16.580747867201,-6.364668831695));
#1523 = CARTESIAN_POINT('',(16.579448440686,-6.37410366682));
#1524 = CARTESIAN_POINT('',(16.577948653051,-6.383735744599));
#1525 = CARTESIAN_POINT('',(16.576244607664,-6.393539375071));
#1526 = CARTESIAN_POINT('',(16.57433376645,-6.403491652558));
#1527 = CARTESIAN_POINT('',(16.57221457371,-6.413572173222));
#1528 = CARTESIAN_POINT('',(16.567610346907,-6.433722426336));
#1529 = CARTESIAN_POINT('',(16.565134671645,-6.443786927267));
#1530 = CARTESIAN_POINT('',(16.562458417044,-6.453939387916));
#1531 = CARTESIAN_POINT('',(16.559581414871,-6.464164295877));
#1532 = CARTESIAN_POINT('',(16.55650396578,-6.474447493835));
#1533 = CARTESIAN_POINT('',(16.553226839309,-6.484776179563));
#1534 = CARTESIAN_POINT('',(16.532528417945,-6.546490476383));
#1535 = CARTESIAN_POINT('',(16.510440082077,-6.598647543408));
#1536 = CARTESIAN_POINT('',(16.48361533858,-6.65023610555));
#1537 = CARTESIAN_POINT('',(16.452365840643,-6.70040143223));
#1538 = CARTESIAN_POINT('',(16.417044495856,-6.748431391689));
#1539 = CARTESIAN_POINT('',(16.378064675508,-6.793767712142));
#1540 = CARTESIAN_POINT('',(16.293649200682,-6.878179608539));
#1541 = CARTESIAN_POINT('',(16.248208881535,-6.917232948838));
#1542 = CARTESIAN_POINT('',(16.200064819582,-6.952611207747));
#1543 = CARTESIAN_POINT('',(16.149778880725,-6.983898480421));
#1544 = CARTESIAN_POINT('',(16.098068633346,-7.010739920463));
#1545 = CARTESIAN_POINT('',(16.045795209806,-7.032822042696));
#1546 = CARTESIAN_POINT('',(15.98399004711,-7.053477771731));
#1547 = CARTESIAN_POINT('',(15.973668550089,-7.056740539055));
#1548 = CARTESIAN_POINT('',(15.96339318392,-7.059803749395));
#1549 = CARTESIAN_POINT('',(15.953176785327,-7.06266665081));
#1550 = CARTESIAN_POINT('',(15.94303355214,-7.065328963306));
#1551 = CARTESIAN_POINT('',(15.932979043291,-7.067790878831));
#1552 = CARTESIAN_POINT('',(15.912851830386,-7.072367424018));
#1553 = CARTESIAN_POINT('',(15.902784372544,-7.074472753222));
#1554 = CARTESIAN_POINT('',(15.892846039221,-7.076370028384));
#1555 = CARTESIAN_POINT('',(15.883057293955,-7.078060839583));
#1556 = CARTESIAN_POINT('',(15.873441111731,-7.079547765862));
#1557 = CARTESIAN_POINT('',(15.864023260808,-7.08083475361));
#1558 = CARTESIAN_POINT('',(15.844999892377,-7.083096569857));
#1559 = CARTESIAN_POINT('',(15.835427947581,-7.084043232043));
#1560 = CARTESIAN_POINT('',(15.826151440707,-7.084774625722));
#1561 = CARTESIAN_POINT('',(15.817210862422,-7.08529996718));
#1562 = CARTESIAN_POINT('',(15.808652342141,-7.085631664553));
#1563 = CARTESIAN_POINT('',(15.800527486666,-7.085786437627));
#1564 = CARTESIAN_POINT('',(15.792893218813,-7.085786437627));
#1565 = ( GEOMETRIC_REPRESENTATION_CONTEXT(2) 
PARAMETRIC_REPRESENTATION_CONTEXT() REPRESENTATION_CONTEXT('2D SPACE',''
  ) );
#1566 = PCURVE('',#1567,#1587);
#1567 = OFFSET_SURFACE('',#1568,1.,.F.);
#1568 = B_SPLINE_SURFACE_WITH_KNOTS('',8,1,(
    (#1569,#1570)
    ,(#1571,#1572)
    ,(#1573,#1574)
    ,(#1575,#1576)
    ,(#1577,#1578)
    ,(#1579,#1580)
    ,(#1581,#1582)
    ,(#1583,#1584)
    ,(#1585,#1586
    )),.UNSPECIFIED.,.F.,.F.,.F.,(9,9),(2,2),(1.570796326795,
    3.14159265359),(0.,1.),.PIECEWISE_BEZIER_KNOTS.);
#1569 = CARTESIAN_POINT('',(15.5,-7.5,0.));
#1570 = CARTESIAN_POINT('',(17.,-9.,-1.5));
#1571 = CARTESIAN_POINT('',(15.794524311274,-7.5,0.));
#1572 = CARTESIAN_POINT('',(17.294524311274,-9.,-1.5));
#1573 = CARTESIAN_POINT('',(16.089048715257,-7.433908816558,0.));
#1574 = CARTESIAN_POINT('',(17.589048715257,-8.933908816558,-1.5));
#1575 = CARTESIAN_POINT('',(16.366269851501,-7.301727098807,0.));
#1576 = CARTESIAN_POINT('',(17.866269851502,-8.801727098807,-1.5));
#1577 = CARTESIAN_POINT('',(16.608888133671,-7.10888813367,0.));
#1578 = CARTESIAN_POINT('',(18.108888133671,-8.60888813367,-1.5));
#1579 = CARTESIAN_POINT('',(16.801727098806,-6.866269851502,0.));
#1580 = CARTESIAN_POINT('',(18.301727098806,-8.366269851502,-1.5));
#1581 = CARTESIAN_POINT('',(16.933908816559,-6.589048715256,0.));
#1582 = CARTESIAN_POINT('',(18.433908816559,-8.089048715256,-1.5));
#1583 = CARTESIAN_POINT('',(17.,-6.294524311274,0.));
#1584 = CARTESIAN_POINT('',(18.5,-7.794524311274,-1.5));
#1585 = CARTESIAN_POINT('',(17.,-6.,0.));
#1586 = CARTESIAN_POINT('',(18.5,-7.5,-1.5));
#1587 = DEFINITIONAL_REPRESENTATION('',(#1588),#1639);
#1588 = B_SPLINE_CURVE_WITH_KNOTS('',7,(#1589,#1590,#1591,#1592,#1593,
    #1594,#1595,#1596,#1597,#1598,#1599,#1600,#1601,#1602,#1603,#1604,
    #1605,#1606,#1607,#1608,#1609,#1610,#1611,#1612,#1613,#1614,#1615,
    #1616,#1617,#1618,#1619,#1620,#1621,#1622,#1623,#1624,#1625,#1626,
    #1627,#1628,#1629,#1630,#1631,#1632,#1633,#1634,#1635,#1636,#1637,
    #1638),.UNSPECIFIED.,.F.,.F.,(8,6,6,6,6,6,6,6,8),(0.,
    6.829911697781E-02,0.131596136741,0.1934589259,0.500014485411,
    0.807217626108,0.869054432496,0.932317588142,1.),.UNSPECIFIED.);
#1589 = CARTESIAN_POINT('',(3.14159265359,0.195262145876));
#1590 = CARTESIAN_POINT('',(3.124057621013,0.191129093899));
#1591 = CARTESIAN_POINT('',(3.106684716333,0.187245647951));
#1592 = CARTESIAN_POINT('',(3.089474895756,0.183593027066));
#1593 = CARTESIAN_POINT('',(3.072426685784,0.180153799635));
#1594 = CARTESIAN_POINT('',(3.055536283608,0.176911879908));
#1595 = CARTESIAN_POINT('',(3.038797657503,0.173852524508));
#1596 = CARTESIAN_POINT('',(3.006823023861,0.168283805788));
#1597 = CARTESIAN_POINT('',(2.9915677643,0.165750738811));
#1598 = CARTESIAN_POINT('',(2.976430994371,0.163352531412));
#1599 = CARTESIAN_POINT('',(2.96140699674,0.161079778091));
#1600 = CARTESIAN_POINT('',(2.946490093508,0.158924103904));
#1601 = CARTESIAN_POINT('',(2.931674528821,0.156878003923));
#1602 = CARTESIAN_POINT('',(2.902567714794,0.153035394686));
#1603 = CARTESIAN_POINT('',(2.888272451051,0.151234272277));
#1604 = CARTESIAN_POINT('',(2.87406330821,0.149525131495));
#1605 = CARTESIAN_POINT('',(2.859935274429,0.147902358842));
#1606 = CARTESIAN_POINT('',(2.845883578074,0.146360911306));
#1607 = CARTESIAN_POINT('',(2.831903687717,0.144896316355));
#1608 = CARTESIAN_POINT('',(2.749049770079,0.136608501601));
#1609 = CARTESIAN_POINT('',(2.681802133814,0.13150599023));
#1610 = CARTESIAN_POINT('',(2.615657254735,0.127702356976));
#1611 = CARTESIAN_POINT('',(2.550289844361,0.124987675841));
#1612 = CARTESIAN_POINT('',(2.485416855151,0.123218982144));
#1613 = CARTESIAN_POINT('',(2.420798591992,0.122335364217));
#1614 = CARTESIAN_POINT('',(2.291411479556,0.122335861819));
#1615 = CARTESIAN_POINT('',(2.226656709028,0.123223711672));
#1616 = CARTESIAN_POINT('',(2.161645385979,0.125000423162));
#1617 = CARTESIAN_POINT('',(2.096136361073,0.127727388975));
#1618 = CARTESIAN_POINT('',(2.029844543346,0.131548969978));
#1619 = CARTESIAN_POINT('',(1.962442496548,0.136676791043));
#1620 = CARTESIAN_POINT('',(1.879422147319,0.145007170759));
#1621 = CARTESIAN_POINT('',(1.865443459867,0.146476128508));
#1622 = CARTESIAN_POINT('',(1.851392783634,0.148022111473));
#1623 = CARTESIAN_POINT('',(1.837265581964,0.149649608528));
#1624 = CARTESIAN_POINT('',(1.823057078972,0.151363680856));
#1625 = CARTESIAN_POINT('',(1.808762259539,0.153169961953));
#1626 = CARTESIAN_POINT('',(1.779657637615,0.157023287659));
#1627 = CARTESIAN_POINT('',(1.764843835882,0.159074933127));
#1628 = CARTESIAN_POINT('',(1.749928510913,0.161236411075));
#1629 = CARTESIAN_POINT('',(1.734905910462,0.163515249603));
#1630 = CARTESIAN_POINT('',(1.719770366454,0.165919848173));
#1631 = CARTESIAN_POINT('',(1.704516178198,0.168459637922));
#1632 = CARTESIAN_POINT('',(1.67268453307,0.174018449278));
#1633 = CARTESIAN_POINT('',(1.65609021935,0.177058365414));
#1634 = CARTESIAN_POINT('',(1.639346654212,0.180278085114));
#1635 = CARTESIAN_POINT('',(1.622448005384,0.183691995819));
#1636 = CARTESIAN_POINT('',(1.605390607281,0.187315778011));
#1637 = CARTESIAN_POINT('',(1.588173059748,0.191166405525));
#1638 = CARTESIAN_POINT('',(1.570796326795,0.195262145876));
#1639 = ( GEOMETRIC_REPRESENTATION_CONTEXT(2) 
PARAMETRIC_REPRESENTATION_CONTEXT() REPRESENTATION_CONTEXT('2D SPACE',''
  ) );
#1640 = ORIENTED_EDGE('',*,*,#1641,.T.);
#1641 = EDGE_CURVE('',#1458,#1642,#1644,.T.);
#1642 = VERTEX_POINT('',#1643);
#1643 = CARTESIAN_POINT('',(16.585786437627,6.292893218813,-1.));
#1644 = SURFACE_CURVE('',#1645,(#1649,#1656),.PCURVE_S1.);
#1645 = LINE('',#1646,#1647);
#1646 = CARTESIAN_POINT('',(16.585786437627,2.9E-16,-1.));
#1647 = VECTOR('',#1648,1.);
#1648 = DIRECTION('',(0.,1.,0.));
#1649 = PCURVE('',#1389,#1650);
#1650 = DEFINITIONAL_REPRESENTATION('',(#1651),#1655);
#1651 = LINE('',#1652,#1653);
#1652 = CARTESIAN_POINT('',(16.585786437627,1.6E-16));
#1653 = VECTOR('',#1654,1.);
#1654 = DIRECTION('',(0.,1.));
#1655 = ( GEOMETRIC_REPRESENTATION_CONTEXT(2) 
PARAMETRIC_REPRESENTATION_CONTEXT() REPRESENTATION_CONTEXT('2D SPACE',''
  ) );
#1656 = PCURVE('',#1657,#1662);
#1657 = PLANE('',#1658);
#1658 = AXIS2_PLACEMENT_3D('',#1659,#1660,#1661);
#1659 = CARTESIAN_POINT('',(17.042893218813,4.9E-16,-1.457106781187));
#1660 = DIRECTION('',(-0.707106781187,0.,-0.707106781187));
#1661 = DIRECTION('',(-1.E-17,1.,1.E-17));
#1662 = DEFINITIONAL_REPRESENTATION('',(#1663),#1667);
#1663 = LINE('',#1664,#1665);
#1664 = CARTESIAN_POINT('',(-1.908578643763E-16,-0.646446609407));
#1665 = VECTOR('',#1666,1.);
#1666 = DIRECTION('',(1.,1.414213562373E-17));
#1667 = ( GEOMETRIC_REPRESENTATION_CONTEXT(2) 
PARAMETRIC_REPRESENTATION_CONTEXT() REPRESENTATION_CONTEXT('2D SPACE',''
  ) );
#1668 = ORIENTED_EDGE('',*,*,#1669,.F.);
#1669 = EDGE_CURVE('',#1670,#1642,#1672,.T.);
#1670 = VERTEX_POINT('',#1671);
#1671 = CARTESIAN_POINT('',(15.792893218813,7.085786437627,-1.));
#1672 = SURFACE_CURVE('',#1673,(#1724,#1778),.PCURVE_S1.);
#1673 = B_SPLINE_CURVE_WITH_KNOTS('',7,(#1674,#1675,#1676,#1677,#1678,
    #1679,#1680,#1681,#1682,#1683,#1684,#1685,#1686,#1687,#1688,#1689,
    #1690,#1691,#1692,#1693,#1694,#1695,#1696,#1697,#1698,#1699,#1700,
    #1701,#1702,#1703,#1704,#1705,#1706,#1707,#1708,#1709,#1710,#1711,
    #1712,#1713,#1714,#1715,#1716,#1717,#1718,#1719,#1720,#1721,#1722,
    #1723),.UNSPECIFIED.,.F.,.F.,(8,6,6,6,6,6,6,6,8),(0.,
    6.829911697771E-02,0.131596136741,0.193458925899,0.500014485411,
    0.807217626108,0.869054432495,0.932317588141,1.),.UNSPECIFIED.);
#1674 = CARTESIAN_POINT('',(15.792893218814,7.085786437627,-1.));
#1675 = CARTESIAN_POINT('',(15.800597033786,7.085786437627,-1.));
#1676 = CARTESIAN_POINT('',(15.808800403712,7.085628831465,-1.));
#1677 = CARTESIAN_POINT('',(15.817444845155,7.085290858966,-1.));
#1678 = CARTESIAN_POINT('',(15.826477387405,7.084755388705,-1.));
#1679 = CARTESIAN_POINT('',(15.835850734057,7.084009749231,-1.));
#1680 = CARTESIAN_POINT('',(15.845523424585,7.083044560274,-1.));
#1681 = CARTESIAN_POINT('',(15.864668831694,7.080747867201,-1.));
#1682 = CARTESIAN_POINT('',(15.87410366682,7.079448440686,-1.));
#1683 = CARTESIAN_POINT('',(15.883735744599,7.077948653051,-1.));
#1684 = CARTESIAN_POINT('',(15.893539375071,7.076244607664,-1.));
#1685 = CARTESIAN_POINT('',(15.903491652558,7.07433376645,-1.));
#1686 = CARTESIAN_POINT('',(15.913572173222,7.07221457371,-1.));
#1687 = CARTESIAN_POINT('',(15.933722426336,7.067610346907,-1.));
#1688 = CARTESIAN_POINT('',(15.943786927267,7.065134671645,-1.));
#1689 = CARTESIAN_POINT('',(15.953939387916,7.062458417044,-1.));
#1690 = CARTESIAN_POINT('',(15.964164295877,7.059581414871,-1.));
#1691 = CARTESIAN_POINT('',(15.974447493836,7.05650396578,-1.));
#1692 = CARTESIAN_POINT('',(15.984776179563,7.053226839309,-1.));
#1693 = CARTESIAN_POINT('',(16.046490476383,7.032528417945,-1.));
#1694 = CARTESIAN_POINT('',(16.098647543408,7.010440082077,-1.));
#1695 = CARTESIAN_POINT('',(16.150236105551,6.98361533858,-1.));
#1696 = CARTESIAN_POINT('',(16.20040143223,6.952365840643,-1.));
#1697 = CARTESIAN_POINT('',(16.248431391689,6.917044495856,-1.));
#1698 = CARTESIAN_POINT('',(16.293767712142,6.878064675508,-1.));
#1699 = CARTESIAN_POINT('',(16.378179608539,6.793649200682,-1.));
#1700 = CARTESIAN_POINT('',(16.417232948838,6.748208881536,-1.));
#1701 = CARTESIAN_POINT('',(16.452611207747,6.700064819582,-1.));
#1702 = CARTESIAN_POINT('',(16.48389848042,6.649778880726,-1.));
#1703 = CARTESIAN_POINT('',(16.510739920463,6.598068633346,-1.));
#1704 = CARTESIAN_POINT('',(16.532822042695,6.545795209807,-1.));
#1705 = CARTESIAN_POINT('',(16.553477771731,6.483990047111,-1.));
#1706 = CARTESIAN_POINT('',(16.556740539055,6.47366855009,-1.));
#1707 = CARTESIAN_POINT('',(16.559803749395,6.463393183921,-1.));
#1708 = CARTESIAN_POINT('',(16.56266665081,6.453176785328,-1.));
#1709 = CARTESIAN_POINT('',(16.565328963305,6.443033552141,-1.));
#1710 = CARTESIAN_POINT('',(16.567790878831,6.432979043292,-1.));
#1711 = CARTESIAN_POINT('',(16.572367424017,6.412851830387,-1.));
#1712 = CARTESIAN_POINT('',(16.574472753222,6.402784372545,-1.));
#1713 = CARTESIAN_POINT('',(16.576370028384,6.392846039222,-1.));
#1714 = CARTESIAN_POINT('',(16.578060839583,6.383057293956,-1.));
#1715 = CARTESIAN_POINT('',(16.579547765862,6.373441111731,-1.));
#1716 = CARTESIAN_POINT('',(16.58083475361,6.364023260809,-1.));
#1717 = CARTESIAN_POINT('',(16.583096569857,6.344999892378,-1.));
#1718 = CARTESIAN_POINT('',(16.584043232043,6.335427947581,-1.));
#1719 = CARTESIAN_POINT('',(16.584774625722,6.326151440708,-1.));
#1720 = CARTESIAN_POINT('',(16.58529996718,6.317210862423,-1.));
#1721 = CARTESIAN_POINT('',(16.585631664553,6.308652342142,-1.));
#1722 = CARTESIAN_POINT('',(16.585786437627,6.300527486666,-1.));
#1723 = CARTESIAN_POINT('',(16.585786437627,6.292893218813,-1.));
#1724 = PCURVE('',#1389,#1725);
#1725 = DEFINITIONAL_REPRESENTATION('',(#1726),#1777);
#1726 = B_SPLINE_CURVE_WITH_KNOTS('',7,(#1727,#1728,#1729,#1730,#1731,
    #1732,#1733,#1734,#1735,#1736,#1737,#1738,#1739,#1740,#1741,#1742,
    #1743,#1744,#1745,#1746,#1747,#1748,#1749,#1750,#1751,#1752,#1753,
    #1754,#1755,#1756,#1757,#1758,#1759,#1760,#1761,#1762,#1763,#1764,
    #1765,#1766,#1767,#1768,#1769,#1770,#1771,#1772,#1773,#1774,#1775,
    #1776),.UNSPECIFIED.,.F.,.F.,(8,6,6,6,6,6,6,6,8),(0.,
    6.829911697771E-02,0.131596136741,0.193458925899,0.500014485411,
    0.807217626108,0.869054432495,0.932317588141,1.),.UNSPECIFIED.);
#1727 = CARTESIAN_POINT('',(15.792893218814,7.085786437627));
#1728 = CARTESIAN_POINT('',(15.800597033786,7.085786437627));
#1729 = CARTESIAN_POINT('',(15.808800403712,7.085628831465));
#1730 = CARTESIAN_POINT('',(15.817444845155,7.085290858966));
#1731 = CARTESIAN_POINT('',(15.826477387405,7.084755388705));
#1732 = CARTESIAN_POINT('',(15.835850734057,7.084009749231));
#1733 = CARTESIAN_POINT('',(15.845523424585,7.083044560274));
#1734 = CARTESIAN_POINT('',(15.864668831694,7.080747867201));
#1735 = CARTESIAN_POINT('',(15.87410366682,7.079448440686));
#1736 = CARTESIAN_POINT('',(15.883735744599,7.077948653051));
#1737 = CARTESIAN_POINT('',(15.893539375071,7.076244607664));
#1738 = CARTESIAN_POINT('',(15.903491652558,7.07433376645));
#1739 = CARTESIAN_POINT('',(15.913572173222,7.07221457371));
#1740 = CARTESIAN_POINT('',(15.933722426336,7.067610346907));
#1741 = CARTESIAN_POINT('',(15.943786927267,7.065134671645));
#1742 = CARTESIAN_POINT('',(15.953939387916,7.062458417044));
#1743 = CARTESIAN_POINT('',(15.964164295877,7.059581414871));
#1744 = CARTESIAN_POINT('',(15.974447493836,7.05650396578));
#1745 = CARTESIAN_POINT('',(15.984776179563,7.053226839309));
#1746 = CARTESIAN_POINT('',(16.046490476383,7.032528417945));
#1747 = CARTESIAN_POINT('',(16.098647543408,7.010440082077));
#1748 = CARTESIAN_POINT('',(16.150236105551,6.98361533858));
#1749 = CARTESIAN_POINT('',(16.20040143223,6.952365840643));
#1750 = CARTESIAN_POINT('',(16.248431391689,6.917044495856));
#1751 = CARTESIAN_POINT('',(16.293767712142,6.878064675508));
#1752 = CARTESIAN_POINT('',(16.378179608539,6.793649200682));
#1753 = CARTESIAN_POINT('',(16.417232948838,6.748208881536));
#1754 = CARTESIAN_POINT('',(16.452611207747,6.700064819582));
#1755 = CARTESIAN_POINT('',(16.48389848042,6.649778880726));
#1756 = CARTESIAN_POINT('',(16.510739920463,6.598068633346));
#1757 = CARTESIAN_POINT('',(16.532822042695,6.545795209807));
#1758 = CARTESIAN_POINT('',(16.553477771731,6.483990047111));
#1759 = CARTESIAN_POINT('',(16.556740539055,6.47366855009));
#1760 = CARTESIAN_POINT('',(16.559803749395,6.463393183921));
#1761 = CARTESIAN_POINT('',(16.56266665081,6.453176785328));
#1762 = CARTESIAN_POINT('',(16.565328963305,6.443033552141));
#1763 = CARTESIAN_POINT('',(16.567790878831,6.432979043292));
#1764 = CARTESIAN_POINT('',(16.572367424017,6.412851830387));
#1765 = CARTESIAN_POINT('',(16.574472753222,6.402784372545));
#1766 = CARTESIAN_POINT('',(16.576370028384,6.392846039222));
#1767 = CARTESIAN_POINT('',(16.578060839583,6.383057293956));
#1768 = CARTESIAN_POINT('',(16.579547765862,6.373441111731));
#1769 = CARTESIAN_POINT('',(16.58083475361,6.364023260809));
#1770 = CARTESIAN_POINT('',(16.583096569857,6.344999892378));
#1771 = CARTESIAN_POINT('',(16.584043232043,6.335427947581));
#1772 = CARTESIAN_POINT('',(16.584774625722,6.326151440708));
#1773 = CARTESIAN_POINT('',(16.58529996718,6.317210862423));
#1774 = CARTESIAN_POINT('',(16.585631664553,6.308652342142));
#1775 = CARTESIAN_POINT('',(16.585786437627,6.300527486666));
#1776 = CARTESIAN_POINT('',(16.585786437627,6.292893218813));
#1777 = ( GEOMETRIC_REPRESENTATION_CONTEXT(2) 
PARAMETRIC_REPRESENTATION_CONTEXT() REPRESENTATION_CONTEXT('2D SPACE',''
  ) );
#1778 = PCURVE('',#1779,#1799);
#1779 = OFFSET_SURFACE('',#1780,1.,.F.);
#1780 = B_SPLINE_SURFACE_WITH_KNOTS('',8,1,(
    (#1781,#1782)
    ,(#1783,#1784)
    ,(#1785,#1786)
    ,(#1787,#1788)
    ,(#1789,#1790)
    ,(#1791,#1792)
    ,(#1793,#1794)
    ,(#1795,#1796)
    ,(#1797,#1798
    )),.UNSPECIFIED.,.F.,.F.,.F.,(9,9),(2,2),(0.,1.570796326795),(0.,1.)
  ,.PIECEWISE_BEZIER_KNOTS.);
#1781 = CARTESIAN_POINT('',(17.,6.,0.));
#1782 = CARTESIAN_POINT('',(18.5,7.5,-1.5));
#1783 = CARTESIAN_POINT('',(17.,6.294524311274,0.));
#1784 = CARTESIAN_POINT('',(18.5,7.794524311274,-1.5));
#1785 = CARTESIAN_POINT('',(16.933908816558,6.589048715256,0.));
#1786 = CARTESIAN_POINT('',(18.433908816558,8.089048715256,-1.5));
#1787 = CARTESIAN_POINT('',(16.801727098807,6.866269851503,0.));
#1788 = CARTESIAN_POINT('',(18.301727098807,8.366269851502,-1.5));
#1789 = CARTESIAN_POINT('',(16.60888813367,7.108888133669,0.));
#1790 = CARTESIAN_POINT('',(18.10888813367,8.60888813367,-1.5));
#1791 = CARTESIAN_POINT('',(16.366269851503,7.301727098807,0.));
#1792 = CARTESIAN_POINT('',(17.866269851503,8.801727098807,-1.5));
#1793 = CARTESIAN_POINT('',(16.089048715256,7.433908816558,0.));
#1794 = CARTESIAN_POINT('',(17.589048715256,8.933908816558,-1.5));
#1795 = CARTESIAN_POINT('',(15.794524311274,7.5,0.));
#1796 = CARTESIAN_POINT('',(17.294524311274,9.,-1.5));
#1797 = CARTESIAN_POINT('',(15.5,7.5,0.));
#1798 = CARTESIAN_POINT('',(17.,9.,-1.5));
#1799 = DEFINITIONAL_REPRESENTATION('',(#1800),#1851);
#1800 = B_SPLINE_CURVE_WITH_KNOTS('',7,(#1801,#1802,#1803,#1804,#1805,
    #1806,#1807,#1808,#1809,#1810,#1811,#1812,#1813,#1814,#1815,#1816,
    #1817,#1818,#1819,#1820,#1821,#1822,#1823,#1824,#1825,#1826,#1827,
    #1828,#1829,#1830,#1831,#1832,#1833,#1834,#1835,#1836,#1837,#1838,
    #1839,#1840,#1841,#1842,#1843,#1844,#1845,#1846,#1847,#1848,#1849,
    #1850),.UNSPECIFIED.,.F.,.F.,(8,6,6,6,6,6,6,6,8),(0.,
    6.829911697771E-02,0.131596136741,0.193458925899,0.500014485411,
    0.807217626108,0.869054432495,0.932317588141,1.),.UNSPECIFIED.);
#1801 = CARTESIAN_POINT('',(1.570796326795,0.195262145876));
#1802 = CARTESIAN_POINT('',(1.553261294218,0.191129093899));
#1803 = CARTESIAN_POINT('',(1.535888389539,0.187245647951));
#1804 = CARTESIAN_POINT('',(1.518678568961,0.183593027066));
#1805 = CARTESIAN_POINT('',(1.501630358989,0.180153799635));
#1806 = CARTESIAN_POINT('',(1.484739956813,0.176911879908));
#1807 = CARTESIAN_POINT('',(1.468001330708,0.173852524508));
#1808 = CARTESIAN_POINT('',(1.436026697066,0.168283805788));
#1809 = CARTESIAN_POINT('',(1.420771437505,0.165750738811));
#1810 = CARTESIAN_POINT('',(1.405634667576,0.163352531412));
#1811 = CARTESIAN_POINT('',(1.390610669945,0.161079778091));
#1812 = CARTESIAN_POINT('',(1.375693766713,0.158924103904));
#1813 = CARTESIAN_POINT('',(1.360878202026,0.156878003923));
#1814 = CARTESIAN_POINT('',(1.331771387999,0.153035394686));
#1815 = CARTESIAN_POINT('',(1.317476124256,0.151234272277));
#1816 = CARTESIAN_POINT('',(1.303266981415,0.149525131495));
#1817 = CARTESIAN_POINT('',(1.289138947634,0.147902358842));
#1818 = CARTESIAN_POINT('',(1.27508725128,0.146360911306));
#1819 = CARTESIAN_POINT('',(1.261107360923,0.144896316355));
#1820 = CARTESIAN_POINT('',(1.178253443284,0.136608501601));
#1821 = CARTESIAN_POINT('',(1.11100580702,0.13150599023));
#1822 = CARTESIAN_POINT('',(1.044860927939,0.127702356976));
#1823 = CARTESIAN_POINT('',(0.979493517567,0.124987675841));
#1824 = CARTESIAN_POINT('',(0.914620528356,0.123218982144));
#1825 = CARTESIAN_POINT('',(0.850002265197,0.122335364217));
#1826 = CARTESIAN_POINT('',(0.720615152762,0.122335861819));
#1827 = CARTESIAN_POINT('',(0.655860382233,0.123223711671));
#1828 = CARTESIAN_POINT('',(0.590849059185,0.125000423162));
#1829 = CARTESIAN_POINT('',(0.525340034279,0.127727388975));
#1830 = CARTESIAN_POINT('',(0.459048216552,0.131548969978));
#1831 = CARTESIAN_POINT('',(0.391646169754,0.136676791042));
#1832 = CARTESIAN_POINT('',(0.308625820526,0.145007170759));
#1833 = CARTESIAN_POINT('',(0.294647133074,0.146476128508));
#1834 = CARTESIAN_POINT('',(0.28059645684,0.148022111473));
#1835 = CARTESIAN_POINT('',(0.266469255171,0.149649608527));
#1836 = CARTESIAN_POINT('',(0.252260752179,0.151363680856));
#1837 = CARTESIAN_POINT('',(0.237965932746,0.153169961953));
#1838 = CARTESIAN_POINT('',(0.208861310821,0.157023287659));
#1839 = CARTESIAN_POINT('',(0.194047509089,0.159074933127));
#1840 = CARTESIAN_POINT('',(0.17913218412,0.161236411075));
#1841 = CARTESIAN_POINT('',(0.164109583669,0.163515249603));
#1842 = CARTESIAN_POINT('',(0.148974039661,0.165919848172));
#1843 = CARTESIAN_POINT('',(0.133719851404,0.168459637922));
#1844 = CARTESIAN_POINT('',(0.101888206276,0.174018449278));
#1845 = CARTESIAN_POINT('',(8.529389255622E-02,0.177058365414));
#1846 = CARTESIAN_POINT('',(6.855032741847E-02,0.180278085114));
#1847 = CARTESIAN_POINT('',(5.165167858938E-02,0.183691995819));
#1848 = CARTESIAN_POINT('',(3.459428048612E-02,0.187315778011));
#1849 = CARTESIAN_POINT('',(1.737673295338E-02,0.191166405525));
#1850 = CARTESIAN_POINT('',(0.,0.195262145876));
#1851 = ( GEOMETRIC_REPRESENTATION_CONTEXT(2) 
PARAMETRIC_REPRESENTATION_CONTEXT() REPRESENTATION_CONTEXT('2D SPACE',''
  ) );
#1852 = ORIENTED_EDGE('',*,*,#1853,.T.);
#1853 = EDGE_CURVE('',#1670,#1854,#1856,.T.);
#1854 = VERTEX_POINT('',#1855);
#1855 = CARTESIAN_POINT('',(-15.79289321881,7.085786437627,-1.));
#1856 = SURFACE_CURVE('',#1857,(#1861,#1868),.PCURVE_S1.);
#1857 = LINE('',#1858,#1859);
#1858 = CARTESIAN_POINT('',(7.E-16,7.085786437627,-1.));
#1859 = VECTOR('',#1860,1.);
#1860 = DIRECTION('',(-1.,0.,0.));
#1861 = PCURVE('',#1389,#1862);
#1862 = DEFINITIONAL_REPRESENTATION('',(#1863),#1867);
#1863 = LINE('',#1864,#1865);
#1864 = CARTESIAN_POINT('',(6.4E-16,7.085786437627));
#1865 = VECTOR('',#1866,1.);
#1866 = DIRECTION('',(-1.,0.));
#1867 = ( GEOMETRIC_REPRESENTATION_CONTEXT(2) 
PARAMETRIC_REPRESENTATION_CONTEXT() REPRESENTATION_CONTEXT('2D SPACE',''
  ) );
#1868 = PCURVE('',#1869,#1874);
#1869 = PLANE('',#1870);
#1870 = AXIS2_PLACEMENT_3D('',#1871,#1872,#1873);
#1871 = CARTESIAN_POINT('',(1.35E-15,7.542893218813,-1.457106781187));
#1872 = DIRECTION('',(0.,-0.707106781187,-0.707106781187));
#1873 = DIRECTION('',(-1.,0.,0.));
#1874 = DEFINITIONAL_REPRESENTATION('',(#1875),#1879);
#1875 = LINE('',#1876,#1877);
#1876 = CARTESIAN_POINT('',(6.5E-16,-0.646446609407));
#1877 = VECTOR('',#1878,1.);
#1878 = DIRECTION('',(1.,0.));
#1879 = ( GEOMETRIC_REPRESENTATION_CONTEXT(2) 
PARAMETRIC_REPRESENTATION_CONTEXT() REPRESENTATION_CONTEXT('2D SPACE',''
  ) );
#1880 = ORIENTED_EDGE('',*,*,#1881,.F.);
#1881 = EDGE_CURVE('',#1882,#1854,#1884,.T.);
#1882 = VERTEX_POINT('',#1883);
#1883 = CARTESIAN_POINT('',(-16.58578643762,6.292893218814,-1.));
#1884 = SURFACE_CURVE('',#1885,(#1936,#1990),.PCURVE_S1.);
#1885 = B_SPLINE_CURVE_WITH_KNOTS('',7,(#1886,#1887,#1888,#1889,#1890,
    #1891,#1892,#1893,#1894,#1895,#1896,#1897,#1898,#1899,#1900,#1901,
    #1902,#1903,#1904,#1905,#1906,#1907,#1908,#1909,#1910,#1911,#1912,
    #1913,#1914,#1915,#1916,#1917,#1918,#1919,#1920,#1921,#1922,#1923,
    #1924,#1925,#1926,#1927,#1928,#1929,#1930,#1931,#1932,#1933,#1934,
    #1935),.UNSPECIFIED.,.F.,.F.,(8,6,6,6,6,6,6,6,8),(0.,
    6.829911697767E-02,0.13159613674,0.193458925899,0.500014485411,
    0.807217626109,0.869054432496,0.932317588142,1.),.UNSPECIFIED.);
#1886 = CARTESIAN_POINT('',(-16.58578643762,6.292893218814,-1.));
#1887 = CARTESIAN_POINT('',(-16.58578643762,6.300597033786,-1.));
#1888 = CARTESIAN_POINT('',(-16.58562883146,6.308800403712,-1.));
#1889 = CARTESIAN_POINT('',(-16.58529085896,6.317444845155,-1.));
#1890 = CARTESIAN_POINT('',(-16.5847553887,6.326477387405,-1.));
#1891 = CARTESIAN_POINT('',(-16.58400974923,6.335850734057,-1.));
#1892 = CARTESIAN_POINT('',(-16.58304456027,6.345523424585,-1.));
#1893 = CARTESIAN_POINT('',(-16.5807478672,6.364668831694,-1.));
#1894 = CARTESIAN_POINT('',(-16.57944844068,6.37410366682,-1.));
#1895 = CARTESIAN_POINT('',(-16.57794865305,6.383735744599,-1.));
#1896 = CARTESIAN_POINT('',(-16.57624460766,6.393539375071,-1.));
#1897 = CARTESIAN_POINT('',(-16.57433376645,6.403491652558,-1.));
#1898 = CARTESIAN_POINT('',(-16.57221457371,6.413572173222,-1.));
#1899 = CARTESIAN_POINT('',(-16.5676103469,6.433722426336,-1.));
#1900 = CARTESIAN_POINT('',(-16.56513467164,6.443786927267,-1.));
#1901 = CARTESIAN_POINT('',(-16.56245841704,6.453939387916,-1.));
#1902 = CARTESIAN_POINT('',(-16.55958141487,6.464164295877,-1.));
#1903 = CARTESIAN_POINT('',(-16.55650396578,6.474447493836,-1.));
#1904 = CARTESIAN_POINT('',(-16.5532268393,6.484776179563,-1.));
#1905 = CARTESIAN_POINT('',(-16.53252841794,6.546490476383,-1.));
#1906 = CARTESIAN_POINT('',(-16.51044008207,6.598647543408,-1.));
#1907 = CARTESIAN_POINT('',(-16.48361533858,6.650236105551,-1.));
#1908 = CARTESIAN_POINT('',(-16.45236584064,6.70040143223,-1.));
#1909 = CARTESIAN_POINT('',(-16.41704449585,6.748431391689,-1.));
#1910 = CARTESIAN_POINT('',(-16.3780646755,6.793767712142,-1.));
#1911 = CARTESIAN_POINT('',(-16.29364920068,6.87817960854,-1.));
#1912 = CARTESIAN_POINT('',(-16.24820888153,6.917232948838,-1.));
#1913 = CARTESIAN_POINT('',(-16.20006481958,6.952611207748,-1.));
#1914 = CARTESIAN_POINT('',(-16.14977888072,6.98389848042,-1.));
#1915 = CARTESIAN_POINT('',(-16.09806863334,7.010739920463,-1.));
#1916 = CARTESIAN_POINT('',(-16.0457952098,7.032822042696,-1.));
#1917 = CARTESIAN_POINT('',(-15.98399004711,7.053477771731,-1.));
#1918 = CARTESIAN_POINT('',(-15.97366855009,7.056740539055,-1.));
#1919 = CARTESIAN_POINT('',(-15.96339318392,7.059803749395,-1.));
#1920 = CARTESIAN_POINT('',(-15.95317678532,7.06266665081,-1.));
#1921 = CARTESIAN_POINT('',(-15.94303355214,7.065328963306,-1.));
#1922 = CARTESIAN_POINT('',(-15.93297904329,7.067790878831,-1.));
#1923 = CARTESIAN_POINT('',(-15.91285183038,7.072367424017,-1.));
#1924 = CARTESIAN_POINT('',(-15.90278437254,7.074472753222,-1.));
#1925 = CARTESIAN_POINT('',(-15.89284603922,7.076370028384,-1.));
#1926 = CARTESIAN_POINT('',(-15.88305729395,7.078060839583,-1.));
#1927 = CARTESIAN_POINT('',(-15.87344111173,7.079547765862,-1.));
#1928 = CARTESIAN_POINT('',(-15.8640232608,7.08083475361,-1.));
#1929 = CARTESIAN_POINT('',(-15.84499989237,7.083096569857,-1.));
#1930 = CARTESIAN_POINT('',(-15.83542794758,7.084043232043,-1.));
#1931 = CARTESIAN_POINT('',(-15.8261514407,7.084774625722,-1.));
#1932 = CARTESIAN_POINT('',(-15.81721086242,7.08529996718,-1.));
#1933 = CARTESIAN_POINT('',(-15.80865234214,7.085631664553,-1.));
#1934 = CARTESIAN_POINT('',(-15.80052748666,7.085786437627,-1.));
#1935 = CARTESIAN_POINT('',(-15.79289321881,7.085786437627,-1.));
#1936 = PCURVE('',#1389,#1937);
#1937 = DEFINITIONAL_REPRESENTATION('',(#1938),#1989);
#1938 = B_SPLINE_CURVE_WITH_KNOTS('',7,(#1939,#1940,#1941,#1942,#1943,
    #1944,#1945,#1946,#1947,#1948,#1949,#1950,#1951,#1952,#1953,#1954,
    #1955,#1956,#1957,#1958,#1959,#1960,#1961,#1962,#1963,#1964,#1965,
    #1966,#1967,#1968,#1969,#1970,#1971,#1972,#1973,#1974,#1975,#1976,
    #1977,#1978,#1979,#1980,#1981,#1982,#1983,#1984,#1985,#1986,#1987,
    #1988),.UNSPECIFIED.,.F.,.F.,(8,6,6,6,6,6,6,6,8),(0.,
    6.829911697767E-02,0.13159613674,0.193458925899,0.500014485411,
    0.807217626109,0.869054432496,0.932317588142,1.),.UNSPECIFIED.);
#1939 = CARTESIAN_POINT('',(-16.58578643762,6.292893218814));
#1940 = CARTESIAN_POINT('',(-16.58578643762,6.300597033786));
#1941 = CARTESIAN_POINT('',(-16.58562883146,6.308800403712));
#1942 = CARTESIAN_POINT('',(-16.58529085896,6.317444845155));
#1943 = CARTESIAN_POINT('',(-16.5847553887,6.326477387405));
#1944 = CARTESIAN_POINT('',(-16.58400974923,6.335850734057));
#1945 = CARTESIAN_POINT('',(-16.58304456027,6.345523424585));
#1946 = CARTESIAN_POINT('',(-16.5807478672,6.364668831694));
#1947 = CARTESIAN_POINT('',(-16.57944844068,6.37410366682));
#1948 = CARTESIAN_POINT('',(-16.57794865305,6.383735744599));
#1949 = CARTESIAN_POINT('',(-16.57624460766,6.393539375071));
#1950 = CARTESIAN_POINT('',(-16.57433376645,6.403491652558));
#1951 = CARTESIAN_POINT('',(-16.57221457371,6.413572173222));
#1952 = CARTESIAN_POINT('',(-16.5676103469,6.433722426336));
#1953 = CARTESIAN_POINT('',(-16.56513467164,6.443786927267));
#1954 = CARTESIAN_POINT('',(-16.56245841704,6.453939387916));
#1955 = CARTESIAN_POINT('',(-16.55958141487,6.464164295877));
#1956 = CARTESIAN_POINT('',(-16.55650396578,6.474447493836));
#1957 = CARTESIAN_POINT('',(-16.5532268393,6.484776179563));
#1958 = CARTESIAN_POINT('',(-16.53252841794,6.546490476383));
#1959 = CARTESIAN_POINT('',(-16.51044008207,6.598647543408));
#1960 = CARTESIAN_POINT('',(-16.48361533858,6.650236105551));
#1961 = CARTESIAN_POINT('',(-16.45236584064,6.70040143223));
#1962 = CARTESIAN_POINT('',(-16.41704449585,6.748431391689));
#1963 = CARTESIAN_POINT('',(-16.3780646755,6.793767712142));
#1964 = CARTESIAN_POINT('',(-16.29364920068,6.87817960854));
#1965 = CARTESIAN_POINT('',(-16.24820888153,6.917232948838));
#1966 = CARTESIAN_POINT('',(-16.20006481958,6.952611207748));
#1967 = CARTESIAN_POINT('',(-16.14977888072,6.98389848042));
#1968 = CARTESIAN_POINT('',(-16.09806863334,7.010739920463));
#1969 = CARTESIAN_POINT('',(-16.0457952098,7.032822042696));
#1970 = CARTESIAN_POINT('',(-15.98399004711,7.053477771731));
#1971 = CARTESIAN_POINT('',(-15.97366855009,7.056740539055));
#1972 = CARTESIAN_POINT('',(-15.96339318392,7.059803749395));
#1973 = CARTESIAN_POINT('',(-15.95317678532,7.06266665081));
#1974 = CARTESIAN_POINT('',(-15.94303355214,7.065328963306));
#1975 = CARTESIAN_POINT('',(-15.93297904329,7.067790878831));
#1976 = CARTESIAN_POINT('',(-15.91285183038,7.072367424017));
#1977 = CARTESIAN_POINT('',(-15.90278437254,7.074472753222));
#1978 = CARTESIAN_POINT('',(-15.89284603922,7.076370028384));
#1979 = CARTESIAN_POINT('',(-15.88305729395,7.078060839583));
#1980 = CARTESIAN_POINT('',(-15.87344111173,7.079547765862));
#1981 = CARTESIAN_POINT('',(-15.8640232608,7.08083475361));
#1982 = CARTESIAN_POINT('',(-15.84499989237,7.083096569857));
#1983 = CARTESIAN_POINT('',(-15.83542794758,7.084043232043));
#1984 = CARTESIAN_POINT('',(-15.8261514407,7.084774625722));
#1985 = CARTESIAN_POINT('',(-15.81721086242,7.08529996718));
#1986 = CARTESIAN_POINT('',(-15.80865234214,7.085631664553));
#1987 = CARTESIAN_POINT('',(-15.80052748666,7.085786437627));
#1988 = CARTESIAN_POINT('',(-15.79289321881,7.085786437627));
#1989 = ( GEOMETRIC_REPRESENTATION_CONTEXT(2) 
PARAMETRIC_REPRESENTATION_CONTEXT() REPRESENTATION_CONTEXT('2D SPACE',''
  ) );
#1990 = PCURVE('',#1991,#2011);
#1991 = OFFSET_SURFACE('',#1992,1.,.F.);
#1992 = B_SPLINE_SURFACE_WITH_KNOTS('',8,1,(
    (#1993,#1994)
    ,(#1995,#1996)
    ,(#1997,#1998)
    ,(#1999,#2000)
    ,(#2001,#2002)
    ,(#2003,#2004)
    ,(#2005,#2006)
    ,(#2007,#2008)
    ,(#2009,#2010
    )),.UNSPECIFIED.,.F.,.F.,.F.,(9,9),(2,2),(1.570796326795,
    3.14159265359),(0.,1.),.PIECEWISE_BEZIER_KNOTS.);
#1993 = CARTESIAN_POINT('',(-15.5,7.5,0.));
#1994 = CARTESIAN_POINT('',(-17.,9.,-1.5));
#1995 = CARTESIAN_POINT('',(-15.79452431127,7.5,0.));
#1996 = CARTESIAN_POINT('',(-17.29452431127,9.,-1.5));
#1997 = CARTESIAN_POINT('',(-16.08904871525,7.433908816558,0.));
#1998 = CARTESIAN_POINT('',(-17.58904871525,8.933908816559,-1.5));
#1999 = CARTESIAN_POINT('',(-16.3662698515,7.301727098808,0.));
#2000 = CARTESIAN_POINT('',(-17.86626985149,8.801727098806,-1.5));
#2001 = CARTESIAN_POINT('',(-16.60888813366,7.108888133669,0.));
#2002 = CARTESIAN_POINT('',(-18.10888813367,8.608888133671,-1.5));
#2003 = CARTESIAN_POINT('',(-16.8017270988,6.866269851503,0.));
#2004 = CARTESIAN_POINT('',(-18.3017270988,8.366269851501,-1.5));
#2005 = CARTESIAN_POINT('',(-16.93390881655,6.589048715256,0.));
#2006 = CARTESIAN_POINT('',(-18.43390881656,8.089048715257,-1.5));
#2007 = CARTESIAN_POINT('',(-17.,6.294524311274,0.));
#2008 = CARTESIAN_POINT('',(-18.5,7.794524311274,-1.5));
#2009 = CARTESIAN_POINT('',(-17.,6.,0.));
#2010 = CARTESIAN_POINT('',(-18.5,7.5,-1.5));
#2011 = DEFINITIONAL_REPRESENTATION('',(#2012),#2063);
#2012 = B_SPLINE_CURVE_WITH_KNOTS('',7,(#2013,#2014,#2015,#2016,#2017,
    #2018,#2019,#2020,#2021,#2022,#2023,#2024,#2025,#2026,#2027,#2028,
    #2029,#2030,#2031,#2032,#2033,#2034,#2035,#2036,#2037,#2038,#2039,
    #2040,#2041,#2042,#2043,#2044,#2045,#2046,#2047,#2048,#2049,#2050,
    #2051,#2052,#2053,#2054,#2055,#2056,#2057,#2058,#2059,#2060,#2061,
    #2062),.UNSPECIFIED.,.F.,.F.,(8,6,6,6,6,6,6,6,8),(0.,
    6.829911697767E-02,0.13159613674,0.193458925899,0.500014485411,
    0.807217626109,0.869054432496,0.932317588142,1.),.UNSPECIFIED.);
#2013 = CARTESIAN_POINT('',(3.14159265359,0.195262145876));
#2014 = CARTESIAN_POINT('',(3.124057621013,0.191129093899));
#2015 = CARTESIAN_POINT('',(3.106684716333,0.187245647951));
#2016 = CARTESIAN_POINT('',(3.089474895756,0.183593027066));
#2017 = CARTESIAN_POINT('',(3.072426685783,0.180153799635));
#2018 = CARTESIAN_POINT('',(3.055536283608,0.176911879908));
#2019 = CARTESIAN_POINT('',(3.038797657503,0.173852524508));
#2020 = CARTESIAN_POINT('',(3.006823023861,0.168283805788));
#2021 = CARTESIAN_POINT('',(2.9915677643,0.165750738811));
#2022 = CARTESIAN_POINT('',(2.976430994371,0.163352531412));
#2023 = CARTESIAN_POINT('',(2.96140699674,0.161079778091));
#2024 = CARTESIAN_POINT('',(2.946490093508,0.158924103904));
#2025 = CARTESIAN_POINT('',(2.931674528821,0.156878003923));
#2026 = CARTESIAN_POINT('',(2.902567714794,0.153035394686));
#2027 = CARTESIAN_POINT('',(2.888272451051,0.151234272277));
#2028 = CARTESIAN_POINT('',(2.87406330821,0.149525131495));
#2029 = CARTESIAN_POINT('',(2.859935274429,0.147902358842));
#2030 = CARTESIAN_POINT('',(2.845883578074,0.146360911306));
#2031 = CARTESIAN_POINT('',(2.831903687717,0.144896316355));
#2032 = CARTESIAN_POINT('',(2.749049770079,0.136608501601));
#2033 = CARTESIAN_POINT('',(2.681802133815,0.13150599023));
#2034 = CARTESIAN_POINT('',(2.615657254734,0.127702356976));
#2035 = CARTESIAN_POINT('',(2.550289844362,0.124987675841));
#2036 = CARTESIAN_POINT('',(2.48541685515,0.123218982144));
#2037 = CARTESIAN_POINT('',(2.420798591992,0.122335364217));
#2038 = CARTESIAN_POINT('',(2.291411479556,0.122335861819));
#2039 = CARTESIAN_POINT('',(2.226656709028,0.123223711671));
#2040 = CARTESIAN_POINT('',(2.161645385978,0.125000423162));
#2041 = CARTESIAN_POINT('',(2.096136361075,0.127727388975));
#2042 = CARTESIAN_POINT('',(2.029844543346,0.131548969978));
#2043 = CARTESIAN_POINT('',(1.962442496549,0.136676791043));
#2044 = CARTESIAN_POINT('',(1.87942214732,0.145007170759));
#2045 = CARTESIAN_POINT('',(1.865443459868,0.146476128508));
#2046 = CARTESIAN_POINT('',(1.851392783634,0.148022111473));
#2047 = CARTESIAN_POINT('',(1.837265581965,0.149649608527));
#2048 = CARTESIAN_POINT('',(1.823057078973,0.151363680856));
#2049 = CARTESIAN_POINT('',(1.80876225954,0.153169961953));
#2050 = CARTESIAN_POINT('',(1.779657637615,0.157023287659));
#2051 = CARTESIAN_POINT('',(1.764843835883,0.159074933127));
#2052 = CARTESIAN_POINT('',(1.749928510914,0.161236411075));
#2053 = CARTESIAN_POINT('',(1.734905910463,0.163515249603));
#2054 = CARTESIAN_POINT('',(1.719770366455,0.165919848173));
#2055 = CARTESIAN_POINT('',(1.704516178198,0.168459637922));
#2056 = CARTESIAN_POINT('',(1.67268453307,0.174018449278));
#2057 = CARTESIAN_POINT('',(1.65609021935,0.177058365414));
#2058 = CARTESIAN_POINT('',(1.639346654213,0.180278085114));
#2059 = CARTESIAN_POINT('',(1.622448005384,0.183691995819));
#2060 = CARTESIAN_POINT('',(1.605390607281,0.187315778011));
#2061 = CARTESIAN_POINT('',(1.588173059748,0.191166405525));
#2062 = CARTESIAN_POINT('',(1.570796326795,0.195262145876));
#2063 = ( GEOMETRIC_REPRESENTATION_CONTEXT(2) 
PARAMETRIC_REPRESENTATION_CONTEXT() REPRESENTATION_CONTEXT('2D SPACE',''
  ) );
#2064 = ORIENTED_EDGE('',*,*,#2065,.T.);
#2065 = EDGE_CURVE('',#1882,#2066,#2068,.T.);
#2066 = VERTEX_POINT('',#2067);
#2067 = CARTESIAN_POINT('',(-16.58578643762,-6.292893218813,-1.));
#2068 = SURFACE_CURVE('',#2069,(#2073,#2080),.PCURVE_S1.);
#2069 = LINE('',#2070,#2071);
#2070 = CARTESIAN_POINT('',(-16.58578643762,-5.E-17,-1.));
#2071 = VECTOR('',#2072,1.);
#2072 = DIRECTION('',(0.,-1.,0.));
#2073 = PCURVE('',#1389,#2074);
#2074 = DEFINITIONAL_REPRESENTATION('',(#2075),#2079);
#2075 = LINE('',#2076,#2077);
#2076 = CARTESIAN_POINT('',(-16.58578643762,-1.8E-16));
#2077 = VECTOR('',#2078,1.);
#2078 = DIRECTION('',(0.,-1.));
#2079 = ( GEOMETRIC_REPRESENTATION_CONTEXT(2) 
PARAMETRIC_REPRESENTATION_CONTEXT() REPRESENTATION_CONTEXT('2D SPACE',''
  ) );
#2080 = PCURVE('',#2081,#2086);
#2081 = PLANE('',#2082);
#2082 = AXIS2_PLACEMENT_3D('',#2083,#2084,#2085);
#2083 = CARTESIAN_POINT('',(-17.04289321881,-2.4E-16,-1.457106781187));
#2084 = DIRECTION('',(0.707106781187,0.,-0.707106781187));
#2085 = DIRECTION('',(0.,-1.,0.));
#2086 = DEFINITIONAL_REPRESENTATION('',(#2087),#2091);
#2087 = LINE('',#2088,#2089);
#2088 = CARTESIAN_POINT('',(-1.9E-16,-0.646446609407));
#2089 = VECTOR('',#2090,1.);
#2090 = DIRECTION('',(1.,0.));
#2091 = ( GEOMETRIC_REPRESENTATION_CONTEXT(2) 
PARAMETRIC_REPRESENTATION_CONTEXT() REPRESENTATION_CONTEXT('2D SPACE',''
  ) );
#2092 = ORIENTED_EDGE('',*,*,#2093,.F.);
#2093 = EDGE_CURVE('',#1428,#2066,#2094,.T.);
#2094 = SURFACE_CURVE('',#2095,(#2146,#2200),.PCURVE_S1.);
#2095 = B_SPLINE_CURVE_WITH_KNOTS('',7,(#2096,#2097,#2098,#2099,#2100,
    #2101,#2102,#2103,#2104,#2105,#2106,#2107,#2108,#2109,#2110,#2111,
    #2112,#2113,#2114,#2115,#2116,#2117,#2118,#2119,#2120,#2121,#2122,
    #2123,#2124,#2125,#2126,#2127,#2128,#2129,#2130,#2131,#2132,#2133,
    #2134,#2135,#2136,#2137,#2138,#2139,#2140,#2141,#2142,#2143,#2144,
    #2145),.UNSPECIFIED.,.F.,.F.,(8,6,6,6,6,6,6,6,8),(0.,
    6.829911697798E-02,0.131596136741,0.1934589259,0.500014485411,
    0.807217626108,0.869054432496,0.932317588142,1.),.UNSPECIFIED.);
#2096 = CARTESIAN_POINT('',(-15.79289321881,-7.085786437627,-1.));
#2097 = CARTESIAN_POINT('',(-15.80059703378,-7.085786437627,-1.));
#2098 = CARTESIAN_POINT('',(-15.80880040371,-7.085628831465,-1.));
#2099 = CARTESIAN_POINT('',(-15.81744484515,-7.085290858966,-1.));
#2100 = CARTESIAN_POINT('',(-15.8264773874,-7.084755388705,-1.));
#2101 = CARTESIAN_POINT('',(-15.83585073405,-7.084009749231,-1.));
#2102 = CARTESIAN_POINT('',(-15.84552342458,-7.083044560274,-1.));
#2103 = CARTESIAN_POINT('',(-15.86466883169,-7.080747867201,-1.));
#2104 = CARTESIAN_POINT('',(-15.87410366682,-7.079448440686,-1.));
#2105 = CARTESIAN_POINT('',(-15.88373574459,-7.077948653051,-1.));
#2106 = CARTESIAN_POINT('',(-15.89353937507,-7.076244607664,-1.));
#2107 = CARTESIAN_POINT('',(-15.90349165255,-7.07433376645,-1.));
#2108 = CARTESIAN_POINT('',(-15.91357217322,-7.07221457371,-1.));
#2109 = CARTESIAN_POINT('',(-15.93372242633,-7.067610346907,-1.));
#2110 = CARTESIAN_POINT('',(-15.94378692726,-7.065134671645,-1.));
#2111 = CARTESIAN_POINT('',(-15.95393938791,-7.062458417044,-1.));
#2112 = CARTESIAN_POINT('',(-15.96416429587,-7.059581414871,-1.));
#2113 = CARTESIAN_POINT('',(-15.97444749383,-7.05650396578,-1.));
#2114 = CARTESIAN_POINT('',(-15.98477617956,-7.053226839309,-1.));
#2115 = CARTESIAN_POINT('',(-16.04649047638,-7.032528417945,-1.));
#2116 = CARTESIAN_POINT('',(-16.0986475434,-7.010440082077,-1.));
#2117 = CARTESIAN_POINT('',(-16.15023610555,-6.98361533858,-1.));
#2118 = CARTESIAN_POINT('',(-16.20040143223,-6.952365840643,-1.));
#2119 = CARTESIAN_POINT('',(-16.24843139168,-6.917044495856,-1.));
#2120 = CARTESIAN_POINT('',(-16.29376771214,-6.878064675508,-1.));
#2121 = CARTESIAN_POINT('',(-16.37817960853,-6.793649200682,-1.));
#2122 = CARTESIAN_POINT('',(-16.41723294883,-6.748208881535,-1.));
#2123 = CARTESIAN_POINT('',(-16.45261120774,-6.700064819582,-1.));
#2124 = CARTESIAN_POINT('',(-16.48389848042,-6.649778880725,-1.));
#2125 = CARTESIAN_POINT('',(-16.51073992046,-6.598068633346,-1.));
#2126 = CARTESIAN_POINT('',(-16.53282204269,-6.545795209806,-1.));
#2127 = CARTESIAN_POINT('',(-16.55347777173,-6.48399004711,-1.));
#2128 = CARTESIAN_POINT('',(-16.55674053905,-6.473668550089,-1.));
#2129 = CARTESIAN_POINT('',(-16.55980374939,-6.46339318392,-1.));
#2130 = CARTESIAN_POINT('',(-16.56266665081,-6.453176785327,-1.));
#2131 = CARTESIAN_POINT('',(-16.5653289633,-6.44303355214,-1.));
#2132 = CARTESIAN_POINT('',(-16.56779087883,-6.432979043291,-1.));
#2133 = CARTESIAN_POINT('',(-16.57236742401,-6.412851830386,-1.));
#2134 = CARTESIAN_POINT('',(-16.57447275322,-6.402784372545,-1.));
#2135 = CARTESIAN_POINT('',(-16.57637002838,-6.392846039221,-1.));
#2136 = CARTESIAN_POINT('',(-16.57806083958,-6.383057293955,-1.));
#2137 = CARTESIAN_POINT('',(-16.57954776586,-6.373441111731,-1.));
#2138 = CARTESIAN_POINT('',(-16.58083475361,-6.364023260808,-1.));
#2139 = CARTESIAN_POINT('',(-16.58309656985,-6.344999892377,-1.));
#2140 = CARTESIAN_POINT('',(-16.58404323204,-6.335427947581,-1.));
#2141 = CARTESIAN_POINT('',(-16.58477462572,-6.326151440708,-1.));
#2142 = CARTESIAN_POINT('',(-16.58529996718,-6.317210862422,-1.));
#2143 = CARTESIAN_POINT('',(-16.58563166455,-6.308652342141,-1.));
#2144 = CARTESIAN_POINT('',(-16.58578643762,-6.300527486666,-1.));
#2145 = CARTESIAN_POINT('',(-16.58578643762,-6.292893218813,-1.));
#2146 = PCURVE('',#1389,#2147);
#2147 = DEFINITIONAL_REPRESENTATION('',(#2148),#2199);
#2148 = B_SPLINE_CURVE_WITH_KNOTS('',7,(#2149,#2150,#2151,#2152,#2153,
    #2154,#2155,#2156,#2157,#2158,#2159,#2160,#2161,#2162,#2163,#2164,
    #2165,#2166,#2167,#2168,#2169,#2170,#2171,#2172,#2173,#2174,#2175,
    #2176,#2177,#2178,#2179,#2180,#2181,#2182,#2183,#2184,#2185,#2186,
    #2187,#2188,#2189,#2190,#2191,#2192,#2193,#2194,#2195,#2196,#2197,
    #2198),.UNSPECIFIED.,.F.,.F.,(8,6,6,6,6,6,6,6,8),(0.,
    6.829911697798E-02,0.131596136741,0.1934589259,0.500014485411,
    0.807217626108,0.869054432496,0.932317588142,1.),.UNSPECIFIED.);
#2149 = CARTESIAN_POINT('',(-15.79289321881,-7.085786437627));
#2150 = CARTESIAN_POINT('',(-15.80059703378,-7.085786437627));
#2151 = CARTESIAN_POINT('',(-15.80880040371,-7.085628831465));
#2152 = CARTESIAN_POINT('',(-15.81744484515,-7.085290858966));
#2153 = CARTESIAN_POINT('',(-15.8264773874,-7.084755388705));
#2154 = CARTESIAN_POINT('',(-15.83585073405,-7.084009749231));
#2155 = CARTESIAN_POINT('',(-15.84552342458,-7.083044560274));
#2156 = CARTESIAN_POINT('',(-15.86466883169,-7.080747867201));
#2157 = CARTESIAN_POINT('',(-15.87410366682,-7.079448440686));
#2158 = CARTESIAN_POINT('',(-15.88373574459,-7.077948653051));
#2159 = CARTESIAN_POINT('',(-15.89353937507,-7.076244607664));
#2160 = CARTESIAN_POINT('',(-15.90349165255,-7.07433376645));
#2161 = CARTESIAN_POINT('',(-15.91357217322,-7.07221457371));
#2162 = CARTESIAN_POINT('',(-15.93372242633,-7.067610346907));
#2163 = CARTESIAN_POINT('',(-15.94378692726,-7.065134671645));
#2164 = CARTESIAN_POINT('',(-15.95393938791,-7.062458417044));
#2165 = CARTESIAN_POINT('',(-15.96416429587,-7.059581414871));
#2166 = CARTESIAN_POINT('',(-15.97444749383,-7.05650396578));
#2167 = CARTESIAN_POINT('',(-15.98477617956,-7.053226839309));
#2168 = CARTESIAN_POINT('',(-16.04649047638,-7.032528417945));
#2169 = CARTESIAN_POINT('',(-16.0986475434,-7.010440082077));
#2170 = CARTESIAN_POINT('',(-16.15023610555,-6.98361533858));
#2171 = CARTESIAN_POINT('',(-16.20040143223,-6.952365840643));
#2172 = CARTESIAN_POINT('',(-16.24843139168,-6.917044495856));
#2173 = CARTESIAN_POINT('',(-16.29376771214,-6.878064675508));
#2174 = CARTESIAN_POINT('',(-16.37817960853,-6.793649200682));
#2175 = CARTESIAN_POINT('',(-16.41723294883,-6.748208881535));
#2176 = CARTESIAN_POINT('',(-16.45261120774,-6.700064819582));
#2177 = CARTESIAN_POINT('',(-16.48389848042,-6.649778880725));
#2178 = CARTESIAN_POINT('',(-16.51073992046,-6.598068633346));
#2179 = CARTESIAN_POINT('',(-16.53282204269,-6.545795209806));
#2180 = CARTESIAN_POINT('',(-16.55347777173,-6.48399004711));
#2181 = CARTESIAN_POINT('',(-16.55674053905,-6.473668550089));
#2182 = CARTESIAN_POINT('',(-16.55980374939,-6.46339318392));
#2183 = CARTESIAN_POINT('',(-16.56266665081,-6.453176785327));
#2184 = CARTESIAN_POINT('',(-16.5653289633,-6.44303355214));
#2185 = CARTESIAN_POINT('',(-16.56779087883,-6.432979043291));
#2186 = CARTESIAN_POINT('',(-16.57236742401,-6.412851830386));
#2187 = CARTESIAN_POINT('',(-16.57447275322,-6.402784372545));
#2188 = CARTESIAN_POINT('',(-16.57637002838,-6.392846039221));
#2189 = CARTESIAN_POINT('',(-16.57806083958,-6.383057293955));
#2190 = CARTESIAN_POINT('',(-16.57954776586,-6.373441111731));
#2191 = CARTESIAN_POINT('',(-16.58083475361,-6.364023260808));
#2192 = CARTESIAN_POINT('',(-16.58309656985,-6.344999892377));
#2193 = CARTESIAN_POINT('',(-16.58404323204,-6.335427947581));
#2194 = CARTESIAN_POINT('',(-16.58477462572,-6.326151440708));
#2195 = CARTESIAN_POINT('',(-16.58529996718,-6.317210862422));
#2196 = CARTESIAN_POINT('',(-16.58563166455,-6.308652342141));
#2197 = CARTESIAN_POINT('',(-16.58578643762,-6.300527486666));
#2198 = CARTESIAN_POINT('',(-16.58578643762,-6.292893218813));
#2199 = ( GEOMETRIC_REPRESENTATION_CONTEXT(2) 
PARAMETRIC_REPRESENTATION_CONTEXT() REPRESENTATION_CONTEXT('2D SPACE',''
  ) );
#2200 = PCURVE('',#2201,#2221);
#2201 = OFFSET_SURFACE('',#2202,1.,.F.);
#2202 = B_SPLINE_SURFACE_WITH_KNOTS('',8,1,(
    (#2203,#2204)
    ,(#2205,#2206)
    ,(#2207,#2208)
    ,(#2209,#2210)
    ,(#2211,#2212)
    ,(#2213,#2214)
    ,(#2215,#2216)
    ,(#2217,#2218)
    ,(#2219,#2220
    )),.UNSPECIFIED.,.F.,.F.,.F.,(9,9),(2,2),(3.14159265359,
    4.712388980385),(0.,1.),.PIECEWISE_BEZIER_KNOTS.);
#2203 = CARTESIAN_POINT('',(-17.,-6.,0.));
#2204 = CARTESIAN_POINT('',(-18.5,-7.5,-1.5));
#2205 = CARTESIAN_POINT('',(-17.,-6.294524311274,0.));
#2206 = CARTESIAN_POINT('',(-18.5,-7.794524311274,-1.5));
#2207 = CARTESIAN_POINT('',(-16.93390881655,-6.589048715256,0.));
#2208 = CARTESIAN_POINT('',(-18.43390881655,-8.089048715256,-1.5));
#2209 = CARTESIAN_POINT('',(-16.8017270988,-6.866269851502,0.));
#2210 = CARTESIAN_POINT('',(-18.3017270988,-8.366269851503,-1.5));
#2211 = CARTESIAN_POINT('',(-16.60888813367,-7.10888813367,0.));
#2212 = CARTESIAN_POINT('',(-18.10888813367,-8.60888813367,-1.5));
#2213 = CARTESIAN_POINT('',(-16.3662698515,-7.301727098807,0.));
#2214 = CARTESIAN_POINT('',(-17.8662698515,-8.801727098807,-1.5));
#2215 = CARTESIAN_POINT('',(-16.08904871525,-7.433908816558,0.));
#2216 = CARTESIAN_POINT('',(-17.58904871525,-8.933908816558,-1.5));
#2217 = CARTESIAN_POINT('',(-15.79452431127,-7.5,0.));
#2218 = CARTESIAN_POINT('',(-17.29452431127,-9.,-1.5));
#2219 = CARTESIAN_POINT('',(-15.5,-7.5,0.));
#2220 = CARTESIAN_POINT('',(-17.,-9.,-1.5));
#2221 = DEFINITIONAL_REPRESENTATION('',(#2222),#2273);
#2222 = B_SPLINE_CURVE_WITH_KNOTS('',7,(#2223,#2224,#2225,#2226,#2227,
    #2228,#2229,#2230,#2231,#2232,#2233,#2234,#2235,#2236,#2237,#2238,
    #2239,#2240,#2241,#2242,#2243,#2244,#2245,#2246,#2247,#2248,#2249,
    #2250,#2251,#2252,#2253,#2254,#2255,#2256,#2257,#2258,#2259,#2260,
    #2261,#2262,#2263,#2264,#2265,#2266,#2267,#2268,#2269,#2270,#2271,
    #2272),.UNSPECIFIED.,.F.,.F.,(8,6,6,6,6,6,6,6,8),(0.,
    6.829911697798E-02,0.131596136741,0.1934589259,0.500014485411,
    0.807217626108,0.869054432496,0.932317588142,1.),.UNSPECIFIED.);
#2223 = CARTESIAN_POINT('',(4.712388980385,0.195262145876));
#2224 = CARTESIAN_POINT('',(4.694853947808,0.191129093899));
#2225 = CARTESIAN_POINT('',(4.677481043128,0.187245647951));
#2226 = CARTESIAN_POINT('',(4.660271222551,0.183593027066));
#2227 = CARTESIAN_POINT('',(4.643223012578,0.180153799635));
#2228 = CARTESIAN_POINT('',(4.626332610403,0.176911879908));
#2229 = CARTESIAN_POINT('',(4.609593984298,0.173852524508));
#2230 = CARTESIAN_POINT('',(4.577619350656,0.168283805788));
#2231 = CARTESIAN_POINT('',(4.562364091095,0.165750738811));
#2232 = CARTESIAN_POINT('',(4.547227321166,0.163352531412));
#2233 = CARTESIAN_POINT('',(4.532203323535,0.161079778091));
#2234 = CARTESIAN_POINT('',(4.517286420303,0.158924103904));
#2235 = CARTESIAN_POINT('',(4.502470855616,0.156878003923));
#2236 = CARTESIAN_POINT('',(4.473364041589,0.153035394686));
#2237 = CARTESIAN_POINT('',(4.459068777846,0.151234272277));
#2238 = CARTESIAN_POINT('',(4.444859635005,0.149525131495));
#2239 = CARTESIAN_POINT('',(4.430731601224,0.147902358842));
#2240 = CARTESIAN_POINT('',(4.416679904869,0.146360911306));
#2241 = CARTESIAN_POINT('',(4.402700014512,0.144896316355));
#2242 = CARTESIAN_POINT('',(4.319846096874,0.136608501601));
#2243 = CARTESIAN_POINT('',(4.252598460609,0.13150599023));
#2244 = CARTESIAN_POINT('',(4.186453581529,0.127702356976));
#2245 = CARTESIAN_POINT('',(4.121086171157,0.124987675841));
#2246 = CARTESIAN_POINT('',(4.056213181946,0.123218982144));
#2247 = CARTESIAN_POINT('',(3.991594918787,0.122335364217));
#2248 = CARTESIAN_POINT('',(3.862207806351,0.122335861819));
#2249 = CARTESIAN_POINT('',(3.797453035823,0.123223711672));
#2250 = CARTESIAN_POINT('',(3.732441712774,0.125000423162));
#2251 = CARTESIAN_POINT('',(3.666932687868,0.127727388975));
#2252 = CARTESIAN_POINT('',(3.600640870141,0.131548969978));
#2253 = CARTESIAN_POINT('',(3.533238823343,0.136676791043));
#2254 = CARTESIAN_POINT('',(3.450218474114,0.145007170759));
#2255 = CARTESIAN_POINT('',(3.436239786663,0.146476128508));
#2256 = CARTESIAN_POINT('',(3.422189110429,0.148022111473));
#2257 = CARTESIAN_POINT('',(3.408061908759,0.149649608527));
#2258 = CARTESIAN_POINT('',(3.393853405767,0.151363680856));
#2259 = CARTESIAN_POINT('',(3.379558586334,0.153169961953));
#2260 = CARTESIAN_POINT('',(3.35045396441,0.157023287659));
#2261 = CARTESIAN_POINT('',(3.335640162677,0.159074933127));
#2262 = CARTESIAN_POINT('',(3.320724837708,0.161236411075));
#2263 = CARTESIAN_POINT('',(3.305702237257,0.163515249603));
#2264 = CARTESIAN_POINT('',(3.290566693249,0.165919848173));
#2265 = CARTESIAN_POINT('',(3.275312504993,0.168459637922));
#2266 = CARTESIAN_POINT('',(3.243480859865,0.174018449278));
#2267 = CARTESIAN_POINT('',(3.226886546145,0.177058365414));
#2268 = CARTESIAN_POINT('',(3.210142981007,0.180278085114));
#2269 = CARTESIAN_POINT('',(3.193244332179,0.183691995819));
#2270 = CARTESIAN_POINT('',(3.176186934075,0.187315778011));
#2271 = CARTESIAN_POINT('',(3.158969386543,0.191166405525));
#2272 = CARTESIAN_POINT('',(3.14159265359,0.195262145876));
#2273 = ( GEOMETRIC_REPRESENTATION_CONTEXT(2) 
PARAMETRIC_REPRESENTATION_CONTEXT() REPRESENTATION_CONTEXT('2D SPACE',''
  ) );
#2274 = FACE_BOUND('',#2275,.F.);
#2275 = EDGE_LOOP('',(#2276));
#2276 = ORIENTED_EDGE('',*,*,#1374,.T.);
#2277 = FACE_BOUND('',#2278,.F.);
#2278 = EDGE_LOOP('',(#2279));
#2279 = ORIENTED_EDGE('',*,*,#2280,.T.);
#2280 = EDGE_CURVE('',#2281,#2281,#2283,.T.);
#2281 = VERTEX_POINT('',#2282);
#2282 = CARTESIAN_POINT('',(-2.65,0.,-1.));
#2283 = SURFACE_CURVE('',#2284,(#2289,#2300),.PCURVE_S1.);
#2284 = CIRCLE('',#2285,2.65);
#2285 = AXIS2_PLACEMENT_3D('',#2286,#2287,#2288);
#2286 = CARTESIAN_POINT('',(0.,0.,-1.));
#2287 = DIRECTION('',(0.,0.,-1.));
#2288 = DIRECTION('',(-1.,0.,0.));
#2289 = PCURVE('',#1389,#2290);
#2290 = DEFINITIONAL_REPRESENTATION('',(#2291),#2299);
#2291 = ( BOUNDED_CURVE() B_SPLINE_CURVE(2,(#2292,#2293,#2294,#2295,
#2296,#2297,#2298),.UNSPECIFIED.,.T.,.F.) B_SPLINE_CURVE_WITH_KNOTS((1,2
    ,2,2,2,1),(-2.094395102393,0.,2.094395102393,4.188790204786,
6.28318530718,8.377580409573),.UNSPECIFIED.) CURVE() 
GEOMETRIC_REPRESENTATION_ITEM() RATIONAL_B_SPLINE_CURVE((1.,0.5,1.,0.5,
1.,0.5,1.)) REPRESENTATION_ITEM('') );
#2292 = CARTESIAN_POINT('',(-2.65,-1.3E-16));
#2293 = CARTESIAN_POINT('',(-2.65,4.589934640058));
#2294 = CARTESIAN_POINT('',(1.325,2.294967320029));
#2295 = CARTESIAN_POINT('',(5.3,5.190628035481E-16));
#2296 = CARTESIAN_POINT('',(1.325,-2.294967320029));
#2297 = CARTESIAN_POINT('',(-2.65,-4.589934640058));
#2298 = CARTESIAN_POINT('',(-2.65,-1.3E-16));
#2299 = ( GEOMETRIC_REPRESENTATION_CONTEXT(2) 
PARAMETRIC_REPRESENTATION_CONTEXT() REPRESENTATION_CONTEXT('2D SPACE',''
  ) );
#2300 = PCURVE('',#2301,#2306);
#2301 = CYLINDRICAL_SURFACE('',#2302,2.65);
#2302 = AXIS2_PLACEMENT_3D('',#2303,#2304,#2305);
#2303 = CARTESIAN_POINT('',(0.,0.,-5.5));
#2304 = DIRECTION('',(0.,0.,-1.));
#2305 = DIRECTION('',(-1.,0.,0.));
#2306 = DEFINITIONAL_REPRESENTATION('',(#2307),#2311);
#2307 = LINE('',#2308,#2309);
#2308 = CARTESIAN_POINT('',(0.,-4.5));
#2309 = VECTOR('',#2310,1.);
#2310 = DIRECTION('',(1.,0.));
#2311 = ( GEOMETRIC_REPRESENTATION_CONTEXT(2) 
PARAMETRIC_REPRESENTATION_CONTEXT() REPRESENTATION_CONTEXT('2D SPACE',''
  ) );
#2312 = FACE_BOUND('',#2313,.F.);
#2313 = EDGE_LOOP('',(#2314));
#2314 = ORIENTED_EDGE('',*,*,#2315,.T.);
#2315 = EDGE_CURVE('',#2316,#2316,#2318,.T.);
#2316 = VERTEX_POINT('',#2317);
#2317 = CARTESIAN_POINT('',(9.1,0.,-1.));
#2318 = SURFACE_CURVE('',#2319,(#2324,#2335),.PCURVE_S1.);
#2319 = CIRCLE('',#2320,2.65);
#2320 = AXIS2_PLACEMENT_3D('',#2321,#2322,#2323);
#2321 = CARTESIAN_POINT('',(11.75,0.,-1.));
#2322 = DIRECTION('',(0.,0.,-1.));
#2323 = DIRECTION('',(-1.,0.,0.));
#2324 = PCURVE('',#1389,#2325);
#2325 = DEFINITIONAL_REPRESENTATION('',(#2326),#2334);
#2326 = ( BOUNDED_CURVE() B_SPLINE_CURVE(2,(#2327,#2328,#2329,#2330,
#2331,#2332,#2333),.UNSPECIFIED.,.T.,.F.) B_SPLINE_CURVE_WITH_KNOTS((1,2
    ,2,2,2,1),(-2.094395102393,0.,2.094395102393,4.188790204786,
6.28318530718,8.377580409573),.UNSPECIFIED.) CURVE() 
GEOMETRIC_REPRESENTATION_ITEM() RATIONAL_B_SPLINE_CURVE((1.,0.5,1.,0.5,
1.,0.5,1.)) REPRESENTATION_ITEM('') );
#2327 = CARTESIAN_POINT('',(9.1,-1.3E-16));
#2328 = CARTESIAN_POINT('',(9.1,4.589934640058));
#2329 = CARTESIAN_POINT('',(13.075,2.294967320029));
#2330 = CARTESIAN_POINT('',(17.05,5.190628035481E-16));
#2331 = CARTESIAN_POINT('',(13.075,-2.294967320029));
#2332 = CARTESIAN_POINT('',(9.1,-4.589934640058));
#2333 = CARTESIAN_POINT('',(9.1,-1.3E-16));
#2334 = ( GEOMETRIC_REPRESENTATION_CONTEXT(2) 
PARAMETRIC_REPRESENTATION_CONTEXT() REPRESENTATION_CONTEXT('2D SPACE',''
  ) );
#2335 = PCURVE('',#2336,#2341);
#2336 = CYLINDRICAL_SURFACE('',#2337,2.65);
#2337 = AXIS2_PLACEMENT_3D('',#2338,#2339,#2340);
#2338 = CARTESIAN_POINT('',(11.75,0.,-5.5));
#2339 = DIRECTION('',(0.,0.,-1.));
#2340 = DIRECTION('',(-1.,0.,0.));
#2341 = DEFINITIONAL_REPRESENTATION('',(#2342),#2346);
#2342 = LINE('',#2343,#2344);
#2343 = CARTESIAN_POINT('',(0.,-4.5));
#2344 = VECTOR('',#2345,1.);
#2345 = DIRECTION('',(1.,0.));
#2346 = ( GEOMETRIC_REPRESENTATION_CONTEXT(2) 
PARAMETRIC_REPRESENTATION_CONTEXT() REPRESENTATION_CONTEXT('2D SPACE',''
  ) );
#2347 = ADVANCED_FACE('',(#2348),#1445,.T.);
#2348 = FACE_BOUND('',#2349,.T.);
#2349 = EDGE_LOOP('',(#2350,#2371,#2399,#2418));
#2350 = ORIENTED_EDGE('',*,*,#2351,.T.);
#2351 = EDGE_CURVE('',#1430,#2352,#2354,.T.);
#2352 = VERTEX_POINT('',#2353);
#2353 = CARTESIAN_POINT('',(16.707106781187,-8.,-1.914213562373));
#2354 = SURFACE_CURVE('',#2355,(#2358,#2364),.PCURVE_S1.);
#2355 = B_SPLINE_CURVE_WITH_KNOTS('',1,(#2356,#2357),.UNSPECIFIED.,.F.,
  .F.,(2,2),(0.,1.),.PIECEWISE_BEZIER_KNOTS.);
#2356 = CARTESIAN_POINT('',(15.5,-6.792893218813,-0.707106781187));
#2357 = CARTESIAN_POINT('',(17.,-8.292893218813,-2.207106781187));
#2358 = PCURVE('',#1445,#2359);
#2359 = DEFINITIONAL_REPRESENTATION('',(#2360),#2363);
#2360 = B_SPLINE_CURVE_WITH_KNOTS('',1,(#2361,#2362),.UNSPECIFIED.,.F.,
  .F.,(2,2),(0.,1.),.PIECEWISE_BEZIER_KNOTS.);
#2361 = CARTESIAN_POINT('',(15.5,-1.06066017178));
#2362 = CARTESIAN_POINT('',(17.,1.06066017178));
#2363 = ( GEOMETRIC_REPRESENTATION_CONTEXT(2) 
PARAMETRIC_REPRESENTATION_CONTEXT() REPRESENTATION_CONTEXT('2D SPACE',''
  ) );
#2364 = PCURVE('',#1567,#2365);
#2365 = DEFINITIONAL_REPRESENTATION('',(#2366),#2370);
#2366 = LINE('',#2367,#2368);
#2367 = CARTESIAN_POINT('',(1.570796326795,0.));
#2368 = VECTOR('',#2369,1.);
#2369 = DIRECTION('',(0.,1.));
#2370 = ( GEOMETRIC_REPRESENTATION_CONTEXT(2) 
PARAMETRIC_REPRESENTATION_CONTEXT() REPRESENTATION_CONTEXT('2D SPACE',''
  ) );
#2371 = ORIENTED_EDGE('',*,*,#2372,.T.);
#2372 = EDGE_CURVE('',#2352,#2373,#2375,.T.);
#2373 = VERTEX_POINT('',#2374);
#2374 = CARTESIAN_POINT('',(-16.70710678118,-8.,-1.914213562373));
#2375 = SURFACE_CURVE('',#2376,(#2380,#2387),.PCURVE_S1.);
#2376 = LINE('',#2377,#2378);
#2377 = CARTESIAN_POINT('',(8.5,-8.,-1.914213562373));
#2378 = VECTOR('',#2379,1.);
#2379 = DIRECTION('',(-1.,0.,0.));
#2380 = PCURVE('',#1445,#2381);
#2381 = DEFINITIONAL_REPRESENTATION('',(#2382),#2386);
#2382 = LINE('',#2383,#2384);
#2383 = CARTESIAN_POINT('',(8.5,0.646446609407));
#2384 = VECTOR('',#2385,1.);
#2385 = DIRECTION('',(-1.,-0.));
#2386 = ( GEOMETRIC_REPRESENTATION_CONTEXT(2) 
PARAMETRIC_REPRESENTATION_CONTEXT() REPRESENTATION_CONTEXT('2D SPACE',''
  ) );
#2387 = PCURVE('',#2388,#2393);
#2388 = PLANE('',#2389);
#2389 = AXIS2_PLACEMENT_3D('',#2390,#2391,#2392);
#2390 = CARTESIAN_POINT('',(17.,-8.,-1.5));
#2391 = DIRECTION('',(0.,1.,0.));
#2392 = DIRECTION('',(-1.,0.,0.));
#2393 = DEFINITIONAL_REPRESENTATION('',(#2394),#2398);
#2394 = LINE('',#2395,#2396);
#2395 = CARTESIAN_POINT('',(8.5,-0.414213562373));
#2396 = VECTOR('',#2397,1.);
#2397 = DIRECTION('',(1.,0.));
#2398 = ( GEOMETRIC_REPRESENTATION_CONTEXT(2) 
PARAMETRIC_REPRESENTATION_CONTEXT() REPRESENTATION_CONTEXT('2D SPACE',''
  ) );
#2399 = ORIENTED_EDGE('',*,*,#2400,.F.);
#2400 = EDGE_CURVE('',#1428,#2373,#2401,.T.);
#2401 = SURFACE_CURVE('',#2402,(#2405,#2411),.PCURVE_S1.);
#2402 = B_SPLINE_CURVE_WITH_KNOTS('',1,(#2403,#2404),.UNSPECIFIED.,.F.,
  .F.,(2,2),(0.,1.),.PIECEWISE_BEZIER_KNOTS.);
#2403 = CARTESIAN_POINT('',(-15.5,-6.792893218813,-0.707106781187));
#2404 = CARTESIAN_POINT('',(-17.,-8.292893218813,-2.207106781187));
#2405 = PCURVE('',#1445,#2406);
#2406 = DEFINITIONAL_REPRESENTATION('',(#2407),#2410);
#2407 = B_SPLINE_CURVE_WITH_KNOTS('',1,(#2408,#2409),.UNSPECIFIED.,.F.,
  .F.,(2,2),(0.,1.),.PIECEWISE_BEZIER_KNOTS.);
#2408 = CARTESIAN_POINT('',(-15.5,-1.06066017178));
#2409 = CARTESIAN_POINT('',(-17.,1.06066017178));
#2410 = ( GEOMETRIC_REPRESENTATION_CONTEXT(2) 
PARAMETRIC_REPRESENTATION_CONTEXT() REPRESENTATION_CONTEXT('2D SPACE',''
  ) );
#2411 = PCURVE('',#2201,#2412);
#2412 = DEFINITIONAL_REPRESENTATION('',(#2413),#2417);
#2413 = LINE('',#2414,#2415);
#2414 = CARTESIAN_POINT('',(4.712388980385,0.));
#2415 = VECTOR('',#2416,1.);
#2416 = DIRECTION('',(0.,1.));
#2417 = ( GEOMETRIC_REPRESENTATION_CONTEXT(2) 
PARAMETRIC_REPRESENTATION_CONTEXT() REPRESENTATION_CONTEXT('2D SPACE',''
  ) );
#2418 = ORIENTED_EDGE('',*,*,#1427,.T.);
#2419 = ADVANCED_FACE('',(#2420),#2201,.T.);
#2420 = FACE_BOUND('',#2421,.T.);
#2421 = EDGE_LOOP('',(#2422,#2443,#2444,#2445,#2501,#2580));
#2422 = ORIENTED_EDGE('',*,*,#2423,.F.);
#2423 = EDGE_CURVE('',#2066,#2424,#2426,.T.);
#2424 = VERTEX_POINT('',#2425);
#2425 = CARTESIAN_POINT('',(-17.5,-7.207106781187,-1.914213562373));
#2426 = SURFACE_CURVE('',#2427,(#2430,#2437),.PCURVE_S1.);
#2427 = B_SPLINE_CURVE_WITH_KNOTS('',1,(#2428,#2429),.UNSPECIFIED.,.F.,
  .F.,(2,2),(0.,1.),.PIECEWISE_BEZIER_KNOTS.);
#2428 = CARTESIAN_POINT('',(-16.29289321881,-6.,-0.707106781187));
#2429 = CARTESIAN_POINT('',(-17.79289321881,-7.5,-2.207106781187));
#2430 = PCURVE('',#2201,#2431);
#2431 = DEFINITIONAL_REPRESENTATION('',(#2432),#2436);
#2432 = LINE('',#2433,#2434);
#2433 = CARTESIAN_POINT('',(3.14159265359,0.));
#2434 = VECTOR('',#2435,1.);
#2435 = DIRECTION('',(0.,1.));
#2436 = ( GEOMETRIC_REPRESENTATION_CONTEXT(2) 
PARAMETRIC_REPRESENTATION_CONTEXT() REPRESENTATION_CONTEXT('2D SPACE',''
  ) );
#2437 = PCURVE('',#2081,#2438);
#2438 = DEFINITIONAL_REPRESENTATION('',(#2439),#2442);
#2439 = B_SPLINE_CURVE_WITH_KNOTS('',1,(#2440,#2441),.UNSPECIFIED.,.F.,
  .F.,(2,2),(0.,1.),.PIECEWISE_BEZIER_KNOTS.);
#2440 = CARTESIAN_POINT('',(6.,-1.06066017178));
#2441 = CARTESIAN_POINT('',(7.5,1.06066017178));
#2442 = ( GEOMETRIC_REPRESENTATION_CONTEXT(2) 
PARAMETRIC_REPRESENTATION_CONTEXT() REPRESENTATION_CONTEXT('2D SPACE',''
  ) );
#2443 = ORIENTED_EDGE('',*,*,#2093,.F.);
#2444 = ORIENTED_EDGE('',*,*,#2400,.T.);
#2445 = ORIENTED_EDGE('',*,*,#2446,.T.);
#2446 = EDGE_CURVE('',#2373,#2447,#2449,.T.);
#2447 = VERTEX_POINT('',#2448);
#2448 = CARTESIAN_POINT('',(-17.,-8.,-1.964863667563));
#2449 = SURFACE_CURVE('',#2450,(#2465,#2483),.PCURVE_S1.);
#2450 = B_SPLINE_CURVE_WITH_KNOTS('',7,(#2451,#2452,#2453,#2454,#2455,
    #2456,#2457,#2458,#2459,#2460,#2461,#2462,#2463,#2464),
  .UNSPECIFIED.,.F.,.F.,(8,6,8),(0.,0.858000417663,1.),.UNSPECIFIED.);
#2451 = CARTESIAN_POINT('',(-16.70710678118,-8.,-1.914213562373));
#2452 = CARTESIAN_POINT('',(-16.73056643568,-8.,-1.914213562373));
#2453 = CARTESIAN_POINT('',(-16.75989663323,-8.,-1.91567465818));
#2454 = CARTESIAN_POINT('',(-16.79373134878,-8.,-1.919193032467));
#2455 = CARTESIAN_POINT('',(-16.83062183708,-8.,-1.924751380918));
#2456 = CARTESIAN_POINT('',(-16.86959141083,-8.,-1.932155982611));
#2457 = CARTESIAN_POINT('',(-16.90996080897,-8.,-1.941206551606));
#2458 = CARTESIAN_POINT('',(-16.95828701464,-8.,-1.953525657261));
#2459 = CARTESIAN_POINT('',(-16.96517802078,-8.,-1.955316264776));
#2460 = CARTESIAN_POINT('',(-16.97209580254,-8.,-1.957147441529));
#2461 = CARTESIAN_POINT('',(-16.97903854195,-8.,-1.95901846953));
#2462 = CARTESIAN_POINT('',(-16.98600453262,-8.,-1.960928643219));
#2463 = CARTESIAN_POINT('',(-16.99299217972,-8.,-1.962877269464));
#2464 = CARTESIAN_POINT('',(-17.,-8.,-1.964863667563));
#2465 = PCURVE('',#2201,#2466);
#2466 = DEFINITIONAL_REPRESENTATION('',(#2467),#2482);
#2467 = B_SPLINE_CURVE_WITH_KNOTS('',7,(#2468,#2469,#2470,#2471,#2472,
    #2473,#2474,#2475,#2476,#2477,#2478,#2479,#2480,#2481),
  .UNSPECIFIED.,.F.,.F.,(8,6,8),(0.,0.858000417663,1.),.UNSPECIFIED.);
#2468 = CARTESIAN_POINT('',(4.712388980385,0.804737854124));
#2469 = CARTESIAN_POINT('',(4.658991305682,0.792151885778));
#2470 = CARTESIAN_POINT('',(4.607607389835,0.782975356482));
#2471 = CARTESIAN_POINT('',(4.558540005423,0.777069799822));
#2472 = CARTESIAN_POINT('',(4.511700429836,0.773949497632));
#2473 = CARTESIAN_POINT('',(4.46696852512,0.773197747756));
#2474 = CARTESIAN_POINT('',(4.424097015777,0.774440183683));
#2475 = CARTESIAN_POINT('',(4.375898311713,0.777916519279));
#2476 = CARTESIAN_POINT('',(4.369096878797,0.778457708374));
#2477 = CARTESIAN_POINT('',(4.362337157411,0.779045244343));
#2478 = CARTESIAN_POINT('',(4.355618103826,0.779677960376));
#2479 = CARTESIAN_POINT('',(4.348938681994,0.780354726864));
#2480 = CARTESIAN_POINT('',(4.342297863538,0.781074451408));
#2481 = CARTESIAN_POINT('',(4.335694627762,0.781836078812));
#2482 = ( GEOMETRIC_REPRESENTATION_CONTEXT(2) 
PARAMETRIC_REPRESENTATION_CONTEXT() REPRESENTATION_CONTEXT('2D SPACE',''
  ) );
#2483 = PCURVE('',#2388,#2484);
#2484 = DEFINITIONAL_REPRESENTATION('',(#2485),#2500);
#2485 = B_SPLINE_CURVE_WITH_KNOTS('',7,(#2486,#2487,#2488,#2489,#2490,
    #2491,#2492,#2493,#2494,#2495,#2496,#2497,#2498,#2499),
  .UNSPECIFIED.,.F.,.F.,(8,6,8),(0.,0.858000417663,1.),.UNSPECIFIED.);
#2486 = CARTESIAN_POINT('',(33.707106781187,-0.414213562373));
#2487 = CARTESIAN_POINT('',(33.730566435684,-0.414213562373));
#2488 = CARTESIAN_POINT('',(33.759896633236,-0.41567465818));
#2489 = CARTESIAN_POINT('',(33.793731348787,-0.419193032467));
#2490 = CARTESIAN_POINT('',(33.830621837083,-0.424751380918));
#2491 = CARTESIAN_POINT('',(33.869591410835,-0.432155982611));
#2492 = CARTESIAN_POINT('',(33.909960808972,-0.441206551606));
#2493 = CARTESIAN_POINT('',(33.95828701464,-0.453525657261));
#2494 = CARTESIAN_POINT('',(33.965178020789,-0.455316264776));
#2495 = CARTESIAN_POINT('',(33.972095802546,-0.457147441529));
#2496 = CARTESIAN_POINT('',(33.979038541955,-0.45901846953));
#2497 = CARTESIAN_POINT('',(33.986004532623,-0.460928643219));
#2498 = CARTESIAN_POINT('',(33.992992179726,-0.462877269464));
#2499 = CARTESIAN_POINT('',(34.,-0.464863667563));
#2500 = ( GEOMETRIC_REPRESENTATION_CONTEXT(2) 
PARAMETRIC_REPRESENTATION_CONTEXT() REPRESENTATION_CONTEXT('2D SPACE',''
  ) );
#2501 = ORIENTED_EDGE('',*,*,#2502,.F.);
#2502 = EDGE_CURVE('',#2503,#2447,#2505,.T.);
#2503 = VERTEX_POINT('',#2504);
#2504 = CARTESIAN_POINT('',(-17.5,-7.5,-1.964863667563));
#2505 = SURFACE_CURVE('',#2506,(#2527,#2551),.PCURVE_S1.);
#2506 = B_SPLINE_CURVE_WITH_KNOTS('',7,(#2507,#2508,#2509,#2510,#2511,
    #2512,#2513,#2514,#2515,#2516,#2517,#2518,#2519,#2520,#2521,#2522,
    #2523,#2524,#2525,#2526),.UNSPECIFIED.,.F.,.F.,(8,6,6,8),(0.,
    0.500723573121,0.887149697402,1.),.UNSPECIFIED.);
#2507 = CARTESIAN_POINT('',(-17.5,-7.5,-1.964863667563));
#2508 = CARTESIAN_POINT('',(-17.5,-7.556538016985,-1.980889624192));
#2509 = CARTESIAN_POINT('',(-17.49254155062,-7.612870783628,
    -1.993599571374));
#2510 = CARTESIAN_POINT('',(-17.47772088699,-7.667905860015,
    -2.003408988666));
#2511 = CARTESIAN_POINT('',(-17.45580364369,-7.720510938139,
    -2.010586204285));
#2512 = CARTESIAN_POINT('',(-17.42728627762,-7.76963996137,
    -2.015306331534));
#2513 = CARTESIAN_POINT('',(-17.39281776776,-7.814375325012,
    -2.017657859207));
#2514 = CARTESIAN_POINT('',(-17.32256544681,-7.884473973711,
    -2.017622661907));
#2515 = CARTESIAN_POINT('',(-17.28888706542,-7.911918907152,
    -2.016194948516));
#2516 = CARTESIAN_POINT('',(-17.2524915339,-7.935917377732,
    -2.013355097934));
#2517 = CARTESIAN_POINT('',(-17.21378975967,-7.956155610813,
    -2.009071466088));
#2518 = CARTESIAN_POINT('',(-17.17323825796,-7.972378914066,
    -2.003282607396));
#2519 = CARTESIAN_POINT('',(-17.1313252505,-7.984399483685,
    -1.995893451835));
#2520 = CARTESIAN_POINT('',(-17.07605492896,-7.994344785087,
    -1.984099902909));
#2521 = CARTESIAN_POINT('',(-17.06348883562,-7.996223939617,
    -1.981286005667));
#2522 = CARTESIAN_POINT('',(-17.05086182837,-7.997731312487,
    -1.978320475311));
#2523 = CARTESIAN_POINT('',(-17.03818658367,-7.998864380092,
    -1.975199614001));
#2524 = CARTESIAN_POINT('',(-17.02547589866,-7.999621117811,
    -1.971919430672));
#2525 = CARTESIAN_POINT('',(-17.01274269124,-8.,-1.968475641031));
#2526 = CARTESIAN_POINT('',(-17.,-8.,-1.964863667563));
#2527 = PCURVE('',#2201,#2528);
#2528 = DEFINITIONAL_REPRESENTATION('',(#2529),#2550);
#2529 = B_SPLINE_CURVE_WITH_KNOTS('',7,(#2530,#2531,#2532,#2533,#2534,
    #2535,#2536,#2537,#2538,#2539,#2540,#2541,#2542,#2543,#2544,#2545,
    #2546,#2547,#2548,#2549),.UNSPECIFIED.,.F.,.F.,(8,6,6,8),(0.,
    0.500723573121,0.887149697402,1.),.UNSPECIFIED.);
#2530 = CARTESIAN_POINT('',(3.518287066994,0.781836036203));
#2531 = CARTESIAN_POINT('',(3.571560954827,0.787980731576));
#2532 = CARTESIAN_POINT('',(3.627983371035,0.792528000048));
#2533 = CARTESIAN_POINT('',(3.686295480737,0.795935303393));
#2534 = CARTESIAN_POINT('',(3.745860476741,0.798379467172));
#2535 = CARTESIAN_POINT('',(3.80617826133,0.799973798792));
#2536 = CARTESIAN_POINT('',(3.866873520069,0.800767681342));
#2537 = CARTESIAN_POINT('',(3.974436729441,0.800755796747));
#2538 = CARTESIAN_POINT('',(4.021284005982,0.8002736151));
#2539 = CARTESIAN_POINT('',(4.067955226535,0.799315004734));
#2540 = CARTESIAN_POINT('',(4.114269330936,0.797859885772));
#2541 = CARTESIAN_POINT('',(4.160026283513,0.795872179451));
#2542 = CARTESIAN_POINT('',(4.204971421459,0.793287996113));
#2543 = CARTESIAN_POINT('',(4.261512745185,0.78902344795));
#2544 = CARTESIAN_POINT('',(4.274191245046,0.787998404235));
#2545 = CARTESIAN_POINT('',(4.286759163291,0.78690933411));
#2546 = CARTESIAN_POINT('',(4.299205982933,0.785752806605));
#2547 = CARTESIAN_POINT('',(4.311519846089,0.78452484849));
#2548 = CARTESIAN_POINT('',(4.323687553992,0.783220944273));
#2549 = CARTESIAN_POINT('',(4.33569456698,0.781836036203));
#2550 = ( GEOMETRIC_REPRESENTATION_CONTEXT(2) 
PARAMETRIC_REPRESENTATION_CONTEXT() REPRESENTATION_CONTEXT('2D SPACE',''
  ) );
#2551 = PCURVE('',#2552,#2557);
#2552 = CYLINDRICAL_SURFACE('',#2553,0.5);
#2553 = AXIS2_PLACEMENT_3D('',#2554,#2555,#2556);
#2554 = CARTESIAN_POINT('',(-17.,-7.5,-1.5));
#2555 = DIRECTION('',(0.,0.,1.));
#2556 = DIRECTION('',(-1.,0.,0.));
#2557 = DEFINITIONAL_REPRESENTATION('',(#2558),#2579);
#2558 = B_SPLINE_CURVE_WITH_KNOTS('',7,(#2559,#2560,#2561,#2562,#2563,
    #2564,#2565,#2566,#2567,#2568,#2569,#2570,#2571,#2572,#2573,#2574,
    #2575,#2576,#2577,#2578),.UNSPECIFIED.,.F.,.F.,(8,6,6,8),(0.,
    0.500723573121,0.887149697402,1.),.UNSPECIFIED.);
#2559 = CARTESIAN_POINT('',(-6.28318530718,-0.464863667563));
#2560 = CARTESIAN_POINT('',(-6.170109273209,-0.480889624192));
#2561 = CARTESIAN_POINT('',(-6.057443514238,-0.493599571374));
#2562 = CARTESIAN_POINT('',(-5.945013204936,-0.503408988666));
#2563 = CARTESIAN_POINT('',(-5.832791226384,-0.510586204285));
#2564 = CARTESIAN_POINT('',(-5.720716489099,-0.515306331534));
#2565 = CARTESIAN_POINT('',(-5.608721577119,-0.517657859207));
#2566 = CARTESIAN_POINT('',(-5.410235213371,-0.517622661907));
#2567 = CARTESIAN_POINT('',(-5.32378399033,-0.516194948516));
#2568 = CARTESIAN_POINT('',(-5.237299954923,-0.513355097934));
#2569 = CARTESIAN_POINT('',(-5.150750882615,-0.509071466088));
#2570 = CARTESIAN_POINT('',(-5.06411126417,-0.503282607396));
#2571 = CARTESIAN_POINT('',(-4.977352520048,-0.495893451835));
#2572 = CARTESIAN_POINT('',(-4.86503658239,-0.484099902909));
#2573 = CARTESIAN_POINT('',(-4.839636085726,-0.481286005667));
#2574 = CARTESIAN_POINT('',(-4.814220614122,-0.478320475311));
#2575 = CARTESIAN_POINT('',(-4.788789171334,-0.475199614001));
#2576 = CARTESIAN_POINT('',(-4.763340756249,-0.471919430672));
#2577 = CARTESIAN_POINT('',(-4.737874362883,-0.468475641031));
#2578 = CARTESIAN_POINT('',(-4.712388980385,-0.464863667563));
#2579 = ( GEOMETRIC_REPRESENTATION_CONTEXT(2) 
PARAMETRIC_REPRESENTATION_CONTEXT() REPRESENTATION_CONTEXT('2D SPACE',''
  ) );
#2580 = ORIENTED_EDGE('',*,*,#2581,.T.);
#2581 = EDGE_CURVE('',#2503,#2424,#2582,.T.);
#2582 = SURFACE_CURVE('',#2583,(#2593,#2606),.PCURVE_S1.);
#2583 = B_SPLINE_CURVE_WITH_KNOTS('',8,(#2584,#2585,#2586,#2587,#2588,
    #2589,#2590,#2591,#2592),.UNSPECIFIED.,.F.,.F.,(9,9),(0.,1.),
  .PIECEWISE_BEZIER_KNOTS.);
#2584 = CARTESIAN_POINT('',(-17.5,-7.5,-1.964863667563));
#2585 = CARTESIAN_POINT('',(-17.5,-7.456804542064,-1.952619719643));
#2586 = CARTESIAN_POINT('',(-17.5,-7.41444018132,-1.941804618638));
#2587 = CARTESIAN_POINT('',(-17.5,-7.373081971495,-1.932514381055));
#2588 = CARTESIAN_POINT('',(-17.5,-7.333168439828,-1.924932755323));
#2589 = CARTESIAN_POINT('',(-17.5,-7.295457317408,-1.919269999248));
#2590 = CARTESIAN_POINT('',(-17.5,-7.260953468063,-1.915705057234));
#2591 = CARTESIAN_POINT('',(-17.5,-7.231053432019,-1.914213562373));
#2592 = CARTESIAN_POINT('',(-17.5,-7.207106781186,-1.914213562373));
#2593 = PCURVE('',#2201,#2594);
#2594 = DEFINITIONAL_REPRESENTATION('',(#2595),#2605);
#2595 = B_SPLINE_CURVE_WITH_KNOTS('',8,(#2596,#2597,#2598,#2599,#2600,
    #2601,#2602,#2603,#2604),.UNSPECIFIED.,.F.,.F.,(9,9),(0.,1.),
  .PIECEWISE_BEZIER_KNOTS.);
#2596 = CARTESIAN_POINT('',(3.518287066994,0.781836036203));
#2597 = CARTESIAN_POINT('',(3.477585427572,0.777141444057));
#2598 = CARTESIAN_POINT('',(3.435559799542,0.774016044016));
#2599 = CARTESIAN_POINT('',(3.391863708672,0.772659407449));
#2600 = CARTESIAN_POINT('',(3.346236989887,0.77336601987));
#2601 = CARTESIAN_POINT('',(3.298474344593,0.776522826255));
#2602 = CARTESIAN_POINT('',(3.248463426629,0.782543453962));
#2603 = CARTESIAN_POINT('',(3.196098804631,0.791890615074));
#2604 = CARTESIAN_POINT('',(3.14159265359,0.804737854124));
#2605 = ( GEOMETRIC_REPRESENTATION_CONTEXT(2) 
PARAMETRIC_REPRESENTATION_CONTEXT() REPRESENTATION_CONTEXT('2D SPACE',''
  ) );
#2606 = PCURVE('',#2607,#2612);
#2607 = PLANE('',#2608);
#2608 = AXIS2_PLACEMENT_3D('',#2609,#2610,#2611);
#2609 = CARTESIAN_POINT('',(-17.5,-7.5,-1.5));
#2610 = DIRECTION('',(1.,0.,0.));
#2611 = DIRECTION('',(0.,1.,0.));
#2612 = DEFINITIONAL_REPRESENTATION('',(#2613),#2623);
#2613 = B_SPLINE_CURVE_WITH_KNOTS('',8,(#2614,#2615,#2616,#2617,#2618,
    #2619,#2620,#2621,#2622),.UNSPECIFIED.,.F.,.F.,(9,9),(0.,1.),
  .PIECEWISE_BEZIER_KNOTS.);
#2614 = CARTESIAN_POINT('',(0.,-0.464863667563));
#2615 = CARTESIAN_POINT('',(4.319545793634E-02,-0.452619719643));
#2616 = CARTESIAN_POINT('',(8.555981867995E-02,-0.441804618638));
#2617 = CARTESIAN_POINT('',(0.126918028505,-0.432514381055));
#2618 = CARTESIAN_POINT('',(0.166831560172,-0.424932755323));
#2619 = CARTESIAN_POINT('',(0.204542682592,-0.419269999248));
#2620 = CARTESIAN_POINT('',(0.239046531937,-0.415705057234));
#2621 = CARTESIAN_POINT('',(0.268946567981,-0.414213562373));
#2622 = CARTESIAN_POINT('',(0.292893218814,-0.414213562373));
#2623 = ( GEOMETRIC_REPRESENTATION_CONTEXT(2) 
PARAMETRIC_REPRESENTATION_CONTEXT() REPRESENTATION_CONTEXT('2D SPACE',''
  ) );
#2624 = ADVANCED_FACE('',(#2625),#1567,.T.);
#2625 = FACE_BOUND('',#2626,.T.);
#2626 = EDGE_LOOP('',(#2627,#2648,#2709,#2788,#2827,#2828));
#2627 = ORIENTED_EDGE('',*,*,#2628,.T.);
#2628 = EDGE_CURVE('',#1458,#2629,#2631,.T.);
#2629 = VERTEX_POINT('',#2630);
#2630 = CARTESIAN_POINT('',(17.5,-7.207106781186,-1.914213562373));
#2631 = SURFACE_CURVE('',#2632,(#2635,#2642),.PCURVE_S1.);
#2632 = B_SPLINE_CURVE_WITH_KNOTS('',1,(#2633,#2634),.UNSPECIFIED.,.F.,
  .F.,(2,2),(0.,1.),.PIECEWISE_BEZIER_KNOTS.);
#2633 = CARTESIAN_POINT('',(16.292893218813,-6.,-0.707106781187));
#2634 = CARTESIAN_POINT('',(17.792893218813,-7.5,-2.207106781187));
#2635 = PCURVE('',#1567,#2636);
#2636 = DEFINITIONAL_REPRESENTATION('',(#2637),#2641);
#2637 = LINE('',#2638,#2639);
#2638 = CARTESIAN_POINT('',(3.14159265359,0.));
#2639 = VECTOR('',#2640,1.);
#2640 = DIRECTION('',(0.,1.));
#2641 = ( GEOMETRIC_REPRESENTATION_CONTEXT(2) 
PARAMETRIC_REPRESENTATION_CONTEXT() REPRESENTATION_CONTEXT('2D SPACE',''
  ) );
#2642 = PCURVE('',#1657,#2643);
#2643 = DEFINITIONAL_REPRESENTATION('',(#2644),#2647);
#2644 = B_SPLINE_CURVE_WITH_KNOTS('',1,(#2645,#2646),.UNSPECIFIED.,.F.,
  .F.,(2,2),(0.,1.),.PIECEWISE_BEZIER_KNOTS.);
#2645 = CARTESIAN_POINT('',(-6.,-1.06066017178));
#2646 = CARTESIAN_POINT('',(-7.5,1.06066017178));
#2647 = ( GEOMETRIC_REPRESENTATION_CONTEXT(2) 
PARAMETRIC_REPRESENTATION_CONTEXT() REPRESENTATION_CONTEXT('2D SPACE',''
  ) );
#2648 = ORIENTED_EDGE('',*,*,#2649,.T.);
#2649 = EDGE_CURVE('',#2629,#2650,#2652,.T.);
#2650 = VERTEX_POINT('',#2651);
#2651 = CARTESIAN_POINT('',(17.5,-7.5,-1.964863667563));
#2652 = SURFACE_CURVE('',#2653,(#2668,#2686),.PCURVE_S1.);
#2653 = B_SPLINE_CURVE_WITH_KNOTS('',7,(#2654,#2655,#2656,#2657,#2658,
    #2659,#2660,#2661,#2662,#2663,#2664,#2665,#2666,#2667),
  .UNSPECIFIED.,.F.,.F.,(8,6,8),(0.,0.858000417665,1.),.UNSPECIFIED.);
#2654 = CARTESIAN_POINT('',(17.5,-7.207106781186,-1.914213562373));
#2655 = CARTESIAN_POINT('',(17.5,-7.230566435684,-1.914213562373));
#2656 = CARTESIAN_POINT('',(17.5,-7.259896633236,-1.91567465818));
#2657 = CARTESIAN_POINT('',(17.5,-7.293731348787,-1.919193032467));
#2658 = CARTESIAN_POINT('',(17.5,-7.330621837083,-1.924751380918));
#2659 = CARTESIAN_POINT('',(17.5,-7.369591410836,-1.932155982611));
#2660 = CARTESIAN_POINT('',(17.5,-7.409960808972,-1.941206551606));
#2661 = CARTESIAN_POINT('',(17.5,-7.458287014641,-1.953525657262));
#2662 = CARTESIAN_POINT('',(17.5,-7.46517802079,-1.955316264777));
#2663 = CARTESIAN_POINT('',(17.5,-7.472095802547,-1.95714744153));
#2664 = CARTESIAN_POINT('',(17.5,-7.479038541955,-1.959018469531));
#2665 = CARTESIAN_POINT('',(17.5,-7.486004532624,-1.960928643219));
#2666 = CARTESIAN_POINT('',(17.5,-7.492992179726,-1.962877269464));
#2667 = CARTESIAN_POINT('',(17.5,-7.5,-1.964863667563));
#2668 = PCURVE('',#1567,#2669);
#2669 = DEFINITIONAL_REPRESENTATION('',(#2670),#2685);
#2670 = B_SPLINE_CURVE_WITH_KNOTS('',7,(#2671,#2672,#2673,#2674,#2675,
    #2676,#2677,#2678,#2679,#2680,#2681,#2682,#2683,#2684),
  .UNSPECIFIED.,.F.,.F.,(8,6,8),(0.,0.858000417665,1.),.UNSPECIFIED.);
#2671 = CARTESIAN_POINT('',(3.14159265359,0.804737854124));
#2672 = CARTESIAN_POINT('',(3.088194978887,0.792151885779));
#2673 = CARTESIAN_POINT('',(3.03681106304,0.782975356482));
#2674 = CARTESIAN_POINT('',(2.987743678628,0.777069799822));
#2675 = CARTESIAN_POINT('',(2.940904103041,0.773949497632));
#2676 = CARTESIAN_POINT('',(2.896172198325,0.773197747756));
#2677 = CARTESIAN_POINT('',(2.853300688981,0.774440183683));
#2678 = CARTESIAN_POINT('',(2.805101984917,0.777916519279));
#2679 = CARTESIAN_POINT('',(2.798300552002,0.778457708374));
#2680 = CARTESIAN_POINT('',(2.791540830615,0.779045244343));
#2681 = CARTESIAN_POINT('',(2.784821777031,0.779677960376));
#2682 = CARTESIAN_POINT('',(2.778142355198,0.780354726864));
#2683 = CARTESIAN_POINT('',(2.771501536743,0.781074451408));
#2684 = CARTESIAN_POINT('',(2.764898300967,0.781836078812));
#2685 = ( GEOMETRIC_REPRESENTATION_CONTEXT(2) 
PARAMETRIC_REPRESENTATION_CONTEXT() REPRESENTATION_CONTEXT('2D SPACE',''
  ) );
#2686 = PCURVE('',#2687,#2692);
#2687 = PLANE('',#2688);
#2688 = AXIS2_PLACEMENT_3D('',#2689,#2690,#2691);
#2689 = CARTESIAN_POINT('',(17.5,7.5,-1.5));
#2690 = DIRECTION('',(-1.,0.,0.));
#2691 = DIRECTION('',(0.,-1.,0.));
#2692 = DEFINITIONAL_REPRESENTATION('',(#2693),#2708);
#2693 = B_SPLINE_CURVE_WITH_KNOTS('',7,(#2694,#2695,#2696,#2697,#2698,
    #2699,#2700,#2701,#2702,#2703,#2704,#2705,#2706,#2707),
  .UNSPECIFIED.,.F.,.F.,(8,6,8),(0.,0.858000417665,1.),.UNSPECIFIED.);
#2694 = CARTESIAN_POINT('',(14.707106781186,-0.414213562373));
#2695 = CARTESIAN_POINT('',(14.730566435684,-0.414213562373));
#2696 = CARTESIAN_POINT('',(14.759896633236,-0.41567465818));
#2697 = CARTESIAN_POINT('',(14.793731348787,-0.419193032467));
#2698 = CARTESIAN_POINT('',(14.830621837083,-0.424751380918));
#2699 = CARTESIAN_POINT('',(14.869591410836,-0.432155982611));
#2700 = CARTESIAN_POINT('',(14.909960808972,-0.441206551606));
#2701 = CARTESIAN_POINT('',(14.958287014641,-0.453525657262));
#2702 = CARTESIAN_POINT('',(14.96517802079,-0.455316264777));
#2703 = CARTESIAN_POINT('',(14.972095802547,-0.45714744153));
#2704 = CARTESIAN_POINT('',(14.979038541955,-0.459018469531));
#2705 = CARTESIAN_POINT('',(14.986004532624,-0.460928643219));
#2706 = CARTESIAN_POINT('',(14.992992179726,-0.462877269464));
#2707 = CARTESIAN_POINT('',(15.,-0.464863667563));
#2708 = ( GEOMETRIC_REPRESENTATION_CONTEXT(2) 
PARAMETRIC_REPRESENTATION_CONTEXT() REPRESENTATION_CONTEXT('2D SPACE',''
  ) );
#2709 = ORIENTED_EDGE('',*,*,#2710,.F.);
#2710 = EDGE_CURVE('',#2711,#2650,#2713,.T.);
#2711 = VERTEX_POINT('',#2712);
#2712 = CARTESIAN_POINT('',(17.,-8.,-1.964863667563));
#2713 = SURFACE_CURVE('',#2714,(#2735,#2759),.PCURVE_S1.);
#2714 = B_SPLINE_CURVE_WITH_KNOTS('',7,(#2715,#2716,#2717,#2718,#2719,
    #2720,#2721,#2722,#2723,#2724,#2725,#2726,#2727,#2728,#2729,#2730,
    #2731,#2732,#2733,#2734),.UNSPECIFIED.,.F.,.F.,(8,6,6,8),(0.,
    0.500723573123,0.887149697271,1.),.UNSPECIFIED.);
#2715 = CARTESIAN_POINT('',(17.,-8.,-1.964863667563));
#2716 = CARTESIAN_POINT('',(17.056538016985,-8.,-1.980889624192));
#2717 = CARTESIAN_POINT('',(17.112870783629,-7.992541550625,
    -1.993599571374));
#2718 = CARTESIAN_POINT('',(17.167905860015,-7.977720886992,
    -2.003408988666));
#2719 = CARTESIAN_POINT('',(17.22051093814,-7.955803643691,
    -2.010586204285));
#2720 = CARTESIAN_POINT('',(17.269639961371,-7.92728627762,
    -2.015306331534));
#2721 = CARTESIAN_POINT('',(17.314375325013,-7.892817767761,
    -2.017657859207));
#2722 = CARTESIAN_POINT('',(17.384473973701,-7.82256544682,
    -2.017622661907));
#2723 = CARTESIAN_POINT('',(17.411918907134,-7.788887065444,
    -2.016194948517));
#2724 = CARTESIAN_POINT('',(17.435917377708,-7.752491533943,
    -2.013355097937));
#2725 = CARTESIAN_POINT('',(17.456155610786,-7.713789759725,
    -2.009071466094));
#2726 = CARTESIAN_POINT('',(17.472378914039,-7.67323825803,
    -2.003282607405));
#2727 = CARTESIAN_POINT('',(17.484399483661,-7.631325250585,
    -1.99589345185));
#2728 = CARTESIAN_POINT('',(17.494344785074,-7.576054929048,
    -1.984099902928));
#2729 = CARTESIAN_POINT('',(17.496223939608,-7.5634888357,
    -1.981286005684));
#2730 = CARTESIAN_POINT('',(17.497731312482,-7.550861828437,
    -1.978320475326));
#2731 = CARTESIAN_POINT('',(17.49886438009,-7.538186583714,
    -1.975199614013));
#2732 = CARTESIAN_POINT('',(17.49962111781,-7.525475898698,
    -1.97191943068));
#2733 = CARTESIAN_POINT('',(17.5,-7.512742691264,-1.968475641036));
#2734 = CARTESIAN_POINT('',(17.5,-7.5,-1.964863667563));
#2735 = PCURVE('',#1567,#2736);
#2736 = DEFINITIONAL_REPRESENTATION('',(#2737),#2758);
#2737 = B_SPLINE_CURVE_WITH_KNOTS('',7,(#2738,#2739,#2740,#2741,#2742,
    #2743,#2744,#2745,#2746,#2747,#2748,#2749,#2750,#2751,#2752,#2753,
    #2754,#2755,#2756,#2757),.UNSPECIFIED.,.F.,.F.,(8,6,6,8),(0.,
    0.500723573123,0.887149697271,1.),.UNSPECIFIED.);
#2738 = CARTESIAN_POINT('',(1.947490740199,0.781836036203));
#2739 = CARTESIAN_POINT('',(2.000764628032,0.787980731576));
#2740 = CARTESIAN_POINT('',(2.057187044241,0.792528000048));
#2741 = CARTESIAN_POINT('',(2.115499153943,0.795935303393));
#2742 = CARTESIAN_POINT('',(2.175064149947,0.798379467172));
#2743 = CARTESIAN_POINT('',(2.235381934536,0.799973798792));
#2744 = CARTESIAN_POINT('',(2.296077193276,0.800767681342));
#2745 = CARTESIAN_POINT('',(2.403640402632,0.800755796747));
#2746 = CARTESIAN_POINT('',(2.450487679156,0.800273615101));
#2747 = CARTESIAN_POINT('',(2.497158899694,0.799315004735));
#2748 = CARTESIAN_POINT('',(2.543473004079,0.797859885773));
#2749 = CARTESIAN_POINT('',(2.589229956641,0.795872179454));
#2750 = CARTESIAN_POINT('',(2.634175094573,0.793287996118));
#2751 = CARTESIAN_POINT('',(2.690716418302,0.789023447957));
#2752 = CARTESIAN_POINT('',(2.703394918178,0.787998404241));
#2753 = CARTESIAN_POINT('',(2.715962836439,0.786909334116));
#2754 = CARTESIAN_POINT('',(2.728409656095,0.78575280661));
#2755 = CARTESIAN_POINT('',(2.740723519266,0.784524848493));
#2756 = CARTESIAN_POINT('',(2.752891227183,0.783220944274));
#2757 = CARTESIAN_POINT('',(2.764898240185,0.781836036203));
#2758 = ( GEOMETRIC_REPRESENTATION_CONTEXT(2) 
PARAMETRIC_REPRESENTATION_CONTEXT() REPRESENTATION_CONTEXT('2D SPACE',''
  ) );
#2759 = PCURVE('',#2760,#2765);
#2760 = CYLINDRICAL_SURFACE('',#2761,0.5);
#2761 = AXIS2_PLACEMENT_3D('',#2762,#2763,#2764);
#2762 = CARTESIAN_POINT('',(17.,-7.5,-1.5));
#2763 = DIRECTION('',(0.,0.,1.));
#2764 = DIRECTION('',(-1.,0.,0.));
#2765 = DEFINITIONAL_REPRESENTATION('',(#2766),#2787);
#2766 = B_SPLINE_CURVE_WITH_KNOTS('',7,(#2767,#2768,#2769,#2770,#2771,
    #2772,#2773,#2774,#2775,#2776,#2777,#2778,#2779,#2780,#2781,#2782,
    #2783,#2784,#2785,#2786),.UNSPECIFIED.,.F.,.F.,(8,6,6,8),(0.,
    0.500723573123,0.887149697271,1.),.UNSPECIFIED.);
#2767 = CARTESIAN_POINT('',(-4.712388980385,-0.464863667563));
#2768 = CARTESIAN_POINT('',(-4.599312946414,-0.480889624192));
#2769 = CARTESIAN_POINT('',(-4.486647187442,-0.493599571374));
#2770 = CARTESIAN_POINT('',(-4.37421687814,-0.503408988666));
#2771 = CARTESIAN_POINT('',(-4.261994899586,-0.510586204285));
#2772 = CARTESIAN_POINT('',(-4.149920162303,-0.515306331534));
#2773 = CARTESIAN_POINT('',(-4.037925250321,-0.517657859207));
#2774 = CARTESIAN_POINT('',(-3.839438886603,-0.517622661907));
#2775 = CARTESIAN_POINT('',(-3.752987663592,-0.516194948517));
#2776 = CARTESIAN_POINT('',(-3.666503628214,-0.513355097937));
#2777 = CARTESIAN_POINT('',(-3.579954555937,-0.509071466094));
#2778 = CARTESIAN_POINT('',(-3.493314937521,-0.503282607405));
#2779 = CARTESIAN_POINT('',(-3.40655619343,-0.49589345185));
#2780 = CARTESIAN_POINT('',(-3.294240255772,-0.484099902928));
#2781 = CARTESIAN_POINT('',(-3.268839759079,-0.481286005684));
#2782 = CARTESIAN_POINT('',(-3.243424287446,-0.478320475326));
#2783 = CARTESIAN_POINT('',(-3.217992844628,-0.475199614013));
#2784 = CARTESIAN_POINT('',(-3.192544429513,-0.47191943068));
#2785 = CARTESIAN_POINT('',(-3.167078036118,-0.468475641036));
#2786 = CARTESIAN_POINT('',(-3.14159265359,-0.464863667563));
#2787 = ( GEOMETRIC_REPRESENTATION_CONTEXT(2) 
PARAMETRIC_REPRESENTATION_CONTEXT() REPRESENTATION_CONTEXT('2D SPACE',''
  ) );
#2788 = ORIENTED_EDGE('',*,*,#2789,.T.);
#2789 = EDGE_CURVE('',#2711,#2352,#2790,.T.);
#2790 = SURFACE_CURVE('',#2791,(#2801,#2814),.PCURVE_S1.);
#2791 = B_SPLINE_CURVE_WITH_KNOTS('',8,(#2792,#2793,#2794,#2795,#2796,
    #2797,#2798,#2799,#2800),.UNSPECIFIED.,.F.,.F.,(9,9),(0.,1.),
  .PIECEWISE_BEZIER_KNOTS.);
#2792 = CARTESIAN_POINT('',(17.,-8.,-1.964863667563));
#2793 = CARTESIAN_POINT('',(16.956804542064,-8.,-1.952619719643));
#2794 = CARTESIAN_POINT('',(16.91444018132,-8.,-1.941804618638));
#2795 = CARTESIAN_POINT('',(16.873081971496,-8.,-1.932514381055));
#2796 = CARTESIAN_POINT('',(16.833168439827,-8.,-1.924932755323));
#2797 = CARTESIAN_POINT('',(16.795457317409,-8.,-1.919269999248));
#2798 = CARTESIAN_POINT('',(16.760953468062,-8.,-1.915705057234));
#2799 = CARTESIAN_POINT('',(16.73105343202,-8.,-1.914213562373));
#2800 = CARTESIAN_POINT('',(16.707106781186,-8.,-1.914213562373));
#2801 = PCURVE('',#1567,#2802);
#2802 = DEFINITIONAL_REPRESENTATION('',(#2803),#2813);
#2803 = B_SPLINE_CURVE_WITH_KNOTS('',8,(#2804,#2805,#2806,#2807,#2808,
    #2809,#2810,#2811,#2812),.UNSPECIFIED.,.F.,.F.,(9,9),(0.,1.),
  .PIECEWISE_BEZIER_KNOTS.);
#2804 = CARTESIAN_POINT('',(1.947490740199,0.781836036203));
#2805 = CARTESIAN_POINT('',(1.906789100777,0.777141444057));
#2806 = CARTESIAN_POINT('',(1.864763472747,0.774016044016));
#2807 = CARTESIAN_POINT('',(1.821067381878,0.772659407449));
#2808 = CARTESIAN_POINT('',(1.77544066309,0.773366019871));
#2809 = CARTESIAN_POINT('',(1.7276780178,0.776522826255));
#2810 = CARTESIAN_POINT('',(1.677667099833,0.782543453962));
#2811 = CARTESIAN_POINT('',(1.625302477836,0.791890615074));
#2812 = CARTESIAN_POINT('',(1.570796326795,0.804737854124));
#2813 = ( GEOMETRIC_REPRESENTATION_CONTEXT(2) 
PARAMETRIC_REPRESENTATION_CONTEXT() REPRESENTATION_CONTEXT('2D SPACE',''
  ) );
#2814 = PCURVE('',#2388,#2815);
#2815 = DEFINITIONAL_REPRESENTATION('',(#2816),#2826);
#2816 = B_SPLINE_CURVE_WITH_KNOTS('',8,(#2817,#2818,#2819,#2820,#2821,
    #2822,#2823,#2824,#2825),.UNSPECIFIED.,.F.,.F.,(9,9),(0.,1.),
  .PIECEWISE_BEZIER_KNOTS.);
#2817 = CARTESIAN_POINT('',(0.,-0.464863667563));
#2818 = CARTESIAN_POINT('',(4.319545793622E-02,-0.452619719643));
#2819 = CARTESIAN_POINT('',(8.555981868047E-02,-0.441804618638));
#2820 = CARTESIAN_POINT('',(0.126918028504,-0.432514381055));
#2821 = CARTESIAN_POINT('',(0.166831560173,-0.424932755323));
#2822 = CARTESIAN_POINT('',(0.204542682591,-0.419269999248));
#2823 = CARTESIAN_POINT('',(0.239046531938,-0.415705057234));
#2824 = CARTESIAN_POINT('',(0.26894656798,-0.414213562373));
#2825 = CARTESIAN_POINT('',(0.292893218814,-0.414213562373));
#2826 = ( GEOMETRIC_REPRESENTATION_CONTEXT(2) 
PARAMETRIC_REPRESENTATION_CONTEXT() REPRESENTATION_CONTEXT('2D SPACE',''
  ) );
#2827 = ORIENTED_EDGE('',*,*,#2351,.F.);
#2828 = ORIENTED_EDGE('',*,*,#1457,.F.);
#2829 = ADVANCED_FACE('',(#2830),#2081,.T.);
#2830 = FACE_BOUND('',#2831,.T.);
#2831 = EDGE_LOOP('',(#2832,#2833,#2834,#2857));
#2832 = ORIENTED_EDGE('',*,*,#2065,.T.);
#2833 = ORIENTED_EDGE('',*,*,#2423,.T.);
#2834 = ORIENTED_EDGE('',*,*,#2835,.T.);
#2835 = EDGE_CURVE('',#2424,#2836,#2838,.T.);
#2836 = VERTEX_POINT('',#2837);
#2837 = CARTESIAN_POINT('',(-17.5,7.207106781186,-1.914213562373));
#2838 = SURFACE_CURVE('',#2839,(#2843,#2850),.PCURVE_S1.);
#2839 = LINE('',#2840,#2841);
#2840 = CARTESIAN_POINT('',(-17.5,-3.75,-1.914213562373));
#2841 = VECTOR('',#2842,1.);
#2842 = DIRECTION('',(0.,1.,0.));
#2843 = PCURVE('',#2081,#2844);
#2844 = DEFINITIONAL_REPRESENTATION('',(#2845),#2849);
#2845 = LINE('',#2846,#2847);
#2846 = CARTESIAN_POINT('',(3.75,0.646446609407));
#2847 = VECTOR('',#2848,1.);
#2848 = DIRECTION('',(-1.,-0.));
#2849 = ( GEOMETRIC_REPRESENTATION_CONTEXT(2) 
PARAMETRIC_REPRESENTATION_CONTEXT() REPRESENTATION_CONTEXT('2D SPACE',''
  ) );
#2850 = PCURVE('',#2607,#2851);
#2851 = DEFINITIONAL_REPRESENTATION('',(#2852),#2856);
#2852 = LINE('',#2853,#2854);
#2853 = CARTESIAN_POINT('',(3.75,-0.414213562373));
#2854 = VECTOR('',#2855,1.);
#2855 = DIRECTION('',(1.,0.));
#2856 = ( GEOMETRIC_REPRESENTATION_CONTEXT(2) 
PARAMETRIC_REPRESENTATION_CONTEXT() REPRESENTATION_CONTEXT('2D SPACE',''
  ) );
#2857 = ORIENTED_EDGE('',*,*,#2858,.F.);
#2858 = EDGE_CURVE('',#1882,#2836,#2859,.T.);
#2859 = SURFACE_CURVE('',#2860,(#2863,#2869),.PCURVE_S1.);
#2860 = B_SPLINE_CURVE_WITH_KNOTS('',1,(#2861,#2862),.UNSPECIFIED.,.F.,
  .F.,(2,2),(0.,1.),.PIECEWISE_BEZIER_KNOTS.);
#2861 = CARTESIAN_POINT('',(-16.29289321881,6.,-0.707106781187));
#2862 = CARTESIAN_POINT('',(-17.79289321881,7.5,-2.207106781187));
#2863 = PCURVE('',#2081,#2864);
#2864 = DEFINITIONAL_REPRESENTATION('',(#2865),#2868);
#2865 = B_SPLINE_CURVE_WITH_KNOTS('',1,(#2866,#2867),.UNSPECIFIED.,.F.,
  .F.,(2,2),(0.,1.),.PIECEWISE_BEZIER_KNOTS.);
#2866 = CARTESIAN_POINT('',(-6.,-1.06066017178));
#2867 = CARTESIAN_POINT('',(-7.5,1.06066017178));
#2868 = ( GEOMETRIC_REPRESENTATION_CONTEXT(2) 
PARAMETRIC_REPRESENTATION_CONTEXT() REPRESENTATION_CONTEXT('2D SPACE',''
  ) );
#2869 = PCURVE('',#1991,#2870);
#2870 = DEFINITIONAL_REPRESENTATION('',(#2871),#2875);
#2871 = LINE('',#2872,#2873);
#2872 = CARTESIAN_POINT('',(3.14159265359,0.));
#2873 = VECTOR('',#2874,1.);
#2874 = DIRECTION('',(0.,1.));
#2875 = ( GEOMETRIC_REPRESENTATION_CONTEXT(2) 
PARAMETRIC_REPRESENTATION_CONTEXT() REPRESENTATION_CONTEXT('2D SPACE',''
  ) );
#2876 = ADVANCED_FACE('',(#2877),#1657,.T.);
#2877 = FACE_BOUND('',#2878,.T.);
#2878 = EDGE_LOOP('',(#2879,#2880,#2901,#2922));
#2879 = ORIENTED_EDGE('',*,*,#1641,.T.);
#2880 = ORIENTED_EDGE('',*,*,#2881,.T.);
#2881 = EDGE_CURVE('',#1642,#2882,#2884,.T.);
#2882 = VERTEX_POINT('',#2883);
#2883 = CARTESIAN_POINT('',(17.5,7.207106781187,-1.914213562373));
#2884 = SURFACE_CURVE('',#2885,(#2888,#2894),.PCURVE_S1.);
#2885 = B_SPLINE_CURVE_WITH_KNOTS('',1,(#2886,#2887),.UNSPECIFIED.,.F.,
  .F.,(2,2),(0.,1.),.PIECEWISE_BEZIER_KNOTS.);
#2886 = CARTESIAN_POINT('',(16.292893218813,6.,-0.707106781187));
#2887 = CARTESIAN_POINT('',(17.792893218813,7.5,-2.207106781187));
#2888 = PCURVE('',#1657,#2889);
#2889 = DEFINITIONAL_REPRESENTATION('',(#2890),#2893);
#2890 = B_SPLINE_CURVE_WITH_KNOTS('',1,(#2891,#2892),.UNSPECIFIED.,.F.,
  .F.,(2,2),(0.,1.),.PIECEWISE_BEZIER_KNOTS.);
#2891 = CARTESIAN_POINT('',(6.,-1.06066017178));
#2892 = CARTESIAN_POINT('',(7.5,1.06066017178));
#2893 = ( GEOMETRIC_REPRESENTATION_CONTEXT(2) 
PARAMETRIC_REPRESENTATION_CONTEXT() REPRESENTATION_CONTEXT('2D SPACE',''
  ) );
#2894 = PCURVE('',#1779,#2895);
#2895 = DEFINITIONAL_REPRESENTATION('',(#2896),#2900);
#2896 = LINE('',#2897,#2898);
#2897 = CARTESIAN_POINT('',(0.,0.));
#2898 = VECTOR('',#2899,1.);
#2899 = DIRECTION('',(0.,1.));
#2900 = ( GEOMETRIC_REPRESENTATION_CONTEXT(2) 
PARAMETRIC_REPRESENTATION_CONTEXT() REPRESENTATION_CONTEXT('2D SPACE',''
  ) );
#2901 = ORIENTED_EDGE('',*,*,#2902,.T.);
#2902 = EDGE_CURVE('',#2882,#2629,#2903,.T.);
#2903 = SURFACE_CURVE('',#2904,(#2908,#2915),.PCURVE_S1.);
#2904 = LINE('',#2905,#2906);
#2905 = CARTESIAN_POINT('',(17.5,3.75,-1.914213562373));
#2906 = VECTOR('',#2907,1.);
#2907 = DIRECTION('',(-0.,-1.,-0.));
#2908 = PCURVE('',#1657,#2909);
#2909 = DEFINITIONAL_REPRESENTATION('',(#2910),#2914);
#2910 = LINE('',#2911,#2912);
#2911 = CARTESIAN_POINT('',(3.75,0.646446609407));
#2912 = VECTOR('',#2913,1.);
#2913 = DIRECTION('',(-1.,-1.414213562373E-17));
#2914 = ( GEOMETRIC_REPRESENTATION_CONTEXT(2) 
PARAMETRIC_REPRESENTATION_CONTEXT() REPRESENTATION_CONTEXT('2D SPACE',''
  ) );
#2915 = PCURVE('',#2687,#2916);
#2916 = DEFINITIONAL_REPRESENTATION('',(#2917),#2921);
#2917 = LINE('',#2918,#2919);
#2918 = CARTESIAN_POINT('',(3.75,-0.414213562373));
#2919 = VECTOR('',#2920,1.);
#2920 = DIRECTION('',(1.,0.));
#2921 = ( GEOMETRIC_REPRESENTATION_CONTEXT(2) 
PARAMETRIC_REPRESENTATION_CONTEXT() REPRESENTATION_CONTEXT('2D SPACE',''
  ) );
#2922 = ORIENTED_EDGE('',*,*,#2628,.F.);
#2923 = ADVANCED_FACE('',(#2924),#1991,.T.);
#2924 = FACE_BOUND('',#2925,.T.);
#2925 = EDGE_LOOP('',(#2926,#2927,#2983,#3062,#3108,#3127));
#2926 = ORIENTED_EDGE('',*,*,#2858,.T.);
#2927 = ORIENTED_EDGE('',*,*,#2928,.T.);
#2928 = EDGE_CURVE('',#2836,#2929,#2931,.T.);
#2929 = VERTEX_POINT('',#2930);
#2930 = CARTESIAN_POINT('',(-17.5,7.5,-1.964863667563));
#2931 = SURFACE_CURVE('',#2932,(#2947,#2965),.PCURVE_S1.);
#2932 = B_SPLINE_CURVE_WITH_KNOTS('',7,(#2933,#2934,#2935,#2936,#2937,
    #2938,#2939,#2940,#2941,#2942,#2943,#2944,#2945,#2946),
  .UNSPECIFIED.,.F.,.F.,(8,6,8),(0.,0.858000417665,1.),.UNSPECIFIED.);
#2933 = CARTESIAN_POINT('',(-17.5,7.207106781186,-1.914213562373));
#2934 = CARTESIAN_POINT('',(-17.5,7.230566435684,-1.914213562373));
#2935 = CARTESIAN_POINT('',(-17.5,7.259896633237,-1.91567465818));
#2936 = CARTESIAN_POINT('',(-17.5,7.293731348787,-1.919193032467));
#2937 = CARTESIAN_POINT('',(-17.5,7.330621837083,-1.924751380918));
#2938 = CARTESIAN_POINT('',(-17.5,7.369591410836,-1.932155982611));
#2939 = CARTESIAN_POINT('',(-17.5,7.409960808972,-1.941206551606));
#2940 = CARTESIAN_POINT('',(-17.5,7.458287014641,-1.953525657262));
#2941 = CARTESIAN_POINT('',(-17.5,7.46517802079,-1.955316264777));
#2942 = CARTESIAN_POINT('',(-17.5,7.472095802547,-1.95714744153));
#2943 = CARTESIAN_POINT('',(-17.5,7.479038541955,-1.959018469531));
#2944 = CARTESIAN_POINT('',(-17.5,7.486004532624,-1.960928643219));
#2945 = CARTESIAN_POINT('',(-17.5,7.492992179726,-1.962877269464));
#2946 = CARTESIAN_POINT('',(-17.5,7.5,-1.964863667563));
#2947 = PCURVE('',#1991,#2948);
#2948 = DEFINITIONAL_REPRESENTATION('',(#2949),#2964);
#2949 = B_SPLINE_CURVE_WITH_KNOTS('',7,(#2950,#2951,#2952,#2953,#2954,
    #2955,#2956,#2957,#2958,#2959,#2960,#2961,#2962,#2963),
  .UNSPECIFIED.,.F.,.F.,(8,6,8),(0.,0.858000417665,1.),.UNSPECIFIED.);
#2950 = CARTESIAN_POINT('',(3.14159265359,0.804737854124));
#2951 = CARTESIAN_POINT('',(3.088194978888,0.792151885779));
#2952 = CARTESIAN_POINT('',(3.03681106304,0.782975356482));
#2953 = CARTESIAN_POINT('',(2.987743678629,0.777069799822));
#2954 = CARTESIAN_POINT('',(2.940904103041,0.773949497632));
#2955 = CARTESIAN_POINT('',(2.896172198325,0.773197747756));
#2956 = CARTESIAN_POINT('',(2.853300688981,0.774440183683));
#2957 = CARTESIAN_POINT('',(2.805101984917,0.777916519279));
#2958 = CARTESIAN_POINT('',(2.798300552002,0.778457708374));
#2959 = CARTESIAN_POINT('',(2.791540830615,0.779045244343));
#2960 = CARTESIAN_POINT('',(2.784821777031,0.779677960376));
#2961 = CARTESIAN_POINT('',(2.778142355198,0.780354726864));
#2962 = CARTESIAN_POINT('',(2.771501536743,0.781074451408));
#2963 = CARTESIAN_POINT('',(2.764898300967,0.781836078812));
#2964 = ( GEOMETRIC_REPRESENTATION_CONTEXT(2) 
PARAMETRIC_REPRESENTATION_CONTEXT() REPRESENTATION_CONTEXT('2D SPACE',''
  ) );
#2965 = PCURVE('',#2607,#2966);
#2966 = DEFINITIONAL_REPRESENTATION('',(#2967),#2982);
#2967 = B_SPLINE_CURVE_WITH_KNOTS('',7,(#2968,#2969,#2970,#2971,#2972,
    #2973,#2974,#2975,#2976,#2977,#2978,#2979,#2980,#2981),
  .UNSPECIFIED.,.F.,.F.,(8,6,8),(0.,0.858000417665,1.),.UNSPECIFIED.);
#2968 = CARTESIAN_POINT('',(14.707106781186,-0.414213562373));
#2969 = CARTESIAN_POINT('',(14.730566435684,-0.414213562373));
#2970 = CARTESIAN_POINT('',(14.759896633237,-0.41567465818));
#2971 = CARTESIAN_POINT('',(14.793731348787,-0.419193032467));
#2972 = CARTESIAN_POINT('',(14.830621837083,-0.424751380918));
#2973 = CARTESIAN_POINT('',(14.869591410836,-0.432155982611));
#2974 = CARTESIAN_POINT('',(14.909960808972,-0.441206551606));
#2975 = CARTESIAN_POINT('',(14.958287014641,-0.453525657262));
#2976 = CARTESIAN_POINT('',(14.96517802079,-0.455316264777));
#2977 = CARTESIAN_POINT('',(14.972095802547,-0.45714744153));
#2978 = CARTESIAN_POINT('',(14.979038541955,-0.459018469531));
#2979 = CARTESIAN_POINT('',(14.986004532624,-0.460928643219));
#2980 = CARTESIAN_POINT('',(14.992992179726,-0.462877269464));
#2981 = CARTESIAN_POINT('',(15.,-0.464863667563));
#2982 = ( GEOMETRIC_REPRESENTATION_CONTEXT(2) 
PARAMETRIC_REPRESENTATION_CONTEXT() REPRESENTATION_CONTEXT('2D SPACE',''
  ) );
#2983 = ORIENTED_EDGE('',*,*,#2984,.F.);
#2984 = EDGE_CURVE('',#2985,#2929,#2987,.T.);
#2985 = VERTEX_POINT('',#2986);
#2986 = CARTESIAN_POINT('',(-17.,8.,-1.964863667563));
#2987 = SURFACE_CURVE('',#2988,(#3009,#3033),.PCURVE_S1.);
#2988 = B_SPLINE_CURVE_WITH_KNOTS('',7,(#2989,#2990,#2991,#2992,#2993,
    #2994,#2995,#2996,#2997,#2998,#2999,#3000,#3001,#3002,#3003,#3004,
    #3005,#3006,#3007,#3008),.UNSPECIFIED.,.F.,.F.,(8,6,6,8),(0.,
    0.500723573121,0.887149697486,1.),.UNSPECIFIED.);
#2989 = CARTESIAN_POINT('',(-17.,8.,-1.964863667563));
#2990 = CARTESIAN_POINT('',(-17.05653801698,8.,-1.980889624192));
#2991 = CARTESIAN_POINT('',(-17.11287078362,7.992541550625,
    -1.993599571374));
#2992 = CARTESIAN_POINT('',(-17.16790586001,7.977720886992,
    -2.003408988666));
#2993 = CARTESIAN_POINT('',(-17.22051093814,7.955803643691,
    -2.010586204285));
#2994 = CARTESIAN_POINT('',(-17.26963996137,7.927286277621,
    -2.015306331534));
#2995 = CARTESIAN_POINT('',(-17.31437532501,7.892817767762,
    -2.017657859207));
#2996 = CARTESIAN_POINT('',(-17.38447397371,7.822565446804,
    -2.017622661907));
#2997 = CARTESIAN_POINT('',(-17.41191890716,7.788887065407,
    -2.016194948516));
#2998 = CARTESIAN_POINT('',(-17.43591737774,7.752491533883,
    -2.013355097932));
#2999 = CARTESIAN_POINT('',(-17.45615561083,7.71378975964,
    -2.009071466085));
#3000 = CARTESIAN_POINT('',(-17.47237891408,7.673238257917,
    -2.003282607389));
#3001 = CARTESIAN_POINT('',(-17.4843994837,7.631325250445,
    -1.995893451826));
#3002 = CARTESIAN_POINT('',(-17.49434478509,7.576054928904,
    -1.984099902896));
#3003 = CARTESIAN_POINT('',(-17.49622393962,7.56348883558,
    -1.981286005656));
#3004 = CARTESIAN_POINT('',(-17.49773131249,7.55086182834,
    -1.978320475302));
#3005 = CARTESIAN_POINT('',(-17.49886438009,7.538186583642,
    -1.975199613994));
#3006 = CARTESIAN_POINT('',(-17.49962111781,7.525475898649,
    -1.971919430667));
#3007 = CARTESIAN_POINT('',(-17.5,7.51274269124,-1.968475641029));
#3008 = CARTESIAN_POINT('',(-17.5,7.5,-1.964863667563));
#3009 = PCURVE('',#1991,#3010);
#3010 = DEFINITIONAL_REPRESENTATION('',(#3011),#3032);
#3011 = B_SPLINE_CURVE_WITH_KNOTS('',7,(#3012,#3013,#3014,#3015,#3016,
    #3017,#3018,#3019,#3020,#3021,#3022,#3023,#3024,#3025,#3026,#3027,
    #3028,#3029,#3030,#3031),.UNSPECIFIED.,.F.,.F.,(8,6,6,8),(0.,
    0.500723573121,0.887149697486,1.),.UNSPECIFIED.);
#3012 = CARTESIAN_POINT('',(1.947490740199,0.781836036203));
#3013 = CARTESIAN_POINT('',(2.000764628032,0.787980731576));
#3014 = CARTESIAN_POINT('',(2.057187044241,0.792528000048));
#3015 = CARTESIAN_POINT('',(2.115499153942,0.795935303393));
#3016 = CARTESIAN_POINT('',(2.175064149947,0.798379467172));
#3017 = CARTESIAN_POINT('',(2.235381934535,0.799973798792));
#3018 = CARTESIAN_POINT('',(2.296077193275,0.800767681342));
#3019 = CARTESIAN_POINT('',(2.403640402657,0.800755796747));
#3020 = CARTESIAN_POINT('',(2.450487679208,0.8002736151));
#3021 = CARTESIAN_POINT('',(2.497158899771,0.799315004734));
#3022 = CARTESIAN_POINT('',(2.543473004182,0.79785988577));
#3023 = CARTESIAN_POINT('',(2.589229956768,0.795872179449));
#3024 = CARTESIAN_POINT('',(2.634175094723,0.793287996109));
#3025 = CARTESIAN_POINT('',(2.690716418447,0.789023447945));
#3026 = CARTESIAN_POINT('',(2.703394918297,0.787998404231));
#3027 = CARTESIAN_POINT('',(2.715962836533,0.786909334107));
#3028 = CARTESIAN_POINT('',(2.728409656165,0.785752806603));
#3029 = CARTESIAN_POINT('',(2.740723519312,0.784524848488));
#3030 = CARTESIAN_POINT('',(2.752891227206,0.783220944272));
#3031 = CARTESIAN_POINT('',(2.764898240185,0.781836036203));
#3032 = ( GEOMETRIC_REPRESENTATION_CONTEXT(2) 
PARAMETRIC_REPRESENTATION_CONTEXT() REPRESENTATION_CONTEXT('2D SPACE',''
  ) );
#3033 = PCURVE('',#3034,#3039);
#3034 = CYLINDRICAL_SURFACE('',#3035,0.5);
#3035 = AXIS2_PLACEMENT_3D('',#3036,#3037,#3038);
#3036 = CARTESIAN_POINT('',(-17.,7.5,-1.5));
#3037 = DIRECTION('',(0.,0.,1.));
#3038 = DIRECTION('',(-1.,0.,0.));
#3039 = DEFINITIONAL_REPRESENTATION('',(#3040),#3061);
#3040 = B_SPLINE_CURVE_WITH_KNOTS('',7,(#3041,#3042,#3043,#3044,#3045,
    #3046,#3047,#3048,#3049,#3050,#3051,#3052,#3053,#3054,#3055,#3056,
    #3057,#3058,#3059,#3060),.UNSPECIFIED.,.F.,.F.,(8,6,6,8),(0.,
    0.500723573121,0.887149697486,1.),.UNSPECIFIED.);
#3041 = CARTESIAN_POINT('',(-1.570796326795,-0.464863667563));
#3042 = CARTESIAN_POINT('',(-1.457720292825,-0.480889624192));
#3043 = CARTESIAN_POINT('',(-1.345054533852,-0.493599571374));
#3044 = CARTESIAN_POINT('',(-1.232624224552,-0.503408988666));
#3045 = CARTESIAN_POINT('',(-1.120402245997,-0.510586204285));
#3046 = CARTESIAN_POINT('',(-1.008327508714,-0.515306331534));
#3047 = CARTESIAN_POINT('',(-0.896332596733,-0.517657859207));
#3048 = CARTESIAN_POINT('',(-0.697846232966,-0.517622661907));
#3049 = CARTESIAN_POINT('',(-0.611395009907,-0.516194948516));
#3050 = CARTESIAN_POINT('',(-0.524910974481,-0.513355097932));
#3051 = CARTESIAN_POINT('',(-0.438361902155,-0.509071466085));
#3052 = CARTESIAN_POINT('',(-0.35172228369,-0.503282607389));
#3053 = CARTESIAN_POINT('',(-0.264963539551,-0.495893451826));
#3054 = CARTESIAN_POINT('',(-0.152647601892,-0.484099902896));
#3055 = CARTESIAN_POINT('',(-0.127247105247,-0.481286005656));
#3056 = CARTESIAN_POINT('',(-0.101831633662,-0.478320475302));
#3057 = CARTESIAN_POINT('',(-7.640019089301E-02,-0.475199613994));
#3058 = CARTESIAN_POINT('',(-5.095177582631E-02,-0.471919430667));
#3059 = CARTESIAN_POINT('',(-2.54853824792E-02,-0.468475641029));
#3060 = CARTESIAN_POINT('',(0.,-0.464863667563));
#3061 = ( GEOMETRIC_REPRESENTATION_CONTEXT(2) 
PARAMETRIC_REPRESENTATION_CONTEXT() REPRESENTATION_CONTEXT('2D SPACE',''
  ) );
#3062 = ORIENTED_EDGE('',*,*,#3063,.T.);
#3063 = EDGE_CURVE('',#2985,#3064,#3066,.T.);
#3064 = VERTEX_POINT('',#3065);
#3065 = CARTESIAN_POINT('',(-16.70710678118,8.,-1.914213562373));
#3066 = SURFACE_CURVE('',#3067,(#3077,#3090),.PCURVE_S1.);
#3067 = B_SPLINE_CURVE_WITH_KNOTS('',8,(#3068,#3069,#3070,#3071,#3072,
    #3073,#3074,#3075,#3076),.UNSPECIFIED.,.F.,.F.,(9,9),(0.,1.),
  .PIECEWISE_BEZIER_KNOTS.);
#3068 = CARTESIAN_POINT('',(-17.,8.,-1.964863667563));
#3069 = CARTESIAN_POINT('',(-16.95680454206,8.,-1.952619719643));
#3070 = CARTESIAN_POINT('',(-16.91444018132,8.,-1.941804618638));
#3071 = CARTESIAN_POINT('',(-16.87308197149,8.,-1.932514381055));
#3072 = CARTESIAN_POINT('',(-16.83316843982,8.,-1.924932755323));
#3073 = CARTESIAN_POINT('',(-16.7954573174,8.,-1.919269999248));
#3074 = CARTESIAN_POINT('',(-16.76095346806,8.,-1.915705057234));
#3075 = CARTESIAN_POINT('',(-16.73105343202,8.,-1.914213562373));
#3076 = CARTESIAN_POINT('',(-16.70710678118,8.,-1.914213562373));
#3077 = PCURVE('',#1991,#3078);
#3078 = DEFINITIONAL_REPRESENTATION('',(#3079),#3089);
#3079 = B_SPLINE_CURVE_WITH_KNOTS('',8,(#3080,#3081,#3082,#3083,#3084,
    #3085,#3086,#3087,#3088),.UNSPECIFIED.,.F.,.F.,(9,9),(0.,1.),
  .PIECEWISE_BEZIER_KNOTS.);
#3080 = CARTESIAN_POINT('',(1.947490740199,0.781836036203));
#3081 = CARTESIAN_POINT('',(1.906789100777,0.777141444057));
#3082 = CARTESIAN_POINT('',(1.864763472747,0.774016044016));
#3083 = CARTESIAN_POINT('',(1.821067381878,0.772659407449));
#3084 = CARTESIAN_POINT('',(1.775440663091,0.773366019871));
#3085 = CARTESIAN_POINT('',(1.7276780178,0.776522826255));
#3086 = CARTESIAN_POINT('',(1.677667099833,0.782543453962));
#3087 = CARTESIAN_POINT('',(1.625302477836,0.791890615074));
#3088 = CARTESIAN_POINT('',(1.570796326795,0.804737854124));
#3089 = ( GEOMETRIC_REPRESENTATION_CONTEXT(2) 
PARAMETRIC_REPRESENTATION_CONTEXT() REPRESENTATION_CONTEXT('2D SPACE',''
  ) );
#3090 = PCURVE('',#3091,#3096);
#3091 = PLANE('',#3092);
#3092 = AXIS2_PLACEMENT_3D('',#3093,#3094,#3095);
#3093 = CARTESIAN_POINT('',(-17.,8.,-1.5));
#3094 = DIRECTION('',(0.,-1.,0.));
#3095 = DIRECTION('',(1.,0.,0.));
#3096 = DEFINITIONAL_REPRESENTATION('',(#3097),#3107);
#3097 = B_SPLINE_CURVE_WITH_KNOTS('',8,(#3098,#3099,#3100,#3101,#3102,
    #3103,#3104,#3105,#3106),.UNSPECIFIED.,.F.,.F.,(9,9),(0.,1.),
  .PIECEWISE_BEZIER_KNOTS.);
#3098 = CARTESIAN_POINT('',(0.,-0.464863667563));
#3099 = CARTESIAN_POINT('',(4.319545793625E-02,-0.452619719643));
#3100 = CARTESIAN_POINT('',(8.555981868027E-02,-0.441804618638));
#3101 = CARTESIAN_POINT('',(0.126918028505,-0.432514381055));
#3102 = CARTESIAN_POINT('',(0.166831560173,-0.424932755323));
#3103 = CARTESIAN_POINT('',(0.204542682592,-0.419269999248));
#3104 = CARTESIAN_POINT('',(0.239046531938,-0.415705057234));
#3105 = CARTESIAN_POINT('',(0.26894656798,-0.414213562373));
#3106 = CARTESIAN_POINT('',(0.292893218814,-0.414213562373));
#3107 = ( GEOMETRIC_REPRESENTATION_CONTEXT(2) 
PARAMETRIC_REPRESENTATION_CONTEXT() REPRESENTATION_CONTEXT('2D SPACE',''
  ) );
#3108 = ORIENTED_EDGE('',*,*,#3109,.F.);
#3109 = EDGE_CURVE('',#1854,#3064,#3110,.T.);
#3110 = SURFACE_CURVE('',#3111,(#3114,#3121),.PCURVE_S1.);
#3111 = B_SPLINE_CURVE_WITH_KNOTS('',1,(#3112,#3113),.UNSPECIFIED.,.F.,
  .F.,(2,2),(0.,1.),.PIECEWISE_BEZIER_KNOTS.);
#3112 = CARTESIAN_POINT('',(-15.5,6.792893218813,-0.707106781187));
#3113 = CARTESIAN_POINT('',(-17.,8.292893218813,-2.207106781187));
#3114 = PCURVE('',#1991,#3115);
#3115 = DEFINITIONAL_REPRESENTATION('',(#3116),#3120);
#3116 = LINE('',#3117,#3118);
#3117 = CARTESIAN_POINT('',(1.570796326795,0.));
#3118 = VECTOR('',#3119,1.);
#3119 = DIRECTION('',(0.,1.));
#3120 = ( GEOMETRIC_REPRESENTATION_CONTEXT(2) 
PARAMETRIC_REPRESENTATION_CONTEXT() REPRESENTATION_CONTEXT('2D SPACE',''
  ) );
#3121 = PCURVE('',#1869,#3122);
#3122 = DEFINITIONAL_REPRESENTATION('',(#3123),#3126);
#3123 = B_SPLINE_CURVE_WITH_KNOTS('',1,(#3124,#3125),.UNSPECIFIED.,.F.,
  .F.,(2,2),(0.,1.),.PIECEWISE_BEZIER_KNOTS.);
#3124 = CARTESIAN_POINT('',(15.5,-1.06066017178));
#3125 = CARTESIAN_POINT('',(17.,1.06066017178));
#3126 = ( GEOMETRIC_REPRESENTATION_CONTEXT(2) 
PARAMETRIC_REPRESENTATION_CONTEXT() REPRESENTATION_CONTEXT('2D SPACE',''
  ) );
#3127 = ORIENTED_EDGE('',*,*,#1881,.F.);
#3128 = ADVANCED_FACE('',(#3129),#1779,.T.);
#3129 = FACE_BOUND('',#3130,.T.);
#3130 = EDGE_LOOP('',(#3131,#3132,#3133,#3154,#3210,#3289));
#3131 = ORIENTED_EDGE('',*,*,#2881,.F.);
#3132 = ORIENTED_EDGE('',*,*,#1669,.F.);
#3133 = ORIENTED_EDGE('',*,*,#3134,.T.);
#3134 = EDGE_CURVE('',#1670,#3135,#3137,.T.);
#3135 = VERTEX_POINT('',#3136);
#3136 = CARTESIAN_POINT('',(16.707106781187,8.,-1.914213562373));
#3137 = SURFACE_CURVE('',#3138,(#3141,#3148),.PCURVE_S1.);
#3138 = B_SPLINE_CURVE_WITH_KNOTS('',1,(#3139,#3140),.UNSPECIFIED.,.F.,
  .F.,(2,2),(0.,1.),.PIECEWISE_BEZIER_KNOTS.);
#3139 = CARTESIAN_POINT('',(15.5,6.792893218813,-0.707106781187));
#3140 = CARTESIAN_POINT('',(17.,8.292893218813,-2.207106781187));
#3141 = PCURVE('',#1779,#3142);
#3142 = DEFINITIONAL_REPRESENTATION('',(#3143),#3147);
#3143 = LINE('',#3144,#3145);
#3144 = CARTESIAN_POINT('',(1.570796326795,0.));
#3145 = VECTOR('',#3146,1.);
#3146 = DIRECTION('',(0.,1.));
#3147 = ( GEOMETRIC_REPRESENTATION_CONTEXT(2) 
PARAMETRIC_REPRESENTATION_CONTEXT() REPRESENTATION_CONTEXT('2D SPACE',''
  ) );
#3148 = PCURVE('',#1869,#3149);
#3149 = DEFINITIONAL_REPRESENTATION('',(#3150),#3153);
#3150 = B_SPLINE_CURVE_WITH_KNOTS('',1,(#3151,#3152),.UNSPECIFIED.,.F.,
  .F.,(2,2),(0.,1.),.PIECEWISE_BEZIER_KNOTS.);
#3151 = CARTESIAN_POINT('',(-15.5,-1.06066017178));
#3152 = CARTESIAN_POINT('',(-17.,1.06066017178));
#3153 = ( GEOMETRIC_REPRESENTATION_CONTEXT(2) 
PARAMETRIC_REPRESENTATION_CONTEXT() REPRESENTATION_CONTEXT('2D SPACE',''
  ) );
#3154 = ORIENTED_EDGE('',*,*,#3155,.T.);
#3155 = EDGE_CURVE('',#3135,#3156,#3158,.T.);
#3156 = VERTEX_POINT('',#3157);
#3157 = CARTESIAN_POINT('',(17.,8.,-1.964863667563));
#3158 = SURFACE_CURVE('',#3159,(#3174,#3192),.PCURVE_S1.);
#3159 = B_SPLINE_CURVE_WITH_KNOTS('',7,(#3160,#3161,#3162,#3163,#3164,
    #3165,#3166,#3167,#3168,#3169,#3170,#3171,#3172,#3173),
  .UNSPECIFIED.,.F.,.F.,(8,6,8),(0.,0.858000417667,1.),.UNSPECIFIED.);
#3160 = CARTESIAN_POINT('',(16.707106781187,8.,-1.914213562373));
#3161 = CARTESIAN_POINT('',(16.730566435684,8.,-1.914213562373));
#3162 = CARTESIAN_POINT('',(16.759896633237,8.,-1.91567465818));
#3163 = CARTESIAN_POINT('',(16.793731348787,8.,-1.919193032467));
#3164 = CARTESIAN_POINT('',(16.830621837084,8.,-1.924751380918));
#3165 = CARTESIAN_POINT('',(16.869591410836,8.,-1.932155982611));
#3166 = CARTESIAN_POINT('',(16.909960808973,8.,-1.941206551606));
#3167 = CARTESIAN_POINT('',(16.958287014641,8.,-1.953525657262));
#3168 = CARTESIAN_POINT('',(16.96517802079,8.,-1.955316264777));
#3169 = CARTESIAN_POINT('',(16.972095802547,8.,-1.95714744153));
#3170 = CARTESIAN_POINT('',(16.979038541955,8.,-1.959018469531));
#3171 = CARTESIAN_POINT('',(16.986004532624,8.,-1.960928643219));
#3172 = CARTESIAN_POINT('',(16.992992179726,8.,-1.962877269464));
#3173 = CARTESIAN_POINT('',(17.,8.,-1.964863667563));
#3174 = PCURVE('',#1779,#3175);
#3175 = DEFINITIONAL_REPRESENTATION('',(#3176),#3191);
#3176 = B_SPLINE_CURVE_WITH_KNOTS('',7,(#3177,#3178,#3179,#3180,#3181,
    #3182,#3183,#3184,#3185,#3186,#3187,#3188,#3189,#3190),
  .UNSPECIFIED.,.F.,.F.,(8,6,8),(0.,0.858000417667,1.),.UNSPECIFIED.);
#3177 = CARTESIAN_POINT('',(1.570796326795,0.804737854124));
#3178 = CARTESIAN_POINT('',(1.517398652092,0.792151885778));
#3179 = CARTESIAN_POINT('',(1.466014736245,0.782975356482));
#3180 = CARTESIAN_POINT('',(1.416947351833,0.777069799822));
#3181 = CARTESIAN_POINT('',(1.370107776245,0.773949497632));
#3182 = CARTESIAN_POINT('',(1.325375871529,0.773197747756));
#3183 = CARTESIAN_POINT('',(1.282504362186,0.774440183683));
#3184 = CARTESIAN_POINT('',(1.234305658121,0.777916519279));
#3185 = CARTESIAN_POINT('',(1.227504225206,0.778457708374));
#3186 = CARTESIAN_POINT('',(1.22074450382,0.779045244343));
#3187 = CARTESIAN_POINT('',(1.214025450236,0.779677960376));
#3188 = CARTESIAN_POINT('',(1.207346028403,0.780354726864));
#3189 = CARTESIAN_POINT('',(1.200705209948,0.781074451409));
#3190 = CARTESIAN_POINT('',(1.194101974172,0.781836078812));
#3191 = ( GEOMETRIC_REPRESENTATION_CONTEXT(2) 
PARAMETRIC_REPRESENTATION_CONTEXT() REPRESENTATION_CONTEXT('2D SPACE',''
  ) );
#3192 = PCURVE('',#3091,#3193);
#3193 = DEFINITIONAL_REPRESENTATION('',(#3194),#3209);
#3194 = B_SPLINE_CURVE_WITH_KNOTS('',7,(#3195,#3196,#3197,#3198,#3199,
    #3200,#3201,#3202,#3203,#3204,#3205,#3206,#3207,#3208),
  .UNSPECIFIED.,.F.,.F.,(8,6,8),(0.,0.858000417667,1.),.UNSPECIFIED.);
#3195 = CARTESIAN_POINT('',(33.707106781187,-0.414213562373));
#3196 = CARTESIAN_POINT('',(33.730566435684,-0.414213562373));
#3197 = CARTESIAN_POINT('',(33.759896633237,-0.41567465818));
#3198 = CARTESIAN_POINT('',(33.793731348787,-0.419193032467));
#3199 = CARTESIAN_POINT('',(33.830621837084,-0.424751380918));
#3200 = CARTESIAN_POINT('',(33.869591410836,-0.432155982611));
#3201 = CARTESIAN_POINT('',(33.909960808973,-0.441206551606));
#3202 = CARTESIAN_POINT('',(33.958287014641,-0.453525657262));
#3203 = CARTESIAN_POINT('',(33.96517802079,-0.455316264777));
#3204 = CARTESIAN_POINT('',(33.972095802547,-0.45714744153));
#3205 = CARTESIAN_POINT('',(33.979038541955,-0.459018469531));
#3206 = CARTESIAN_POINT('',(33.986004532624,-0.460928643219));
#3207 = CARTESIAN_POINT('',(33.992992179726,-0.462877269464));
#3208 = CARTESIAN_POINT('',(34.,-0.464863667563));
#3209 = ( GEOMETRIC_REPRESENTATION_CONTEXT(2) 
PARAMETRIC_REPRESENTATION_CONTEXT() REPRESENTATION_CONTEXT('2D SPACE',''
  ) );
#3210 = ORIENTED_EDGE('',*,*,#3211,.F.);
#3211 = EDGE_CURVE('',#3212,#3156,#3214,.T.);
#3212 = VERTEX_POINT('',#3213);
#3213 = CARTESIAN_POINT('',(17.5,7.5,-1.964863667563));
#3214 = SURFACE_CURVE('',#3215,(#3236,#3260),.PCURVE_S1.);
#3215 = B_SPLINE_CURVE_WITH_KNOTS('',7,(#3216,#3217,#3218,#3219,#3220,
    #3221,#3222,#3223,#3224,#3225,#3226,#3227,#3228,#3229,#3230,#3231,
    #3232,#3233,#3234,#3235),.UNSPECIFIED.,.F.,.F.,(8,6,6,8),(0.,
    0.500723573126,0.887149697183,1.),.UNSPECIFIED.);
#3216 = CARTESIAN_POINT('',(17.5,7.5,-1.964863667563));
#3217 = CARTESIAN_POINT('',(17.5,7.556538016986,-1.980889624193));
#3218 = CARTESIAN_POINT('',(17.492541550625,7.61287078363,
    -1.993599571374));
#3219 = CARTESIAN_POINT('',(17.477720886992,7.667905860016,
    -2.003408988666));
#3220 = CARTESIAN_POINT('',(17.45580364369,7.720510938142,
    -2.010586204286));
#3221 = CARTESIAN_POINT('',(17.427286277619,7.769639961373,
    -2.015306331534));
#3222 = CARTESIAN_POINT('',(17.39281776776,7.814375325015,
    -2.017657859207));
#3223 = CARTESIAN_POINT('',(17.322565446825,7.884473973696,
    -2.017622661907));
#3224 = CARTESIAN_POINT('',(17.288887065457,7.911918907123,
    -2.016194948518));
#3225 = CARTESIAN_POINT('',(17.252491533966,7.935917377693,
    -2.013355097938));
#3226 = CARTESIAN_POINT('',(17.21378975976,7.956155610768,
    -2.009071466098));
#3227 = CARTESIAN_POINT('',(17.173238258075,7.972378914021,
    -2.003282607412));
#3228 = CARTESIAN_POINT('',(17.131325250642,7.984399483645,
    -1.99589345186));
#3229 = CARTESIAN_POINT('',(17.076054929107,7.994344785065,
    -1.984099902941));
#3230 = CARTESIAN_POINT('',(17.063488835749,7.996223939602,
    -1.981286005696));
#3231 = CARTESIAN_POINT('',(17.050861828476,7.997731312478,
    -1.978320475335));
#3232 = CARTESIAN_POINT('',(17.038186583744,7.998864380088,
    -1.975199614021));
#3233 = CARTESIAN_POINT('',(17.025475898718,7.999621117809,
    -1.971919430685));
#3234 = CARTESIAN_POINT('',(17.012742691274,8.,-1.968475641038));
#3235 = CARTESIAN_POINT('',(17.,8.,-1.964863667563));
#3236 = PCURVE('',#1779,#3237);
#3237 = DEFINITIONAL_REPRESENTATION('',(#3238),#3259);
#3238 = B_SPLINE_CURVE_WITH_KNOTS('',7,(#3239,#3240,#3241,#3242,#3243,
    #3244,#3245,#3246,#3247,#3248,#3249,#3250,#3251,#3252,#3253,#3254,
    #3255,#3256,#3257,#3258),.UNSPECIFIED.,.F.,.F.,(8,6,6,8),(0.,
    0.500723573126,0.887149697183,1.),.UNSPECIFIED.);
#3239 = CARTESIAN_POINT('',(0.376694413404,0.781836036203));
#3240 = CARTESIAN_POINT('',(0.429968301238,0.787980731576));
#3241 = CARTESIAN_POINT('',(0.486390717447,0.792528000048));
#3242 = CARTESIAN_POINT('',(0.544702827149,0.795935303393));
#3243 = CARTESIAN_POINT('',(0.604267823154,0.798379467172));
#3244 = CARTESIAN_POINT('',(0.664585607743,0.799973798792));
#3245 = CARTESIAN_POINT('',(0.725280866483,0.800767681342));
#3246 = CARTESIAN_POINT('',(0.832844075829,0.800755796747));
#3247 = CARTESIAN_POINT('',(0.879691352342,0.800273615101));
#3248 = CARTESIAN_POINT('',(0.926362572868,0.799315004736));
#3249 = CARTESIAN_POINT('',(0.972676677244,0.797859885775));
#3250 = CARTESIAN_POINT('',(1.018433629795,0.795872179456));
#3251 = CARTESIAN_POINT('',(1.063378767717,0.793287996121));
#3252 = CARTESIAN_POINT('',(1.119920091447,0.789023447962));
#3253 = CARTESIAN_POINT('',(1.132598591334,0.787998404246));
#3254 = CARTESIAN_POINT('',(1.145166509605,0.786909334119));
#3255 = CARTESIAN_POINT('',(1.157613329271,0.785752806612));
#3256 = CARTESIAN_POINT('',(1.169927192452,0.784524848495));
#3257 = CARTESIAN_POINT('',(1.182094900379,0.783220944276));
#3258 = CARTESIAN_POINT('',(1.19410191339,0.781836036203));
#3259 = ( GEOMETRIC_REPRESENTATION_CONTEXT(2) 
PARAMETRIC_REPRESENTATION_CONTEXT() REPRESENTATION_CONTEXT('2D SPACE',''
  ) );
#3260 = PCURVE('',#3261,#3266);
#3261 = CYLINDRICAL_SURFACE('',#3262,0.5);
#3262 = AXIS2_PLACEMENT_3D('',#3263,#3264,#3265);
#3263 = CARTESIAN_POINT('',(17.,7.5,-1.5));
#3264 = DIRECTION('',(0.,0.,1.));
#3265 = DIRECTION('',(-1.,0.,0.));
#3266 = DEFINITIONAL_REPRESENTATION('',(#3267),#3288);
#3267 = B_SPLINE_CURVE_WITH_KNOTS('',7,(#3268,#3269,#3270,#3271,#3272,
    #3273,#3274,#3275,#3276,#3277,#3278,#3279,#3280,#3281,#3282,#3283,
    #3284,#3285,#3286,#3287),.UNSPECIFIED.,.F.,.F.,(8,6,6,8),(0.,
    0.500723573126,0.887149697183,1.),.UNSPECIFIED.);
#3268 = CARTESIAN_POINT('',(-3.14159265359,-0.464863667563));
#3269 = CARTESIAN_POINT('',(-3.028516619618,-0.480889624193));
#3270 = CARTESIAN_POINT('',(-2.915850860645,-0.493599571374));
#3271 = CARTESIAN_POINT('',(-2.803420551343,-0.503408988666));
#3272 = CARTESIAN_POINT('',(-2.691198572788,-0.510586204286));
#3273 = CARTESIAN_POINT('',(-2.579123835504,-0.515306331534));
#3274 = CARTESIAN_POINT('',(-2.467128923521,-0.517657859207));
#3275 = CARTESIAN_POINT('',(-2.268642559823,-0.517622661907));
#3276 = CARTESIAN_POINT('',(-2.182191336832,-0.516194948518));
#3277 = CARTESIAN_POINT('',(-2.095707301475,-0.513355097938));
#3278 = CARTESIAN_POINT('',(-2.009158229218,-0.509071466098));
#3279 = CARTESIAN_POINT('',(-1.922518610823,-0.503282607412));
#3280 = CARTESIAN_POINT('',(-1.835759866753,-0.49589345186));
#3281 = CARTESIAN_POINT('',(-1.723443929096,-0.484099902941));
#3282 = CARTESIAN_POINT('',(-1.698043432383,-0.481286005696));
#3283 = CARTESIAN_POINT('',(-1.67262796073,-0.478320475335));
#3284 = CARTESIAN_POINT('',(-1.647196517893,-0.475199614021));
#3285 = CARTESIAN_POINT('',(-1.621748102758,-0.471919430685));
#3286 = CARTESIAN_POINT('',(-1.596281709343,-0.468475641038));
#3287 = CARTESIAN_POINT('',(-1.570796326795,-0.464863667563));
#3288 = ( GEOMETRIC_REPRESENTATION_CONTEXT(2) 
PARAMETRIC_REPRESENTATION_CONTEXT() REPRESENTATION_CONTEXT('2D SPACE',''
  ) );
#3289 = ORIENTED_EDGE('',*,*,#3290,.T.);
#3290 = EDGE_CURVE('',#3212,#2882,#3291,.T.);
#3291 = SURFACE_CURVE('',#3292,(#3302,#3315),.PCURVE_S1.);
#3292 = B_SPLINE_CURVE_WITH_KNOTS('',8,(#3293,#3294,#3295,#3296,#3297,
    #3298,#3299,#3300,#3301),.UNSPECIFIED.,.F.,.F.,(9,9),(0.,1.),
  .PIECEWISE_BEZIER_KNOTS.);
#3293 = CARTESIAN_POINT('',(17.5,7.5,-1.964863667563));
#3294 = CARTESIAN_POINT('',(17.5,7.456804542064,-1.952619719643));
#3295 = CARTESIAN_POINT('',(17.5,7.41444018132,-1.941804618638));
#3296 = CARTESIAN_POINT('',(17.5,7.373081971495,-1.932514381055));
#3297 = CARTESIAN_POINT('',(17.5,7.333168439828,-1.924932755323));
#3298 = CARTESIAN_POINT('',(17.5,7.295457317408,-1.919269999248));
#3299 = CARTESIAN_POINT('',(17.5,7.260953468062,-1.915705057234));
#3300 = CARTESIAN_POINT('',(17.5,7.231053432019,-1.914213562373));
#3301 = CARTESIAN_POINT('',(17.5,7.207106781187,-1.914213562373));
#3302 = PCURVE('',#1779,#3303);
#3303 = DEFINITIONAL_REPRESENTATION('',(#3304),#3314);
#3304 = B_SPLINE_CURVE_WITH_KNOTS('',8,(#3305,#3306,#3307,#3308,#3309,
    #3310,#3311,#3312,#3313),.UNSPECIFIED.,.F.,.F.,(9,9),(0.,1.),
  .PIECEWISE_BEZIER_KNOTS.);
#3305 = CARTESIAN_POINT('',(0.376694413404,0.781836036203));
#3306 = CARTESIAN_POINT('',(0.335992773982,0.777141444057));
#3307 = CARTESIAN_POINT('',(0.293967145952,0.774016044016));
#3308 = CARTESIAN_POINT('',(0.250271055083,0.772659407449));
#3309 = CARTESIAN_POINT('',(0.204644336297,0.77336601987));
#3310 = CARTESIAN_POINT('',(0.156881691005,0.776522826255));
#3311 = CARTESIAN_POINT('',(0.106870773039,0.782543453962));
#3312 = CARTESIAN_POINT('',(5.450615104122E-02,0.791890615073));
#3313 = CARTESIAN_POINT('',(0.,0.804737854124));
#3314 = ( GEOMETRIC_REPRESENTATION_CONTEXT(2) 
PARAMETRIC_REPRESENTATION_CONTEXT() REPRESENTATION_CONTEXT('2D SPACE',''
  ) );
#3315 = PCURVE('',#2687,#3316);
#3316 = DEFINITIONAL_REPRESENTATION('',(#3317),#3327);
#3317 = B_SPLINE_CURVE_WITH_KNOTS('',8,(#3318,#3319,#3320,#3321,#3322,
    #3323,#3324,#3325,#3326),.UNSPECIFIED.,.F.,.F.,(9,9),(0.,1.),
  .PIECEWISE_BEZIER_KNOTS.);
#3318 = CARTESIAN_POINT('',(0.,-0.464863667563));
#3319 = CARTESIAN_POINT('',(4.319545793629E-02,-0.452619719643));
#3320 = CARTESIAN_POINT('',(8.555981868017E-02,-0.441804618638));
#3321 = CARTESIAN_POINT('',(0.126918028505,-0.432514381055));
#3322 = CARTESIAN_POINT('',(0.166831560172,-0.424932755323));
#3323 = CARTESIAN_POINT('',(0.204542682592,-0.419269999248));
#3324 = CARTESIAN_POINT('',(0.239046531938,-0.415705057234));
#3325 = CARTESIAN_POINT('',(0.268946567981,-0.414213562373));
#3326 = CARTESIAN_POINT('',(0.292893218813,-0.414213562373));
#3327 = ( GEOMETRIC_REPRESENTATION_CONTEXT(2) 
PARAMETRIC_REPRESENTATION_CONTEXT() REPRESENTATION_CONTEXT('2D SPACE',''
  ) );
#3328 = ADVANCED_FACE('',(#3329),#1869,.T.);
#3329 = FACE_BOUND('',#3330,.T.);
#3330 = EDGE_LOOP('',(#3331,#3332,#3333,#3334));
#3331 = ORIENTED_EDGE('',*,*,#3134,.F.);
#3332 = ORIENTED_EDGE('',*,*,#1853,.T.);
#3333 = ORIENTED_EDGE('',*,*,#3109,.T.);
#3334 = ORIENTED_EDGE('',*,*,#3335,.T.);
#3335 = EDGE_CURVE('',#3064,#3135,#3336,.T.);
#3336 = SURFACE_CURVE('',#3337,(#3341,#3348),.PCURVE_S1.);
#3337 = LINE('',#3338,#3339);
#3338 = CARTESIAN_POINT('',(-8.5,8.,-1.914213562373));
#3339 = VECTOR('',#3340,1.);
#3340 = DIRECTION('',(1.,0.,0.));
#3341 = PCURVE('',#1869,#3342);
#3342 = DEFINITIONAL_REPRESENTATION('',(#3343),#3347);
#3343 = LINE('',#3344,#3345);
#3344 = CARTESIAN_POINT('',(8.5,0.646446609407));
#3345 = VECTOR('',#3346,1.);
#3346 = DIRECTION('',(-1.,0.));
#3347 = ( GEOMETRIC_REPRESENTATION_CONTEXT(2) 
PARAMETRIC_REPRESENTATION_CONTEXT() REPRESENTATION_CONTEXT('2D SPACE',''
  ) );
#3348 = PCURVE('',#3091,#3349);
#3349 = DEFINITIONAL_REPRESENTATION('',(#3350),#3354);
#3350 = LINE('',#3351,#3352);
#3351 = CARTESIAN_POINT('',(8.5,-0.414213562373));
#3352 = VECTOR('',#3353,1.);
#3353 = DIRECTION('',(1.,0.));
#3354 = ( GEOMETRIC_REPRESENTATION_CONTEXT(2) 
PARAMETRIC_REPRESENTATION_CONTEXT() REPRESENTATION_CONTEXT('2D SPACE',''
  ) );
#3355 = ADVANCED_FACE('',(#3356),#2301,.T.);
#3356 = FACE_BOUND('',#3357,.T.);
#3357 = EDGE_LOOP('',(#3358,#3381,#3412,#3413));
#3358 = ORIENTED_EDGE('',*,*,#3359,.F.);
#3359 = EDGE_CURVE('',#3360,#2281,#3362,.T.);
#3360 = VERTEX_POINT('',#3361);
#3361 = CARTESIAN_POINT('',(-2.65,0.,-5.5));
#3362 = SEAM_CURVE('',#3363,(#3367,#3374),.PCURVE_S1.);
#3363 = LINE('',#3364,#3365);
#3364 = CARTESIAN_POINT('',(-2.65,0.,-5.5));
#3365 = VECTOR('',#3366,1.);
#3366 = DIRECTION('',(0.,0.,1.));
#3367 = PCURVE('',#2301,#3368);
#3368 = DEFINITIONAL_REPRESENTATION('',(#3369),#3373);
#3369 = LINE('',#3370,#3371);
#3370 = CARTESIAN_POINT('',(6.28318530718,0.));
#3371 = VECTOR('',#3372,1.);
#3372 = DIRECTION('',(0.,-1.));
#3373 = ( GEOMETRIC_REPRESENTATION_CONTEXT(2) 
PARAMETRIC_REPRESENTATION_CONTEXT() REPRESENTATION_CONTEXT('2D SPACE',''
  ) );
#3374 = PCURVE('',#2301,#3375);
#3375 = DEFINITIONAL_REPRESENTATION('',(#3376),#3380);
#3376 = LINE('',#3377,#3378);
#3377 = CARTESIAN_POINT('',(0.,0.));
#3378 = VECTOR('',#3379,1.);
#3379 = DIRECTION('',(0.,-1.));
#3380 = ( GEOMETRIC_REPRESENTATION_CONTEXT(2) 
PARAMETRIC_REPRESENTATION_CONTEXT() REPRESENTATION_CONTEXT('2D SPACE',''
  ) );
#3381 = ORIENTED_EDGE('',*,*,#3382,.F.);
#3382 = EDGE_CURVE('',#3360,#3360,#3383,.T.);
#3383 = SURFACE_CURVE('',#3384,(#3389,#3396),.PCURVE_S1.);
#3384 = CIRCLE('',#3385,2.65);
#3385 = AXIS2_PLACEMENT_3D('',#3386,#3387,#3388);
#3386 = CARTESIAN_POINT('',(0.,0.,-5.5));
#3387 = DIRECTION('',(0.,0.,-1.));
#3388 = DIRECTION('',(-1.,0.,0.));
#3389 = PCURVE('',#2301,#3390);
#3390 = DEFINITIONAL_REPRESENTATION('',(#3391),#3395);
#3391 = LINE('',#3392,#3393);
#3392 = CARTESIAN_POINT('',(0.,0.));
#3393 = VECTOR('',#3394,1.);
#3394 = DIRECTION('',(1.,0.));
#3395 = ( GEOMETRIC_REPRESENTATION_CONTEXT(2) 
PARAMETRIC_REPRESENTATION_CONTEXT() REPRESENTATION_CONTEXT('2D SPACE',''
  ) );
#3396 = PCURVE('',#3397,#3402);
#3397 = PLANE('',#3398);
#3398 = AXIS2_PLACEMENT_3D('',#3399,#3400,#3401);
#3399 = CARTESIAN_POINT('',(0.,1.7E-16,-5.5));
#3400 = DIRECTION('',(0.,0.,1.));
#3401 = DIRECTION('',(1.,0.,0.));
#3402 = DEFINITIONAL_REPRESENTATION('',(#3403),#3411);
#3403 = ( BOUNDED_CURVE() B_SPLINE_CURVE(2,(#3404,#3405,#3406,#3407,
#3408,#3409,#3410),.UNSPECIFIED.,.T.,.F.) B_SPLINE_CURVE_WITH_KNOTS((1,2
    ,2,2,2,1),(-2.094395102393,0.,2.094395102393,4.188790204786,
6.28318530718,8.377580409573),.UNSPECIFIED.) CURVE() 
GEOMETRIC_REPRESENTATION_ITEM() RATIONAL_B_SPLINE_CURVE((1.,0.5,1.,0.5,
1.,0.5,1.)) REPRESENTATION_ITEM('') );
#3404 = CARTESIAN_POINT('',(-2.65,-1.7E-16));
#3405 = CARTESIAN_POINT('',(-2.65,4.589934640058));
#3406 = CARTESIAN_POINT('',(1.325,2.294967320029));
#3407 = CARTESIAN_POINT('',(5.3,4.790628035481E-16));
#3408 = CARTESIAN_POINT('',(1.325,-2.294967320029));
#3409 = CARTESIAN_POINT('',(-2.65,-4.589934640058));
#3410 = CARTESIAN_POINT('',(-2.65,-1.7E-16));
#3411 = ( GEOMETRIC_REPRESENTATION_CONTEXT(2) 
PARAMETRIC_REPRESENTATION_CONTEXT() REPRESENTATION_CONTEXT('2D SPACE',''
  ) );
#3412 = ORIENTED_EDGE('',*,*,#3359,.T.);
#3413 = ORIENTED_EDGE('',*,*,#2280,.T.);
#3414 = ADVANCED_FACE('',(#3415),#2336,.T.);
#3415 = FACE_BOUND('',#3416,.T.);
#3416 = EDGE_LOOP('',(#3417,#3440,#3471,#3472));
#3417 = ORIENTED_EDGE('',*,*,#3418,.F.);
#3418 = EDGE_CURVE('',#3419,#2316,#3421,.T.);
#3419 = VERTEX_POINT('',#3420);
#3420 = CARTESIAN_POINT('',(9.1,0.,-5.5));
#3421 = SEAM_CURVE('',#3422,(#3426,#3433),.PCURVE_S1.);
#3422 = LINE('',#3423,#3424);
#3423 = CARTESIAN_POINT('',(9.1,0.,-5.5));
#3424 = VECTOR('',#3425,1.);
#3425 = DIRECTION('',(0.,0.,1.));
#3426 = PCURVE('',#2336,#3427);
#3427 = DEFINITIONAL_REPRESENTATION('',(#3428),#3432);
#3428 = LINE('',#3429,#3430);
#3429 = CARTESIAN_POINT('',(6.28318530718,0.));
#3430 = VECTOR('',#3431,1.);
#3431 = DIRECTION('',(0.,-1.));
#3432 = ( GEOMETRIC_REPRESENTATION_CONTEXT(2) 
PARAMETRIC_REPRESENTATION_CONTEXT() REPRESENTATION_CONTEXT('2D SPACE',''
  ) );
#3433 = PCURVE('',#2336,#3434);
#3434 = DEFINITIONAL_REPRESENTATION('',(#3435),#3439);
#3435 = LINE('',#3436,#3437);
#3436 = CARTESIAN_POINT('',(0.,0.));
#3437 = VECTOR('',#3438,1.);
#3438 = DIRECTION('',(0.,-1.));
#3439 = ( GEOMETRIC_REPRESENTATION_CONTEXT(2) 
PARAMETRIC_REPRESENTATION_CONTEXT() REPRESENTATION_CONTEXT('2D SPACE',''
  ) );
#3440 = ORIENTED_EDGE('',*,*,#3441,.F.);
#3441 = EDGE_CURVE('',#3419,#3419,#3442,.T.);
#3442 = SURFACE_CURVE('',#3443,(#3448,#3455),.PCURVE_S1.);
#3443 = CIRCLE('',#3444,2.65);
#3444 = AXIS2_PLACEMENT_3D('',#3445,#3446,#3447);
#3445 = CARTESIAN_POINT('',(11.75,0.,-5.5));
#3446 = DIRECTION('',(0.,0.,-1.));
#3447 = DIRECTION('',(-1.,0.,0.));
#3448 = PCURVE('',#2336,#3449);
#3449 = DEFINITIONAL_REPRESENTATION('',(#3450),#3454);
#3450 = LINE('',#3451,#3452);
#3451 = CARTESIAN_POINT('',(0.,0.));
#3452 = VECTOR('',#3453,1.);
#3453 = DIRECTION('',(1.,0.));
#3454 = ( GEOMETRIC_REPRESENTATION_CONTEXT(2) 
PARAMETRIC_REPRESENTATION_CONTEXT() REPRESENTATION_CONTEXT('2D SPACE',''
  ) );
#3455 = PCURVE('',#3456,#3461);
#3456 = PLANE('',#3457);
#3457 = AXIS2_PLACEMENT_3D('',#3458,#3459,#3460);
#3458 = CARTESIAN_POINT('',(11.75,1.7E-16,-5.5));
#3459 = DIRECTION('',(0.,0.,1.));
#3460 = DIRECTION('',(1.,0.,0.));
#3461 = DEFINITIONAL_REPRESENTATION('',(#3462),#3470);
#3462 = ( BOUNDED_CURVE() B_SPLINE_CURVE(2,(#3463,#3464,#3465,#3466,
#3467,#3468,#3469),.UNSPECIFIED.,.T.,.F.) B_SPLINE_CURVE_WITH_KNOTS((1,2
    ,2,2,2,1),(-2.094395102393,0.,2.094395102393,4.188790204786,
6.28318530718,8.377580409573),.UNSPECIFIED.) CURVE() 
GEOMETRIC_REPRESENTATION_ITEM() RATIONAL_B_SPLINE_CURVE((1.,0.5,1.,0.5,
1.,0.5,1.)) REPRESENTATION_ITEM('') );
#3463 = CARTESIAN_POINT('',(-2.65,-1.7E-16));
#3464 = CARTESIAN_POINT('',(-2.65,4.589934640058));
#3465 = CARTESIAN_POINT('',(1.325,2.294967320029));
#3466 = CARTESIAN_POINT('',(5.3,4.790628035481E-16));
#3467 = CARTESIAN_POINT('',(1.325,-2.294967320029));
#3468 = CARTESIAN_POINT('',(-2.65,-4.589934640058));
#3469 = CARTESIAN_POINT('',(-2.65,-1.7E-16));
#3470 = ( GEOMETRIC_REPRESENTATION_CONTEXT(2) 
PARAMETRIC_REPRESENTATION_CONTEXT() REPRESENTATION_CONTEXT('2D SPACE',''
  ) );
#3471 = ORIENTED_EDGE('',*,*,#3418,.T.);
#3472 = ORIENTED_EDGE('',*,*,#2315,.T.);
#3473 = ADVANCED_FACE('',(#3474),#2388,.T.);
#3474 = FACE_BOUND('',#3475,.T.);
#3475 = EDGE_LOOP('',(#3476,#3499,#3527,#3548,#3549,#3550));
#3476 = ORIENTED_EDGE('',*,*,#3477,.T.);
#3477 = EDGE_CURVE('',#2711,#3478,#3480,.T.);
#3478 = VERTEX_POINT('',#3479);
#3479 = CARTESIAN_POINT('',(17.,-8.,-3.5));
#3480 = SURFACE_CURVE('',#3481,(#3485,#3492),.PCURVE_S1.);
#3481 = LINE('',#3482,#3483);
#3482 = CARTESIAN_POINT('',(17.,-8.,-1.5));
#3483 = VECTOR('',#3484,1.);
#3484 = DIRECTION('',(0.,0.,-1.));
#3485 = PCURVE('',#2388,#3486);
#3486 = DEFINITIONAL_REPRESENTATION('',(#3487),#3491);
#3487 = LINE('',#3488,#3489);
#3488 = CARTESIAN_POINT('',(0.,0.));
#3489 = VECTOR('',#3490,1.);
#3490 = DIRECTION('',(0.,-1.));
#3491 = ( GEOMETRIC_REPRESENTATION_CONTEXT(2) 
PARAMETRIC_REPRESENTATION_CONTEXT() REPRESENTATION_CONTEXT('2D SPACE',''
  ) );
#3492 = PCURVE('',#2760,#3493);
#3493 = DEFINITIONAL_REPRESENTATION('',(#3494),#3498);
#3494 = LINE('',#3495,#3496);
#3495 = CARTESIAN_POINT('',(-4.712388980385,0.));
#3496 = VECTOR('',#3497,1.);
#3497 = DIRECTION('',(-0.,-1.));
#3498 = ( GEOMETRIC_REPRESENTATION_CONTEXT(2) 
PARAMETRIC_REPRESENTATION_CONTEXT() REPRESENTATION_CONTEXT('2D SPACE',''
  ) );
#3499 = ORIENTED_EDGE('',*,*,#3500,.T.);
#3500 = EDGE_CURVE('',#3478,#3501,#3503,.T.);
#3501 = VERTEX_POINT('',#3502);
#3502 = CARTESIAN_POINT('',(-17.,-8.,-3.5));
#3503 = SURFACE_CURVE('',#3504,(#3508,#3515),.PCURVE_S1.);
#3504 = LINE('',#3505,#3506);
#3505 = CARTESIAN_POINT('',(17.,-8.,-3.5));
#3506 = VECTOR('',#3507,1.);
#3507 = DIRECTION('',(-1.,0.,0.));
#3508 = PCURVE('',#2388,#3509);
#3509 = DEFINITIONAL_REPRESENTATION('',(#3510),#3514);
#3510 = LINE('',#3511,#3512);
#3511 = CARTESIAN_POINT('',(0.,-2.));
#3512 = VECTOR('',#3513,1.);
#3513 = DIRECTION('',(1.,0.));
#3514 = ( GEOMETRIC_REPRESENTATION_CONTEXT(2) 
PARAMETRIC_REPRESENTATION_CONTEXT() REPRESENTATION_CONTEXT('2D SPACE',''
  ) );
#3515 = PCURVE('',#3516,#3521);
#3516 = PLANE('',#3517);
#3517 = AXIS2_PLACEMENT_3D('',#3518,#3519,#3520);
#3518 = CARTESIAN_POINT('',(-1.1E-16,-7.8E-16,-3.5));
#3519 = DIRECTION('',(0.,0.,1.));
#3520 = DIRECTION('',(1.,0.,0.));
#3521 = DEFINITIONAL_REPRESENTATION('',(#3522),#3526);
#3522 = LINE('',#3523,#3524);
#3523 = CARTESIAN_POINT('',(17.,-8.));
#3524 = VECTOR('',#3525,1.);
#3525 = DIRECTION('',(-1.,0.));
#3526 = ( GEOMETRIC_REPRESENTATION_CONTEXT(2) 
PARAMETRIC_REPRESENTATION_CONTEXT() REPRESENTATION_CONTEXT('2D SPACE',''
  ) );
#3527 = ORIENTED_EDGE('',*,*,#3528,.F.);
#3528 = EDGE_CURVE('',#2447,#3501,#3529,.T.);
#3529 = SURFACE_CURVE('',#3530,(#3534,#3541),.PCURVE_S1.);
#3530 = LINE('',#3531,#3532);
#3531 = CARTESIAN_POINT('',(-17.,-8.,-1.5));
#3532 = VECTOR('',#3533,1.);
#3533 = DIRECTION('',(0.,0.,-1.));
#3534 = PCURVE('',#2388,#3535);
#3535 = DEFINITIONAL_REPRESENTATION('',(#3536),#3540);
#3536 = LINE('',#3537,#3538);
#3537 = CARTESIAN_POINT('',(34.,0.));
#3538 = VECTOR('',#3539,1.);
#3539 = DIRECTION('',(0.,-1.));
#3540 = ( GEOMETRIC_REPRESENTATION_CONTEXT(2) 
PARAMETRIC_REPRESENTATION_CONTEXT() REPRESENTATION_CONTEXT('2D SPACE',''
  ) );
#3541 = PCURVE('',#2552,#3542);
#3542 = DEFINITIONAL_REPRESENTATION('',(#3543),#3547);
#3543 = LINE('',#3544,#3545);
#3544 = CARTESIAN_POINT('',(-4.712388980385,0.));
#3545 = VECTOR('',#3546,1.);
#3546 = DIRECTION('',(-0.,-1.));
#3547 = ( GEOMETRIC_REPRESENTATION_CONTEXT(2) 
PARAMETRIC_REPRESENTATION_CONTEXT() REPRESENTATION_CONTEXT('2D SPACE',''
  ) );
#3548 = ORIENTED_EDGE('',*,*,#2446,.F.);
#3549 = ORIENTED_EDGE('',*,*,#2372,.F.);
#3550 = ORIENTED_EDGE('',*,*,#2789,.F.);
#3551 = ADVANCED_FACE('',(#3552),#2552,.F.);
#3552 = FACE_BOUND('',#3553,.T.);
#3553 = EDGE_LOOP('',(#3554,#3577,#3578,#3579));
#3554 = ORIENTED_EDGE('',*,*,#3555,.F.);
#3555 = EDGE_CURVE('',#2503,#3556,#3558,.T.);
#3556 = VERTEX_POINT('',#3557);
#3557 = CARTESIAN_POINT('',(-17.5,-7.5,-3.5));
#3558 = SURFACE_CURVE('',#3559,(#3563,#3570),.PCURVE_S1.);
#3559 = LINE('',#3560,#3561);
#3560 = CARTESIAN_POINT('',(-17.5,-7.5,-1.5));
#3561 = VECTOR('',#3562,1.);
#3562 = DIRECTION('',(0.,0.,-1.));
#3563 = PCURVE('',#2552,#3564);
#3564 = DEFINITIONAL_REPRESENTATION('',(#3565),#3569);
#3565 = LINE('',#3566,#3567);
#3566 = CARTESIAN_POINT('',(-6.28318530718,0.));
#3567 = VECTOR('',#3568,1.);
#3568 = DIRECTION('',(-0.,-1.));
#3569 = ( GEOMETRIC_REPRESENTATION_CONTEXT(2) 
PARAMETRIC_REPRESENTATION_CONTEXT() REPRESENTATION_CONTEXT('2D SPACE',''
  ) );
#3570 = PCURVE('',#2607,#3571);
#3571 = DEFINITIONAL_REPRESENTATION('',(#3572),#3576);
#3572 = LINE('',#3573,#3574);
#3573 = CARTESIAN_POINT('',(0.,0.));
#3574 = VECTOR('',#3575,1.);
#3575 = DIRECTION('',(0.,-1.));
#3576 = ( GEOMETRIC_REPRESENTATION_CONTEXT(2) 
PARAMETRIC_REPRESENTATION_CONTEXT() REPRESENTATION_CONTEXT('2D SPACE',''
  ) );
#3577 = ORIENTED_EDGE('',*,*,#2502,.T.);
#3578 = ORIENTED_EDGE('',*,*,#3528,.T.);
#3579 = ORIENTED_EDGE('',*,*,#3580,.T.);
#3580 = EDGE_CURVE('',#3501,#3556,#3581,.T.);
#3581 = SURFACE_CURVE('',#3582,(#3587,#3594),.PCURVE_S1.);
#3582 = CIRCLE('',#3583,0.5);
#3583 = AXIS2_PLACEMENT_3D('',#3584,#3585,#3586);
#3584 = CARTESIAN_POINT('',(-17.,-7.5,-3.5));
#3585 = DIRECTION('',(0.,0.,-1.));
#3586 = DIRECTION('',(-1.,0.,0.));
#3587 = PCURVE('',#2552,#3588);
#3588 = DEFINITIONAL_REPRESENTATION('',(#3589),#3593);
#3589 = LINE('',#3590,#3591);
#3590 = CARTESIAN_POINT('',(-0.,-2.));
#3591 = VECTOR('',#3592,1.);
#3592 = DIRECTION('',(-1.,0.));
#3593 = ( GEOMETRIC_REPRESENTATION_CONTEXT(2) 
PARAMETRIC_REPRESENTATION_CONTEXT() REPRESENTATION_CONTEXT('2D SPACE',''
  ) );
#3594 = PCURVE('',#3516,#3595);
#3595 = DEFINITIONAL_REPRESENTATION('',(#3596),#3604);
#3596 = ( BOUNDED_CURVE() B_SPLINE_CURVE(2,(#3597,#3598,#3599,#3600,
#3601,#3602,#3603),.UNSPECIFIED.,.T.,.F.) B_SPLINE_CURVE_WITH_KNOTS((1,2
    ,2,2,2,1),(-2.094395102393,0.,2.094395102393,4.188790204786,
6.28318530718,8.377580409573),.UNSPECIFIED.) CURVE() 
GEOMETRIC_REPRESENTATION_ITEM() RATIONAL_B_SPLINE_CURVE((1.,0.5,1.,0.5,
1.,0.5,1.)) REPRESENTATION_ITEM('') );
#3597 = CARTESIAN_POINT('',(-17.5,-7.5));
#3598 = CARTESIAN_POINT('',(-17.5,-6.633974596216));
#3599 = CARTESIAN_POINT('',(-16.75,-7.066987298108));
#3600 = CARTESIAN_POINT('',(-16.,-7.5));
#3601 = CARTESIAN_POINT('',(-16.75,-7.933012701892));
#3602 = CARTESIAN_POINT('',(-17.5,-8.366025403784));
#3603 = CARTESIAN_POINT('',(-17.5,-7.5));
#3604 = ( GEOMETRIC_REPRESENTATION_CONTEXT(2) 
PARAMETRIC_REPRESENTATION_CONTEXT() REPRESENTATION_CONTEXT('2D SPACE',''
  ) );
#3605 = ADVANCED_FACE('',(#3606),#2607,.T.);
#3606 = FACE_BOUND('',#3607,.T.);
#3607 = EDGE_LOOP('',(#3608,#3631,#3632,#3633,#3634,#3635));
#3608 = ORIENTED_EDGE('',*,*,#3609,.F.);
#3609 = EDGE_CURVE('',#2929,#3610,#3612,.T.);
#3610 = VERTEX_POINT('',#3611);
#3611 = CARTESIAN_POINT('',(-17.5,7.5,-3.5));
#3612 = SURFACE_CURVE('',#3613,(#3617,#3624),.PCURVE_S1.);
#3613 = LINE('',#3614,#3615);
#3614 = CARTESIAN_POINT('',(-17.5,7.5,-1.5));
#3615 = VECTOR('',#3616,1.);
#3616 = DIRECTION('',(0.,0.,-1.));
#3617 = PCURVE('',#2607,#3618);
#3618 = DEFINITIONAL_REPRESENTATION('',(#3619),#3623);
#3619 = LINE('',#3620,#3621);
#3620 = CARTESIAN_POINT('',(15.,0.));
#3621 = VECTOR('',#3622,1.);
#3622 = DIRECTION('',(0.,-1.));
#3623 = ( GEOMETRIC_REPRESENTATION_CONTEXT(2) 
PARAMETRIC_REPRESENTATION_CONTEXT() REPRESENTATION_CONTEXT('2D SPACE',''
  ) );
#3624 = PCURVE('',#3034,#3625);
#3625 = DEFINITIONAL_REPRESENTATION('',(#3626),#3630);
#3626 = LINE('',#3627,#3628);
#3627 = CARTESIAN_POINT('',(-0.,0.));
#3628 = VECTOR('',#3629,1.);
#3629 = DIRECTION('',(-0.,-1.));
#3630 = ( GEOMETRIC_REPRESENTATION_CONTEXT(2) 
PARAMETRIC_REPRESENTATION_CONTEXT() REPRESENTATION_CONTEXT('2D SPACE',''
  ) );
#3631 = ORIENTED_EDGE('',*,*,#2928,.F.);
#3632 = ORIENTED_EDGE('',*,*,#2835,.F.);
#3633 = ORIENTED_EDGE('',*,*,#2581,.F.);
#3634 = ORIENTED_EDGE('',*,*,#3555,.T.);
#3635 = ORIENTED_EDGE('',*,*,#3636,.T.);
#3636 = EDGE_CURVE('',#3556,#3610,#3637,.T.);
#3637 = SURFACE_CURVE('',#3638,(#3642,#3649),.PCURVE_S1.);
#3638 = LINE('',#3639,#3640);
#3639 = CARTESIAN_POINT('',(-17.5,-7.5,-3.5));
#3640 = VECTOR('',#3641,1.);
#3641 = DIRECTION('',(0.,1.,0.));
#3642 = PCURVE('',#2607,#3643);
#3643 = DEFINITIONAL_REPRESENTATION('',(#3644),#3648);
#3644 = LINE('',#3645,#3646);
#3645 = CARTESIAN_POINT('',(0.,-2.));
#3646 = VECTOR('',#3647,1.);
#3647 = DIRECTION('',(1.,0.));
#3648 = ( GEOMETRIC_REPRESENTATION_CONTEXT(2) 
PARAMETRIC_REPRESENTATION_CONTEXT() REPRESENTATION_CONTEXT('2D SPACE',''
  ) );
#3649 = PCURVE('',#3516,#3650);
#3650 = DEFINITIONAL_REPRESENTATION('',(#3651),#3655);
#3651 = LINE('',#3652,#3653);
#3652 = CARTESIAN_POINT('',(-17.5,-7.5));
#3653 = VECTOR('',#3654,1.);
#3654 = DIRECTION('',(0.,1.));
#3655 = ( GEOMETRIC_REPRESENTATION_CONTEXT(2) 
PARAMETRIC_REPRESENTATION_CONTEXT() REPRESENTATION_CONTEXT('2D SPACE',''
  ) );
#3656 = ADVANCED_FACE('',(#3657),#2687,.T.);
#3657 = FACE_BOUND('',#3658,.T.);
#3658 = EDGE_LOOP('',(#3659,#3682,#3683,#3684,#3685,#3708));
#3659 = ORIENTED_EDGE('',*,*,#3660,.F.);
#3660 = EDGE_CURVE('',#2650,#3661,#3663,.T.);
#3661 = VERTEX_POINT('',#3662);
#3662 = CARTESIAN_POINT('',(17.5,-7.5,-3.5));
#3663 = SURFACE_CURVE('',#3664,(#3668,#3675),.PCURVE_S1.);
#3664 = LINE('',#3665,#3666);
#3665 = CARTESIAN_POINT('',(17.5,-7.5,-1.5));
#3666 = VECTOR('',#3667,1.);
#3667 = DIRECTION('',(0.,0.,-1.));
#3668 = PCURVE('',#2687,#3669);
#3669 = DEFINITIONAL_REPRESENTATION('',(#3670),#3674);
#3670 = LINE('',#3671,#3672);
#3671 = CARTESIAN_POINT('',(15.,0.));
#3672 = VECTOR('',#3673,1.);
#3673 = DIRECTION('',(0.,-1.));
#3674 = ( GEOMETRIC_REPRESENTATION_CONTEXT(2) 
PARAMETRIC_REPRESENTATION_CONTEXT() REPRESENTATION_CONTEXT('2D SPACE',''
  ) );
#3675 = PCURVE('',#2760,#3676);
#3676 = DEFINITIONAL_REPRESENTATION('',(#3677),#3681);
#3677 = LINE('',#3678,#3679);
#3678 = CARTESIAN_POINT('',(-3.14159265359,0.));
#3679 = VECTOR('',#3680,1.);
#3680 = DIRECTION('',(-0.,-1.));
#3681 = ( GEOMETRIC_REPRESENTATION_CONTEXT(2) 
PARAMETRIC_REPRESENTATION_CONTEXT() REPRESENTATION_CONTEXT('2D SPACE',''
  ) );
#3682 = ORIENTED_EDGE('',*,*,#2649,.F.);
#3683 = ORIENTED_EDGE('',*,*,#2902,.F.);
#3684 = ORIENTED_EDGE('',*,*,#3290,.F.);
#3685 = ORIENTED_EDGE('',*,*,#3686,.T.);
#3686 = EDGE_CURVE('',#3212,#3687,#3689,.T.);
#3687 = VERTEX_POINT('',#3688);
#3688 = CARTESIAN_POINT('',(17.5,7.5,-3.5));
#3689 = SURFACE_CURVE('',#3690,(#3694,#3701),.PCURVE_S1.);
#3690 = LINE('',#3691,#3692);
#3691 = CARTESIAN_POINT('',(17.5,7.5,-1.5));
#3692 = VECTOR('',#3693,1.);
#3693 = DIRECTION('',(0.,0.,-1.));
#3694 = PCURVE('',#2687,#3695);
#3695 = DEFINITIONAL_REPRESENTATION('',(#3696),#3700);
#3696 = LINE('',#3697,#3698);
#3697 = CARTESIAN_POINT('',(0.,0.));
#3698 = VECTOR('',#3699,1.);
#3699 = DIRECTION('',(0.,-1.));
#3700 = ( GEOMETRIC_REPRESENTATION_CONTEXT(2) 
PARAMETRIC_REPRESENTATION_CONTEXT() REPRESENTATION_CONTEXT('2D SPACE',''
  ) );
#3701 = PCURVE('',#3261,#3702);
#3702 = DEFINITIONAL_REPRESENTATION('',(#3703),#3707);
#3703 = LINE('',#3704,#3705);
#3704 = CARTESIAN_POINT('',(-3.14159265359,0.));
#3705 = VECTOR('',#3706,1.);
#3706 = DIRECTION('',(-0.,-1.));
#3707 = ( GEOMETRIC_REPRESENTATION_CONTEXT(2) 
PARAMETRIC_REPRESENTATION_CONTEXT() REPRESENTATION_CONTEXT('2D SPACE',''
  ) );
#3708 = ORIENTED_EDGE('',*,*,#3709,.T.);
#3709 = EDGE_CURVE('',#3687,#3661,#3710,.T.);
#3710 = SURFACE_CURVE('',#3711,(#3715,#3722),.PCURVE_S1.);
#3711 = LINE('',#3712,#3713);
#3712 = CARTESIAN_POINT('',(17.5,7.5,-3.5));
#3713 = VECTOR('',#3714,1.);
#3714 = DIRECTION('',(0.,-1.,0.));
#3715 = PCURVE('',#2687,#3716);
#3716 = DEFINITIONAL_REPRESENTATION('',(#3717),#3721);
#3717 = LINE('',#3718,#3719);
#3718 = CARTESIAN_POINT('',(0.,-2.));
#3719 = VECTOR('',#3720,1.);
#3720 = DIRECTION('',(1.,0.));
#3721 = ( GEOMETRIC_REPRESENTATION_CONTEXT(2) 
PARAMETRIC_REPRESENTATION_CONTEXT() REPRESENTATION_CONTEXT('2D SPACE',''
  ) );
#3722 = PCURVE('',#3516,#3723);
#3723 = DEFINITIONAL_REPRESENTATION('',(#3724),#3728);
#3724 = LINE('',#3725,#3726);
#3725 = CARTESIAN_POINT('',(17.5,7.5));
#3726 = VECTOR('',#3727,1.);
#3727 = DIRECTION('',(0.,-1.));
#3728 = ( GEOMETRIC_REPRESENTATION_CONTEXT(2) 
PARAMETRIC_REPRESENTATION_CONTEXT() REPRESENTATION_CONTEXT('2D SPACE',''
  ) );
#3729 = ADVANCED_FACE('',(#3730),#2760,.F.);
#3730 = FACE_BOUND('',#3731,.T.);
#3731 = EDGE_LOOP('',(#3732,#3758,#3759,#3760));
#3732 = ORIENTED_EDGE('',*,*,#3733,.T.);
#3733 = EDGE_CURVE('',#3661,#3478,#3734,.T.);
#3734 = SURFACE_CURVE('',#3735,(#3740,#3747),.PCURVE_S1.);
#3735 = CIRCLE('',#3736,0.5);
#3736 = AXIS2_PLACEMENT_3D('',#3737,#3738,#3739);
#3737 = CARTESIAN_POINT('',(17.,-7.5,-3.5));
#3738 = DIRECTION('',(0.,0.,-1.));
#3739 = DIRECTION('',(-1.,0.,0.));
#3740 = PCURVE('',#2760,#3741);
#3741 = DEFINITIONAL_REPRESENTATION('',(#3742),#3746);
#3742 = LINE('',#3743,#3744);
#3743 = CARTESIAN_POINT('',(-0.,-2.));
#3744 = VECTOR('',#3745,1.);
#3745 = DIRECTION('',(-1.,0.));
#3746 = ( GEOMETRIC_REPRESENTATION_CONTEXT(2) 
PARAMETRIC_REPRESENTATION_CONTEXT() REPRESENTATION_CONTEXT('2D SPACE',''
  ) );
#3747 = PCURVE('',#3516,#3748);
#3748 = DEFINITIONAL_REPRESENTATION('',(#3749),#3757);
#3749 = ( BOUNDED_CURVE() B_SPLINE_CURVE(2,(#3750,#3751,#3752,#3753,
#3754,#3755,#3756),.UNSPECIFIED.,.T.,.F.) B_SPLINE_CURVE_WITH_KNOTS((1,2
    ,2,2,2,1),(-2.094395102393,0.,2.094395102393,4.188790204786,
6.28318530718,8.377580409573),.UNSPECIFIED.) CURVE() 
GEOMETRIC_REPRESENTATION_ITEM() RATIONAL_B_SPLINE_CURVE((1.,0.5,1.,0.5,
1.,0.5,1.)) REPRESENTATION_ITEM('') );
#3750 = CARTESIAN_POINT('',(16.5,-7.5));
#3751 = CARTESIAN_POINT('',(16.5,-6.633974596216));
#3752 = CARTESIAN_POINT('',(17.25,-7.066987298108));
#3753 = CARTESIAN_POINT('',(18.,-7.5));
#3754 = CARTESIAN_POINT('',(17.25,-7.933012701892));
#3755 = CARTESIAN_POINT('',(16.5,-8.366025403784));
#3756 = CARTESIAN_POINT('',(16.5,-7.5));
#3757 = ( GEOMETRIC_REPRESENTATION_CONTEXT(2) 
PARAMETRIC_REPRESENTATION_CONTEXT() REPRESENTATION_CONTEXT('2D SPACE',''
  ) );
#3758 = ORIENTED_EDGE('',*,*,#3477,.F.);
#3759 = ORIENTED_EDGE('',*,*,#2710,.T.);
#3760 = ORIENTED_EDGE('',*,*,#3660,.T.);
#3761 = ADVANCED_FACE('',(#3762),#3034,.F.);
#3762 = FACE_BOUND('',#3763,.T.);
#3763 = EDGE_LOOP('',(#3764,#3787,#3788,#3789));
#3764 = ORIENTED_EDGE('',*,*,#3765,.F.);
#3765 = EDGE_CURVE('',#2985,#3766,#3768,.T.);
#3766 = VERTEX_POINT('',#3767);
#3767 = CARTESIAN_POINT('',(-17.,8.,-3.5));
#3768 = SURFACE_CURVE('',#3769,(#3773,#3780),.PCURVE_S1.);
#3769 = LINE('',#3770,#3771);
#3770 = CARTESIAN_POINT('',(-17.,8.,-1.5));
#3771 = VECTOR('',#3772,1.);
#3772 = DIRECTION('',(0.,0.,-1.));
#3773 = PCURVE('',#3034,#3774);
#3774 = DEFINITIONAL_REPRESENTATION('',(#3775),#3779);
#3775 = LINE('',#3776,#3777);
#3776 = CARTESIAN_POINT('',(-1.570796326795,0.));
#3777 = VECTOR('',#3778,1.);
#3778 = DIRECTION('',(-0.,-1.));
#3779 = ( GEOMETRIC_REPRESENTATION_CONTEXT(2) 
PARAMETRIC_REPRESENTATION_CONTEXT() REPRESENTATION_CONTEXT('2D SPACE',''
  ) );
#3780 = PCURVE('',#3091,#3781);
#3781 = DEFINITIONAL_REPRESENTATION('',(#3782),#3786);
#3782 = LINE('',#3783,#3784);
#3783 = CARTESIAN_POINT('',(0.,0.));
#3784 = VECTOR('',#3785,1.);
#3785 = DIRECTION('',(0.,-1.));
#3786 = ( GEOMETRIC_REPRESENTATION_CONTEXT(2) 
PARAMETRIC_REPRESENTATION_CONTEXT() REPRESENTATION_CONTEXT('2D SPACE',''
  ) );
#3787 = ORIENTED_EDGE('',*,*,#2984,.T.);
#3788 = ORIENTED_EDGE('',*,*,#3609,.T.);
#3789 = ORIENTED_EDGE('',*,*,#3790,.T.);
#3790 = EDGE_CURVE('',#3610,#3766,#3791,.T.);
#3791 = SURFACE_CURVE('',#3792,(#3797,#3804),.PCURVE_S1.);
#3792 = CIRCLE('',#3793,0.5);
#3793 = AXIS2_PLACEMENT_3D('',#3794,#3795,#3796);
#3794 = CARTESIAN_POINT('',(-17.,7.5,-3.5));
#3795 = DIRECTION('',(0.,0.,-1.));
#3796 = DIRECTION('',(-1.,0.,0.));
#3797 = PCURVE('',#3034,#3798);
#3798 = DEFINITIONAL_REPRESENTATION('',(#3799),#3803);
#3799 = LINE('',#3800,#3801);
#3800 = CARTESIAN_POINT('',(-0.,-2.));
#3801 = VECTOR('',#3802,1.);
#3802 = DIRECTION('',(-1.,0.));
#3803 = ( GEOMETRIC_REPRESENTATION_CONTEXT(2) 
PARAMETRIC_REPRESENTATION_CONTEXT() REPRESENTATION_CONTEXT('2D SPACE',''
  ) );
#3804 = PCURVE('',#3516,#3805);
#3805 = DEFINITIONAL_REPRESENTATION('',(#3806),#3814);
#3806 = ( BOUNDED_CURVE() B_SPLINE_CURVE(2,(#3807,#3808,#3809,#3810,
#3811,#3812,#3813),.UNSPECIFIED.,.T.,.F.) B_SPLINE_CURVE_WITH_KNOTS((1,2
    ,2,2,2,1),(-2.094395102393,0.,2.094395102393,4.188790204786,
6.28318530718,8.377580409573),.UNSPECIFIED.) CURVE() 
GEOMETRIC_REPRESENTATION_ITEM() RATIONAL_B_SPLINE_CURVE((1.,0.5,1.,0.5,
1.,0.5,1.)) REPRESENTATION_ITEM('') );
#3807 = CARTESIAN_POINT('',(-17.5,7.5));
#3808 = CARTESIAN_POINT('',(-17.5,8.366025403784));
#3809 = CARTESIAN_POINT('',(-16.75,7.933012701892));
#3810 = CARTESIAN_POINT('',(-16.,7.5));
#3811 = CARTESIAN_POINT('',(-16.75,7.066987298108));
#3812 = CARTESIAN_POINT('',(-17.5,6.633974596216));
#3813 = CARTESIAN_POINT('',(-17.5,7.5));
#3814 = ( GEOMETRIC_REPRESENTATION_CONTEXT(2) 
PARAMETRIC_REPRESENTATION_CONTEXT() REPRESENTATION_CONTEXT('2D SPACE',''
  ) );
#3815 = ADVANCED_FACE('',(#3816),#3091,.T.);
#3816 = FACE_BOUND('',#3817,.T.);
#3817 = EDGE_LOOP('',(#3818,#3841,#3842,#3843,#3844,#3845));
#3818 = ORIENTED_EDGE('',*,*,#3819,.F.);
#3819 = EDGE_CURVE('',#3156,#3820,#3822,.T.);
#3820 = VERTEX_POINT('',#3821);
#3821 = CARTESIAN_POINT('',(17.,8.,-3.5));
#3822 = SURFACE_CURVE('',#3823,(#3827,#3834),.PCURVE_S1.);
#3823 = LINE('',#3824,#3825);
#3824 = CARTESIAN_POINT('',(17.,8.,-1.5));
#3825 = VECTOR('',#3826,1.);
#3826 = DIRECTION('',(0.,0.,-1.));
#3827 = PCURVE('',#3091,#3828);
#3828 = DEFINITIONAL_REPRESENTATION('',(#3829),#3833);
#3829 = LINE('',#3830,#3831);
#3830 = CARTESIAN_POINT('',(34.,0.));
#3831 = VECTOR('',#3832,1.);
#3832 = DIRECTION('',(0.,-1.));
#3833 = ( GEOMETRIC_REPRESENTATION_CONTEXT(2) 
PARAMETRIC_REPRESENTATION_CONTEXT() REPRESENTATION_CONTEXT('2D SPACE',''
  ) );
#3834 = PCURVE('',#3261,#3835);
#3835 = DEFINITIONAL_REPRESENTATION('',(#3836),#3840);
#3836 = LINE('',#3837,#3838);
#3837 = CARTESIAN_POINT('',(-1.570796326795,0.));
#3838 = VECTOR('',#3839,1.);
#3839 = DIRECTION('',(-0.,-1.));
#3840 = ( GEOMETRIC_REPRESENTATION_CONTEXT(2) 
PARAMETRIC_REPRESENTATION_CONTEXT() REPRESENTATION_CONTEXT('2D SPACE',''
  ) );
#3841 = ORIENTED_EDGE('',*,*,#3155,.F.);
#3842 = ORIENTED_EDGE('',*,*,#3335,.F.);
#3843 = ORIENTED_EDGE('',*,*,#3063,.F.);
#3844 = ORIENTED_EDGE('',*,*,#3765,.T.);
#3845 = ORIENTED_EDGE('',*,*,#3846,.T.);
#3846 = EDGE_CURVE('',#3766,#3820,#3847,.T.);
#3847 = SURFACE_CURVE('',#3848,(#3852,#3859),.PCURVE_S1.);
#3848 = LINE('',#3849,#3850);
#3849 = CARTESIAN_POINT('',(-17.,8.,-3.5));
#3850 = VECTOR('',#3851,1.);
#3851 = DIRECTION('',(1.,0.,0.));
#3852 = PCURVE('',#3091,#3853);
#3853 = DEFINITIONAL_REPRESENTATION('',(#3854),#3858);
#3854 = LINE('',#3855,#3856);
#3855 = CARTESIAN_POINT('',(0.,-2.));
#3856 = VECTOR('',#3857,1.);
#3857 = DIRECTION('',(1.,0.));
#3858 = ( GEOMETRIC_REPRESENTATION_CONTEXT(2) 
PARAMETRIC_REPRESENTATION_CONTEXT() REPRESENTATION_CONTEXT('2D SPACE',''
  ) );
#3859 = PCURVE('',#3516,#3860);
#3860 = DEFINITIONAL_REPRESENTATION('',(#3861),#3865);
#3861 = LINE('',#3862,#3863);
#3862 = CARTESIAN_POINT('',(-17.,8.));
#3863 = VECTOR('',#3864,1.);
#3864 = DIRECTION('',(1.,0.));
#3865 = ( GEOMETRIC_REPRESENTATION_CONTEXT(2) 
PARAMETRIC_REPRESENTATION_CONTEXT() REPRESENTATION_CONTEXT('2D SPACE',''
  ) );
#3866 = ADVANCED_FACE('',(#3867),#3261,.F.);
#3867 = FACE_BOUND('',#3868,.T.);
#3868 = EDGE_LOOP('',(#3869,#3870,#3871,#3872));
#3869 = ORIENTED_EDGE('',*,*,#3686,.F.);
#3870 = ORIENTED_EDGE('',*,*,#3211,.T.);
#3871 = ORIENTED_EDGE('',*,*,#3819,.T.);
#3872 = ORIENTED_EDGE('',*,*,#3873,.T.);
#3873 = EDGE_CURVE('',#3820,#3687,#3874,.T.);
#3874 = SURFACE_CURVE('',#3875,(#3880,#3887),.PCURVE_S1.);
#3875 = CIRCLE('',#3876,0.5);
#3876 = AXIS2_PLACEMENT_3D('',#3877,#3878,#3879);
#3877 = CARTESIAN_POINT('',(17.,7.5,-3.5));
#3878 = DIRECTION('',(0.,0.,-1.));
#3879 = DIRECTION('',(-1.,0.,0.));
#3880 = PCURVE('',#3261,#3881);
#3881 = DEFINITIONAL_REPRESENTATION('',(#3882),#3886);
#3882 = LINE('',#3883,#3884);
#3883 = CARTESIAN_POINT('',(-0.,-2.));
#3884 = VECTOR('',#3885,1.);
#3885 = DIRECTION('',(-1.,0.));
#3886 = ( GEOMETRIC_REPRESENTATION_CONTEXT(2) 
PARAMETRIC_REPRESENTATION_CONTEXT() REPRESENTATION_CONTEXT('2D SPACE',''
  ) );
#3887 = PCURVE('',#3516,#3888);
#3888 = DEFINITIONAL_REPRESENTATION('',(#3889),#3897);
#3889 = ( BOUNDED_CURVE() B_SPLINE_CURVE(2,(#3890,#3891,#3892,#3893,
#3894,#3895,#3896),.UNSPECIFIED.,.T.,.F.) B_SPLINE_CURVE_WITH_KNOTS((1,2
    ,2,2,2,1),(-2.094395102393,0.,2.094395102393,4.188790204786,
6.28318530718,8.377580409573),.UNSPECIFIED.) CURVE() 
GEOMETRIC_REPRESENTATION_ITEM() RATIONAL_B_SPLINE_CURVE((1.,0.5,1.,0.5,
1.,0.5,1.)) REPRESENTATION_ITEM('') );
#3890 = CARTESIAN_POINT('',(16.5,7.5));
#3891 = CARTESIAN_POINT('',(16.5,8.366025403784));
#3892 = CARTESIAN_POINT('',(17.25,7.933012701892));
#3893 = CARTESIAN_POINT('',(18.,7.5));
#3894 = CARTESIAN_POINT('',(17.25,7.066987298108));
#3895 = CARTESIAN_POINT('',(16.5,6.633974596216));
#3896 = CARTESIAN_POINT('',(16.5,7.5));
#3897 = ( GEOMETRIC_REPRESENTATION_CONTEXT(2) 
PARAMETRIC_REPRESENTATION_CONTEXT() REPRESENTATION_CONTEXT('2D SPACE',''
  ) );
#3898 = ADVANCED_FACE('',(#3899,#4373),#3397,.F.);
#3899 = FACE_BOUND('',#3900,.F.);
#3900 = EDGE_LOOP('',(#3901,#3931,#3960,#3988,#4021,#4049,#4078,#4106,
    #4139,#4167,#4196,#4224,#4257,#4285,#4314,#4342));
#3901 = ORIENTED_EDGE('',*,*,#3902,.T.);
#3902 = EDGE_CURVE('',#3903,#3905,#3907,.T.);
#3903 = VERTEX_POINT('',#3904);
#3904 = CARTESIAN_POINT('',(0.65,2.154065922854,-5.5));
#3905 = VERTEX_POINT('',#3906);
#3906 = CARTESIAN_POINT('',(0.65,0.95,-5.5));
#3907 = SURFACE_CURVE('',#3908,(#3912,#3919),.PCURVE_S1.);
#3908 = LINE('',#3909,#3910);
#3909 = CARTESIAN_POINT('',(0.65,2.154065922854,-5.5));
#3910 = VECTOR('',#3911,1.);
#3911 = DIRECTION('',(0.,-1.,0.));
#3912 = PCURVE('',#3397,#3913);
#3913 = DEFINITIONAL_REPRESENTATION('',(#3914),#3918);
#3914 = LINE('',#3915,#3916);
#3915 = CARTESIAN_POINT('',(0.65,2.154065922854));
#3916 = VECTOR('',#3917,1.);
#3917 = DIRECTION('',(0.,-1.));
#3918 = ( GEOMETRIC_REPRESENTATION_CONTEXT(2) 
PARAMETRIC_REPRESENTATION_CONTEXT() REPRESENTATION_CONTEXT('2D SPACE',''
  ) );
#3919 = PCURVE('',#3920,#3925);
#3920 = PLANE('',#3921);
#3921 = AXIS2_PLACEMENT_3D('',#3922,#3923,#3924);
#3922 = CARTESIAN_POINT('',(0.65,2.154065922854,-5.5));
#3923 = DIRECTION('',(1.,0.,0.));
#3924 = DIRECTION('',(0.,-1.,0.));
#3925 = DEFINITIONAL_REPRESENTATION('',(#3926),#3930);
#3926 = LINE('',#3927,#3928);
#3927 = CARTESIAN_POINT('',(0.,0.));
#3928 = VECTOR('',#3929,1.);
#3929 = DIRECTION('',(1.,0.));
#3930 = ( GEOMETRIC_REPRESENTATION_CONTEXT(2) 
PARAMETRIC_REPRESENTATION_CONTEXT() REPRESENTATION_CONTEXT('2D SPACE',''
  ) );
#3931 = ORIENTED_EDGE('',*,*,#3932,.T.);
#3932 = EDGE_CURVE('',#3905,#3933,#3935,.T.);
#3933 = VERTEX_POINT('',#3934);
#3934 = CARTESIAN_POINT('',(0.95,0.65,-5.5));
#3935 = SURFACE_CURVE('',#3936,(#3941,#3948),.PCURVE_S1.);
#3936 = CIRCLE('',#3937,0.3);
#3937 = AXIS2_PLACEMENT_3D('',#3938,#3939,#3940);
#3938 = CARTESIAN_POINT('',(0.95,0.95,-5.5));
#3939 = DIRECTION('',(-0.,0.,1.));
#3940 = DIRECTION('',(0.,-1.,0.));
#3941 = PCURVE('',#3397,#3942);
#3942 = DEFINITIONAL_REPRESENTATION('',(#3943),#3947);
#3943 = CIRCLE('',#3944,0.3);
#3944 = AXIS2_PLACEMENT_2D('',#3945,#3946);
#3945 = CARTESIAN_POINT('',(0.95,0.95));
#3946 = DIRECTION('',(0.,-1.));
#3947 = ( GEOMETRIC_REPRESENTATION_CONTEXT(2) 
PARAMETRIC_REPRESENTATION_CONTEXT() REPRESENTATION_CONTEXT('2D SPACE',''
  ) );
#3948 = PCURVE('',#3949,#3954);
#3949 = CYLINDRICAL_SURFACE('',#3950,0.3);
#3950 = AXIS2_PLACEMENT_3D('',#3951,#3952,#3953);
#3951 = CARTESIAN_POINT('',(0.95,0.95,-5.5));
#3952 = DIRECTION('',(0.,0.,1.));
#3953 = DIRECTION('',(-1.,0.,0.));
#3954 = DEFINITIONAL_REPRESENTATION('',(#3955),#3959);
#3955 = LINE('',#3956,#3957);
#3956 = CARTESIAN_POINT('',(-4.712388980385,-4.44E-15));
#3957 = VECTOR('',#3958,1.);
#3958 = DIRECTION('',(1.,0.));
#3959 = ( GEOMETRIC_REPRESENTATION_CONTEXT(2) 
PARAMETRIC_REPRESENTATION_CONTEXT() REPRESENTATION_CONTEXT('2D SPACE',''
  ) );
#3960 = ORIENTED_EDGE('',*,*,#3961,.T.);
#3961 = EDGE_CURVE('',#3933,#3962,#3964,.T.);
#3962 = VERTEX_POINT('',#3963);
#3963 = CARTESIAN_POINT('',(2.154065922854,0.65,-5.5));
#3964 = SURFACE_CURVE('',#3965,(#3969,#3976),.PCURVE_S1.);
#3965 = LINE('',#3966,#3967);
#3966 = CARTESIAN_POINT('',(0.65,0.65,-5.5));
#3967 = VECTOR('',#3968,1.);
#3968 = DIRECTION('',(1.,0.,0.));
#3969 = PCURVE('',#3397,#3970);
#3970 = DEFINITIONAL_REPRESENTATION('',(#3971),#3975);
#3971 = LINE('',#3972,#3973);
#3972 = CARTESIAN_POINT('',(0.65,0.65));
#3973 = VECTOR('',#3974,1.);
#3974 = DIRECTION('',(1.,0.));
#3975 = ( GEOMETRIC_REPRESENTATION_CONTEXT(2) 
PARAMETRIC_REPRESENTATION_CONTEXT() REPRESENTATION_CONTEXT('2D SPACE',''
  ) );
#3976 = PCURVE('',#3977,#3982);
#3977 = PLANE('',#3978);
#3978 = AXIS2_PLACEMENT_3D('',#3979,#3980,#3981);
#3979 = CARTESIAN_POINT('',(0.65,0.65,-5.5));
#3980 = DIRECTION('',(0.,1.,0.));
#3981 = DIRECTION('',(1.,0.,0.));
#3982 = DEFINITIONAL_REPRESENTATION('',(#3983),#3987);
#3983 = LINE('',#3984,#3985);
#3984 = CARTESIAN_POINT('',(0.,0.));
#3985 = VECTOR('',#3986,1.);
#3986 = DIRECTION('',(1.,0.));
#3987 = ( GEOMETRIC_REPRESENTATION_CONTEXT(2) 
PARAMETRIC_REPRESENTATION_CONTEXT() REPRESENTATION_CONTEXT('2D SPACE',''
  ) );
#3988 = ORIENTED_EDGE('',*,*,#3989,.T.);
#3989 = EDGE_CURVE('',#3962,#3990,#3992,.T.);
#3990 = VERTEX_POINT('',#3991);
#3991 = CARTESIAN_POINT('',(2.154065922854,-0.65,-5.5));
#3992 = SURFACE_CURVE('',#3993,(#3998,#4009),.PCURVE_S1.);
#3993 = CIRCLE('',#3994,2.25);
#3994 = AXIS2_PLACEMENT_3D('',#3995,#3996,#3997);
#3995 = CARTESIAN_POINT('',(0.,0.,-5.5));
#3996 = DIRECTION('',(0.,0.,-1.));
#3997 = DIRECTION('',(-1.,0.,0.));
#3998 = PCURVE('',#3397,#3999);
#3999 = DEFINITIONAL_REPRESENTATION('',(#4000),#4008);
#4000 = ( BOUNDED_CURVE() B_SPLINE_CURVE(2,(#4001,#4002,#4003,#4004,
#4005,#4006,#4007),.UNSPECIFIED.,.T.,.F.) B_SPLINE_CURVE_WITH_KNOTS((1,2
    ,2,2,2,1),(-2.094395102393,0.,2.094395102393,4.188790204786,
6.28318530718,8.377580409573),.UNSPECIFIED.) CURVE() 
GEOMETRIC_REPRESENTATION_ITEM() RATIONAL_B_SPLINE_CURVE((1.,0.5,1.,0.5,
1.,0.5,1.)) REPRESENTATION_ITEM('') );
#4001 = CARTESIAN_POINT('',(-2.25,-1.7E-16));
#4002 = CARTESIAN_POINT('',(-2.25,3.89711431703));
#4003 = CARTESIAN_POINT('',(1.125,1.948557158515));
#4004 = CARTESIAN_POINT('',(4.5,3.810910596163E-16));
#4005 = CARTESIAN_POINT('',(1.125,-1.948557158515));
#4006 = CARTESIAN_POINT('',(-2.25,-3.89711431703));
#4007 = CARTESIAN_POINT('',(-2.25,-1.7E-16));
#4008 = ( GEOMETRIC_REPRESENTATION_CONTEXT(2) 
PARAMETRIC_REPRESENTATION_CONTEXT() REPRESENTATION_CONTEXT('2D SPACE',''
  ) );
#4009 = PCURVE('',#4010,#4015);
#4010 = CYLINDRICAL_SURFACE('',#4011,2.25);
#4011 = AXIS2_PLACEMENT_3D('',#4012,#4013,#4014);
#4012 = CARTESIAN_POINT('',(0.,0.,-5.5));
#4013 = DIRECTION('',(0.,0.,-1.));
#4014 = DIRECTION('',(-1.,0.,0.));
#4015 = DEFINITIONAL_REPRESENTATION('',(#4016),#4020);
#4016 = LINE('',#4017,#4018);
#4017 = CARTESIAN_POINT('',(0.,0.));
#4018 = VECTOR('',#4019,1.);
#4019 = DIRECTION('',(1.,0.));
#4020 = ( GEOMETRIC_REPRESENTATION_CONTEXT(2) 
PARAMETRIC_REPRESENTATION_CONTEXT() REPRESENTATION_CONTEXT('2D SPACE',''
  ) );
#4021 = ORIENTED_EDGE('',*,*,#4022,.F.);
#4022 = EDGE_CURVE('',#4023,#3990,#4025,.T.);
#4023 = VERTEX_POINT('',#4024);
#4024 = CARTESIAN_POINT('',(0.95,-0.65,-5.5));
#4025 = SURFACE_CURVE('',#4026,(#4030,#4037),.PCURVE_S1.);
#4026 = LINE('',#4027,#4028);
#4027 = CARTESIAN_POINT('',(0.65,-0.65,-5.5));
#4028 = VECTOR('',#4029,1.);
#4029 = DIRECTION('',(1.,0.,0.));
#4030 = PCURVE('',#3397,#4031);
#4031 = DEFINITIONAL_REPRESENTATION('',(#4032),#4036);
#4032 = LINE('',#4033,#4034);
#4033 = CARTESIAN_POINT('',(0.65,-0.65));
#4034 = VECTOR('',#4035,1.);
#4035 = DIRECTION('',(1.,0.));
#4036 = ( GEOMETRIC_REPRESENTATION_CONTEXT(2) 
PARAMETRIC_REPRESENTATION_CONTEXT() REPRESENTATION_CONTEXT('2D SPACE',''
  ) );
#4037 = PCURVE('',#4038,#4043);
#4038 = PLANE('',#4039);
#4039 = AXIS2_PLACEMENT_3D('',#4040,#4041,#4042);
#4040 = CARTESIAN_POINT('',(0.65,-0.65,-5.5));
#4041 = DIRECTION('',(0.,1.,0.));
#4042 = DIRECTION('',(1.,0.,0.));
#4043 = DEFINITIONAL_REPRESENTATION('',(#4044),#4048);
#4044 = LINE('',#4045,#4046);
#4045 = CARTESIAN_POINT('',(0.,0.));
#4046 = VECTOR('',#4047,1.);
#4047 = DIRECTION('',(1.,0.));
#4048 = ( GEOMETRIC_REPRESENTATION_CONTEXT(2) 
PARAMETRIC_REPRESENTATION_CONTEXT() REPRESENTATION_CONTEXT('2D SPACE',''
  ) );
#4049 = ORIENTED_EDGE('',*,*,#4050,.T.);
#4050 = EDGE_CURVE('',#4023,#4051,#4053,.T.);
#4051 = VERTEX_POINT('',#4052);
#4052 = CARTESIAN_POINT('',(0.65,-0.95,-5.5));
#4053 = SURFACE_CURVE('',#4054,(#4059,#4066),.PCURVE_S1.);
#4054 = CIRCLE('',#4055,0.3);
#4055 = AXIS2_PLACEMENT_3D('',#4056,#4057,#4058);
#4056 = CARTESIAN_POINT('',(0.95,-0.95,-5.5));
#4057 = DIRECTION('',(-0.,0.,1.));
#4058 = DIRECTION('',(0.,-1.,0.));
#4059 = PCURVE('',#3397,#4060);
#4060 = DEFINITIONAL_REPRESENTATION('',(#4061),#4065);
#4061 = CIRCLE('',#4062,0.3);
#4062 = AXIS2_PLACEMENT_2D('',#4063,#4064);
#4063 = CARTESIAN_POINT('',(0.95,-0.95));
#4064 = DIRECTION('',(0.,-1.));
#4065 = ( GEOMETRIC_REPRESENTATION_CONTEXT(2) 
PARAMETRIC_REPRESENTATION_CONTEXT() REPRESENTATION_CONTEXT('2D SPACE',''
  ) );
#4066 = PCURVE('',#4067,#4072);
#4067 = CYLINDRICAL_SURFACE('',#4068,0.3);
#4068 = AXIS2_PLACEMENT_3D('',#4069,#4070,#4071);
#4069 = CARTESIAN_POINT('',(0.95,-0.95,-5.5));
#4070 = DIRECTION('',(0.,0.,1.));
#4071 = DIRECTION('',(0.,1.,0.));
#4072 = DEFINITIONAL_REPRESENTATION('',(#4073),#4077);
#4073 = LINE('',#4074,#4075);
#4074 = CARTESIAN_POINT('',(-3.14159265359,-4.44E-15));
#4075 = VECTOR('',#4076,1.);
#4076 = DIRECTION('',(1.,0.));
#4077 = ( GEOMETRIC_REPRESENTATION_CONTEXT(2) 
PARAMETRIC_REPRESENTATION_CONTEXT() REPRESENTATION_CONTEXT('2D SPACE',''
  ) );
#4078 = ORIENTED_EDGE('',*,*,#4079,.F.);
#4079 = EDGE_CURVE('',#4080,#4051,#4082,.T.);
#4080 = VERTEX_POINT('',#4081);
#4081 = CARTESIAN_POINT('',(0.65,-2.154065922854,-5.5));
#4082 = SURFACE_CURVE('',#4083,(#4087,#4094),.PCURVE_S1.);
#4083 = LINE('',#4084,#4085);
#4084 = CARTESIAN_POINT('',(0.65,-2.154065922854,-5.5));
#4085 = VECTOR('',#4086,1.);
#4086 = DIRECTION('',(0.,1.,0.));
#4087 = PCURVE('',#3397,#4088);
#4088 = DEFINITIONAL_REPRESENTATION('',(#4089),#4093);
#4089 = LINE('',#4090,#4091);
#4090 = CARTESIAN_POINT('',(0.65,-2.154065922854));
#4091 = VECTOR('',#4092,1.);
#4092 = DIRECTION('',(0.,1.));
#4093 = ( GEOMETRIC_REPRESENTATION_CONTEXT(2) 
PARAMETRIC_REPRESENTATION_CONTEXT() REPRESENTATION_CONTEXT('2D SPACE',''
  ) );
#4094 = PCURVE('',#4095,#4100);
#4095 = PLANE('',#4096);
#4096 = AXIS2_PLACEMENT_3D('',#4097,#4098,#4099);
#4097 = CARTESIAN_POINT('',(0.65,-2.154065922854,-5.5));
#4098 = DIRECTION('',(-1.,0.,0.));
#4099 = DIRECTION('',(0.,1.,0.));
#4100 = DEFINITIONAL_REPRESENTATION('',(#4101),#4105);
#4101 = LINE('',#4102,#4103);
#4102 = CARTESIAN_POINT('',(0.,0.));
#4103 = VECTOR('',#4104,1.);
#4104 = DIRECTION('',(1.,0.));
#4105 = ( GEOMETRIC_REPRESENTATION_CONTEXT(2) 
PARAMETRIC_REPRESENTATION_CONTEXT() REPRESENTATION_CONTEXT('2D SPACE',''
  ) );
#4106 = ORIENTED_EDGE('',*,*,#4107,.T.);
#4107 = EDGE_CURVE('',#4080,#4108,#4110,.T.);
#4108 = VERTEX_POINT('',#4109);
#4109 = CARTESIAN_POINT('',(-0.65,-2.154065922854,-5.5));
#4110 = SURFACE_CURVE('',#4111,(#4116,#4127),.PCURVE_S1.);
#4111 = CIRCLE('',#4112,2.25);
#4112 = AXIS2_PLACEMENT_3D('',#4113,#4114,#4115);
#4113 = CARTESIAN_POINT('',(0.,0.,-5.5));
#4114 = DIRECTION('',(0.,0.,-1.));
#4115 = DIRECTION('',(-1.,0.,0.));
#4116 = PCURVE('',#3397,#4117);
#4117 = DEFINITIONAL_REPRESENTATION('',(#4118),#4126);
#4118 = ( BOUNDED_CURVE() B_SPLINE_CURVE(2,(#4119,#4120,#4121,#4122,
#4123,#4124,#4125),.UNSPECIFIED.,.T.,.F.) B_SPLINE_CURVE_WITH_KNOTS((1,2
    ,2,2,2,1),(-2.094395102393,0.,2.094395102393,4.188790204786,
6.28318530718,8.377580409573),.UNSPECIFIED.) CURVE() 
GEOMETRIC_REPRESENTATION_ITEM() RATIONAL_B_SPLINE_CURVE((1.,0.5,1.,0.5,
1.,0.5,1.)) REPRESENTATION_ITEM('') );
#4119 = CARTESIAN_POINT('',(-2.25,-1.7E-16));
#4120 = CARTESIAN_POINT('',(-2.25,3.89711431703));
#4121 = CARTESIAN_POINT('',(1.125,1.948557158515));
#4122 = CARTESIAN_POINT('',(4.5,3.810910596163E-16));
#4123 = CARTESIAN_POINT('',(1.125,-1.948557158515));
#4124 = CARTESIAN_POINT('',(-2.25,-3.89711431703));
#4125 = CARTESIAN_POINT('',(-2.25,-1.7E-16));
#4126 = ( GEOMETRIC_REPRESENTATION_CONTEXT(2) 
PARAMETRIC_REPRESENTATION_CONTEXT() REPRESENTATION_CONTEXT('2D SPACE',''
  ) );
#4127 = PCURVE('',#4128,#4133);
#4128 = CYLINDRICAL_SURFACE('',#4129,2.25);
#4129 = AXIS2_PLACEMENT_3D('',#4130,#4131,#4132);
#4130 = CARTESIAN_POINT('',(0.,0.,-5.5));
#4131 = DIRECTION('',(0.,0.,-1.));
#4132 = DIRECTION('',(-1.,0.,0.));
#4133 = DEFINITIONAL_REPRESENTATION('',(#4134),#4138);
#4134 = LINE('',#4135,#4136);
#4135 = CARTESIAN_POINT('',(0.,0.));
#4136 = VECTOR('',#4137,1.);
#4137 = DIRECTION('',(1.,0.));
#4138 = ( GEOMETRIC_REPRESENTATION_CONTEXT(2) 
PARAMETRIC_REPRESENTATION_CONTEXT() REPRESENTATION_CONTEXT('2D SPACE',''
  ) );
#4139 = ORIENTED_EDGE('',*,*,#4140,.T.);
#4140 = EDGE_CURVE('',#4108,#4141,#4143,.T.);
#4141 = VERTEX_POINT('',#4142);
#4142 = CARTESIAN_POINT('',(-0.65,-0.95,-5.5));
#4143 = SURFACE_CURVE('',#4144,(#4148,#4155),.PCURVE_S1.);
#4144 = LINE('',#4145,#4146);
#4145 = CARTESIAN_POINT('',(-0.65,-2.154065922854,-5.5));
#4146 = VECTOR('',#4147,1.);
#4147 = DIRECTION('',(-4.4E-16,1.,0.));
#4148 = PCURVE('',#3397,#4149);
#4149 = DEFINITIONAL_REPRESENTATION('',(#4150),#4154);
#4150 = LINE('',#4151,#4152);
#4151 = CARTESIAN_POINT('',(-0.65,-2.154065922854));
#4152 = VECTOR('',#4153,1.);
#4153 = DIRECTION('',(-4.4E-16,1.));
#4154 = ( GEOMETRIC_REPRESENTATION_CONTEXT(2) 
PARAMETRIC_REPRESENTATION_CONTEXT() REPRESENTATION_CONTEXT('2D SPACE',''
  ) );
#4155 = PCURVE('',#4156,#4161);
#4156 = PLANE('',#4157);
#4157 = AXIS2_PLACEMENT_3D('',#4158,#4159,#4160);
#4158 = CARTESIAN_POINT('',(-0.65,-2.154065922854,-5.5));
#4159 = DIRECTION('',(-1.,-4.4E-16,-0.));
#4160 = DIRECTION('',(-4.4E-16,1.,0.));
#4161 = DEFINITIONAL_REPRESENTATION('',(#4162),#4166);
#4162 = LINE('',#4163,#4164);
#4163 = CARTESIAN_POINT('',(0.,0.));
#4164 = VECTOR('',#4165,1.);
#4165 = DIRECTION('',(1.,0.));
#4166 = ( GEOMETRIC_REPRESENTATION_CONTEXT(2) 
PARAMETRIC_REPRESENTATION_CONTEXT() REPRESENTATION_CONTEXT('2D SPACE',''
  ) );
#4167 = ORIENTED_EDGE('',*,*,#4168,.T.);
#4168 = EDGE_CURVE('',#4141,#4169,#4171,.T.);
#4169 = VERTEX_POINT('',#4170);
#4170 = CARTESIAN_POINT('',(-0.95,-0.65,-5.5));
#4171 = SURFACE_CURVE('',#4172,(#4177,#4184),.PCURVE_S1.);
#4172 = CIRCLE('',#4173,0.3);
#4173 = AXIS2_PLACEMENT_3D('',#4174,#4175,#4176);
#4174 = CARTESIAN_POINT('',(-0.95,-0.95,-5.5));
#4175 = DIRECTION('',(-0.,0.,1.));
#4176 = DIRECTION('',(0.,-1.,0.));
#4177 = PCURVE('',#3397,#4178);
#4178 = DEFINITIONAL_REPRESENTATION('',(#4179),#4183);
#4179 = CIRCLE('',#4180,0.3);
#4180 = AXIS2_PLACEMENT_2D('',#4181,#4182);
#4181 = CARTESIAN_POINT('',(-0.95,-0.95));
#4182 = DIRECTION('',(0.,-1.));
#4183 = ( GEOMETRIC_REPRESENTATION_CONTEXT(2) 
PARAMETRIC_REPRESENTATION_CONTEXT() REPRESENTATION_CONTEXT('2D SPACE',''
  ) );
#4184 = PCURVE('',#4185,#4190);
#4185 = CYLINDRICAL_SURFACE('',#4186,0.3);
#4186 = AXIS2_PLACEMENT_3D('',#4187,#4188,#4189);
#4187 = CARTESIAN_POINT('',(-0.95,-0.95,-5.5));
#4188 = DIRECTION('',(0.,0.,1.));
#4189 = DIRECTION('',(1.,4.4E-16,0.));
#4190 = DEFINITIONAL_REPRESENTATION('',(#4191),#4195);
#4191 = LINE('',#4192,#4193);
#4192 = CARTESIAN_POINT('',(-1.570796326795,-4.44E-15));
#4193 = VECTOR('',#4194,1.);
#4194 = DIRECTION('',(1.,0.));
#4195 = ( GEOMETRIC_REPRESENTATION_CONTEXT(2) 
PARAMETRIC_REPRESENTATION_CONTEXT() REPRESENTATION_CONTEXT('2D SPACE',''
  ) );
#4196 = ORIENTED_EDGE('',*,*,#4197,.T.);
#4197 = EDGE_CURVE('',#4169,#4198,#4200,.T.);
#4198 = VERTEX_POINT('',#4199);
#4199 = CARTESIAN_POINT('',(-2.154065922854,-0.65,-5.5));
#4200 = SURFACE_CURVE('',#4201,(#4205,#4212),.PCURVE_S1.);
#4201 = LINE('',#4202,#4203);
#4202 = CARTESIAN_POINT('',(-0.65,-0.65,-5.5));
#4203 = VECTOR('',#4204,1.);
#4204 = DIRECTION('',(-1.,-3.E-16,0.));
#4205 = PCURVE('',#3397,#4206);
#4206 = DEFINITIONAL_REPRESENTATION('',(#4207),#4211);
#4207 = LINE('',#4208,#4209);
#4208 = CARTESIAN_POINT('',(-0.65,-0.65));
#4209 = VECTOR('',#4210,1.);
#4210 = DIRECTION('',(-1.,-3.E-16));
#4211 = ( GEOMETRIC_REPRESENTATION_CONTEXT(2) 
PARAMETRIC_REPRESENTATION_CONTEXT() REPRESENTATION_CONTEXT('2D SPACE',''
  ) );
#4212 = PCURVE('',#4213,#4218);
#4213 = PLANE('',#4214);
#4214 = AXIS2_PLACEMENT_3D('',#4215,#4216,#4217);
#4215 = CARTESIAN_POINT('',(-0.65,-0.65,-5.5));
#4216 = DIRECTION('',(3.E-16,-1.,0.));
#4217 = DIRECTION('',(-1.,-3.E-16,0.));
#4218 = DEFINITIONAL_REPRESENTATION('',(#4219),#4223);
#4219 = LINE('',#4220,#4221);
#4220 = CARTESIAN_POINT('',(0.,0.));
#4221 = VECTOR('',#4222,1.);
#4222 = DIRECTION('',(1.,-0.));
#4223 = ( GEOMETRIC_REPRESENTATION_CONTEXT(2) 
PARAMETRIC_REPRESENTATION_CONTEXT() REPRESENTATION_CONTEXT('2D SPACE',''
  ) );
#4224 = ORIENTED_EDGE('',*,*,#4225,.T.);
#4225 = EDGE_CURVE('',#4198,#4226,#4228,.T.);
#4226 = VERTEX_POINT('',#4227);
#4227 = CARTESIAN_POINT('',(-2.154065922854,0.65,-5.5));
#4228 = SURFACE_CURVE('',#4229,(#4234,#4245),.PCURVE_S1.);
#4229 = CIRCLE('',#4230,2.25);
#4230 = AXIS2_PLACEMENT_3D('',#4231,#4232,#4233);
#4231 = CARTESIAN_POINT('',(0.,0.,-5.5));
#4232 = DIRECTION('',(0.,0.,-1.));
#4233 = DIRECTION('',(-1.,0.,0.));
#4234 = PCURVE('',#3397,#4235);
#4235 = DEFINITIONAL_REPRESENTATION('',(#4236),#4244);
#4236 = ( BOUNDED_CURVE() B_SPLINE_CURVE(2,(#4237,#4238,#4239,#4240,
#4241,#4242,#4243),.UNSPECIFIED.,.T.,.F.) B_SPLINE_CURVE_WITH_KNOTS((1,2
    ,2,2,2,1),(-2.094395102393,0.,2.094395102393,4.188790204786,
6.28318530718,8.377580409573),.UNSPECIFIED.) CURVE() 
GEOMETRIC_REPRESENTATION_ITEM() RATIONAL_B_SPLINE_CURVE((1.,0.5,1.,0.5,
1.,0.5,1.)) REPRESENTATION_ITEM('') );
#4237 = CARTESIAN_POINT('',(-2.25,-1.7E-16));
#4238 = CARTESIAN_POINT('',(-2.25,3.89711431703));
#4239 = CARTESIAN_POINT('',(1.125,1.948557158515));
#4240 = CARTESIAN_POINT('',(4.5,3.810910596163E-16));
#4241 = CARTESIAN_POINT('',(1.125,-1.948557158515));
#4242 = CARTESIAN_POINT('',(-2.25,-3.89711431703));
#4243 = CARTESIAN_POINT('',(-2.25,-1.7E-16));
#4244 = ( GEOMETRIC_REPRESENTATION_CONTEXT(2) 
PARAMETRIC_REPRESENTATION_CONTEXT() REPRESENTATION_CONTEXT('2D SPACE',''
  ) );
#4245 = PCURVE('',#4246,#4251);
#4246 = CYLINDRICAL_SURFACE('',#4247,2.25);
#4247 = AXIS2_PLACEMENT_3D('',#4248,#4249,#4250);
#4248 = CARTESIAN_POINT('',(0.,0.,-5.5));
#4249 = DIRECTION('',(0.,0.,-1.));
#4250 = DIRECTION('',(-1.,0.,0.));
#4251 = DEFINITIONAL_REPRESENTATION('',(#4252),#4256);
#4252 = LINE('',#4253,#4254);
#4253 = CARTESIAN_POINT('',(0.,0.));
#4254 = VECTOR('',#4255,1.);
#4255 = DIRECTION('',(1.,0.));
#4256 = ( GEOMETRIC_REPRESENTATION_CONTEXT(2) 
PARAMETRIC_REPRESENTATION_CONTEXT() REPRESENTATION_CONTEXT('2D SPACE',''
  ) );
#4257 = ORIENTED_EDGE('',*,*,#4258,.F.);
#4258 = EDGE_CURVE('',#4259,#4226,#4261,.T.);
#4259 = VERTEX_POINT('',#4260);
#4260 = CARTESIAN_POINT('',(-0.95,0.65,-5.5));
#4261 = SURFACE_CURVE('',#4262,(#4266,#4273),.PCURVE_S1.);
#4262 = LINE('',#4263,#4264);
#4263 = CARTESIAN_POINT('',(-0.65,0.65,-5.5));
#4264 = VECTOR('',#4265,1.);
#4265 = DIRECTION('',(-1.,0.,0.));
#4266 = PCURVE('',#3397,#4267);
#4267 = DEFINITIONAL_REPRESENTATION('',(#4268),#4272);
#4268 = LINE('',#4269,#4270);
#4269 = CARTESIAN_POINT('',(-0.65,0.65));
#4270 = VECTOR('',#4271,1.);
#4271 = DIRECTION('',(-1.,0.));
#4272 = ( GEOMETRIC_REPRESENTATION_CONTEXT(2) 
PARAMETRIC_REPRESENTATION_CONTEXT() REPRESENTATION_CONTEXT('2D SPACE',''
  ) );
#4273 = PCURVE('',#4274,#4279);
#4274 = PLANE('',#4275);
#4275 = AXIS2_PLACEMENT_3D('',#4276,#4277,#4278);
#4276 = CARTESIAN_POINT('',(-0.65,0.65,-5.5));
#4277 = DIRECTION('',(-0.,-1.,-0.));
#4278 = DIRECTION('',(-1.,0.,0.));
#4279 = DEFINITIONAL_REPRESENTATION('',(#4280),#4284);
#4280 = LINE('',#4281,#4282);
#4281 = CARTESIAN_POINT('',(0.,0.));
#4282 = VECTOR('',#4283,1.);
#4283 = DIRECTION('',(1.,0.));
#4284 = ( GEOMETRIC_REPRESENTATION_CONTEXT(2) 
PARAMETRIC_REPRESENTATION_CONTEXT() REPRESENTATION_CONTEXT('2D SPACE',''
  ) );
#4285 = ORIENTED_EDGE('',*,*,#4286,.T.);
#4286 = EDGE_CURVE('',#4259,#4287,#4289,.T.);
#4287 = VERTEX_POINT('',#4288);
#4288 = CARTESIAN_POINT('',(-0.65,0.95,-5.5));
#4289 = SURFACE_CURVE('',#4290,(#4295,#4302),.PCURVE_S1.);
#4290 = CIRCLE('',#4291,0.3);
#4291 = AXIS2_PLACEMENT_3D('',#4292,#4293,#4294);
#4292 = CARTESIAN_POINT('',(-0.95,0.95,-5.5));
#4293 = DIRECTION('',(-0.,0.,1.));
#4294 = DIRECTION('',(0.,-1.,0.));
#4295 = PCURVE('',#3397,#4296);
#4296 = DEFINITIONAL_REPRESENTATION('',(#4297),#4301);
#4297 = CIRCLE('',#4298,0.3);
#4298 = AXIS2_PLACEMENT_2D('',#4299,#4300);
#4299 = CARTESIAN_POINT('',(-0.95,0.95));
#4300 = DIRECTION('',(0.,-1.));
#4301 = ( GEOMETRIC_REPRESENTATION_CONTEXT(2) 
PARAMETRIC_REPRESENTATION_CONTEXT() REPRESENTATION_CONTEXT('2D SPACE',''
  ) );
#4302 = PCURVE('',#4303,#4308);
#4303 = CYLINDRICAL_SURFACE('',#4304,0.3);
#4304 = AXIS2_PLACEMENT_3D('',#4305,#4306,#4307);
#4305 = CARTESIAN_POINT('',(-0.95,0.95,-5.5));
#4306 = DIRECTION('',(0.,0.,1.));
#4307 = DIRECTION('',(0.,-1.,0.));
#4308 = DEFINITIONAL_REPRESENTATION('',(#4309),#4313);
#4309 = LINE('',#4310,#4311);
#4310 = CARTESIAN_POINT('',(8.9E-16,-4.44E-15));
#4311 = VECTOR('',#4312,1.);
#4312 = DIRECTION('',(1.,0.));
#4313 = ( GEOMETRIC_REPRESENTATION_CONTEXT(2) 
PARAMETRIC_REPRESENTATION_CONTEXT() REPRESENTATION_CONTEXT('2D SPACE',''
  ) );
#4314 = ORIENTED_EDGE('',*,*,#4315,.F.);
#4315 = EDGE_CURVE('',#4316,#4287,#4318,.T.);
#4316 = VERTEX_POINT('',#4317);
#4317 = CARTESIAN_POINT('',(-0.65,2.154065922854,-5.5));
#4318 = SURFACE_CURVE('',#4319,(#4323,#4330),.PCURVE_S1.);
#4319 = LINE('',#4320,#4321);
#4320 = CARTESIAN_POINT('',(-0.65,2.154065922854,-5.5));
#4321 = VECTOR('',#4322,1.);
#4322 = DIRECTION('',(0.,-1.,0.));
#4323 = PCURVE('',#3397,#4324);
#4324 = DEFINITIONAL_REPRESENTATION('',(#4325),#4329);
#4325 = LINE('',#4326,#4327);
#4326 = CARTESIAN_POINT('',(-0.65,2.154065922854));
#4327 = VECTOR('',#4328,1.);
#4328 = DIRECTION('',(0.,-1.));
#4329 = ( GEOMETRIC_REPRESENTATION_CONTEXT(2) 
PARAMETRIC_REPRESENTATION_CONTEXT() REPRESENTATION_CONTEXT('2D SPACE',''
  ) );
#4330 = PCURVE('',#4331,#4336);
#4331 = PLANE('',#4332);
#4332 = AXIS2_PLACEMENT_3D('',#4333,#4334,#4335);
#4333 = CARTESIAN_POINT('',(-0.65,2.154065922854,-5.5));
#4334 = DIRECTION('',(1.,0.,0.));
#4335 = DIRECTION('',(0.,-1.,0.));
#4336 = DEFINITIONAL_REPRESENTATION('',(#4337),#4341);
#4337 = LINE('',#4338,#4339);
#4338 = CARTESIAN_POINT('',(0.,0.));
#4339 = VECTOR('',#4340,1.);
#4340 = DIRECTION('',(1.,0.));
#4341 = ( GEOMETRIC_REPRESENTATION_CONTEXT(2) 
PARAMETRIC_REPRESENTATION_CONTEXT() REPRESENTATION_CONTEXT('2D SPACE',''
  ) );
#4342 = ORIENTED_EDGE('',*,*,#4343,.T.);
#4343 = EDGE_CURVE('',#4316,#3903,#4344,.T.);
#4344 = SURFACE_CURVE('',#4345,(#4350,#4361),.PCURVE_S1.);
#4345 = CIRCLE('',#4346,2.25);
#4346 = AXIS2_PLACEMENT_3D('',#4347,#4348,#4349);
#4347 = CARTESIAN_POINT('',(0.,0.,-5.5));
#4348 = DIRECTION('',(0.,0.,-1.));
#4349 = DIRECTION('',(-1.,0.,0.));
#4350 = PCURVE('',#3397,#4351);
#4351 = DEFINITIONAL_REPRESENTATION('',(#4352),#4360);
#4352 = ( BOUNDED_CURVE() B_SPLINE_CURVE(2,(#4353,#4354,#4355,#4356,
#4357,#4358,#4359),.UNSPECIFIED.,.T.,.F.) B_SPLINE_CURVE_WITH_KNOTS((1,2
    ,2,2,2,1),(-2.094395102393,0.,2.094395102393,4.188790204786,
6.28318530718,8.377580409573),.UNSPECIFIED.) CURVE() 
GEOMETRIC_REPRESENTATION_ITEM() RATIONAL_B_SPLINE_CURVE((1.,0.5,1.,0.5,
1.,0.5,1.)) REPRESENTATION_ITEM('') );
#4353 = CARTESIAN_POINT('',(-2.25,-1.7E-16));
#4354 = CARTESIAN_POINT('',(-2.25,3.89711431703));
#4355 = CARTESIAN_POINT('',(1.125,1.948557158515));
#4356 = CARTESIAN_POINT('',(4.5,3.810910596163E-16));
#4357 = CARTESIAN_POINT('',(1.125,-1.948557158515));
#4358 = CARTESIAN_POINT('',(-2.25,-3.89711431703));
#4359 = CARTESIAN_POINT('',(-2.25,-1.7E-16));
#4360 = ( GEOMETRIC_REPRESENTATION_CONTEXT(2) 
PARAMETRIC_REPRESENTATION_CONTEXT() REPRESENTATION_CONTEXT('2D SPACE',''
  ) );
#4361 = PCURVE('',#4362,#4367);
#4362 = CYLINDRICAL_SURFACE('',#4363,2.25);
#4363 = AXIS2_PLACEMENT_3D('',#4364,#4365,#4366);
#4364 = CARTESIAN_POINT('',(0.,0.,-5.5));
#4365 = DIRECTION('',(0.,0.,-1.));
#4366 = DIRECTION('',(-1.,0.,0.));
#4367 = DEFINITIONAL_REPRESENTATION('',(#4368),#4372);
#4368 = LINE('',#4369,#4370);
#4369 = CARTESIAN_POINT('',(0.,0.));
#4370 = VECTOR('',#4371,1.);
#4371 = DIRECTION('',(1.,0.));
#4372 = ( GEOMETRIC_REPRESENTATION_CONTEXT(2) 
PARAMETRIC_REPRESENTATION_CONTEXT() REPRESENTATION_CONTEXT('2D SPACE',''
  ) );
#4373 = FACE_BOUND('',#4374,.T.);
#4374 = EDGE_LOOP('',(#4375));
#4375 = ORIENTED_EDGE('',*,*,#3382,.T.);
#4376 = ADVANCED_FACE('',(#4377,#4851),#3456,.F.);
#4377 = FACE_BOUND('',#4378,.F.);
#4378 = EDGE_LOOP('',(#4379,#4409,#4438,#4466,#4499,#4527,#4556,#4584,
    #4617,#4645,#4674,#4702,#4735,#4763,#4792,#4820));
#4379 = ORIENTED_EDGE('',*,*,#4380,.T.);
#4380 = EDGE_CURVE('',#4381,#4383,#4385,.T.);
#4381 = VERTEX_POINT('',#4382);
#4382 = CARTESIAN_POINT('',(12.4,2.154065922854,-5.5));
#4383 = VERTEX_POINT('',#4384);
#4384 = CARTESIAN_POINT('',(12.4,0.95,-5.5));
#4385 = SURFACE_CURVE('',#4386,(#4390,#4397),.PCURVE_S1.);
#4386 = LINE('',#4387,#4388);
#4387 = CARTESIAN_POINT('',(12.4,2.154065922854,-5.5));
#4388 = VECTOR('',#4389,1.);
#4389 = DIRECTION('',(0.,-1.,0.));
#4390 = PCURVE('',#3456,#4391);
#4391 = DEFINITIONAL_REPRESENTATION('',(#4392),#4396);
#4392 = LINE('',#4393,#4394);
#4393 = CARTESIAN_POINT('',(0.65,2.154065922854));
#4394 = VECTOR('',#4395,1.);
#4395 = DIRECTION('',(0.,-1.));
#4396 = ( GEOMETRIC_REPRESENTATION_CONTEXT(2) 
PARAMETRIC_REPRESENTATION_CONTEXT() REPRESENTATION_CONTEXT('2D SPACE',''
  ) );
#4397 = PCURVE('',#4398,#4403);
#4398 = PLANE('',#4399);
#4399 = AXIS2_PLACEMENT_3D('',#4400,#4401,#4402);
#4400 = CARTESIAN_POINT('',(12.4,2.154065922854,-5.5));
#4401 = DIRECTION('',(1.,0.,0.));
#4402 = DIRECTION('',(0.,-1.,0.));
#4403 = DEFINITIONAL_REPRESENTATION('',(#4404),#4408);
#4404 = LINE('',#4405,#4406);
#4405 = CARTESIAN_POINT('',(0.,0.));
#4406 = VECTOR('',#4407,1.);
#4407 = DIRECTION('',(1.,0.));
#4408 = ( GEOMETRIC_REPRESENTATION_CONTEXT(2) 
PARAMETRIC_REPRESENTATION_CONTEXT() REPRESENTATION_CONTEXT('2D SPACE',''
  ) );
#4409 = ORIENTED_EDGE('',*,*,#4410,.T.);
#4410 = EDGE_CURVE('',#4383,#4411,#4413,.T.);
#4411 = VERTEX_POINT('',#4412);
#4412 = CARTESIAN_POINT('',(12.7,0.65,-5.5));
#4413 = SURFACE_CURVE('',#4414,(#4419,#4426),.PCURVE_S1.);
#4414 = CIRCLE('',#4415,0.3);
#4415 = AXIS2_PLACEMENT_3D('',#4416,#4417,#4418);
#4416 = CARTESIAN_POINT('',(12.7,0.95,-5.5));
#4417 = DIRECTION('',(-0.,0.,1.));
#4418 = DIRECTION('',(0.,-1.,0.));
#4419 = PCURVE('',#3456,#4420);
#4420 = DEFINITIONAL_REPRESENTATION('',(#4421),#4425);
#4421 = CIRCLE('',#4422,0.3);
#4422 = AXIS2_PLACEMENT_2D('',#4423,#4424);
#4423 = CARTESIAN_POINT('',(0.95,0.95));
#4424 = DIRECTION('',(0.,-1.));
#4425 = ( GEOMETRIC_REPRESENTATION_CONTEXT(2) 
PARAMETRIC_REPRESENTATION_CONTEXT() REPRESENTATION_CONTEXT('2D SPACE',''
  ) );
#4426 = PCURVE('',#4427,#4432);
#4427 = CYLINDRICAL_SURFACE('',#4428,0.3);
#4428 = AXIS2_PLACEMENT_3D('',#4429,#4430,#4431);
#4429 = CARTESIAN_POINT('',(12.7,0.95,-5.5));
#4430 = DIRECTION('',(0.,0.,1.));
#4431 = DIRECTION('',(-1.,0.,0.));
#4432 = DEFINITIONAL_REPRESENTATION('',(#4433),#4437);
#4433 = LINE('',#4434,#4435);
#4434 = CARTESIAN_POINT('',(-4.712388980385,-4.44E-15));
#4435 = VECTOR('',#4436,1.);
#4436 = DIRECTION('',(1.,0.));
#4437 = ( GEOMETRIC_REPRESENTATION_CONTEXT(2) 
PARAMETRIC_REPRESENTATION_CONTEXT() REPRESENTATION_CONTEXT('2D SPACE',''
  ) );
#4438 = ORIENTED_EDGE('',*,*,#4439,.T.);
#4439 = EDGE_CURVE('',#4411,#4440,#4442,.T.);
#4440 = VERTEX_POINT('',#4441);
#4441 = CARTESIAN_POINT('',(13.904065922854,0.65,-5.5));
#4442 = SURFACE_CURVE('',#4443,(#4447,#4454),.PCURVE_S1.);
#4443 = LINE('',#4444,#4445);
#4444 = CARTESIAN_POINT('',(12.4,0.65,-5.5));
#4445 = VECTOR('',#4446,1.);
#4446 = DIRECTION('',(1.,0.,0.));
#4447 = PCURVE('',#3456,#4448);
#4448 = DEFINITIONAL_REPRESENTATION('',(#4449),#4453);
#4449 = LINE('',#4450,#4451);
#4450 = CARTESIAN_POINT('',(0.65,0.65));
#4451 = VECTOR('',#4452,1.);
#4452 = DIRECTION('',(1.,0.));
#4453 = ( GEOMETRIC_REPRESENTATION_CONTEXT(2) 
PARAMETRIC_REPRESENTATION_CONTEXT() REPRESENTATION_CONTEXT('2D SPACE',''
  ) );
#4454 = PCURVE('',#4455,#4460);
#4455 = PLANE('',#4456);
#4456 = AXIS2_PLACEMENT_3D('',#4457,#4458,#4459);
#4457 = CARTESIAN_POINT('',(12.4,0.65,-5.5));
#4458 = DIRECTION('',(0.,1.,0.));
#4459 = DIRECTION('',(1.,0.,0.));
#4460 = DEFINITIONAL_REPRESENTATION('',(#4461),#4465);
#4461 = LINE('',#4462,#4463);
#4462 = CARTESIAN_POINT('',(0.,0.));
#4463 = VECTOR('',#4464,1.);
#4464 = DIRECTION('',(1.,0.));
#4465 = ( GEOMETRIC_REPRESENTATION_CONTEXT(2) 
PARAMETRIC_REPRESENTATION_CONTEXT() REPRESENTATION_CONTEXT('2D SPACE',''
  ) );
#4466 = ORIENTED_EDGE('',*,*,#4467,.T.);
#4467 = EDGE_CURVE('',#4440,#4468,#4470,.T.);
#4468 = VERTEX_POINT('',#4469);
#4469 = CARTESIAN_POINT('',(13.904065922854,-0.65,-5.5));
#4470 = SURFACE_CURVE('',#4471,(#4476,#4487),.PCURVE_S1.);
#4471 = CIRCLE('',#4472,2.25);
#4472 = AXIS2_PLACEMENT_3D('',#4473,#4474,#4475);
#4473 = CARTESIAN_POINT('',(11.75,0.,-5.5));
#4474 = DIRECTION('',(0.,0.,-1.));
#4475 = DIRECTION('',(-1.,0.,0.));
#4476 = PCURVE('',#3456,#4477);
#4477 = DEFINITIONAL_REPRESENTATION('',(#4478),#4486);
#4478 = ( BOUNDED_CURVE() B_SPLINE_CURVE(2,(#4479,#4480,#4481,#4482,
#4483,#4484,#4485),.UNSPECIFIED.,.T.,.F.) B_SPLINE_CURVE_WITH_KNOTS((1,2
    ,2,2,2,1),(-2.094395102393,0.,2.094395102393,4.188790204786,
6.28318530718,8.377580409573),.UNSPECIFIED.) CURVE() 
GEOMETRIC_REPRESENTATION_ITEM() RATIONAL_B_SPLINE_CURVE((1.,0.5,1.,0.5,
1.,0.5,1.)) REPRESENTATION_ITEM('') );
#4479 = CARTESIAN_POINT('',(-2.25,-1.7E-16));
#4480 = CARTESIAN_POINT('',(-2.25,3.89711431703));
#4481 = CARTESIAN_POINT('',(1.125,1.948557158515));
#4482 = CARTESIAN_POINT('',(4.5,3.810910596163E-16));
#4483 = CARTESIAN_POINT('',(1.125,-1.948557158515));
#4484 = CARTESIAN_POINT('',(-2.25,-3.89711431703));
#4485 = CARTESIAN_POINT('',(-2.25,-1.7E-16));
#4486 = ( GEOMETRIC_REPRESENTATION_CONTEXT(2) 
PARAMETRIC_REPRESENTATION_CONTEXT() REPRESENTATION_CONTEXT('2D SPACE',''
  ) );
#4487 = PCURVE('',#4488,#4493);
#4488 = CYLINDRICAL_SURFACE('',#4489,2.25);
#4489 = AXIS2_PLACEMENT_3D('',#4490,#4491,#4492);
#4490 = CARTESIAN_POINT('',(11.75,0.,-5.5));
#4491 = DIRECTION('',(0.,0.,-1.));
#4492 = DIRECTION('',(-1.,0.,0.));
#4493 = DEFINITIONAL_REPRESENTATION('',(#4494),#4498);
#4494 = LINE('',#4495,#4496);
#4495 = CARTESIAN_POINT('',(0.,0.));
#4496 = VECTOR('',#4497,1.);
#4497 = DIRECTION('',(1.,0.));
#4498 = ( GEOMETRIC_REPRESENTATION_CONTEXT(2) 
PARAMETRIC_REPRESENTATION_CONTEXT() REPRESENTATION_CONTEXT('2D SPACE',''
  ) );
#4499 = ORIENTED_EDGE('',*,*,#4500,.F.);
#4500 = EDGE_CURVE('',#4501,#4468,#4503,.T.);
#4501 = VERTEX_POINT('',#4502);
#4502 = CARTESIAN_POINT('',(12.7,-0.65,-5.5));
#4503 = SURFACE_CURVE('',#4504,(#4508,#4515),.PCURVE_S1.);
#4504 = LINE('',#4505,#4506);
#4505 = CARTESIAN_POINT('',(12.4,-0.65,-5.5));
#4506 = VECTOR('',#4507,1.);
#4507 = DIRECTION('',(1.,0.,0.));
#4508 = PCURVE('',#3456,#4509);
#4509 = DEFINITIONAL_REPRESENTATION('',(#4510),#4514);
#4510 = LINE('',#4511,#4512);
#4511 = CARTESIAN_POINT('',(0.65,-0.65));
#4512 = VECTOR('',#4513,1.);
#4513 = DIRECTION('',(1.,0.));
#4514 = ( GEOMETRIC_REPRESENTATION_CONTEXT(2) 
PARAMETRIC_REPRESENTATION_CONTEXT() REPRESENTATION_CONTEXT('2D SPACE',''
  ) );
#4515 = PCURVE('',#4516,#4521);
#4516 = PLANE('',#4517);
#4517 = AXIS2_PLACEMENT_3D('',#4518,#4519,#4520);
#4518 = CARTESIAN_POINT('',(12.4,-0.65,-5.5));
#4519 = DIRECTION('',(0.,1.,0.));
#4520 = DIRECTION('',(1.,0.,0.));
#4521 = DEFINITIONAL_REPRESENTATION('',(#4522),#4526);
#4522 = LINE('',#4523,#4524);
#4523 = CARTESIAN_POINT('',(0.,0.));
#4524 = VECTOR('',#4525,1.);
#4525 = DIRECTION('',(1.,0.));
#4526 = ( GEOMETRIC_REPRESENTATION_CONTEXT(2) 
PARAMETRIC_REPRESENTATION_CONTEXT() REPRESENTATION_CONTEXT('2D SPACE',''
  ) );
#4527 = ORIENTED_EDGE('',*,*,#4528,.T.);
#4528 = EDGE_CURVE('',#4501,#4529,#4531,.T.);
#4529 = VERTEX_POINT('',#4530);
#4530 = CARTESIAN_POINT('',(12.4,-0.95,-5.5));
#4531 = SURFACE_CURVE('',#4532,(#4537,#4544),.PCURVE_S1.);
#4532 = CIRCLE('',#4533,0.3);
#4533 = AXIS2_PLACEMENT_3D('',#4534,#4535,#4536);
#4534 = CARTESIAN_POINT('',(12.7,-0.95,-5.5));
#4535 = DIRECTION('',(-0.,0.,1.));
#4536 = DIRECTION('',(0.,-1.,0.));
#4537 = PCURVE('',#3456,#4538);
#4538 = DEFINITIONAL_REPRESENTATION('',(#4539),#4543);
#4539 = CIRCLE('',#4540,0.3);
#4540 = AXIS2_PLACEMENT_2D('',#4541,#4542);
#4541 = CARTESIAN_POINT('',(0.95,-0.95));
#4542 = DIRECTION('',(0.,-1.));
#4543 = ( GEOMETRIC_REPRESENTATION_CONTEXT(2) 
PARAMETRIC_REPRESENTATION_CONTEXT() REPRESENTATION_CONTEXT('2D SPACE',''
  ) );
#4544 = PCURVE('',#4545,#4550);
#4545 = CYLINDRICAL_SURFACE('',#4546,0.3);
#4546 = AXIS2_PLACEMENT_3D('',#4547,#4548,#4549);
#4547 = CARTESIAN_POINT('',(12.7,-0.95,-5.5));
#4548 = DIRECTION('',(0.,0.,1.));
#4549 = DIRECTION('',(0.,1.,0.));
#4550 = DEFINITIONAL_REPRESENTATION('',(#4551),#4555);
#4551 = LINE('',#4552,#4553);
#4552 = CARTESIAN_POINT('',(-3.14159265359,-4.44E-15));
#4553 = VECTOR('',#4554,1.);
#4554 = DIRECTION('',(1.,0.));
#4555 = ( GEOMETRIC_REPRESENTATION_CONTEXT(2) 
PARAMETRIC_REPRESENTATION_CONTEXT() REPRESENTATION_CONTEXT('2D SPACE',''
  ) );
#4556 = ORIENTED_EDGE('',*,*,#4557,.F.);
#4557 = EDGE_CURVE('',#4558,#4529,#4560,.T.);
#4558 = VERTEX_POINT('',#4559);
#4559 = CARTESIAN_POINT('',(12.4,-2.154065922854,-5.5));
#4560 = SURFACE_CURVE('',#4561,(#4565,#4572),.PCURVE_S1.);
#4561 = LINE('',#4562,#4563);
#4562 = CARTESIAN_POINT('',(12.4,-2.154065922854,-5.5));
#4563 = VECTOR('',#4564,1.);
#4564 = DIRECTION('',(0.,1.,0.));
#4565 = PCURVE('',#3456,#4566);
#4566 = DEFINITIONAL_REPRESENTATION('',(#4567),#4571);
#4567 = LINE('',#4568,#4569);
#4568 = CARTESIAN_POINT('',(0.65,-2.154065922854));
#4569 = VECTOR('',#4570,1.);
#4570 = DIRECTION('',(0.,1.));
#4571 = ( GEOMETRIC_REPRESENTATION_CONTEXT(2) 
PARAMETRIC_REPRESENTATION_CONTEXT() REPRESENTATION_CONTEXT('2D SPACE',''
  ) );
#4572 = PCURVE('',#4573,#4578);
#4573 = PLANE('',#4574);
#4574 = AXIS2_PLACEMENT_3D('',#4575,#4576,#4577);
#4575 = CARTESIAN_POINT('',(12.4,-2.154065922854,-5.5));
#4576 = DIRECTION('',(-1.,0.,0.));
#4577 = DIRECTION('',(0.,1.,0.));
#4578 = DEFINITIONAL_REPRESENTATION('',(#4579),#4583);
#4579 = LINE('',#4580,#4581);
#4580 = CARTESIAN_POINT('',(0.,0.));
#4581 = VECTOR('',#4582,1.);
#4582 = DIRECTION('',(1.,0.));
#4583 = ( GEOMETRIC_REPRESENTATION_CONTEXT(2) 
PARAMETRIC_REPRESENTATION_CONTEXT() REPRESENTATION_CONTEXT('2D SPACE',''
  ) );
#4584 = ORIENTED_EDGE('',*,*,#4585,.T.);
#4585 = EDGE_CURVE('',#4558,#4586,#4588,.T.);
#4586 = VERTEX_POINT('',#4587);
#4587 = CARTESIAN_POINT('',(11.1,-2.154065922854,-5.5));
#4588 = SURFACE_CURVE('',#4589,(#4594,#4605),.PCURVE_S1.);
#4589 = CIRCLE('',#4590,2.25);
#4590 = AXIS2_PLACEMENT_3D('',#4591,#4592,#4593);
#4591 = CARTESIAN_POINT('',(11.75,0.,-5.5));
#4592 = DIRECTION('',(0.,0.,-1.));
#4593 = DIRECTION('',(-1.,0.,0.));
#4594 = PCURVE('',#3456,#4595);
#4595 = DEFINITIONAL_REPRESENTATION('',(#4596),#4604);
#4596 = ( BOUNDED_CURVE() B_SPLINE_CURVE(2,(#4597,#4598,#4599,#4600,
#4601,#4602,#4603),.UNSPECIFIED.,.T.,.F.) B_SPLINE_CURVE_WITH_KNOTS((1,2
    ,2,2,2,1),(-2.094395102393,0.,2.094395102393,4.188790204786,
6.28318530718,8.377580409573),.UNSPECIFIED.) CURVE() 
GEOMETRIC_REPRESENTATION_ITEM() RATIONAL_B_SPLINE_CURVE((1.,0.5,1.,0.5,
1.,0.5,1.)) REPRESENTATION_ITEM('') );
#4597 = CARTESIAN_POINT('',(-2.25,-1.7E-16));
#4598 = CARTESIAN_POINT('',(-2.25,3.89711431703));
#4599 = CARTESIAN_POINT('',(1.125,1.948557158515));
#4600 = CARTESIAN_POINT('',(4.5,3.810910596163E-16));
#4601 = CARTESIAN_POINT('',(1.125,-1.948557158515));
#4602 = CARTESIAN_POINT('',(-2.25,-3.89711431703));
#4603 = CARTESIAN_POINT('',(-2.25,-1.7E-16));
#4604 = ( GEOMETRIC_REPRESENTATION_CONTEXT(2) 
PARAMETRIC_REPRESENTATION_CONTEXT() REPRESENTATION_CONTEXT('2D SPACE',''
  ) );
#4605 = PCURVE('',#4606,#4611);
#4606 = CYLINDRICAL_SURFACE('',#4607,2.25);
#4607 = AXIS2_PLACEMENT_3D('',#4608,#4609,#4610);
#4608 = CARTESIAN_POINT('',(11.75,0.,-5.5));
#4609 = DIRECTION('',(0.,0.,-1.));
#4610 = DIRECTION('',(-1.,0.,0.));
#4611 = DEFINITIONAL_REPRESENTATION('',(#4612),#4616);
#4612 = LINE('',#4613,#4614);
#4613 = CARTESIAN_POINT('',(0.,0.));
#4614 = VECTOR('',#4615,1.);
#4615 = DIRECTION('',(1.,0.));
#4616 = ( GEOMETRIC_REPRESENTATION_CONTEXT(2) 
PARAMETRIC_REPRESENTATION_CONTEXT() REPRESENTATION_CONTEXT('2D SPACE',''
  ) );
#4617 = ORIENTED_EDGE('',*,*,#4618,.T.);
#4618 = EDGE_CURVE('',#4586,#4619,#4621,.T.);
#4619 = VERTEX_POINT('',#4620);
#4620 = CARTESIAN_POINT('',(11.1,-0.95,-5.5));
#4621 = SURFACE_CURVE('',#4622,(#4626,#4633),.PCURVE_S1.);
#4622 = LINE('',#4623,#4624);
#4623 = CARTESIAN_POINT('',(11.1,-2.154065922854,-5.5));
#4624 = VECTOR('',#4625,1.);
#4625 = DIRECTION('',(-4.4E-16,1.,0.));
#4626 = PCURVE('',#3456,#4627);
#4627 = DEFINITIONAL_REPRESENTATION('',(#4628),#4632);
#4628 = LINE('',#4629,#4630);
#4629 = CARTESIAN_POINT('',(-0.65,-2.154065922854));
#4630 = VECTOR('',#4631,1.);
#4631 = DIRECTION('',(-4.4E-16,1.));
#4632 = ( GEOMETRIC_REPRESENTATION_CONTEXT(2) 
PARAMETRIC_REPRESENTATION_CONTEXT() REPRESENTATION_CONTEXT('2D SPACE',''
  ) );
#4633 = PCURVE('',#4634,#4639);
#4634 = PLANE('',#4635);
#4635 = AXIS2_PLACEMENT_3D('',#4636,#4637,#4638);
#4636 = CARTESIAN_POINT('',(11.1,-2.154065922854,-5.5));
#4637 = DIRECTION('',(-1.,-4.4E-16,-0.));
#4638 = DIRECTION('',(-4.4E-16,1.,0.));
#4639 = DEFINITIONAL_REPRESENTATION('',(#4640),#4644);
#4640 = LINE('',#4641,#4642);
#4641 = CARTESIAN_POINT('',(0.,0.));
#4642 = VECTOR('',#4643,1.);
#4643 = DIRECTION('',(1.,0.));
#4644 = ( GEOMETRIC_REPRESENTATION_CONTEXT(2) 
PARAMETRIC_REPRESENTATION_CONTEXT() REPRESENTATION_CONTEXT('2D SPACE',''
  ) );
#4645 = ORIENTED_EDGE('',*,*,#4646,.T.);
#4646 = EDGE_CURVE('',#4619,#4647,#4649,.T.);
#4647 = VERTEX_POINT('',#4648);
#4648 = CARTESIAN_POINT('',(10.8,-0.65,-5.5));
#4649 = SURFACE_CURVE('',#4650,(#4655,#4662),.PCURVE_S1.);
#4650 = CIRCLE('',#4651,0.3);
#4651 = AXIS2_PLACEMENT_3D('',#4652,#4653,#4654);
#4652 = CARTESIAN_POINT('',(10.8,-0.95,-5.5));
#4653 = DIRECTION('',(-0.,0.,1.));
#4654 = DIRECTION('',(0.,-1.,0.));
#4655 = PCURVE('',#3456,#4656);
#4656 = DEFINITIONAL_REPRESENTATION('',(#4657),#4661);
#4657 = CIRCLE('',#4658,0.3);
#4658 = AXIS2_PLACEMENT_2D('',#4659,#4660);
#4659 = CARTESIAN_POINT('',(-0.95,-0.95));
#4660 = DIRECTION('',(0.,-1.));
#4661 = ( GEOMETRIC_REPRESENTATION_CONTEXT(2) 
PARAMETRIC_REPRESENTATION_CONTEXT() REPRESENTATION_CONTEXT('2D SPACE',''
  ) );
#4662 = PCURVE('',#4663,#4668);
#4663 = CYLINDRICAL_SURFACE('',#4664,0.3);
#4664 = AXIS2_PLACEMENT_3D('',#4665,#4666,#4667);
#4665 = CARTESIAN_POINT('',(10.8,-0.95,-5.5));
#4666 = DIRECTION('',(0.,0.,1.));
#4667 = DIRECTION('',(1.,4.4E-16,0.));
#4668 = DEFINITIONAL_REPRESENTATION('',(#4669),#4673);
#4669 = LINE('',#4670,#4671);
#4670 = CARTESIAN_POINT('',(-1.570796326795,-4.44E-15));
#4671 = VECTOR('',#4672,1.);
#4672 = DIRECTION('',(1.,0.));
#4673 = ( GEOMETRIC_REPRESENTATION_CONTEXT(2) 
PARAMETRIC_REPRESENTATION_CONTEXT() REPRESENTATION_CONTEXT('2D SPACE',''
  ) );
#4674 = ORIENTED_EDGE('',*,*,#4675,.T.);
#4675 = EDGE_CURVE('',#4647,#4676,#4678,.T.);
#4676 = VERTEX_POINT('',#4677);
#4677 = CARTESIAN_POINT('',(9.595934077146,-0.65,-5.5));
#4678 = SURFACE_CURVE('',#4679,(#4683,#4690),.PCURVE_S1.);
#4679 = LINE('',#4680,#4681);
#4680 = CARTESIAN_POINT('',(11.1,-0.65,-5.5));
#4681 = VECTOR('',#4682,1.);
#4682 = DIRECTION('',(-1.,-3.E-16,0.));
#4683 = PCURVE('',#3456,#4684);
#4684 = DEFINITIONAL_REPRESENTATION('',(#4685),#4689);
#4685 = LINE('',#4686,#4687);
#4686 = CARTESIAN_POINT('',(-0.65,-0.65));
#4687 = VECTOR('',#4688,1.);
#4688 = DIRECTION('',(-1.,-3.E-16));
#4689 = ( GEOMETRIC_REPRESENTATION_CONTEXT(2) 
PARAMETRIC_REPRESENTATION_CONTEXT() REPRESENTATION_CONTEXT('2D SPACE',''
  ) );
#4690 = PCURVE('',#4691,#4696);
#4691 = PLANE('',#4692);
#4692 = AXIS2_PLACEMENT_3D('',#4693,#4694,#4695);
#4693 = CARTESIAN_POINT('',(11.1,-0.65,-5.5));
#4694 = DIRECTION('',(3.E-16,-1.,0.));
#4695 = DIRECTION('',(-1.,-3.E-16,0.));
#4696 = DEFINITIONAL_REPRESENTATION('',(#4697),#4701);
#4697 = LINE('',#4698,#4699);
#4698 = CARTESIAN_POINT('',(0.,0.));
#4699 = VECTOR('',#4700,1.);
#4700 = DIRECTION('',(1.,-0.));
#4701 = ( GEOMETRIC_REPRESENTATION_CONTEXT(2) 
PARAMETRIC_REPRESENTATION_CONTEXT() REPRESENTATION_CONTEXT('2D SPACE',''
  ) );
#4702 = ORIENTED_EDGE('',*,*,#4703,.T.);
#4703 = EDGE_CURVE('',#4676,#4704,#4706,.T.);
#4704 = VERTEX_POINT('',#4705);
#4705 = CARTESIAN_POINT('',(9.595934077146,0.65,-5.5));
#4706 = SURFACE_CURVE('',#4707,(#4712,#4723),.PCURVE_S1.);
#4707 = CIRCLE('',#4708,2.25);
#4708 = AXIS2_PLACEMENT_3D('',#4709,#4710,#4711);
#4709 = CARTESIAN_POINT('',(11.75,0.,-5.5));
#4710 = DIRECTION('',(0.,0.,-1.));
#4711 = DIRECTION('',(-1.,0.,0.));
#4712 = PCURVE('',#3456,#4713);
#4713 = DEFINITIONAL_REPRESENTATION('',(#4714),#4722);
#4714 = ( BOUNDED_CURVE() B_SPLINE_CURVE(2,(#4715,#4716,#4717,#4718,
#4719,#4720,#4721),.UNSPECIFIED.,.T.,.F.) B_SPLINE_CURVE_WITH_KNOTS((1,2
    ,2,2,2,1),(-2.094395102393,0.,2.094395102393,4.188790204786,
6.28318530718,8.377580409573),.UNSPECIFIED.) CURVE() 
GEOMETRIC_REPRESENTATION_ITEM() RATIONAL_B_SPLINE_CURVE((1.,0.5,1.,0.5,
1.,0.5,1.)) REPRESENTATION_ITEM('') );
#4715 = CARTESIAN_POINT('',(-2.25,-1.7E-16));
#4716 = CARTESIAN_POINT('',(-2.25,3.89711431703));
#4717 = CARTESIAN_POINT('',(1.125,1.948557158515));
#4718 = CARTESIAN_POINT('',(4.5,3.810910596163E-16));
#4719 = CARTESIAN_POINT('',(1.125,-1.948557158515));
#4720 = CARTESIAN_POINT('',(-2.25,-3.89711431703));
#4721 = CARTESIAN_POINT('',(-2.25,-1.7E-16));
#4722 = ( GEOMETRIC_REPRESENTATION_CONTEXT(2) 
PARAMETRIC_REPRESENTATION_CONTEXT() REPRESENTATION_CONTEXT('2D SPACE',''
  ) );
#4723 = PCURVE('',#4724,#4729);
#4724 = CYLINDRICAL_SURFACE('',#4725,2.25);
#4725 = AXIS2_PLACEMENT_3D('',#4726,#4727,#4728);
#4726 = CARTESIAN_POINT('',(11.75,0.,-5.5));
#4727 = DIRECTION('',(0.,0.,-1.));
#4728 = DIRECTION('',(-1.,0.,0.));
#4729 = DEFINITIONAL_REPRESENTATION('',(#4730),#4734);
#4730 = LINE('',#4731,#4732);
#4731 = CARTESIAN_POINT('',(0.,0.));
#4732 = VECTOR('',#4733,1.);
#4733 = DIRECTION('',(1.,0.));
#4734 = ( GEOMETRIC_REPRESENTATION_CONTEXT(2) 
PARAMETRIC_REPRESENTATION_CONTEXT() REPRESENTATION_CONTEXT('2D SPACE',''
  ) );
#4735 = ORIENTED_EDGE('',*,*,#4736,.F.);
#4736 = EDGE_CURVE('',#4737,#4704,#4739,.T.);
#4737 = VERTEX_POINT('',#4738);
#4738 = CARTESIAN_POINT('',(10.8,0.65,-5.5));
#4739 = SURFACE_CURVE('',#4740,(#4744,#4751),.PCURVE_S1.);
#4740 = LINE('',#4741,#4742);
#4741 = CARTESIAN_POINT('',(11.1,0.65,-5.5));
#4742 = VECTOR('',#4743,1.);
#4743 = DIRECTION('',(-1.,0.,0.));
#4744 = PCURVE('',#3456,#4745);
#4745 = DEFINITIONAL_REPRESENTATION('',(#4746),#4750);
#4746 = LINE('',#4747,#4748);
#4747 = CARTESIAN_POINT('',(-0.65,0.65));
#4748 = VECTOR('',#4749,1.);
#4749 = DIRECTION('',(-1.,0.));
#4750 = ( GEOMETRIC_REPRESENTATION_CONTEXT(2) 
PARAMETRIC_REPRESENTATION_CONTEXT() REPRESENTATION_CONTEXT('2D SPACE',''
  ) );
#4751 = PCURVE('',#4752,#4757);
#4752 = PLANE('',#4753);
#4753 = AXIS2_PLACEMENT_3D('',#4754,#4755,#4756);
#4754 = CARTESIAN_POINT('',(11.1,0.65,-5.5));
#4755 = DIRECTION('',(-0.,-1.,-0.));
#4756 = DIRECTION('',(-1.,0.,0.));
#4757 = DEFINITIONAL_REPRESENTATION('',(#4758),#4762);
#4758 = LINE('',#4759,#4760);
#4759 = CARTESIAN_POINT('',(0.,0.));
#4760 = VECTOR('',#4761,1.);
#4761 = DIRECTION('',(1.,0.));
#4762 = ( GEOMETRIC_REPRESENTATION_CONTEXT(2) 
PARAMETRIC_REPRESENTATION_CONTEXT() REPRESENTATION_CONTEXT('2D SPACE',''
  ) );
#4763 = ORIENTED_EDGE('',*,*,#4764,.T.);
#4764 = EDGE_CURVE('',#4737,#4765,#4767,.T.);
#4765 = VERTEX_POINT('',#4766);
#4766 = CARTESIAN_POINT('',(11.1,0.95,-5.5));
#4767 = SURFACE_CURVE('',#4768,(#4773,#4780),.PCURVE_S1.);
#4768 = CIRCLE('',#4769,0.3);
#4769 = AXIS2_PLACEMENT_3D('',#4770,#4771,#4772);
#4770 = CARTESIAN_POINT('',(10.8,0.95,-5.5));
#4771 = DIRECTION('',(-0.,0.,1.));
#4772 = DIRECTION('',(0.,-1.,0.));
#4773 = PCURVE('',#3456,#4774);
#4774 = DEFINITIONAL_REPRESENTATION('',(#4775),#4779);
#4775 = CIRCLE('',#4776,0.3);
#4776 = AXIS2_PLACEMENT_2D('',#4777,#4778);
#4777 = CARTESIAN_POINT('',(-0.95,0.95));
#4778 = DIRECTION('',(0.,-1.));
#4779 = ( GEOMETRIC_REPRESENTATION_CONTEXT(2) 
PARAMETRIC_REPRESENTATION_CONTEXT() REPRESENTATION_CONTEXT('2D SPACE',''
  ) );
#4780 = PCURVE('',#4781,#4786);
#4781 = CYLINDRICAL_SURFACE('',#4782,0.3);
#4782 = AXIS2_PLACEMENT_3D('',#4783,#4784,#4785);
#4783 = CARTESIAN_POINT('',(10.8,0.95,-5.5));
#4784 = DIRECTION('',(0.,0.,1.));
#4785 = DIRECTION('',(0.,-1.,0.));
#4786 = DEFINITIONAL_REPRESENTATION('',(#4787),#4791);
#4787 = LINE('',#4788,#4789);
#4788 = CARTESIAN_POINT('',(0.,-4.44E-15));
#4789 = VECTOR('',#4790,1.);
#4790 = DIRECTION('',(1.,0.));
#4791 = ( GEOMETRIC_REPRESENTATION_CONTEXT(2) 
PARAMETRIC_REPRESENTATION_CONTEXT() REPRESENTATION_CONTEXT('2D SPACE',''
  ) );
#4792 = ORIENTED_EDGE('',*,*,#4793,.F.);
#4793 = EDGE_CURVE('',#4794,#4765,#4796,.T.);
#4794 = VERTEX_POINT('',#4795);
#4795 = CARTESIAN_POINT('',(11.1,2.154065922854,-5.5));
#4796 = SURFACE_CURVE('',#4797,(#4801,#4808),.PCURVE_S1.);
#4797 = LINE('',#4798,#4799);
#4798 = CARTESIAN_POINT('',(11.1,2.154065922854,-5.5));
#4799 = VECTOR('',#4800,1.);
#4800 = DIRECTION('',(0.,-1.,0.));
#4801 = PCURVE('',#3456,#4802);
#4802 = DEFINITIONAL_REPRESENTATION('',(#4803),#4807);
#4803 = LINE('',#4804,#4805);
#4804 = CARTESIAN_POINT('',(-0.65,2.154065922854));
#4805 = VECTOR('',#4806,1.);
#4806 = DIRECTION('',(0.,-1.));
#4807 = ( GEOMETRIC_REPRESENTATION_CONTEXT(2) 
PARAMETRIC_REPRESENTATION_CONTEXT() REPRESENTATION_CONTEXT('2D SPACE',''
  ) );
#4808 = PCURVE('',#4809,#4814);
#4809 = PLANE('',#4810);
#4810 = AXIS2_PLACEMENT_3D('',#4811,#4812,#4813);
#4811 = CARTESIAN_POINT('',(11.1,2.154065922854,-5.5));
#4812 = DIRECTION('',(1.,0.,0.));
#4813 = DIRECTION('',(0.,-1.,0.));
#4814 = DEFINITIONAL_REPRESENTATION('',(#4815),#4819);
#4815 = LINE('',#4816,#4817);
#4816 = CARTESIAN_POINT('',(0.,0.));
#4817 = VECTOR('',#4818,1.);
#4818 = DIRECTION('',(1.,0.));
#4819 = ( GEOMETRIC_REPRESENTATION_CONTEXT(2) 
PARAMETRIC_REPRESENTATION_CONTEXT() REPRESENTATION_CONTEXT('2D SPACE',''
  ) );
#4820 = ORIENTED_EDGE('',*,*,#4821,.T.);
#4821 = EDGE_CURVE('',#4794,#4381,#4822,.T.);
#4822 = SURFACE_CURVE('',#4823,(#4828,#4839),.PCURVE_S1.);
#4823 = CIRCLE('',#4824,2.25);
#4824 = AXIS2_PLACEMENT_3D('',#4825,#4826,#4827);
#4825 = CARTESIAN_POINT('',(11.75,0.,-5.5));
#4826 = DIRECTION('',(0.,0.,-1.));
#4827 = DIRECTION('',(-1.,0.,0.));
#4828 = PCURVE('',#3456,#4829);
#4829 = DEFINITIONAL_REPRESENTATION('',(#4830),#4838);
#4830 = ( BOUNDED_CURVE() B_SPLINE_CURVE(2,(#4831,#4832,#4833,#4834,
#4835,#4836,#4837),.UNSPECIFIED.,.T.,.F.) B_SPLINE_CURVE_WITH_KNOTS((1,2
    ,2,2,2,1),(-2.094395102393,0.,2.094395102393,4.188790204786,
6.28318530718,8.377580409573),.UNSPECIFIED.) CURVE() 
GEOMETRIC_REPRESENTATION_ITEM() RATIONAL_B_SPLINE_CURVE((1.,0.5,1.,0.5,
1.,0.5,1.)) REPRESENTATION_ITEM('') );
#4831 = CARTESIAN_POINT('',(-2.25,-1.7E-16));
#4832 = CARTESIAN_POINT('',(-2.25,3.89711431703));
#4833 = CARTESIAN_POINT('',(1.125,1.948557158515));
#4834 = CARTESIAN_POINT('',(4.5,3.810910596163E-16));
#4835 = CARTESIAN_POINT('',(1.125,-1.948557158515));
#4836 = CARTESIAN_POINT('',(-2.25,-3.89711431703));
#4837 = CARTESIAN_POINT('',(-2.25,-1.7E-16));
#4838 = ( GEOMETRIC_REPRESENTATION_CONTEXT(2) 
PARAMETRIC_REPRESENTATION_CONTEXT() REPRESENTATION_CONTEXT('2D SPACE',''
  ) );
#4839 = PCURVE('',#4840,#4845);
#4840 = CYLINDRICAL_SURFACE('',#4841,2.25);
#4841 = AXIS2_PLACEMENT_3D('',#4842,#4843,#4844);
#4842 = CARTESIAN_POINT('',(11.75,0.,-5.5));
#4843 = DIRECTION('',(0.,0.,-1.));
#4844 = DIRECTION('',(-1.,0.,0.));
#4845 = DEFINITIONAL_REPRESENTATION('',(#4846),#4850);
#4846 = LINE('',#4847,#4848);
#4847 = CARTESIAN_POINT('',(0.,0.));
#4848 = VECTOR('',#4849,1.);
#4849 = DIRECTION('',(1.,0.));
#4850 = ( GEOMETRIC_REPRESENTATION_CONTEXT(2) 
PARAMETRIC_REPRESENTATION_CONTEXT() REPRESENTATION_CONTEXT('2D SPACE',''
  ) );
#4851 = FACE_BOUND('',#4852,.T.);
#4852 = EDGE_LOOP('',(#4853));
#4853 = ORIENTED_EDGE('',*,*,#3441,.T.);
#4854 = ADVANCED_FACE('',(#4855,#5101),#3516,.F.);
#4855 = FACE_BOUND('',#4856,.F.);
#4856 = EDGE_LOOP('',(#4857,#4887,#4920,#4948,#4981,#5009,#5042,#5070));
#4857 = ORIENTED_EDGE('',*,*,#4858,.F.);
#4858 = EDGE_CURVE('',#4859,#4861,#4863,.T.);
#4859 = VERTEX_POINT('',#4860);
#4860 = CARTESIAN_POINT('',(17.,-9.,-3.5));
#4861 = VERTEX_POINT('',#4862);
#4862 = CARTESIAN_POINT('',(-17.,-9.,-3.5));
#4863 = SURFACE_CURVE('',#4864,(#4868,#4875),.PCURVE_S1.);
#4864 = LINE('',#4865,#4866);
#4865 = CARTESIAN_POINT('',(17.,-9.,-3.5));
#4866 = VECTOR('',#4867,1.);
#4867 = DIRECTION('',(-1.,0.,0.));
#4868 = PCURVE('',#3516,#4869);
#4869 = DEFINITIONAL_REPRESENTATION('',(#4870),#4874);
#4870 = LINE('',#4871,#4872);
#4871 = CARTESIAN_POINT('',(17.,-9.));
#4872 = VECTOR('',#4873,1.);
#4873 = DIRECTION('',(-1.,0.));
#4874 = ( GEOMETRIC_REPRESENTATION_CONTEXT(2) 
PARAMETRIC_REPRESENTATION_CONTEXT() REPRESENTATION_CONTEXT('2D SPACE',''
  ) );
#4875 = PCURVE('',#4876,#4881);
#4876 = PLANE('',#4877);
#4877 = AXIS2_PLACEMENT_3D('',#4878,#4879,#4880);
#4878 = CARTESIAN_POINT('',(17.,-9.,-1.5));
#4879 = DIRECTION('',(0.,1.,0.));
#4880 = DIRECTION('',(-1.,0.,0.));
#4881 = DEFINITIONAL_REPRESENTATION('',(#4882),#4886);
#4882 = LINE('',#4883,#4884);
#4883 = CARTESIAN_POINT('',(0.,-2.));
#4884 = VECTOR('',#4885,1.);
#4885 = DIRECTION('',(1.,0.));
#4886 = ( GEOMETRIC_REPRESENTATION_CONTEXT(2) 
PARAMETRIC_REPRESENTATION_CONTEXT() REPRESENTATION_CONTEXT('2D SPACE',''
  ) );
#4887 = ORIENTED_EDGE('',*,*,#4888,.F.);
#4888 = EDGE_CURVE('',#4889,#4859,#4891,.T.);
#4889 = VERTEX_POINT('',#4890);
#4890 = CARTESIAN_POINT('',(18.5,-7.5,-3.5));
#4891 = SURFACE_CURVE('',#4892,(#4897,#4908),.PCURVE_S1.);
#4892 = CIRCLE('',#4893,1.5);
#4893 = AXIS2_PLACEMENT_3D('',#4894,#4895,#4896);
#4894 = CARTESIAN_POINT('',(17.,-7.5,-3.5));
#4895 = DIRECTION('',(0.,0.,-1.));
#4896 = DIRECTION('',(-1.,0.,0.));
#4897 = PCURVE('',#3516,#4898);
#4898 = DEFINITIONAL_REPRESENTATION('',(#4899),#4907);
#4899 = ( BOUNDED_CURVE() B_SPLINE_CURVE(2,(#4900,#4901,#4902,#4903,
#4904,#4905,#4906),.UNSPECIFIED.,.T.,.F.) B_SPLINE_CURVE_WITH_KNOTS((1,2
    ,2,2,2,1),(-2.094395102393,0.,2.094395102393,4.188790204786,
6.28318530718,8.377580409573),.UNSPECIFIED.) CURVE() 
GEOMETRIC_REPRESENTATION_ITEM() RATIONAL_B_SPLINE_CURVE((1.,0.5,1.,0.5,
1.,0.5,1.)) REPRESENTATION_ITEM('') );
#4900 = CARTESIAN_POINT('',(15.5,-7.5));
#4901 = CARTESIAN_POINT('',(15.5,-4.901923788647));
#4902 = CARTESIAN_POINT('',(17.75,-6.200961894323));
#4903 = CARTESIAN_POINT('',(20.,-7.5));
#4904 = CARTESIAN_POINT('',(17.75,-8.799038105677));
#4905 = CARTESIAN_POINT('',(15.5,-10.09807621135));
#4906 = CARTESIAN_POINT('',(15.5,-7.5));
#4907 = ( GEOMETRIC_REPRESENTATION_CONTEXT(2) 
PARAMETRIC_REPRESENTATION_CONTEXT() REPRESENTATION_CONTEXT('2D SPACE',''
  ) );
#4908 = PCURVE('',#4909,#4914);
#4909 = CYLINDRICAL_SURFACE('',#4910,1.5);
#4910 = AXIS2_PLACEMENT_3D('',#4911,#4912,#4913);
#4911 = CARTESIAN_POINT('',(17.,-7.5,-1.5));
#4912 = DIRECTION('',(0.,0.,1.));
#4913 = DIRECTION('',(-1.,0.,0.));
#4914 = DEFINITIONAL_REPRESENTATION('',(#4915),#4919);
#4915 = LINE('',#4916,#4917);
#4916 = CARTESIAN_POINT('',(-0.,-2.));
#4917 = VECTOR('',#4918,1.);
#4918 = DIRECTION('',(-1.,0.));
#4919 = ( GEOMETRIC_REPRESENTATION_CONTEXT(2) 
PARAMETRIC_REPRESENTATION_CONTEXT() REPRESENTATION_CONTEXT('2D SPACE',''
  ) );
#4920 = ORIENTED_EDGE('',*,*,#4921,.F.);
#4921 = EDGE_CURVE('',#4922,#4889,#4924,.T.);
#4922 = VERTEX_POINT('',#4923);
#4923 = CARTESIAN_POINT('',(18.5,7.5,-3.5));
#4924 = SURFACE_CURVE('',#4925,(#4929,#4936),.PCURVE_S1.);
#4925 = LINE('',#4926,#4927);
#4926 = CARTESIAN_POINT('',(18.5,7.5,-3.5));
#4927 = VECTOR('',#4928,1.);
#4928 = DIRECTION('',(0.,-1.,0.));
#4929 = PCURVE('',#3516,#4930);
#4930 = DEFINITIONAL_REPRESENTATION('',(#4931),#4935);
#4931 = LINE('',#4932,#4933);
#4932 = CARTESIAN_POINT('',(18.5,7.5));
#4933 = VECTOR('',#4934,1.);
#4934 = DIRECTION('',(0.,-1.));
#4935 = ( GEOMETRIC_REPRESENTATION_CONTEXT(2) 
PARAMETRIC_REPRESENTATION_CONTEXT() REPRESENTATION_CONTEXT('2D SPACE',''
  ) );
#4936 = PCURVE('',#4937,#4942);
#4937 = PLANE('',#4938);
#4938 = AXIS2_PLACEMENT_3D('',#4939,#4940,#4941);
#4939 = CARTESIAN_POINT('',(18.5,7.5,-1.5));
#4940 = DIRECTION('',(-1.,0.,0.));
#4941 = DIRECTION('',(0.,-1.,0.));
#4942 = DEFINITIONAL_REPRESENTATION('',(#4943),#4947);
#4943 = LINE('',#4944,#4945);
#4944 = CARTESIAN_POINT('',(0.,-2.));
#4945 = VECTOR('',#4946,1.);
#4946 = DIRECTION('',(1.,0.));
#4947 = ( GEOMETRIC_REPRESENTATION_CONTEXT(2) 
PARAMETRIC_REPRESENTATION_CONTEXT() REPRESENTATION_CONTEXT('2D SPACE',''
  ) );
#4948 = ORIENTED_EDGE('',*,*,#4949,.F.);
#4949 = EDGE_CURVE('',#4950,#4922,#4952,.T.);
#4950 = VERTEX_POINT('',#4951);
#4951 = CARTESIAN_POINT('',(17.,9.,-3.5));
#4952 = SURFACE_CURVE('',#4953,(#4958,#4969),.PCURVE_S1.);
#4953 = CIRCLE('',#4954,1.5);
#4954 = AXIS2_PLACEMENT_3D('',#4955,#4956,#4957);
#4955 = CARTESIAN_POINT('',(17.,7.5,-3.5));
#4956 = DIRECTION('',(0.,0.,-1.));
#4957 = DIRECTION('',(-1.,0.,0.));
#4958 = PCURVE('',#3516,#4959);
#4959 = DEFINITIONAL_REPRESENTATION('',(#4960),#4968);
#4960 = ( BOUNDED_CURVE() B_SPLINE_CURVE(2,(#4961,#4962,#4963,#4964,
#4965,#4966,#4967),.UNSPECIFIED.,.T.,.F.) B_SPLINE_CURVE_WITH_KNOTS((1,2
    ,2,2,2,1),(-2.094395102393,0.,2.094395102393,4.188790204786,
6.28318530718,8.377580409573),.UNSPECIFIED.) CURVE() 
GEOMETRIC_REPRESENTATION_ITEM() RATIONAL_B_SPLINE_CURVE((1.,0.5,1.,0.5,
1.,0.5,1.)) REPRESENTATION_ITEM('') );
#4961 = CARTESIAN_POINT('',(15.5,7.5));
#4962 = CARTESIAN_POINT('',(15.5,10.098076211353));
#4963 = CARTESIAN_POINT('',(17.75,8.799038105677));
#4964 = CARTESIAN_POINT('',(20.,7.5));
#4965 = CARTESIAN_POINT('',(17.75,6.200961894323));
#4966 = CARTESIAN_POINT('',(15.5,4.901923788647));
#4967 = CARTESIAN_POINT('',(15.5,7.5));
#4968 = ( GEOMETRIC_REPRESENTATION_CONTEXT(2) 
PARAMETRIC_REPRESENTATION_CONTEXT() REPRESENTATION_CONTEXT('2D SPACE',''
  ) );
#4969 = PCURVE('',#4970,#4975);
#4970 = CYLINDRICAL_SURFACE('',#4971,1.5);
#4971 = AXIS2_PLACEMENT_3D('',#4972,#4973,#4974);
#4972 = CARTESIAN_POINT('',(17.,7.5,-1.5));
#4973 = DIRECTION('',(0.,0.,1.));
#4974 = DIRECTION('',(-1.,0.,0.));
#4975 = DEFINITIONAL_REPRESENTATION('',(#4976),#4980);
#4976 = LINE('',#4977,#4978);
#4977 = CARTESIAN_POINT('',(-0.,-2.));
#4978 = VECTOR('',#4979,1.);
#4979 = DIRECTION('',(-1.,0.));
#4980 = ( GEOMETRIC_REPRESENTATION_CONTEXT(2) 
PARAMETRIC_REPRESENTATION_CONTEXT() REPRESENTATION_CONTEXT('2D SPACE',''
  ) );
#4981 = ORIENTED_EDGE('',*,*,#4982,.F.);
#4982 = EDGE_CURVE('',#4983,#4950,#4985,.T.);
#4983 = VERTEX_POINT('',#4984);
#4984 = CARTESIAN_POINT('',(-17.,9.,-3.5));
#4985 = SURFACE_CURVE('',#4986,(#4990,#4997),.PCURVE_S1.);
#4986 = LINE('',#4987,#4988);
#4987 = CARTESIAN_POINT('',(-17.,9.,-3.5));
#4988 = VECTOR('',#4989,1.);
#4989 = DIRECTION('',(1.,0.,0.));
#4990 = PCURVE('',#3516,#4991);
#4991 = DEFINITIONAL_REPRESENTATION('',(#4992),#4996);
#4992 = LINE('',#4993,#4994);
#4993 = CARTESIAN_POINT('',(-17.,9.));
#4994 = VECTOR('',#4995,1.);
#4995 = DIRECTION('',(1.,0.));
#4996 = ( GEOMETRIC_REPRESENTATION_CONTEXT(2) 
PARAMETRIC_REPRESENTATION_CONTEXT() REPRESENTATION_CONTEXT('2D SPACE',''
  ) );
#4997 = PCURVE('',#4998,#5003);
#4998 = PLANE('',#4999);
#4999 = AXIS2_PLACEMENT_3D('',#5000,#5001,#5002);
#5000 = CARTESIAN_POINT('',(-17.,9.,-1.5));
#5001 = DIRECTION('',(0.,-1.,0.));
#5002 = DIRECTION('',(1.,0.,0.));
#5003 = DEFINITIONAL_REPRESENTATION('',(#5004),#5008);
#5004 = LINE('',#5005,#5006);
#5005 = CARTESIAN_POINT('',(0.,-2.));
#5006 = VECTOR('',#5007,1.);
#5007 = DIRECTION('',(1.,0.));
#5008 = ( GEOMETRIC_REPRESENTATION_CONTEXT(2) 
PARAMETRIC_REPRESENTATION_CONTEXT() REPRESENTATION_CONTEXT('2D SPACE',''
  ) );
#5009 = ORIENTED_EDGE('',*,*,#5010,.F.);
#5010 = EDGE_CURVE('',#5011,#4983,#5013,.T.);
#5011 = VERTEX_POINT('',#5012);
#5012 = CARTESIAN_POINT('',(-18.5,7.5,-3.5));
#5013 = SURFACE_CURVE('',#5014,(#5019,#5030),.PCURVE_S1.);
#5014 = CIRCLE('',#5015,1.5);
#5015 = AXIS2_PLACEMENT_3D('',#5016,#5017,#5018);
#5016 = CARTESIAN_POINT('',(-17.,7.5,-3.5));
#5017 = DIRECTION('',(0.,0.,-1.));
#5018 = DIRECTION('',(-1.,0.,0.));
#5019 = PCURVE('',#3516,#5020);
#5020 = DEFINITIONAL_REPRESENTATION('',(#5021),#5029);
#5021 = ( BOUNDED_CURVE() B_SPLINE_CURVE(2,(#5022,#5023,#5024,#5025,
#5026,#5027,#5028),.UNSPECIFIED.,.T.,.F.) B_SPLINE_CURVE_WITH_KNOTS((1,2
    ,2,2,2,1),(-2.094395102393,0.,2.094395102393,4.188790204786,
6.28318530718,8.377580409573),.UNSPECIFIED.) CURVE() 
GEOMETRIC_REPRESENTATION_ITEM() RATIONAL_B_SPLINE_CURVE((1.,0.5,1.,0.5,
1.,0.5,1.)) REPRESENTATION_ITEM('') );
#5022 = CARTESIAN_POINT('',(-18.5,7.5));
#5023 = CARTESIAN_POINT('',(-18.5,10.098076211353));
#5024 = CARTESIAN_POINT('',(-16.25,8.799038105677));
#5025 = CARTESIAN_POINT('',(-14.,7.5));
#5026 = CARTESIAN_POINT('',(-16.25,6.200961894323));
#5027 = CARTESIAN_POINT('',(-18.5,4.901923788647));
#5028 = CARTESIAN_POINT('',(-18.5,7.5));
#5029 = ( GEOMETRIC_REPRESENTATION_CONTEXT(2) 
PARAMETRIC_REPRESENTATION_CONTEXT() REPRESENTATION_CONTEXT('2D SPACE',''
  ) );
#5030 = PCURVE('',#5031,#5036);
#5031 = CYLINDRICAL_SURFACE('',#5032,1.5);
#5032 = AXIS2_PLACEMENT_3D('',#5033,#5034,#5035);
#5033 = CARTESIAN_POINT('',(-17.,7.5,-1.5));
#5034 = DIRECTION('',(0.,0.,1.));
#5035 = DIRECTION('',(-1.,0.,0.));
#5036 = DEFINITIONAL_REPRESENTATION('',(#5037),#5041);
#5037 = LINE('',#5038,#5039);
#5038 = CARTESIAN_POINT('',(-0.,-2.));
#5039 = VECTOR('',#5040,1.);
#5040 = DIRECTION('',(-1.,0.));
#5041 = ( GEOMETRIC_REPRESENTATION_CONTEXT(2) 
PARAMETRIC_REPRESENTATION_CONTEXT() REPRESENTATION_CONTEXT('2D SPACE',''
  ) );
#5042 = ORIENTED_EDGE('',*,*,#5043,.F.);
#5043 = EDGE_CURVE('',#5044,#5011,#5046,.T.);
#5044 = VERTEX_POINT('',#5045);
#5045 = CARTESIAN_POINT('',(-18.5,-7.5,-3.5));
#5046 = SURFACE_CURVE('',#5047,(#5051,#5058),.PCURVE_S1.);
#5047 = LINE('',#5048,#5049);
#5048 = CARTESIAN_POINT('',(-18.5,-7.5,-3.5));
#5049 = VECTOR('',#5050,1.);
#5050 = DIRECTION('',(0.,1.,0.));
#5051 = PCURVE('',#3516,#5052);
#5052 = DEFINITIONAL_REPRESENTATION('',(#5053),#5057);
#5053 = LINE('',#5054,#5055);
#5054 = CARTESIAN_POINT('',(-18.5,-7.5));
#5055 = VECTOR('',#5056,1.);
#5056 = DIRECTION('',(0.,1.));
#5057 = ( GEOMETRIC_REPRESENTATION_CONTEXT(2) 
PARAMETRIC_REPRESENTATION_CONTEXT() REPRESENTATION_CONTEXT('2D SPACE',''
  ) );
#5058 = PCURVE('',#5059,#5064);
#5059 = PLANE('',#5060);
#5060 = AXIS2_PLACEMENT_3D('',#5061,#5062,#5063);
#5061 = CARTESIAN_POINT('',(-18.5,-7.5,-1.5));
#5062 = DIRECTION('',(1.,0.,0.));
#5063 = DIRECTION('',(0.,1.,0.));
#5064 = DEFINITIONAL_REPRESENTATION('',(#5065),#5069);
#5065 = LINE('',#5066,#5067);
#5066 = CARTESIAN_POINT('',(0.,-2.));
#5067 = VECTOR('',#5068,1.);
#5068 = DIRECTION('',(1.,0.));
#5069 = ( GEOMETRIC_REPRESENTATION_CONTEXT(2) 
PARAMETRIC_REPRESENTATION_CONTEXT() REPRESENTATION_CONTEXT('2D SPACE',''
  ) );
#5070 = ORIENTED_EDGE('',*,*,#5071,.F.);
#5071 = EDGE_CURVE('',#4861,#5044,#5072,.T.);
#5072 = SURFACE_CURVE('',#5073,(#5078,#5089),.PCURVE_S1.);
#5073 = CIRCLE('',#5074,1.5);
#5074 = AXIS2_PLACEMENT_3D('',#5075,#5076,#5077);
#5075 = CARTESIAN_POINT('',(-17.,-7.5,-3.5));
#5076 = DIRECTION('',(0.,0.,-1.));
#5077 = DIRECTION('',(-1.,0.,0.));
#5078 = PCURVE('',#3516,#5079);
#5079 = DEFINITIONAL_REPRESENTATION('',(#5080),#5088);
#5080 = ( BOUNDED_CURVE() B_SPLINE_CURVE(2,(#5081,#5082,#5083,#5084,
#5085,#5086,#5087),.UNSPECIFIED.,.T.,.F.) B_SPLINE_CURVE_WITH_KNOTS((1,2
    ,2,2,2,1),(-2.094395102393,0.,2.094395102393,4.188790204786,
6.28318530718,8.377580409573),.UNSPECIFIED.) CURVE() 
GEOMETRIC_REPRESENTATION_ITEM() RATIONAL_B_SPLINE_CURVE((1.,0.5,1.,0.5,
1.,0.5,1.)) REPRESENTATION_ITEM('') );
#5081 = CARTESIAN_POINT('',(-18.5,-7.5));
#5082 = CARTESIAN_POINT('',(-18.5,-4.901923788647));
#5083 = CARTESIAN_POINT('',(-16.25,-6.200961894323));
#5084 = CARTESIAN_POINT('',(-14.,-7.5));
#5085 = CARTESIAN_POINT('',(-16.25,-8.799038105677));
#5086 = CARTESIAN_POINT('',(-18.5,-10.09807621135));
#5087 = CARTESIAN_POINT('',(-18.5,-7.5));
#5088 = ( GEOMETRIC_REPRESENTATION_CONTEXT(2) 
PARAMETRIC_REPRESENTATION_CONTEXT() REPRESENTATION_CONTEXT('2D SPACE',''
  ) );
#5089 = PCURVE('',#5090,#5095);
#5090 = CYLINDRICAL_SURFACE('',#5091,1.5);
#5091 = AXIS2_PLACEMENT_3D('',#5092,#5093,#5094);
#5092 = CARTESIAN_POINT('',(-17.,-7.5,-1.5));
#5093 = DIRECTION('',(0.,0.,1.));
#5094 = DIRECTION('',(-1.,0.,0.));
#5095 = DEFINITIONAL_REPRESENTATION('',(#5096),#5100);
#5096 = LINE('',#5097,#5098);
#5097 = CARTESIAN_POINT('',(-0.,-2.));
#5098 = VECTOR('',#5099,1.);
#5099 = DIRECTION('',(-1.,0.));
#5100 = ( GEOMETRIC_REPRESENTATION_CONTEXT(2) 
PARAMETRIC_REPRESENTATION_CONTEXT() REPRESENTATION_CONTEXT('2D SPACE',''
  ) );
#5101 = FACE_BOUND('',#5102,.F.);
#5102 = EDGE_LOOP('',(#5103,#5104,#5105,#5106,#5107,#5108,#5109,#5110));
#5103 = ORIENTED_EDGE('',*,*,#3709,.T.);
#5104 = ORIENTED_EDGE('',*,*,#3733,.T.);
#5105 = ORIENTED_EDGE('',*,*,#3500,.T.);
#5106 = ORIENTED_EDGE('',*,*,#3580,.T.);
#5107 = ORIENTED_EDGE('',*,*,#3636,.T.);
#5108 = ORIENTED_EDGE('',*,*,#3790,.T.);
#5109 = ORIENTED_EDGE('',*,*,#3846,.T.);
#5110 = ORIENTED_EDGE('',*,*,#3873,.T.);
#5111 = ADVANCED_FACE('',(#5112),#3920,.F.);
#5112 = FACE_BOUND('',#5113,.F.);
#5113 = EDGE_LOOP('',(#5114,#5115,#5138,#5166));
#5114 = ORIENTED_EDGE('',*,*,#3902,.F.);
#5115 = ORIENTED_EDGE('',*,*,#5116,.T.);
#5116 = EDGE_CURVE('',#3903,#5117,#5119,.T.);
#5117 = VERTEX_POINT('',#5118);
#5118 = CARTESIAN_POINT('',(0.65,2.154065922854,-1.));
#5119 = SURFACE_CURVE('',#5120,(#5124,#5131),.PCURVE_S1.);
#5120 = LINE('',#5121,#5122);
#5121 = CARTESIAN_POINT('',(0.65,2.154065922854,-5.5));
#5122 = VECTOR('',#5123,1.);
#5123 = DIRECTION('',(0.,0.,1.));
#5124 = PCURVE('',#3920,#5125);
#5125 = DEFINITIONAL_REPRESENTATION('',(#5126),#5130);
#5126 = LINE('',#5127,#5128);
#5127 = CARTESIAN_POINT('',(0.,0.));
#5128 = VECTOR('',#5129,1.);
#5129 = DIRECTION('',(0.,-1.));
#5130 = ( GEOMETRIC_REPRESENTATION_CONTEXT(2) 
PARAMETRIC_REPRESENTATION_CONTEXT() REPRESENTATION_CONTEXT('2D SPACE',''
  ) );
#5131 = PCURVE('',#4362,#5132);
#5132 = DEFINITIONAL_REPRESENTATION('',(#5133),#5137);
#5133 = LINE('',#5134,#5135);
#5134 = CARTESIAN_POINT('',(1.863862365119,0.));
#5135 = VECTOR('',#5136,1.);
#5136 = DIRECTION('',(0.,-1.));
#5137 = ( GEOMETRIC_REPRESENTATION_CONTEXT(2) 
PARAMETRIC_REPRESENTATION_CONTEXT() REPRESENTATION_CONTEXT('2D SPACE',''
  ) );
#5138 = ORIENTED_EDGE('',*,*,#5139,.T.);
#5139 = EDGE_CURVE('',#5117,#5140,#5142,.T.);
#5140 = VERTEX_POINT('',#5141);
#5141 = CARTESIAN_POINT('',(0.65,0.95,-1.));
#5142 = SURFACE_CURVE('',#5143,(#5147,#5154),.PCURVE_S1.);
#5143 = LINE('',#5144,#5145);
#5144 = CARTESIAN_POINT('',(0.65,1.077032961427,-1.));
#5145 = VECTOR('',#5146,1.);
#5146 = DIRECTION('',(0.,-1.,0.));
#5147 = PCURVE('',#3920,#5148);
#5148 = DEFINITIONAL_REPRESENTATION('',(#5149),#5153);
#5149 = LINE('',#5150,#5151);
#5150 = CARTESIAN_POINT('',(1.077032961427,-4.5));
#5151 = VECTOR('',#5152,1.);
#5152 = DIRECTION('',(1.,0.));
#5153 = ( GEOMETRIC_REPRESENTATION_CONTEXT(2) 
PARAMETRIC_REPRESENTATION_CONTEXT() REPRESENTATION_CONTEXT('2D SPACE',''
  ) );
#5154 = PCURVE('',#5155,#5160);
#5155 = PLANE('',#5156);
#5156 = AXIS2_PLACEMENT_3D('',#5157,#5158,#5159);
#5157 = CARTESIAN_POINT('',(6.E-17,1.3E-16,-1.));
#5158 = DIRECTION('',(0.,0.,1.));
#5159 = DIRECTION('',(1.,0.,0.));
#5160 = DEFINITIONAL_REPRESENTATION('',(#5161),#5165);
#5161 = LINE('',#5162,#5163);
#5162 = CARTESIAN_POINT('',(0.65,1.077032961427));
#5163 = VECTOR('',#5164,1.);
#5164 = DIRECTION('',(0.,-1.));
#5165 = ( GEOMETRIC_REPRESENTATION_CONTEXT(2) 
PARAMETRIC_REPRESENTATION_CONTEXT() REPRESENTATION_CONTEXT('2D SPACE',''
  ) );
#5166 = ORIENTED_EDGE('',*,*,#5167,.F.);
#5167 = EDGE_CURVE('',#3905,#5140,#5168,.T.);
#5168 = SURFACE_CURVE('',#5169,(#5173,#5180),.PCURVE_S1.);
#5169 = LINE('',#5170,#5171);
#5170 = CARTESIAN_POINT('',(0.65,0.95,-5.5));
#5171 = VECTOR('',#5172,1.);
#5172 = DIRECTION('',(0.,0.,1.));
#5173 = PCURVE('',#3920,#5174);
#5174 = DEFINITIONAL_REPRESENTATION('',(#5175),#5179);
#5175 = LINE('',#5176,#5177);
#5176 = CARTESIAN_POINT('',(1.204065922854,0.));
#5177 = VECTOR('',#5178,1.);
#5178 = DIRECTION('',(0.,-1.));
#5179 = ( GEOMETRIC_REPRESENTATION_CONTEXT(2) 
PARAMETRIC_REPRESENTATION_CONTEXT() REPRESENTATION_CONTEXT('2D SPACE',''
  ) );
#5180 = PCURVE('',#3949,#5181);
#5181 = DEFINITIONAL_REPRESENTATION('',(#5182),#5186);
#5182 = LINE('',#5183,#5184);
#5183 = CARTESIAN_POINT('',(0.,0.));
#5184 = VECTOR('',#5185,1.);
#5185 = DIRECTION('',(0.,1.));
#5186 = ( GEOMETRIC_REPRESENTATION_CONTEXT(2) 
PARAMETRIC_REPRESENTATION_CONTEXT() REPRESENTATION_CONTEXT('2D SPACE',''
  ) );
#5187 = ADVANCED_FACE('',(#5188),#3949,.T.);
#5188 = FACE_BOUND('',#5189,.T.);
#5189 = EDGE_LOOP('',(#5190,#5191,#5214,#5236));
#5190 = ORIENTED_EDGE('',*,*,#3932,.T.);
#5191 = ORIENTED_EDGE('',*,*,#5192,.T.);
#5192 = EDGE_CURVE('',#3933,#5193,#5195,.T.);
#5193 = VERTEX_POINT('',#5194);
#5194 = CARTESIAN_POINT('',(0.95,0.65,-1.));
#5195 = SURFACE_CURVE('',#5196,(#5200,#5207),.PCURVE_S1.);
#5196 = LINE('',#5197,#5198);
#5197 = CARTESIAN_POINT('',(0.95,0.65,-5.5));
#5198 = VECTOR('',#5199,1.);
#5199 = DIRECTION('',(0.,0.,1.));
#5200 = PCURVE('',#3949,#5201);
#5201 = DEFINITIONAL_REPRESENTATION('',(#5202),#5206);
#5202 = LINE('',#5203,#5204);
#5203 = CARTESIAN_POINT('',(1.570796326795,0.));
#5204 = VECTOR('',#5205,1.);
#5205 = DIRECTION('',(0.,1.));
#5206 = ( GEOMETRIC_REPRESENTATION_CONTEXT(2) 
PARAMETRIC_REPRESENTATION_CONTEXT() REPRESENTATION_CONTEXT('2D SPACE',''
  ) );
#5207 = PCURVE('',#3977,#5208);
#5208 = DEFINITIONAL_REPRESENTATION('',(#5209),#5213);
#5209 = LINE('',#5210,#5211);
#5210 = CARTESIAN_POINT('',(0.3,0.));
#5211 = VECTOR('',#5212,1.);
#5212 = DIRECTION('',(0.,-1.));
#5213 = ( GEOMETRIC_REPRESENTATION_CONTEXT(2) 
PARAMETRIC_REPRESENTATION_CONTEXT() REPRESENTATION_CONTEXT('2D SPACE',''
  ) );
#5214 = ORIENTED_EDGE('',*,*,#5215,.F.);
#5215 = EDGE_CURVE('',#5140,#5193,#5216,.T.);
#5216 = SURFACE_CURVE('',#5217,(#5222,#5229),.PCURVE_S1.);
#5217 = CIRCLE('',#5218,0.3);
#5218 = AXIS2_PLACEMENT_3D('',#5219,#5220,#5221);
#5219 = CARTESIAN_POINT('',(0.95,0.95,-1.));
#5220 = DIRECTION('',(-0.,0.,1.));
#5221 = DIRECTION('',(0.,-1.,0.));
#5222 = PCURVE('',#3949,#5223);
#5223 = DEFINITIONAL_REPRESENTATION('',(#5224),#5228);
#5224 = LINE('',#5225,#5226);
#5225 = CARTESIAN_POINT('',(-4.712388980385,4.5));
#5226 = VECTOR('',#5227,1.);
#5227 = DIRECTION('',(1.,0.));
#5228 = ( GEOMETRIC_REPRESENTATION_CONTEXT(2) 
PARAMETRIC_REPRESENTATION_CONTEXT() REPRESENTATION_CONTEXT('2D SPACE',''
  ) );
#5229 = PCURVE('',#5155,#5230);
#5230 = DEFINITIONAL_REPRESENTATION('',(#5231),#5235);
#5231 = CIRCLE('',#5232,0.3);
#5232 = AXIS2_PLACEMENT_2D('',#5233,#5234);
#5233 = CARTESIAN_POINT('',(0.95,0.95));
#5234 = DIRECTION('',(0.,-1.));
#5235 = ( GEOMETRIC_REPRESENTATION_CONTEXT(2) 
PARAMETRIC_REPRESENTATION_CONTEXT() REPRESENTATION_CONTEXT('2D SPACE',''
  ) );
#5236 = ORIENTED_EDGE('',*,*,#5167,.F.);
#5237 = ADVANCED_FACE('',(#5238),#4362,.F.);
#5238 = FACE_BOUND('',#5239,.F.);
#5239 = EDGE_LOOP('',(#5240,#5241,#5264,#5290));
#5240 = ORIENTED_EDGE('',*,*,#4343,.F.);
#5241 = ORIENTED_EDGE('',*,*,#5242,.T.);
#5242 = EDGE_CURVE('',#4316,#5243,#5245,.T.);
#5243 = VERTEX_POINT('',#5244);
#5244 = CARTESIAN_POINT('',(-0.65,2.154065922854,-1.));
#5245 = SURFACE_CURVE('',#5246,(#5250,#5257),.PCURVE_S1.);
#5246 = LINE('',#5247,#5248);
#5247 = CARTESIAN_POINT('',(-0.65,2.154065922854,-5.5));
#5248 = VECTOR('',#5249,1.);
#5249 = DIRECTION('',(0.,0.,1.));
#5250 = PCURVE('',#4362,#5251);
#5251 = DEFINITIONAL_REPRESENTATION('',(#5252),#5256);
#5252 = LINE('',#5253,#5254);
#5253 = CARTESIAN_POINT('',(1.277730288471,0.));
#5254 = VECTOR('',#5255,1.);
#5255 = DIRECTION('',(0.,-1.));
#5256 = ( GEOMETRIC_REPRESENTATION_CONTEXT(2) 
PARAMETRIC_REPRESENTATION_CONTEXT() REPRESENTATION_CONTEXT('2D SPACE',''
  ) );
#5257 = PCURVE('',#4331,#5258);
#5258 = DEFINITIONAL_REPRESENTATION('',(#5259),#5263);
#5259 = LINE('',#5260,#5261);
#5260 = CARTESIAN_POINT('',(0.,0.));
#5261 = VECTOR('',#5262,1.);
#5262 = DIRECTION('',(0.,-1.));
#5263 = ( GEOMETRIC_REPRESENTATION_CONTEXT(2) 
PARAMETRIC_REPRESENTATION_CONTEXT() REPRESENTATION_CONTEXT('2D SPACE',''
  ) );
#5264 = ORIENTED_EDGE('',*,*,#5265,.T.);
#5265 = EDGE_CURVE('',#5243,#5117,#5266,.T.);
#5266 = SURFACE_CURVE('',#5267,(#5272,#5279),.PCURVE_S1.);
#5267 = CIRCLE('',#5268,2.25);
#5268 = AXIS2_PLACEMENT_3D('',#5269,#5270,#5271);
#5269 = CARTESIAN_POINT('',(0.,0.,-1.));
#5270 = DIRECTION('',(0.,0.,-1.));
#5271 = DIRECTION('',(-1.,0.,0.));
#5272 = PCURVE('',#4362,#5273);
#5273 = DEFINITIONAL_REPRESENTATION('',(#5274),#5278);
#5274 = LINE('',#5275,#5276);
#5275 = CARTESIAN_POINT('',(0.,-4.5));
#5276 = VECTOR('',#5277,1.);
#5277 = DIRECTION('',(1.,0.));
#5278 = ( GEOMETRIC_REPRESENTATION_CONTEXT(2) 
PARAMETRIC_REPRESENTATION_CONTEXT() REPRESENTATION_CONTEXT('2D SPACE',''
  ) );
#5279 = PCURVE('',#5155,#5280);
#5280 = DEFINITIONAL_REPRESENTATION('',(#5281),#5289);
#5281 = ( BOUNDED_CURVE() B_SPLINE_CURVE(2,(#5282,#5283,#5284,#5285,
#5286,#5287,#5288),.UNSPECIFIED.,.T.,.F.) B_SPLINE_CURVE_WITH_KNOTS((1,2
    ,2,2,2,1),(-2.094395102393,0.,2.094395102393,4.188790204786,
6.28318530718,8.377580409573),.UNSPECIFIED.) CURVE() 
GEOMETRIC_REPRESENTATION_ITEM() RATIONAL_B_SPLINE_CURVE((1.,0.5,1.,0.5,
1.,0.5,1.)) REPRESENTATION_ITEM('') );
#5282 = CARTESIAN_POINT('',(-2.25,-1.3E-16));
#5283 = CARTESIAN_POINT('',(-2.25,3.89711431703));
#5284 = CARTESIAN_POINT('',(1.125,1.948557158515));
#5285 = CARTESIAN_POINT('',(4.5,4.210910596163E-16));
#5286 = CARTESIAN_POINT('',(1.125,-1.948557158515));
#5287 = CARTESIAN_POINT('',(-2.25,-3.89711431703));
#5288 = CARTESIAN_POINT('',(-2.25,-1.3E-16));
#5289 = ( GEOMETRIC_REPRESENTATION_CONTEXT(2) 
PARAMETRIC_REPRESENTATION_CONTEXT() REPRESENTATION_CONTEXT('2D SPACE',''
  ) );
#5290 = ORIENTED_EDGE('',*,*,#5116,.F.);
#5291 = ADVANCED_FACE('',(#5292),#3977,.F.);
#5292 = FACE_BOUND('',#5293,.F.);
#5293 = EDGE_LOOP('',(#5294,#5295,#5296,#5319));
#5294 = ORIENTED_EDGE('',*,*,#3961,.F.);
#5295 = ORIENTED_EDGE('',*,*,#5192,.T.);
#5296 = ORIENTED_EDGE('',*,*,#5297,.T.);
#5297 = EDGE_CURVE('',#5193,#5298,#5300,.T.);
#5298 = VERTEX_POINT('',#5299);
#5299 = CARTESIAN_POINT('',(2.154065922854,0.65,-1.));
#5300 = SURFACE_CURVE('',#5301,(#5305,#5312),.PCURVE_S1.);
#5301 = LINE('',#5302,#5303);
#5302 = CARTESIAN_POINT('',(6.2,0.65,-1.));
#5303 = VECTOR('',#5304,1.);
#5304 = DIRECTION('',(1.,0.,0.));
#5305 = PCURVE('',#3977,#5306);
#5306 = DEFINITIONAL_REPRESENTATION('',(#5307),#5311);
#5307 = LINE('',#5308,#5309);
#5308 = CARTESIAN_POINT('',(5.55,-4.5));
#5309 = VECTOR('',#5310,1.);
#5310 = DIRECTION('',(1.,0.));
#5311 = ( GEOMETRIC_REPRESENTATION_CONTEXT(2) 
PARAMETRIC_REPRESENTATION_CONTEXT() REPRESENTATION_CONTEXT('2D SPACE',''
  ) );
#5312 = PCURVE('',#5155,#5313);
#5313 = DEFINITIONAL_REPRESENTATION('',(#5314),#5318);
#5314 = LINE('',#5315,#5316);
#5315 = CARTESIAN_POINT('',(6.2,0.65));
#5316 = VECTOR('',#5317,1.);
#5317 = DIRECTION('',(1.,0.));
#5318 = ( GEOMETRIC_REPRESENTATION_CONTEXT(2) 
PARAMETRIC_REPRESENTATION_CONTEXT() REPRESENTATION_CONTEXT('2D SPACE',''
  ) );
#5319 = ORIENTED_EDGE('',*,*,#5320,.F.);
#5320 = EDGE_CURVE('',#3962,#5298,#5321,.T.);
#5321 = SURFACE_CURVE('',#5322,(#5326,#5333),.PCURVE_S1.);
#5322 = LINE('',#5323,#5324);
#5323 = CARTESIAN_POINT('',(2.154065922854,0.65,-5.5));
#5324 = VECTOR('',#5325,1.);
#5325 = DIRECTION('',(0.,0.,1.));
#5326 = PCURVE('',#3977,#5327);
#5327 = DEFINITIONAL_REPRESENTATION('',(#5328),#5332);
#5328 = LINE('',#5329,#5330);
#5329 = CARTESIAN_POINT('',(1.504065922854,0.));
#5330 = VECTOR('',#5331,1.);
#5331 = DIRECTION('',(0.,-1.));
#5332 = ( GEOMETRIC_REPRESENTATION_CONTEXT(2) 
PARAMETRIC_REPRESENTATION_CONTEXT() REPRESENTATION_CONTEXT('2D SPACE',''
  ) );
#5333 = PCURVE('',#4010,#5334);
#5334 = DEFINITIONAL_REPRESENTATION('',(#5335),#5339);
#5335 = LINE('',#5336,#5337);
#5336 = CARTESIAN_POINT('',(2.848526615266,0.));
#5337 = VECTOR('',#5338,1.);
#5338 = DIRECTION('',(0.,-1.));
#5339 = ( GEOMETRIC_REPRESENTATION_CONTEXT(2) 
PARAMETRIC_REPRESENTATION_CONTEXT() REPRESENTATION_CONTEXT('2D SPACE',''
  ) );
#5340 = ADVANCED_FACE('',(#5341),#4331,.T.);
#5341 = FACE_BOUND('',#5342,.T.);
#5342 = EDGE_LOOP('',(#5343,#5344,#5345,#5368));
#5343 = ORIENTED_EDGE('',*,*,#4315,.F.);
#5344 = ORIENTED_EDGE('',*,*,#5242,.T.);
#5345 = ORIENTED_EDGE('',*,*,#5346,.T.);
#5346 = EDGE_CURVE('',#5243,#5347,#5349,.T.);
#5347 = VERTEX_POINT('',#5348);
#5348 = CARTESIAN_POINT('',(-0.65,0.95,-1.));
#5349 = SURFACE_CURVE('',#5350,(#5354,#5361),.PCURVE_S1.);
#5350 = LINE('',#5351,#5352);
#5351 = CARTESIAN_POINT('',(-0.65,1.077032961427,-1.));
#5352 = VECTOR('',#5353,1.);
#5353 = DIRECTION('',(0.,-1.,0.));
#5354 = PCURVE('',#4331,#5355);
#5355 = DEFINITIONAL_REPRESENTATION('',(#5356),#5360);
#5356 = LINE('',#5357,#5358);
#5357 = CARTESIAN_POINT('',(1.077032961427,-4.5));
#5358 = VECTOR('',#5359,1.);
#5359 = DIRECTION('',(1.,0.));
#5360 = ( GEOMETRIC_REPRESENTATION_CONTEXT(2) 
PARAMETRIC_REPRESENTATION_CONTEXT() REPRESENTATION_CONTEXT('2D SPACE',''
  ) );
#5361 = PCURVE('',#5155,#5362);
#5362 = DEFINITIONAL_REPRESENTATION('',(#5363),#5367);
#5363 = LINE('',#5364,#5365);
#5364 = CARTESIAN_POINT('',(-0.65,1.077032961427));
#5365 = VECTOR('',#5366,1.);
#5366 = DIRECTION('',(0.,-1.));
#5367 = ( GEOMETRIC_REPRESENTATION_CONTEXT(2) 
PARAMETRIC_REPRESENTATION_CONTEXT() REPRESENTATION_CONTEXT('2D SPACE',''
  ) );
#5368 = ORIENTED_EDGE('',*,*,#5369,.F.);
#5369 = EDGE_CURVE('',#4287,#5347,#5370,.T.);
#5370 = SURFACE_CURVE('',#5371,(#5375,#5382),.PCURVE_S1.);
#5371 = LINE('',#5372,#5373);
#5372 = CARTESIAN_POINT('',(-0.65,0.95,-5.5));
#5373 = VECTOR('',#5374,1.);
#5374 = DIRECTION('',(0.,0.,1.));
#5375 = PCURVE('',#4331,#5376);
#5376 = DEFINITIONAL_REPRESENTATION('',(#5377),#5381);
#5377 = LINE('',#5378,#5379);
#5378 = CARTESIAN_POINT('',(1.204065922854,0.));
#5379 = VECTOR('',#5380,1.);
#5380 = DIRECTION('',(0.,-1.));
#5381 = ( GEOMETRIC_REPRESENTATION_CONTEXT(2) 
PARAMETRIC_REPRESENTATION_CONTEXT() REPRESENTATION_CONTEXT('2D SPACE',''
  ) );
#5382 = PCURVE('',#4303,#5383);
#5383 = DEFINITIONAL_REPRESENTATION('',(#5384),#5388);
#5384 = LINE('',#5385,#5386);
#5385 = CARTESIAN_POINT('',(1.570796326795,0.));
#5386 = VECTOR('',#5387,1.);
#5387 = DIRECTION('',(0.,1.));
#5388 = ( GEOMETRIC_REPRESENTATION_CONTEXT(2) 
PARAMETRIC_REPRESENTATION_CONTEXT() REPRESENTATION_CONTEXT('2D SPACE',''
  ) );
#5389 = ADVANCED_FACE('',(#5390),#4010,.F.);
#5390 = FACE_BOUND('',#5391,.F.);
#5391 = EDGE_LOOP('',(#5392,#5393,#5394,#5422));
#5392 = ORIENTED_EDGE('',*,*,#3989,.F.);
#5393 = ORIENTED_EDGE('',*,*,#5320,.T.);
#5394 = ORIENTED_EDGE('',*,*,#5395,.T.);
#5395 = EDGE_CURVE('',#5298,#5396,#5398,.T.);
#5396 = VERTEX_POINT('',#5397);
#5397 = CARTESIAN_POINT('',(2.154065922854,-0.65,-1.));
#5398 = SURFACE_CURVE('',#5399,(#5404,#5411),.PCURVE_S1.);
#5399 = CIRCLE('',#5400,2.25);
#5400 = AXIS2_PLACEMENT_3D('',#5401,#5402,#5403);
#5401 = CARTESIAN_POINT('',(0.,0.,-1.));
#5402 = DIRECTION('',(0.,0.,-1.));
#5403 = DIRECTION('',(-1.,0.,0.));
#5404 = PCURVE('',#4010,#5405);
#5405 = DEFINITIONAL_REPRESENTATION('',(#5406),#5410);
#5406 = LINE('',#5407,#5408);
#5407 = CARTESIAN_POINT('',(0.,-4.5));
#5408 = VECTOR('',#5409,1.);
#5409 = DIRECTION('',(1.,0.));
#5410 = ( GEOMETRIC_REPRESENTATION_CONTEXT(2) 
PARAMETRIC_REPRESENTATION_CONTEXT() REPRESENTATION_CONTEXT('2D SPACE',''
  ) );
#5411 = PCURVE('',#5155,#5412);
#5412 = DEFINITIONAL_REPRESENTATION('',(#5413),#5421);
#5413 = ( BOUNDED_CURVE() B_SPLINE_CURVE(2,(#5414,#5415,#5416,#5417,
#5418,#5419,#5420),.UNSPECIFIED.,.T.,.F.) B_SPLINE_CURVE_WITH_KNOTS((1,2
    ,2,2,2,1),(-2.094395102393,0.,2.094395102393,4.188790204786,
6.28318530718,8.377580409573),.UNSPECIFIED.) CURVE() 
GEOMETRIC_REPRESENTATION_ITEM() RATIONAL_B_SPLINE_CURVE((1.,0.5,1.,0.5,
1.,0.5,1.)) REPRESENTATION_ITEM('') );
#5414 = CARTESIAN_POINT('',(-2.25,-1.3E-16));
#5415 = CARTESIAN_POINT('',(-2.25,3.89711431703));
#5416 = CARTESIAN_POINT('',(1.125,1.948557158515));
#5417 = CARTESIAN_POINT('',(4.5,4.210910596163E-16));
#5418 = CARTESIAN_POINT('',(1.125,-1.948557158515));
#5419 = CARTESIAN_POINT('',(-2.25,-3.89711431703));
#5420 = CARTESIAN_POINT('',(-2.25,-1.3E-16));
#5421 = ( GEOMETRIC_REPRESENTATION_CONTEXT(2) 
PARAMETRIC_REPRESENTATION_CONTEXT() REPRESENTATION_CONTEXT('2D SPACE',''
  ) );
#5422 = ORIENTED_EDGE('',*,*,#5423,.F.);
#5423 = EDGE_CURVE('',#3990,#5396,#5424,.T.);
#5424 = SURFACE_CURVE('',#5425,(#5429,#5436),.PCURVE_S1.);
#5425 = LINE('',#5426,#5427);
#5426 = CARTESIAN_POINT('',(2.154065922854,-0.65,-5.5));
#5427 = VECTOR('',#5428,1.);
#5428 = DIRECTION('',(0.,0.,1.));
#5429 = PCURVE('',#4010,#5430);
#5430 = DEFINITIONAL_REPRESENTATION('',(#5431),#5435);
#5431 = LINE('',#5432,#5433);
#5432 = CARTESIAN_POINT('',(3.434658691914,0.));
#5433 = VECTOR('',#5434,1.);
#5434 = DIRECTION('',(0.,-1.));
#5435 = ( GEOMETRIC_REPRESENTATION_CONTEXT(2) 
PARAMETRIC_REPRESENTATION_CONTEXT() REPRESENTATION_CONTEXT('2D SPACE',''
  ) );
#5436 = PCURVE('',#4038,#5437);
#5437 = DEFINITIONAL_REPRESENTATION('',(#5438),#5442);
#5438 = LINE('',#5439,#5440);
#5439 = CARTESIAN_POINT('',(1.504065922854,0.));
#5440 = VECTOR('',#5441,1.);
#5441 = DIRECTION('',(0.,-1.));
#5442 = ( GEOMETRIC_REPRESENTATION_CONTEXT(2) 
PARAMETRIC_REPRESENTATION_CONTEXT() REPRESENTATION_CONTEXT('2D SPACE',''
  ) );
#5443 = ADVANCED_FACE('',(#5444),#4303,.T.);
#5444 = FACE_BOUND('',#5445,.T.);
#5445 = EDGE_LOOP('',(#5446,#5447,#5448,#5472));
#5446 = ORIENTED_EDGE('',*,*,#4286,.T.);
#5447 = ORIENTED_EDGE('',*,*,#5369,.T.);
#5448 = ORIENTED_EDGE('',*,*,#5449,.F.);
#5449 = EDGE_CURVE('',#5450,#5347,#5452,.T.);
#5450 = VERTEX_POINT('',#5451);
#5451 = CARTESIAN_POINT('',(-0.95,0.65,-1.));
#5452 = SURFACE_CURVE('',#5453,(#5458,#5465),.PCURVE_S1.);
#5453 = CIRCLE('',#5454,0.3);
#5454 = AXIS2_PLACEMENT_3D('',#5455,#5456,#5457);
#5455 = CARTESIAN_POINT('',(-0.95,0.95,-1.));
#5456 = DIRECTION('',(-0.,0.,1.));
#5457 = DIRECTION('',(0.,-1.,0.));
#5458 = PCURVE('',#4303,#5459);
#5459 = DEFINITIONAL_REPRESENTATION('',(#5460),#5464);
#5460 = LINE('',#5461,#5462);
#5461 = CARTESIAN_POINT('',(0.,4.5));
#5462 = VECTOR('',#5463,1.);
#5463 = DIRECTION('',(1.,0.));
#5464 = ( GEOMETRIC_REPRESENTATION_CONTEXT(2) 
PARAMETRIC_REPRESENTATION_CONTEXT() REPRESENTATION_CONTEXT('2D SPACE',''
  ) );
#5465 = PCURVE('',#5155,#5466);
#5466 = DEFINITIONAL_REPRESENTATION('',(#5467),#5471);
#5467 = CIRCLE('',#5468,0.3);
#5468 = AXIS2_PLACEMENT_2D('',#5469,#5470);
#5469 = CARTESIAN_POINT('',(-0.95,0.95));
#5470 = DIRECTION('',(0.,-1.));
#5471 = ( GEOMETRIC_REPRESENTATION_CONTEXT(2) 
PARAMETRIC_REPRESENTATION_CONTEXT() REPRESENTATION_CONTEXT('2D SPACE',''
  ) );
#5472 = ORIENTED_EDGE('',*,*,#5473,.F.);
#5473 = EDGE_CURVE('',#4259,#5450,#5474,.T.);
#5474 = SURFACE_CURVE('',#5475,(#5479,#5486),.PCURVE_S1.);
#5475 = LINE('',#5476,#5477);
#5476 = CARTESIAN_POINT('',(-0.95,0.65,-5.5));
#5477 = VECTOR('',#5478,1.);
#5478 = DIRECTION('',(0.,0.,1.));
#5479 = PCURVE('',#4303,#5480);
#5480 = DEFINITIONAL_REPRESENTATION('',(#5481),#5485);
#5481 = LINE('',#5482,#5483);
#5482 = CARTESIAN_POINT('',(0.,0.));
#5483 = VECTOR('',#5484,1.);
#5484 = DIRECTION('',(0.,1.));
#5485 = ( GEOMETRIC_REPRESENTATION_CONTEXT(2) 
PARAMETRIC_REPRESENTATION_CONTEXT() REPRESENTATION_CONTEXT('2D SPACE',''
  ) );
#5486 = PCURVE('',#4274,#5487);
#5487 = DEFINITIONAL_REPRESENTATION('',(#5488),#5492);
#5488 = LINE('',#5489,#5490);
#5489 = CARTESIAN_POINT('',(0.3,0.));
#5490 = VECTOR('',#5491,1.);
#5491 = DIRECTION('',(0.,-1.));
#5492 = ( GEOMETRIC_REPRESENTATION_CONTEXT(2) 
PARAMETRIC_REPRESENTATION_CONTEXT() REPRESENTATION_CONTEXT('2D SPACE',''
  ) );
#5493 = ADVANCED_FACE('',(#5494),#4038,.T.);
#5494 = FACE_BOUND('',#5495,.T.);
#5495 = EDGE_LOOP('',(#5496,#5497,#5520,#5541));
#5496 = ORIENTED_EDGE('',*,*,#4022,.F.);
#5497 = ORIENTED_EDGE('',*,*,#5498,.T.);
#5498 = EDGE_CURVE('',#4023,#5499,#5501,.T.);
#5499 = VERTEX_POINT('',#5500);
#5500 = CARTESIAN_POINT('',(0.95,-0.65,-1.));
#5501 = SURFACE_CURVE('',#5502,(#5506,#5513),.PCURVE_S1.);
#5502 = LINE('',#5503,#5504);
#5503 = CARTESIAN_POINT('',(0.95,-0.65,-5.5));
#5504 = VECTOR('',#5505,1.);
#5505 = DIRECTION('',(0.,0.,1.));
#5506 = PCURVE('',#4038,#5507);
#5507 = DEFINITIONAL_REPRESENTATION('',(#5508),#5512);
#5508 = LINE('',#5509,#5510);
#5509 = CARTESIAN_POINT('',(0.3,0.));
#5510 = VECTOR('',#5511,1.);
#5511 = DIRECTION('',(0.,-1.));
#5512 = ( GEOMETRIC_REPRESENTATION_CONTEXT(2) 
PARAMETRIC_REPRESENTATION_CONTEXT() REPRESENTATION_CONTEXT('2D SPACE',''
  ) );
#5513 = PCURVE('',#4067,#5514);
#5514 = DEFINITIONAL_REPRESENTATION('',(#5515),#5519);
#5515 = LINE('',#5516,#5517);
#5516 = CARTESIAN_POINT('',(0.,0.));
#5517 = VECTOR('',#5518,1.);
#5518 = DIRECTION('',(0.,1.));
#5519 = ( GEOMETRIC_REPRESENTATION_CONTEXT(2) 
PARAMETRIC_REPRESENTATION_CONTEXT() REPRESENTATION_CONTEXT('2D SPACE',''
  ) );
#5520 = ORIENTED_EDGE('',*,*,#5521,.T.);
#5521 = EDGE_CURVE('',#5499,#5396,#5522,.T.);
#5522 = SURFACE_CURVE('',#5523,(#5527,#5534),.PCURVE_S1.);
#5523 = LINE('',#5524,#5525);
#5524 = CARTESIAN_POINT('',(6.2,-0.65,-1.));
#5525 = VECTOR('',#5526,1.);
#5526 = DIRECTION('',(1.,0.,0.));
#5527 = PCURVE('',#4038,#5528);
#5528 = DEFINITIONAL_REPRESENTATION('',(#5529),#5533);
#5529 = LINE('',#5530,#5531);
#5530 = CARTESIAN_POINT('',(5.55,-4.5));
#5531 = VECTOR('',#5532,1.);
#5532 = DIRECTION('',(1.,0.));
#5533 = ( GEOMETRIC_REPRESENTATION_CONTEXT(2) 
PARAMETRIC_REPRESENTATION_CONTEXT() REPRESENTATION_CONTEXT('2D SPACE',''
  ) );
#5534 = PCURVE('',#5155,#5535);
#5535 = DEFINITIONAL_REPRESENTATION('',(#5536),#5540);
#5536 = LINE('',#5537,#5538);
#5537 = CARTESIAN_POINT('',(6.2,-0.65));
#5538 = VECTOR('',#5539,1.);
#5539 = DIRECTION('',(1.,0.));
#5540 = ( GEOMETRIC_REPRESENTATION_CONTEXT(2) 
PARAMETRIC_REPRESENTATION_CONTEXT() REPRESENTATION_CONTEXT('2D SPACE',''
  ) );
#5541 = ORIENTED_EDGE('',*,*,#5423,.F.);
#5542 = ADVANCED_FACE('',(#5543),#4274,.T.);
#5543 = FACE_BOUND('',#5544,.T.);
#5544 = EDGE_LOOP('',(#5545,#5546,#5547,#5570));
#5545 = ORIENTED_EDGE('',*,*,#4258,.F.);
#5546 = ORIENTED_EDGE('',*,*,#5473,.T.);
#5547 = ORIENTED_EDGE('',*,*,#5548,.T.);
#5548 = EDGE_CURVE('',#5450,#5549,#5551,.T.);
#5549 = VERTEX_POINT('',#5550);
#5550 = CARTESIAN_POINT('',(-2.154065922854,0.65,-1.));
#5551 = SURFACE_CURVE('',#5552,(#5556,#5563),.PCURVE_S1.);
#5552 = LINE('',#5553,#5554);
#5553 = CARTESIAN_POINT('',(5.55,0.65,-1.));
#5554 = VECTOR('',#5555,1.);
#5555 = DIRECTION('',(-1.,0.,0.));
#5556 = PCURVE('',#4274,#5557);
#5557 = DEFINITIONAL_REPRESENTATION('',(#5558),#5562);
#5558 = LINE('',#5559,#5560);
#5559 = CARTESIAN_POINT('',(-6.2,-4.5));
#5560 = VECTOR('',#5561,1.);
#5561 = DIRECTION('',(1.,0.));
#5562 = ( GEOMETRIC_REPRESENTATION_CONTEXT(2) 
PARAMETRIC_REPRESENTATION_CONTEXT() REPRESENTATION_CONTEXT('2D SPACE',''
  ) );
#5563 = PCURVE('',#5155,#5564);
#5564 = DEFINITIONAL_REPRESENTATION('',(#5565),#5569);
#5565 = LINE('',#5566,#5567);
#5566 = CARTESIAN_POINT('',(5.55,0.65));
#5567 = VECTOR('',#5568,1.);
#5568 = DIRECTION('',(-1.,0.));
#5569 = ( GEOMETRIC_REPRESENTATION_CONTEXT(2) 
PARAMETRIC_REPRESENTATION_CONTEXT() REPRESENTATION_CONTEXT('2D SPACE',''
  ) );
#5570 = ORIENTED_EDGE('',*,*,#5571,.F.);
#5571 = EDGE_CURVE('',#4226,#5549,#5572,.T.);
#5572 = SURFACE_CURVE('',#5573,(#5577,#5584),.PCURVE_S1.);
#5573 = LINE('',#5574,#5575);
#5574 = CARTESIAN_POINT('',(-2.154065922854,0.65,-5.5));
#5575 = VECTOR('',#5576,1.);
#5576 = DIRECTION('',(0.,0.,1.));
#5577 = PCURVE('',#4274,#5578);
#5578 = DEFINITIONAL_REPRESENTATION('',(#5579),#5583);
#5579 = LINE('',#5580,#5581);
#5580 = CARTESIAN_POINT('',(1.504065922854,0.));
#5581 = VECTOR('',#5582,1.);
#5582 = DIRECTION('',(0.,-1.));
#5583 = ( GEOMETRIC_REPRESENTATION_CONTEXT(2) 
PARAMETRIC_REPRESENTATION_CONTEXT() REPRESENTATION_CONTEXT('2D SPACE',''
  ) );
#5584 = PCURVE('',#4246,#5585);
#5585 = DEFINITIONAL_REPRESENTATION('',(#5586),#5590);
#5586 = LINE('',#5587,#5588);
#5587 = CARTESIAN_POINT('',(6.576251345504,0.));
#5588 = VECTOR('',#5589,1.);
#5589 = DIRECTION('',(0.,-1.));
#5590 = ( GEOMETRIC_REPRESENTATION_CONTEXT(2) 
PARAMETRIC_REPRESENTATION_CONTEXT() REPRESENTATION_CONTEXT('2D SPACE',''
  ) );
#5591 = ADVANCED_FACE('',(#5592),#4067,.T.);
#5592 = FACE_BOUND('',#5593,.T.);
#5593 = EDGE_LOOP('',(#5594,#5595,#5618,#5640));
#5594 = ORIENTED_EDGE('',*,*,#4050,.T.);
#5595 = ORIENTED_EDGE('',*,*,#5596,.T.);
#5596 = EDGE_CURVE('',#4051,#5597,#5599,.T.);
#5597 = VERTEX_POINT('',#5598);
#5598 = CARTESIAN_POINT('',(0.65,-0.95,-1.));
#5599 = SURFACE_CURVE('',#5600,(#5604,#5611),.PCURVE_S1.);
#5600 = LINE('',#5601,#5602);
#5601 = CARTESIAN_POINT('',(0.65,-0.95,-5.5));
#5602 = VECTOR('',#5603,1.);
#5603 = DIRECTION('',(0.,0.,1.));
#5604 = PCURVE('',#4067,#5605);
#5605 = DEFINITIONAL_REPRESENTATION('',(#5606),#5610);
#5606 = LINE('',#5607,#5608);
#5607 = CARTESIAN_POINT('',(1.570796326795,0.));
#5608 = VECTOR('',#5609,1.);
#5609 = DIRECTION('',(0.,1.));
#5610 = ( GEOMETRIC_REPRESENTATION_CONTEXT(2) 
PARAMETRIC_REPRESENTATION_CONTEXT() REPRESENTATION_CONTEXT('2D SPACE',''
  ) );
#5611 = PCURVE('',#4095,#5612);
#5612 = DEFINITIONAL_REPRESENTATION('',(#5613),#5617);
#5613 = LINE('',#5614,#5615);
#5614 = CARTESIAN_POINT('',(1.204065922854,0.));
#5615 = VECTOR('',#5616,1.);
#5616 = DIRECTION('',(0.,-1.));
#5617 = ( GEOMETRIC_REPRESENTATION_CONTEXT(2) 
PARAMETRIC_REPRESENTATION_CONTEXT() REPRESENTATION_CONTEXT('2D SPACE',''
  ) );
#5618 = ORIENTED_EDGE('',*,*,#5619,.F.);
#5619 = EDGE_CURVE('',#5499,#5597,#5620,.T.);
#5620 = SURFACE_CURVE('',#5621,(#5626,#5633),.PCURVE_S1.);
#5621 = CIRCLE('',#5622,0.3);
#5622 = AXIS2_PLACEMENT_3D('',#5623,#5624,#5625);
#5623 = CARTESIAN_POINT('',(0.95,-0.95,-1.));
#5624 = DIRECTION('',(-0.,0.,1.));
#5625 = DIRECTION('',(0.,-1.,0.));
#5626 = PCURVE('',#4067,#5627);
#5627 = DEFINITIONAL_REPRESENTATION('',(#5628),#5632);
#5628 = LINE('',#5629,#5630);
#5629 = CARTESIAN_POINT('',(-3.14159265359,4.5));
#5630 = VECTOR('',#5631,1.);
#5631 = DIRECTION('',(1.,0.));
#5632 = ( GEOMETRIC_REPRESENTATION_CONTEXT(2) 
PARAMETRIC_REPRESENTATION_CONTEXT() REPRESENTATION_CONTEXT('2D SPACE',''
  ) );
#5633 = PCURVE('',#5155,#5634);
#5634 = DEFINITIONAL_REPRESENTATION('',(#5635),#5639);
#5635 = CIRCLE('',#5636,0.3);
#5636 = AXIS2_PLACEMENT_2D('',#5637,#5638);
#5637 = CARTESIAN_POINT('',(0.95,-0.95));
#5638 = DIRECTION('',(0.,-1.));
#5639 = ( GEOMETRIC_REPRESENTATION_CONTEXT(2) 
PARAMETRIC_REPRESENTATION_CONTEXT() REPRESENTATION_CONTEXT('2D SPACE',''
  ) );
#5640 = ORIENTED_EDGE('',*,*,#5498,.F.);
#5641 = ADVANCED_FACE('',(#5642),#4246,.F.);
#5642 = FACE_BOUND('',#5643,.F.);
#5643 = EDGE_LOOP('',(#5644,#5645,#5668,#5694));
#5644 = ORIENTED_EDGE('',*,*,#4225,.F.);
#5645 = ORIENTED_EDGE('',*,*,#5646,.T.);
#5646 = EDGE_CURVE('',#4198,#5647,#5649,.T.);
#5647 = VERTEX_POINT('',#5648);
#5648 = CARTESIAN_POINT('',(-2.154065922854,-0.65,-1.));
#5649 = SURFACE_CURVE('',#5650,(#5654,#5661),.PCURVE_S1.);
#5650 = LINE('',#5651,#5652);
#5651 = CARTESIAN_POINT('',(-2.154065922854,-0.65,-5.5));
#5652 = VECTOR('',#5653,1.);
#5653 = DIRECTION('',(0.,0.,1.));
#5654 = PCURVE('',#4246,#5655);
#5655 = DEFINITIONAL_REPRESENTATION('',(#5656),#5660);
#5656 = LINE('',#5657,#5658);
#5657 = CARTESIAN_POINT('',(5.990119268856,0.));
#5658 = VECTOR('',#5659,1.);
#5659 = DIRECTION('',(0.,-1.));
#5660 = ( GEOMETRIC_REPRESENTATION_CONTEXT(2) 
PARAMETRIC_REPRESENTATION_CONTEXT() REPRESENTATION_CONTEXT('2D SPACE',''
  ) );
#5661 = PCURVE('',#4213,#5662);
#5662 = DEFINITIONAL_REPRESENTATION('',(#5663),#5667);
#5663 = LINE('',#5664,#5665);
#5664 = CARTESIAN_POINT('',(1.504065922854,-0.));
#5665 = VECTOR('',#5666,1.);
#5666 = DIRECTION('',(0.,-1.));
#5667 = ( GEOMETRIC_REPRESENTATION_CONTEXT(2) 
PARAMETRIC_REPRESENTATION_CONTEXT() REPRESENTATION_CONTEXT('2D SPACE',''
  ) );
#5668 = ORIENTED_EDGE('',*,*,#5669,.T.);
#5669 = EDGE_CURVE('',#5647,#5549,#5670,.T.);
#5670 = SURFACE_CURVE('',#5671,(#5676,#5683),.PCURVE_S1.);
#5671 = CIRCLE('',#5672,2.25);
#5672 = AXIS2_PLACEMENT_3D('',#5673,#5674,#5675);
#5673 = CARTESIAN_POINT('',(0.,0.,-1.));
#5674 = DIRECTION('',(0.,0.,-1.));
#5675 = DIRECTION('',(-1.,0.,0.));
#5676 = PCURVE('',#4246,#5677);
#5677 = DEFINITIONAL_REPRESENTATION('',(#5678),#5682);
#5678 = LINE('',#5679,#5680);
#5679 = CARTESIAN_POINT('',(0.,-4.5));
#5680 = VECTOR('',#5681,1.);
#5681 = DIRECTION('',(1.,0.));
#5682 = ( GEOMETRIC_REPRESENTATION_CONTEXT(2) 
PARAMETRIC_REPRESENTATION_CONTEXT() REPRESENTATION_CONTEXT('2D SPACE',''
  ) );
#5683 = PCURVE('',#5155,#5684);
#5684 = DEFINITIONAL_REPRESENTATION('',(#5685),#5693);
#5685 = ( BOUNDED_CURVE() B_SPLINE_CURVE(2,(#5686,#5687,#5688,#5689,
#5690,#5691,#5692),.UNSPECIFIED.,.T.,.F.) B_SPLINE_CURVE_WITH_KNOTS((1,2
    ,2,2,2,1),(-2.094395102393,0.,2.094395102393,4.188790204786,
6.28318530718,8.377580409573),.UNSPECIFIED.) CURVE() 
GEOMETRIC_REPRESENTATION_ITEM() RATIONAL_B_SPLINE_CURVE((1.,0.5,1.,0.5,
1.,0.5,1.)) REPRESENTATION_ITEM('') );
#5686 = CARTESIAN_POINT('',(-2.25,-1.3E-16));
#5687 = CARTESIAN_POINT('',(-2.25,3.89711431703));
#5688 = CARTESIAN_POINT('',(1.125,1.948557158515));
#5689 = CARTESIAN_POINT('',(4.5,4.210910596163E-16));
#5690 = CARTESIAN_POINT('',(1.125,-1.948557158515));
#5691 = CARTESIAN_POINT('',(-2.25,-3.89711431703));
#5692 = CARTESIAN_POINT('',(-2.25,-1.3E-16));
#5693 = ( GEOMETRIC_REPRESENTATION_CONTEXT(2) 
PARAMETRIC_REPRESENTATION_CONTEXT() REPRESENTATION_CONTEXT('2D SPACE',''
  ) );
#5694 = ORIENTED_EDGE('',*,*,#5571,.F.);
#5695 = ADVANCED_FACE('',(#5696),#4095,.T.);
#5696 = FACE_BOUND('',#5697,.T.);
#5697 = EDGE_LOOP('',(#5698,#5699,#5722,#5743));
#5698 = ORIENTED_EDGE('',*,*,#4079,.F.);
#5699 = ORIENTED_EDGE('',*,*,#5700,.T.);
#5700 = EDGE_CURVE('',#4080,#5701,#5703,.T.);
#5701 = VERTEX_POINT('',#5702);
#5702 = CARTESIAN_POINT('',(0.65,-2.154065922854,-1.));
#5703 = SURFACE_CURVE('',#5704,(#5708,#5715),.PCURVE_S1.);
#5704 = LINE('',#5705,#5706);
#5705 = CARTESIAN_POINT('',(0.65,-2.154065922854,-5.5));
#5706 = VECTOR('',#5707,1.);
#5707 = DIRECTION('',(0.,0.,1.));
#5708 = PCURVE('',#4095,#5709);
#5709 = DEFINITIONAL_REPRESENTATION('',(#5710),#5714);
#5710 = LINE('',#5711,#5712);
#5711 = CARTESIAN_POINT('',(0.,0.));
#5712 = VECTOR('',#5713,1.);
#5713 = DIRECTION('',(0.,-1.));
#5714 = ( GEOMETRIC_REPRESENTATION_CONTEXT(2) 
PARAMETRIC_REPRESENTATION_CONTEXT() REPRESENTATION_CONTEXT('2D SPACE',''
  ) );
#5715 = PCURVE('',#4128,#5716);
#5716 = DEFINITIONAL_REPRESENTATION('',(#5717),#5721);
#5717 = LINE('',#5718,#5719);
#5718 = CARTESIAN_POINT('',(4.419322942061,0.));
#5719 = VECTOR('',#5720,1.);
#5720 = DIRECTION('',(0.,-1.));
#5721 = ( GEOMETRIC_REPRESENTATION_CONTEXT(2) 
PARAMETRIC_REPRESENTATION_CONTEXT() REPRESENTATION_CONTEXT('2D SPACE',''
  ) );
#5722 = ORIENTED_EDGE('',*,*,#5723,.T.);
#5723 = EDGE_CURVE('',#5701,#5597,#5724,.T.);
#5724 = SURFACE_CURVE('',#5725,(#5729,#5736),.PCURVE_S1.);
#5725 = LINE('',#5726,#5727);
#5726 = CARTESIAN_POINT('',(0.65,-1.077032961427,-1.));
#5727 = VECTOR('',#5728,1.);
#5728 = DIRECTION('',(0.,1.,0.));
#5729 = PCURVE('',#4095,#5730);
#5730 = DEFINITIONAL_REPRESENTATION('',(#5731),#5735);
#5731 = LINE('',#5732,#5733);
#5732 = CARTESIAN_POINT('',(1.077032961427,-4.5));
#5733 = VECTOR('',#5734,1.);
#5734 = DIRECTION('',(1.,0.));
#5735 = ( GEOMETRIC_REPRESENTATION_CONTEXT(2) 
PARAMETRIC_REPRESENTATION_CONTEXT() REPRESENTATION_CONTEXT('2D SPACE',''
  ) );
#5736 = PCURVE('',#5155,#5737);
#5737 = DEFINITIONAL_REPRESENTATION('',(#5738),#5742);
#5738 = LINE('',#5739,#5740);
#5739 = CARTESIAN_POINT('',(0.65,-1.077032961427));
#5740 = VECTOR('',#5741,1.);
#5741 = DIRECTION('',(0.,1.));
#5742 = ( GEOMETRIC_REPRESENTATION_CONTEXT(2) 
PARAMETRIC_REPRESENTATION_CONTEXT() REPRESENTATION_CONTEXT('2D SPACE',''
  ) );
#5743 = ORIENTED_EDGE('',*,*,#5596,.F.);
#5744 = ADVANCED_FACE('',(#5745),#4213,.F.);
#5745 = FACE_BOUND('',#5746,.F.);
#5746 = EDGE_LOOP('',(#5747,#5748,#5771,#5792));
#5747 = ORIENTED_EDGE('',*,*,#4197,.F.);
#5748 = ORIENTED_EDGE('',*,*,#5749,.T.);
#5749 = EDGE_CURVE('',#4169,#5750,#5752,.T.);
#5750 = VERTEX_POINT('',#5751);
#5751 = CARTESIAN_POINT('',(-0.95,-0.65,-1.));
#5752 = SURFACE_CURVE('',#5753,(#5757,#5764),.PCURVE_S1.);
#5753 = LINE('',#5754,#5755);
#5754 = CARTESIAN_POINT('',(-0.95,-0.65,-5.5));
#5755 = VECTOR('',#5756,1.);
#5756 = DIRECTION('',(0.,0.,1.));
#5757 = PCURVE('',#4213,#5758);
#5758 = DEFINITIONAL_REPRESENTATION('',(#5759),#5763);
#5759 = LINE('',#5760,#5761);
#5760 = CARTESIAN_POINT('',(0.3,-0.));
#5761 = VECTOR('',#5762,1.);
#5762 = DIRECTION('',(0.,-1.));
#5763 = ( GEOMETRIC_REPRESENTATION_CONTEXT(2) 
PARAMETRIC_REPRESENTATION_CONTEXT() REPRESENTATION_CONTEXT('2D SPACE',''
  ) );
#5764 = PCURVE('',#4185,#5765);
#5765 = DEFINITIONAL_REPRESENTATION('',(#5766),#5770);
#5766 = LINE('',#5767,#5768);
#5767 = CARTESIAN_POINT('',(1.570796326795,0.));
#5768 = VECTOR('',#5769,1.);
#5769 = DIRECTION('',(0.,1.));
#5770 = ( GEOMETRIC_REPRESENTATION_CONTEXT(2) 
PARAMETRIC_REPRESENTATION_CONTEXT() REPRESENTATION_CONTEXT('2D SPACE',''
  ) );
#5771 = ORIENTED_EDGE('',*,*,#5772,.T.);
#5772 = EDGE_CURVE('',#5750,#5647,#5773,.T.);
#5773 = SURFACE_CURVE('',#5774,(#5778,#5785),.PCURVE_S1.);
#5774 = LINE('',#5775,#5776);
#5775 = CARTESIAN_POINT('',(5.55,-0.65,-1.));
#5776 = VECTOR('',#5777,1.);
#5777 = DIRECTION('',(-1.,-3.E-16,0.));
#5778 = PCURVE('',#4213,#5779);
#5779 = DEFINITIONAL_REPRESENTATION('',(#5780),#5784);
#5780 = LINE('',#5781,#5782);
#5781 = CARTESIAN_POINT('',(-6.2,-4.5));
#5782 = VECTOR('',#5783,1.);
#5783 = DIRECTION('',(1.,-0.));
#5784 = ( GEOMETRIC_REPRESENTATION_CONTEXT(2) 
PARAMETRIC_REPRESENTATION_CONTEXT() REPRESENTATION_CONTEXT('2D SPACE',''
  ) );
#5785 = PCURVE('',#5155,#5786);
#5786 = DEFINITIONAL_REPRESENTATION('',(#5787),#5791);
#5787 = LINE('',#5788,#5789);
#5788 = CARTESIAN_POINT('',(5.55,-0.65));
#5789 = VECTOR('',#5790,1.);
#5790 = DIRECTION('',(-1.,-3.E-16));
#5791 = ( GEOMETRIC_REPRESENTATION_CONTEXT(2) 
PARAMETRIC_REPRESENTATION_CONTEXT() REPRESENTATION_CONTEXT('2D SPACE',''
  ) );
#5792 = ORIENTED_EDGE('',*,*,#5646,.F.);
#5793 = ADVANCED_FACE('',(#5794),#4128,.F.);
#5794 = FACE_BOUND('',#5795,.F.);
#5795 = EDGE_LOOP('',(#5796,#5797,#5798,#5826));
#5796 = ORIENTED_EDGE('',*,*,#4107,.F.);
#5797 = ORIENTED_EDGE('',*,*,#5700,.T.);
#5798 = ORIENTED_EDGE('',*,*,#5799,.T.);
#5799 = EDGE_CURVE('',#5701,#5800,#5802,.T.);
#5800 = VERTEX_POINT('',#5801);
#5801 = CARTESIAN_POINT('',(-0.65,-2.154065922854,-1.));
#5802 = SURFACE_CURVE('',#5803,(#5808,#5815),.PCURVE_S1.);
#5803 = CIRCLE('',#5804,2.25);
#5804 = AXIS2_PLACEMENT_3D('',#5805,#5806,#5807);
#5805 = CARTESIAN_POINT('',(0.,0.,-1.));
#5806 = DIRECTION('',(0.,0.,-1.));
#5807 = DIRECTION('',(-1.,0.,0.));
#5808 = PCURVE('',#4128,#5809);
#5809 = DEFINITIONAL_REPRESENTATION('',(#5810),#5814);
#5810 = LINE('',#5811,#5812);
#5811 = CARTESIAN_POINT('',(0.,-4.5));
#5812 = VECTOR('',#5813,1.);
#5813 = DIRECTION('',(1.,0.));
#5814 = ( GEOMETRIC_REPRESENTATION_CONTEXT(2) 
PARAMETRIC_REPRESENTATION_CONTEXT() REPRESENTATION_CONTEXT('2D SPACE',''
  ) );
#5815 = PCURVE('',#5155,#5816);
#5816 = DEFINITIONAL_REPRESENTATION('',(#5817),#5825);
#5817 = ( BOUNDED_CURVE() B_SPLINE_CURVE(2,(#5818,#5819,#5820,#5821,
#5822,#5823,#5824),.UNSPECIFIED.,.T.,.F.) B_SPLINE_CURVE_WITH_KNOTS((1,2
    ,2,2,2,1),(-2.094395102393,0.,2.094395102393,4.188790204786,
6.28318530718,8.377580409573),.UNSPECIFIED.) CURVE() 
GEOMETRIC_REPRESENTATION_ITEM() RATIONAL_B_SPLINE_CURVE((1.,0.5,1.,0.5,
1.,0.5,1.)) REPRESENTATION_ITEM('') );
#5818 = CARTESIAN_POINT('',(-2.25,-1.3E-16));
#5819 = CARTESIAN_POINT('',(-2.25,3.89711431703));
#5820 = CARTESIAN_POINT('',(1.125,1.948557158515));
#5821 = CARTESIAN_POINT('',(4.5,4.210910596163E-16));
#5822 = CARTESIAN_POINT('',(1.125,-1.948557158515));
#5823 = CARTESIAN_POINT('',(-2.25,-3.89711431703));
#5824 = CARTESIAN_POINT('',(-2.25,-1.3E-16));
#5825 = ( GEOMETRIC_REPRESENTATION_CONTEXT(2) 
PARAMETRIC_REPRESENTATION_CONTEXT() REPRESENTATION_CONTEXT('2D SPACE',''
  ) );
#5826 = ORIENTED_EDGE('',*,*,#5827,.F.);
#5827 = EDGE_CURVE('',#4108,#5800,#5828,.T.);
#5828 = SURFACE_CURVE('',#5829,(#5833,#5840),.PCURVE_S1.);
#5829 = LINE('',#5830,#5831);
#5830 = CARTESIAN_POINT('',(-0.65,-2.154065922854,-5.5));
#5831 = VECTOR('',#5832,1.);
#5832 = DIRECTION('',(0.,0.,1.));
#5833 = PCURVE('',#4128,#5834);
#5834 = DEFINITIONAL_REPRESENTATION('',(#5835),#5839);
#5835 = LINE('',#5836,#5837);
#5836 = CARTESIAN_POINT('',(5.005455018709,0.));
#5837 = VECTOR('',#5838,1.);
#5838 = DIRECTION('',(0.,-1.));
#5839 = ( GEOMETRIC_REPRESENTATION_CONTEXT(2) 
PARAMETRIC_REPRESENTATION_CONTEXT() REPRESENTATION_CONTEXT('2D SPACE',''
  ) );
#5840 = PCURVE('',#4156,#5841);
#5841 = DEFINITIONAL_REPRESENTATION('',(#5842),#5846);
#5842 = LINE('',#5843,#5844);
#5843 = CARTESIAN_POINT('',(0.,0.));
#5844 = VECTOR('',#5845,1.);
#5845 = DIRECTION('',(0.,-1.));
#5846 = ( GEOMETRIC_REPRESENTATION_CONTEXT(2) 
PARAMETRIC_REPRESENTATION_CONTEXT() REPRESENTATION_CONTEXT('2D SPACE',''
  ) );
#5847 = ADVANCED_FACE('',(#5848),#4185,.T.);
#5848 = FACE_BOUND('',#5849,.T.);
#5849 = EDGE_LOOP('',(#5850,#5851,#5852,#5876));
#5850 = ORIENTED_EDGE('',*,*,#4168,.T.);
#5851 = ORIENTED_EDGE('',*,*,#5749,.T.);
#5852 = ORIENTED_EDGE('',*,*,#5853,.F.);
#5853 = EDGE_CURVE('',#5854,#5750,#5856,.T.);
#5854 = VERTEX_POINT('',#5855);
#5855 = CARTESIAN_POINT('',(-0.65,-0.95,-1.));
#5856 = SURFACE_CURVE('',#5857,(#5862,#5869),.PCURVE_S1.);
#5857 = CIRCLE('',#5858,0.3);
#5858 = AXIS2_PLACEMENT_3D('',#5859,#5860,#5861);
#5859 = CARTESIAN_POINT('',(-0.95,-0.95,-1.));
#5860 = DIRECTION('',(-0.,0.,1.));
#5861 = DIRECTION('',(0.,-1.,0.));
#5862 = PCURVE('',#4185,#5863);
#5863 = DEFINITIONAL_REPRESENTATION('',(#5864),#5868);
#5864 = LINE('',#5865,#5866);
#5865 = CARTESIAN_POINT('',(-1.570796326795,4.5));
#5866 = VECTOR('',#5867,1.);
#5867 = DIRECTION('',(1.,0.));
#5868 = ( GEOMETRIC_REPRESENTATION_CONTEXT(2) 
PARAMETRIC_REPRESENTATION_CONTEXT() REPRESENTATION_CONTEXT('2D SPACE',''
  ) );
#5869 = PCURVE('',#5155,#5870);
#5870 = DEFINITIONAL_REPRESENTATION('',(#5871),#5875);
#5871 = CIRCLE('',#5872,0.3);
#5872 = AXIS2_PLACEMENT_2D('',#5873,#5874);
#5873 = CARTESIAN_POINT('',(-0.95,-0.95));
#5874 = DIRECTION('',(0.,-1.));
#5875 = ( GEOMETRIC_REPRESENTATION_CONTEXT(2) 
PARAMETRIC_REPRESENTATION_CONTEXT() REPRESENTATION_CONTEXT('2D SPACE',''
  ) );
#5876 = ORIENTED_EDGE('',*,*,#5877,.F.);
#5877 = EDGE_CURVE('',#4141,#5854,#5878,.T.);
#5878 = SURFACE_CURVE('',#5879,(#5883,#5890),.PCURVE_S1.);
#5879 = LINE('',#5880,#5881);
#5880 = CARTESIAN_POINT('',(-0.65,-0.95,-5.5));
#5881 = VECTOR('',#5882,1.);
#5882 = DIRECTION('',(0.,0.,1.));
#5883 = PCURVE('',#4185,#5884);
#5884 = DEFINITIONAL_REPRESENTATION('',(#5885),#5889);
#5885 = LINE('',#5886,#5887);
#5886 = CARTESIAN_POINT('',(0.,0.));
#5887 = VECTOR('',#5888,1.);
#5888 = DIRECTION('',(0.,1.));
#5889 = ( GEOMETRIC_REPRESENTATION_CONTEXT(2) 
PARAMETRIC_REPRESENTATION_CONTEXT() REPRESENTATION_CONTEXT('2D SPACE',''
  ) );
#5890 = PCURVE('',#4156,#5891);
#5891 = DEFINITIONAL_REPRESENTATION('',(#5892),#5896);
#5892 = LINE('',#5893,#5894);
#5893 = CARTESIAN_POINT('',(1.204065922854,0.));
#5894 = VECTOR('',#5895,1.);
#5895 = DIRECTION('',(0.,-1.));
#5896 = ( GEOMETRIC_REPRESENTATION_CONTEXT(2) 
PARAMETRIC_REPRESENTATION_CONTEXT() REPRESENTATION_CONTEXT('2D SPACE',''
  ) );
#5897 = ADVANCED_FACE('',(#5898),#4156,.F.);
#5898 = FACE_BOUND('',#5899,.F.);
#5899 = EDGE_LOOP('',(#5900,#5901,#5902,#5923));
#5900 = ORIENTED_EDGE('',*,*,#4140,.F.);
#5901 = ORIENTED_EDGE('',*,*,#5827,.T.);
#5902 = ORIENTED_EDGE('',*,*,#5903,.T.);
#5903 = EDGE_CURVE('',#5800,#5854,#5904,.T.);
#5904 = SURFACE_CURVE('',#5905,(#5909,#5916),.PCURVE_S1.);
#5905 = LINE('',#5906,#5907);
#5906 = CARTESIAN_POINT('',(-0.65,-1.077032961427,-1.));
#5907 = VECTOR('',#5908,1.);
#5908 = DIRECTION('',(-4.4E-16,1.,0.));
#5909 = PCURVE('',#4156,#5910);
#5910 = DEFINITIONAL_REPRESENTATION('',(#5911),#5915);
#5911 = LINE('',#5912,#5913);
#5912 = CARTESIAN_POINT('',(1.077032961427,-4.5));
#5913 = VECTOR('',#5914,1.);
#5914 = DIRECTION('',(1.,0.));
#5915 = ( GEOMETRIC_REPRESENTATION_CONTEXT(2) 
PARAMETRIC_REPRESENTATION_CONTEXT() REPRESENTATION_CONTEXT('2D SPACE',''
  ) );
#5916 = PCURVE('',#5155,#5917);
#5917 = DEFINITIONAL_REPRESENTATION('',(#5918),#5922);
#5918 = LINE('',#5919,#5920);
#5919 = CARTESIAN_POINT('',(-0.65,-1.077032961427));
#5920 = VECTOR('',#5921,1.);
#5921 = DIRECTION('',(-4.4E-16,1.));
#5922 = ( GEOMETRIC_REPRESENTATION_CONTEXT(2) 
PARAMETRIC_REPRESENTATION_CONTEXT() REPRESENTATION_CONTEXT('2D SPACE',''
  ) );
#5923 = ORIENTED_EDGE('',*,*,#5877,.F.);
#5924 = ADVANCED_FACE('',(#5925),#4398,.F.);
#5925 = FACE_BOUND('',#5926,.F.);
#5926 = EDGE_LOOP('',(#5927,#5928,#5951,#5979));
#5927 = ORIENTED_EDGE('',*,*,#4380,.F.);
#5928 = ORIENTED_EDGE('',*,*,#5929,.T.);
#5929 = EDGE_CURVE('',#4381,#5930,#5932,.T.);
#5930 = VERTEX_POINT('',#5931);
#5931 = CARTESIAN_POINT('',(12.4,2.154065922854,-1.));
#5932 = SURFACE_CURVE('',#5933,(#5937,#5944),.PCURVE_S1.);
#5933 = LINE('',#5934,#5935);
#5934 = CARTESIAN_POINT('',(12.4,2.154065922854,-5.5));
#5935 = VECTOR('',#5936,1.);
#5936 = DIRECTION('',(0.,0.,1.));
#5937 = PCURVE('',#4398,#5938);
#5938 = DEFINITIONAL_REPRESENTATION('',(#5939),#5943);
#5939 = LINE('',#5940,#5941);
#5940 = CARTESIAN_POINT('',(0.,0.));
#5941 = VECTOR('',#5942,1.);
#5942 = DIRECTION('',(0.,-1.));
#5943 = ( GEOMETRIC_REPRESENTATION_CONTEXT(2) 
PARAMETRIC_REPRESENTATION_CONTEXT() REPRESENTATION_CONTEXT('2D SPACE',''
  ) );
#5944 = PCURVE('',#4840,#5945);
#5945 = DEFINITIONAL_REPRESENTATION('',(#5946),#5950);
#5946 = LINE('',#5947,#5948);
#5947 = CARTESIAN_POINT('',(1.863862365119,0.));
#5948 = VECTOR('',#5949,1.);
#5949 = DIRECTION('',(0.,-1.));
#5950 = ( GEOMETRIC_REPRESENTATION_CONTEXT(2) 
PARAMETRIC_REPRESENTATION_CONTEXT() REPRESENTATION_CONTEXT('2D SPACE',''
  ) );
#5951 = ORIENTED_EDGE('',*,*,#5952,.T.);
#5952 = EDGE_CURVE('',#5930,#5953,#5955,.T.);
#5953 = VERTEX_POINT('',#5954);
#5954 = CARTESIAN_POINT('',(12.4,0.95,-1.));
#5955 = SURFACE_CURVE('',#5956,(#5960,#5967),.PCURVE_S1.);
#5956 = LINE('',#5957,#5958);
#5957 = CARTESIAN_POINT('',(12.4,1.077032961427,-1.));
#5958 = VECTOR('',#5959,1.);
#5959 = DIRECTION('',(0.,-1.,0.));
#5960 = PCURVE('',#4398,#5961);
#5961 = DEFINITIONAL_REPRESENTATION('',(#5962),#5966);
#5962 = LINE('',#5963,#5964);
#5963 = CARTESIAN_POINT('',(1.077032961427,-4.5));
#5964 = VECTOR('',#5965,1.);
#5965 = DIRECTION('',(1.,0.));
#5966 = ( GEOMETRIC_REPRESENTATION_CONTEXT(2) 
PARAMETRIC_REPRESENTATION_CONTEXT() REPRESENTATION_CONTEXT('2D SPACE',''
  ) );
#5967 = PCURVE('',#5968,#5973);
#5968 = PLANE('',#5969);
#5969 = AXIS2_PLACEMENT_3D('',#5970,#5971,#5972);
#5970 = CARTESIAN_POINT('',(6.E-17,1.3E-16,-1.));
#5971 = DIRECTION('',(0.,0.,1.));
#5972 = DIRECTION('',(1.,0.,0.));
#5973 = DEFINITIONAL_REPRESENTATION('',(#5974),#5978);
#5974 = LINE('',#5975,#5976);
#5975 = CARTESIAN_POINT('',(12.4,1.077032961427));
#5976 = VECTOR('',#5977,1.);
#5977 = DIRECTION('',(0.,-1.));
#5978 = ( GEOMETRIC_REPRESENTATION_CONTEXT(2) 
PARAMETRIC_REPRESENTATION_CONTEXT() REPRESENTATION_CONTEXT('2D SPACE',''
  ) );
#5979 = ORIENTED_EDGE('',*,*,#5980,.F.);
#5980 = EDGE_CURVE('',#4383,#5953,#5981,.T.);
#5981 = SURFACE_CURVE('',#5982,(#5986,#5993),.PCURVE_S1.);
#5982 = LINE('',#5983,#5984);
#5983 = CARTESIAN_POINT('',(12.4,0.95,-5.5));
#5984 = VECTOR('',#5985,1.);
#5985 = DIRECTION('',(0.,0.,1.));
#5986 = PCURVE('',#4398,#5987);
#5987 = DEFINITIONAL_REPRESENTATION('',(#5988),#5992);
#5988 = LINE('',#5989,#5990);
#5989 = CARTESIAN_POINT('',(1.204065922854,0.));
#5990 = VECTOR('',#5991,1.);
#5991 = DIRECTION('',(0.,-1.));
#5992 = ( GEOMETRIC_REPRESENTATION_CONTEXT(2) 
PARAMETRIC_REPRESENTATION_CONTEXT() REPRESENTATION_CONTEXT('2D SPACE',''
  ) );
#5993 = PCURVE('',#4427,#5994);
#5994 = DEFINITIONAL_REPRESENTATION('',(#5995),#5999);
#5995 = LINE('',#5996,#5997);
#5996 = CARTESIAN_POINT('',(0.,0.));
#5997 = VECTOR('',#5998,1.);
#5998 = DIRECTION('',(0.,1.));
#5999 = ( GEOMETRIC_REPRESENTATION_CONTEXT(2) 
PARAMETRIC_REPRESENTATION_CONTEXT() REPRESENTATION_CONTEXT('2D SPACE',''
  ) );
#6000 = ADVANCED_FACE('',(#6001),#4427,.T.);
#6001 = FACE_BOUND('',#6002,.T.);
#6002 = EDGE_LOOP('',(#6003,#6004,#6027,#6049));
#6003 = ORIENTED_EDGE('',*,*,#4410,.T.);
#6004 = ORIENTED_EDGE('',*,*,#6005,.T.);
#6005 = EDGE_CURVE('',#4411,#6006,#6008,.T.);
#6006 = VERTEX_POINT('',#6007);
#6007 = CARTESIAN_POINT('',(12.7,0.65,-1.));
#6008 = SURFACE_CURVE('',#6009,(#6013,#6020),.PCURVE_S1.);
#6009 = LINE('',#6010,#6011);
#6010 = CARTESIAN_POINT('',(12.7,0.65,-5.5));
#6011 = VECTOR('',#6012,1.);
#6012 = DIRECTION('',(0.,0.,1.));
#6013 = PCURVE('',#4427,#6014);
#6014 = DEFINITIONAL_REPRESENTATION('',(#6015),#6019);
#6015 = LINE('',#6016,#6017);
#6016 = CARTESIAN_POINT('',(1.570796326795,0.));
#6017 = VECTOR('',#6018,1.);
#6018 = DIRECTION('',(0.,1.));
#6019 = ( GEOMETRIC_REPRESENTATION_CONTEXT(2) 
PARAMETRIC_REPRESENTATION_CONTEXT() REPRESENTATION_CONTEXT('2D SPACE',''
  ) );
#6020 = PCURVE('',#4455,#6021);
#6021 = DEFINITIONAL_REPRESENTATION('',(#6022),#6026);
#6022 = LINE('',#6023,#6024);
#6023 = CARTESIAN_POINT('',(0.3,0.));
#6024 = VECTOR('',#6025,1.);
#6025 = DIRECTION('',(0.,-1.));
#6026 = ( GEOMETRIC_REPRESENTATION_CONTEXT(2) 
PARAMETRIC_REPRESENTATION_CONTEXT() REPRESENTATION_CONTEXT('2D SPACE',''
  ) );
#6027 = ORIENTED_EDGE('',*,*,#6028,.F.);
#6028 = EDGE_CURVE('',#5953,#6006,#6029,.T.);
#6029 = SURFACE_CURVE('',#6030,(#6035,#6042),.PCURVE_S1.);
#6030 = CIRCLE('',#6031,0.3);
#6031 = AXIS2_PLACEMENT_3D('',#6032,#6033,#6034);
#6032 = CARTESIAN_POINT('',(12.7,0.95,-1.));
#6033 = DIRECTION('',(-0.,0.,1.));
#6034 = DIRECTION('',(0.,-1.,0.));
#6035 = PCURVE('',#4427,#6036);
#6036 = DEFINITIONAL_REPRESENTATION('',(#6037),#6041);
#6037 = LINE('',#6038,#6039);
#6038 = CARTESIAN_POINT('',(-4.712388980385,4.5));
#6039 = VECTOR('',#6040,1.);
#6040 = DIRECTION('',(1.,0.));
#6041 = ( GEOMETRIC_REPRESENTATION_CONTEXT(2) 
PARAMETRIC_REPRESENTATION_CONTEXT() REPRESENTATION_CONTEXT('2D SPACE',''
  ) );
#6042 = PCURVE('',#5968,#6043);
#6043 = DEFINITIONAL_REPRESENTATION('',(#6044),#6048);
#6044 = CIRCLE('',#6045,0.3);
#6045 = AXIS2_PLACEMENT_2D('',#6046,#6047);
#6046 = CARTESIAN_POINT('',(12.7,0.95));
#6047 = DIRECTION('',(0.,-1.));
#6048 = ( GEOMETRIC_REPRESENTATION_CONTEXT(2) 
PARAMETRIC_REPRESENTATION_CONTEXT() REPRESENTATION_CONTEXT('2D SPACE',''
  ) );
#6049 = ORIENTED_EDGE('',*,*,#5980,.F.);
#6050 = ADVANCED_FACE('',(#6051),#4840,.F.);
#6051 = FACE_BOUND('',#6052,.F.);
#6052 = EDGE_LOOP('',(#6053,#6054,#6077,#6103));
#6053 = ORIENTED_EDGE('',*,*,#4821,.F.);
#6054 = ORIENTED_EDGE('',*,*,#6055,.T.);
#6055 = EDGE_CURVE('',#4794,#6056,#6058,.T.);
#6056 = VERTEX_POINT('',#6057);
#6057 = CARTESIAN_POINT('',(11.1,2.154065922854,-1.));
#6058 = SURFACE_CURVE('',#6059,(#6063,#6070),.PCURVE_S1.);
#6059 = LINE('',#6060,#6061);
#6060 = CARTESIAN_POINT('',(11.1,2.154065922854,-5.5));
#6061 = VECTOR('',#6062,1.);
#6062 = DIRECTION('',(0.,0.,1.));
#6063 = PCURVE('',#4840,#6064);
#6064 = DEFINITIONAL_REPRESENTATION('',(#6065),#6069);
#6065 = LINE('',#6066,#6067);
#6066 = CARTESIAN_POINT('',(1.277730288471,0.));
#6067 = VECTOR('',#6068,1.);
#6068 = DIRECTION('',(0.,-1.));
#6069 = ( GEOMETRIC_REPRESENTATION_CONTEXT(2) 
PARAMETRIC_REPRESENTATION_CONTEXT() REPRESENTATION_CONTEXT('2D SPACE',''
  ) );
#6070 = PCURVE('',#4809,#6071);
#6071 = DEFINITIONAL_REPRESENTATION('',(#6072),#6076);
#6072 = LINE('',#6073,#6074);
#6073 = CARTESIAN_POINT('',(0.,0.));
#6074 = VECTOR('',#6075,1.);
#6075 = DIRECTION('',(0.,-1.));
#6076 = ( GEOMETRIC_REPRESENTATION_CONTEXT(2) 
PARAMETRIC_REPRESENTATION_CONTEXT() REPRESENTATION_CONTEXT('2D SPACE',''
  ) );
#6077 = ORIENTED_EDGE('',*,*,#6078,.T.);
#6078 = EDGE_CURVE('',#6056,#5930,#6079,.T.);
#6079 = SURFACE_CURVE('',#6080,(#6085,#6092),.PCURVE_S1.);
#6080 = CIRCLE('',#6081,2.25);
#6081 = AXIS2_PLACEMENT_3D('',#6082,#6083,#6084);
#6082 = CARTESIAN_POINT('',(11.75,0.,-1.));
#6083 = DIRECTION('',(0.,0.,-1.));
#6084 = DIRECTION('',(-1.,0.,0.));
#6085 = PCURVE('',#4840,#6086);
#6086 = DEFINITIONAL_REPRESENTATION('',(#6087),#6091);
#6087 = LINE('',#6088,#6089);
#6088 = CARTESIAN_POINT('',(0.,-4.5));
#6089 = VECTOR('',#6090,1.);
#6090 = DIRECTION('',(1.,0.));
#6091 = ( GEOMETRIC_REPRESENTATION_CONTEXT(2) 
PARAMETRIC_REPRESENTATION_CONTEXT() REPRESENTATION_CONTEXT('2D SPACE',''
  ) );
#6092 = PCURVE('',#5968,#6093);
#6093 = DEFINITIONAL_REPRESENTATION('',(#6094),#6102);
#6094 = ( BOUNDED_CURVE() B_SPLINE_CURVE(2,(#6095,#6096,#6097,#6098,
#6099,#6100,#6101),.UNSPECIFIED.,.T.,.F.) B_SPLINE_CURVE_WITH_KNOTS((1,2
    ,2,2,2,1),(-2.094395102393,0.,2.094395102393,4.188790204786,
6.28318530718,8.377580409573),.UNSPECIFIED.) CURVE() 
GEOMETRIC_REPRESENTATION_ITEM() RATIONAL_B_SPLINE_CURVE((1.,0.5,1.,0.5,
1.,0.5,1.)) REPRESENTATION_ITEM('') );
#6095 = CARTESIAN_POINT('',(9.5,-1.3E-16));
#6096 = CARTESIAN_POINT('',(9.5,3.89711431703));
#6097 = CARTESIAN_POINT('',(12.875,1.948557158515));
#6098 = CARTESIAN_POINT('',(16.25,4.210910596163E-16));
#6099 = CARTESIAN_POINT('',(12.875,-1.948557158515));
#6100 = CARTESIAN_POINT('',(9.5,-3.89711431703));
#6101 = CARTESIAN_POINT('',(9.5,-1.3E-16));
#6102 = ( GEOMETRIC_REPRESENTATION_CONTEXT(2) 
PARAMETRIC_REPRESENTATION_CONTEXT() REPRESENTATION_CONTEXT('2D SPACE',''
  ) );
#6103 = ORIENTED_EDGE('',*,*,#5929,.F.);
#6104 = ADVANCED_FACE('',(#6105),#4455,.F.);
#6105 = FACE_BOUND('',#6106,.F.);
#6106 = EDGE_LOOP('',(#6107,#6108,#6109,#6132));
#6107 = ORIENTED_EDGE('',*,*,#4439,.F.);
#6108 = ORIENTED_EDGE('',*,*,#6005,.T.);
#6109 = ORIENTED_EDGE('',*,*,#6110,.T.);
#6110 = EDGE_CURVE('',#6006,#6111,#6113,.T.);
#6111 = VERTEX_POINT('',#6112);
#6112 = CARTESIAN_POINT('',(13.904065922854,0.65,-1.));
#6113 = SURFACE_CURVE('',#6114,(#6118,#6125),.PCURVE_S1.);
#6114 = LINE('',#6115,#6116);
#6115 = CARTESIAN_POINT('',(17.95,0.65,-1.));
#6116 = VECTOR('',#6117,1.);
#6117 = DIRECTION('',(1.,0.,0.));
#6118 = PCURVE('',#4455,#6119);
#6119 = DEFINITIONAL_REPRESENTATION('',(#6120),#6124);
#6120 = LINE('',#6121,#6122);
#6121 = CARTESIAN_POINT('',(5.55,-4.5));
#6122 = VECTOR('',#6123,1.);
#6123 = DIRECTION('',(1.,0.));
#6124 = ( GEOMETRIC_REPRESENTATION_CONTEXT(2) 
PARAMETRIC_REPRESENTATION_CONTEXT() REPRESENTATION_CONTEXT('2D SPACE',''
  ) );
#6125 = PCURVE('',#5968,#6126);
#6126 = DEFINITIONAL_REPRESENTATION('',(#6127),#6131);
#6127 = LINE('',#6128,#6129);
#6128 = CARTESIAN_POINT('',(17.95,0.65));
#6129 = VECTOR('',#6130,1.);
#6130 = DIRECTION('',(1.,0.));
#6131 = ( GEOMETRIC_REPRESENTATION_CONTEXT(2) 
PARAMETRIC_REPRESENTATION_CONTEXT() REPRESENTATION_CONTEXT('2D SPACE',''
  ) );
#6132 = ORIENTED_EDGE('',*,*,#6133,.F.);
#6133 = EDGE_CURVE('',#4440,#6111,#6134,.T.);
#6134 = SURFACE_CURVE('',#6135,(#6139,#6146),.PCURVE_S1.);
#6135 = LINE('',#6136,#6137);
#6136 = CARTESIAN_POINT('',(13.904065922854,0.65,-5.5));
#6137 = VECTOR('',#6138,1.);
#6138 = DIRECTION('',(0.,0.,1.));
#6139 = PCURVE('',#4455,#6140);
#6140 = DEFINITIONAL_REPRESENTATION('',(#6141),#6145);
#6141 = LINE('',#6142,#6143);
#6142 = CARTESIAN_POINT('',(1.504065922854,0.));
#6143 = VECTOR('',#6144,1.);
#6144 = DIRECTION('',(0.,-1.));
#6145 = ( GEOMETRIC_REPRESENTATION_CONTEXT(2) 
PARAMETRIC_REPRESENTATION_CONTEXT() REPRESENTATION_CONTEXT('2D SPACE',''
  ) );
#6146 = PCURVE('',#4488,#6147);
#6147 = DEFINITIONAL_REPRESENTATION('',(#6148),#6152);
#6148 = LINE('',#6149,#6150);
#6149 = CARTESIAN_POINT('',(2.848526615266,0.));
#6150 = VECTOR('',#6151,1.);
#6151 = DIRECTION('',(0.,-1.));
#6152 = ( GEOMETRIC_REPRESENTATION_CONTEXT(2) 
PARAMETRIC_REPRESENTATION_CONTEXT() REPRESENTATION_CONTEXT('2D SPACE',''
  ) );
#6153 = ADVANCED_FACE('',(#6154),#4809,.T.);
#6154 = FACE_BOUND('',#6155,.T.);
#6155 = EDGE_LOOP('',(#6156,#6157,#6158,#6181));
#6156 = ORIENTED_EDGE('',*,*,#4793,.F.);
#6157 = ORIENTED_EDGE('',*,*,#6055,.T.);
#6158 = ORIENTED_EDGE('',*,*,#6159,.T.);
#6159 = EDGE_CURVE('',#6056,#6160,#6162,.T.);
#6160 = VERTEX_POINT('',#6161);
#6161 = CARTESIAN_POINT('',(11.1,0.95,-1.));
#6162 = SURFACE_CURVE('',#6163,(#6167,#6174),.PCURVE_S1.);
#6163 = LINE('',#6164,#6165);
#6164 = CARTESIAN_POINT('',(11.1,1.077032961427,-1.));
#6165 = VECTOR('',#6166,1.);
#6166 = DIRECTION('',(0.,-1.,0.));
#6167 = PCURVE('',#4809,#6168);
#6168 = DEFINITIONAL_REPRESENTATION('',(#6169),#6173);
#6169 = LINE('',#6170,#6171);
#6170 = CARTESIAN_POINT('',(1.077032961427,-4.5));
#6171 = VECTOR('',#6172,1.);
#6172 = DIRECTION('',(1.,0.));
#6173 = ( GEOMETRIC_REPRESENTATION_CONTEXT(2) 
PARAMETRIC_REPRESENTATION_CONTEXT() REPRESENTATION_CONTEXT('2D SPACE',''
  ) );
#6174 = PCURVE('',#5968,#6175);
#6175 = DEFINITIONAL_REPRESENTATION('',(#6176),#6180);
#6176 = LINE('',#6177,#6178);
#6177 = CARTESIAN_POINT('',(11.1,1.077032961427));
#6178 = VECTOR('',#6179,1.);
#6179 = DIRECTION('',(0.,-1.));
#6180 = ( GEOMETRIC_REPRESENTATION_CONTEXT(2) 
PARAMETRIC_REPRESENTATION_CONTEXT() REPRESENTATION_CONTEXT('2D SPACE',''
  ) );
#6181 = ORIENTED_EDGE('',*,*,#6182,.F.);
#6182 = EDGE_CURVE('',#4765,#6160,#6183,.T.);
#6183 = SURFACE_CURVE('',#6184,(#6188,#6195),.PCURVE_S1.);
#6184 = LINE('',#6185,#6186);
#6185 = CARTESIAN_POINT('',(11.1,0.95,-5.5));
#6186 = VECTOR('',#6187,1.);
#6187 = DIRECTION('',(0.,0.,1.));
#6188 = PCURVE('',#4809,#6189);
#6189 = DEFINITIONAL_REPRESENTATION('',(#6190),#6194);
#6190 = LINE('',#6191,#6192);
#6191 = CARTESIAN_POINT('',(1.204065922854,0.));
#6192 = VECTOR('',#6193,1.);
#6193 = DIRECTION('',(0.,-1.));
#6194 = ( GEOMETRIC_REPRESENTATION_CONTEXT(2) 
PARAMETRIC_REPRESENTATION_CONTEXT() REPRESENTATION_CONTEXT('2D SPACE',''
  ) );
#6195 = PCURVE('',#4781,#6196);
#6196 = DEFINITIONAL_REPRESENTATION('',(#6197),#6201);
#6197 = LINE('',#6198,#6199);
#6198 = CARTESIAN_POINT('',(1.570796326795,0.));
#6199 = VECTOR('',#6200,1.);
#6200 = DIRECTION('',(0.,1.));
#6201 = ( GEOMETRIC_REPRESENTATION_CONTEXT(2) 
PARAMETRIC_REPRESENTATION_CONTEXT() REPRESENTATION_CONTEXT('2D SPACE',''
  ) );
#6202 = ADVANCED_FACE('',(#6203),#4488,.F.);
#6203 = FACE_BOUND('',#6204,.F.);
#6204 = EDGE_LOOP('',(#6205,#6206,#6207,#6235));
#6205 = ORIENTED_EDGE('',*,*,#4467,.F.);
#6206 = ORIENTED_EDGE('',*,*,#6133,.T.);
#6207 = ORIENTED_EDGE('',*,*,#6208,.T.);
#6208 = EDGE_CURVE('',#6111,#6209,#6211,.T.);
#6209 = VERTEX_POINT('',#6210);
#6210 = CARTESIAN_POINT('',(13.904065922854,-0.65,-1.));
#6211 = SURFACE_CURVE('',#6212,(#6217,#6224),.PCURVE_S1.);
#6212 = CIRCLE('',#6213,2.25);
#6213 = AXIS2_PLACEMENT_3D('',#6214,#6215,#6216);
#6214 = CARTESIAN_POINT('',(11.75,0.,-1.));
#6215 = DIRECTION('',(0.,0.,-1.));
#6216 = DIRECTION('',(-1.,0.,0.));
#6217 = PCURVE('',#4488,#6218);
#6218 = DEFINITIONAL_REPRESENTATION('',(#6219),#6223);
#6219 = LINE('',#6220,#6221);
#6220 = CARTESIAN_POINT('',(0.,-4.5));
#6221 = VECTOR('',#6222,1.);
#6222 = DIRECTION('',(1.,0.));
#6223 = ( GEOMETRIC_REPRESENTATION_CONTEXT(2) 
PARAMETRIC_REPRESENTATION_CONTEXT() REPRESENTATION_CONTEXT('2D SPACE',''
  ) );
#6224 = PCURVE('',#5968,#6225);
#6225 = DEFINITIONAL_REPRESENTATION('',(#6226),#6234);
#6226 = ( BOUNDED_CURVE() B_SPLINE_CURVE(2,(#6227,#6228,#6229,#6230,
#6231,#6232,#6233),.UNSPECIFIED.,.T.,.F.) B_SPLINE_CURVE_WITH_KNOTS((1,2
    ,2,2,2,1),(-2.094395102393,0.,2.094395102393,4.188790204786,
6.28318530718,8.377580409573),.UNSPECIFIED.) CURVE() 
GEOMETRIC_REPRESENTATION_ITEM() RATIONAL_B_SPLINE_CURVE((1.,0.5,1.,0.5,
1.,0.5,1.)) REPRESENTATION_ITEM('') );
#6227 = CARTESIAN_POINT('',(9.5,-1.3E-16));
#6228 = CARTESIAN_POINT('',(9.5,3.89711431703));
#6229 = CARTESIAN_POINT('',(12.875,1.948557158515));
#6230 = CARTESIAN_POINT('',(16.25,4.210910596163E-16));
#6231 = CARTESIAN_POINT('',(12.875,-1.948557158515));
#6232 = CARTESIAN_POINT('',(9.5,-3.89711431703));
#6233 = CARTESIAN_POINT('',(9.5,-1.3E-16));
#6234 = ( GEOMETRIC_REPRESENTATION_CONTEXT(2) 
PARAMETRIC_REPRESENTATION_CONTEXT() REPRESENTATION_CONTEXT('2D SPACE',''
  ) );
#6235 = ORIENTED_EDGE('',*,*,#6236,.F.);
#6236 = EDGE_CURVE('',#4468,#6209,#6237,.T.);
#6237 = SURFACE_CURVE('',#6238,(#6242,#6249),.PCURVE_S1.);
#6238 = LINE('',#6239,#6240);
#6239 = CARTESIAN_POINT('',(13.904065922854,-0.65,-5.5));
#6240 = VECTOR('',#6241,1.);
#6241 = DIRECTION('',(0.,0.,1.));
#6242 = PCURVE('',#4488,#6243);
#6243 = DEFINITIONAL_REPRESENTATION('',(#6244),#6248);
#6244 = LINE('',#6245,#6246);
#6245 = CARTESIAN_POINT('',(3.434658691914,0.));
#6246 = VECTOR('',#6247,1.);
#6247 = DIRECTION('',(0.,-1.));
#6248 = ( GEOMETRIC_REPRESENTATION_CONTEXT(2) 
PARAMETRIC_REPRESENTATION_CONTEXT() REPRESENTATION_CONTEXT('2D SPACE',''
  ) );
#6249 = PCURVE('',#4516,#6250);
#6250 = DEFINITIONAL_REPRESENTATION('',(#6251),#6255);
#6251 = LINE('',#6252,#6253);
#6252 = CARTESIAN_POINT('',(1.504065922854,0.));
#6253 = VECTOR('',#6254,1.);
#6254 = DIRECTION('',(0.,-1.));
#6255 = ( GEOMETRIC_REPRESENTATION_CONTEXT(2) 
PARAMETRIC_REPRESENTATION_CONTEXT() REPRESENTATION_CONTEXT('2D SPACE',''
  ) );
#6256 = ADVANCED_FACE('',(#6257),#4781,.T.);
#6257 = FACE_BOUND('',#6258,.T.);
#6258 = EDGE_LOOP('',(#6259,#6260,#6261,#6285));
#6259 = ORIENTED_EDGE('',*,*,#4764,.T.);
#6260 = ORIENTED_EDGE('',*,*,#6182,.T.);
#6261 = ORIENTED_EDGE('',*,*,#6262,.F.);
#6262 = EDGE_CURVE('',#6263,#6160,#6265,.T.);
#6263 = VERTEX_POINT('',#6264);
#6264 = CARTESIAN_POINT('',(10.8,0.65,-1.));
#6265 = SURFACE_CURVE('',#6266,(#6271,#6278),.PCURVE_S1.);
#6266 = CIRCLE('',#6267,0.3);
#6267 = AXIS2_PLACEMENT_3D('',#6268,#6269,#6270);
#6268 = CARTESIAN_POINT('',(10.8,0.95,-1.));
#6269 = DIRECTION('',(-0.,0.,1.));
#6270 = DIRECTION('',(0.,-1.,0.));
#6271 = PCURVE('',#4781,#6272);
#6272 = DEFINITIONAL_REPRESENTATION('',(#6273),#6277);
#6273 = LINE('',#6274,#6275);
#6274 = CARTESIAN_POINT('',(0.,4.5));
#6275 = VECTOR('',#6276,1.);
#6276 = DIRECTION('',(1.,0.));
#6277 = ( GEOMETRIC_REPRESENTATION_CONTEXT(2) 
PARAMETRIC_REPRESENTATION_CONTEXT() REPRESENTATION_CONTEXT('2D SPACE',''
  ) );
#6278 = PCURVE('',#5968,#6279);
#6279 = DEFINITIONAL_REPRESENTATION('',(#6280),#6284);
#6280 = CIRCLE('',#6281,0.3);
#6281 = AXIS2_PLACEMENT_2D('',#6282,#6283);
#6282 = CARTESIAN_POINT('',(10.8,0.95));
#6283 = DIRECTION('',(0.,-1.));
#6284 = ( GEOMETRIC_REPRESENTATION_CONTEXT(2) 
PARAMETRIC_REPRESENTATION_CONTEXT() REPRESENTATION_CONTEXT('2D SPACE',''
  ) );
#6285 = ORIENTED_EDGE('',*,*,#6286,.F.);
#6286 = EDGE_CURVE('',#4737,#6263,#6287,.T.);
#6287 = SURFACE_CURVE('',#6288,(#6292,#6299),.PCURVE_S1.);
#6288 = LINE('',#6289,#6290);
#6289 = CARTESIAN_POINT('',(10.8,0.65,-5.5));
#6290 = VECTOR('',#6291,1.);
#6291 = DIRECTION('',(0.,0.,1.));
#6292 = PCURVE('',#4781,#6293);
#6293 = DEFINITIONAL_REPRESENTATION('',(#6294),#6298);
#6294 = LINE('',#6295,#6296);
#6295 = CARTESIAN_POINT('',(0.,0.));
#6296 = VECTOR('',#6297,1.);
#6297 = DIRECTION('',(0.,1.));
#6298 = ( GEOMETRIC_REPRESENTATION_CONTEXT(2) 
PARAMETRIC_REPRESENTATION_CONTEXT() REPRESENTATION_CONTEXT('2D SPACE',''
  ) );
#6299 = PCURVE('',#4752,#6300);
#6300 = DEFINITIONAL_REPRESENTATION('',(#6301),#6305);
#6301 = LINE('',#6302,#6303);
#6302 = CARTESIAN_POINT('',(0.3,0.));
#6303 = VECTOR('',#6304,1.);
#6304 = DIRECTION('',(0.,-1.));
#6305 = ( GEOMETRIC_REPRESENTATION_CONTEXT(2) 
PARAMETRIC_REPRESENTATION_CONTEXT() REPRESENTATION_CONTEXT('2D SPACE',''
  ) );
#6306 = ADVANCED_FACE('',(#6307),#4516,.T.);
#6307 = FACE_BOUND('',#6308,.T.);
#6308 = EDGE_LOOP('',(#6309,#6310,#6333,#6354));
#6309 = ORIENTED_EDGE('',*,*,#4500,.F.);
#6310 = ORIENTED_EDGE('',*,*,#6311,.T.);
#6311 = EDGE_CURVE('',#4501,#6312,#6314,.T.);
#6312 = VERTEX_POINT('',#6313);
#6313 = CARTESIAN_POINT('',(12.7,-0.65,-1.));
#6314 = SURFACE_CURVE('',#6315,(#6319,#6326),.PCURVE_S1.);
#6315 = LINE('',#6316,#6317);
#6316 = CARTESIAN_POINT('',(12.7,-0.65,-5.5));
#6317 = VECTOR('',#6318,1.);
#6318 = DIRECTION('',(0.,0.,1.));
#6319 = PCURVE('',#4516,#6320);
#6320 = DEFINITIONAL_REPRESENTATION('',(#6321),#6325);
#6321 = LINE('',#6322,#6323);
#6322 = CARTESIAN_POINT('',(0.3,0.));
#6323 = VECTOR('',#6324,1.);
#6324 = DIRECTION('',(0.,-1.));
#6325 = ( GEOMETRIC_REPRESENTATION_CONTEXT(2) 
PARAMETRIC_REPRESENTATION_CONTEXT() REPRESENTATION_CONTEXT('2D SPACE',''
  ) );
#6326 = PCURVE('',#4545,#6327);
#6327 = DEFINITIONAL_REPRESENTATION('',(#6328),#6332);
#6328 = LINE('',#6329,#6330);
#6329 = CARTESIAN_POINT('',(0.,0.));
#6330 = VECTOR('',#6331,1.);
#6331 = DIRECTION('',(0.,1.));
#6332 = ( GEOMETRIC_REPRESENTATION_CONTEXT(2) 
PARAMETRIC_REPRESENTATION_CONTEXT() REPRESENTATION_CONTEXT('2D SPACE',''
  ) );
#6333 = ORIENTED_EDGE('',*,*,#6334,.T.);
#6334 = EDGE_CURVE('',#6312,#6209,#6335,.T.);
#6335 = SURFACE_CURVE('',#6336,(#6340,#6347),.PCURVE_S1.);
#6336 = LINE('',#6337,#6338);
#6337 = CARTESIAN_POINT('',(17.95,-0.65,-1.));
#6338 = VECTOR('',#6339,1.);
#6339 = DIRECTION('',(1.,0.,0.));
#6340 = PCURVE('',#4516,#6341);
#6341 = DEFINITIONAL_REPRESENTATION('',(#6342),#6346);
#6342 = LINE('',#6343,#6344);
#6343 = CARTESIAN_POINT('',(5.55,-4.5));
#6344 = VECTOR('',#6345,1.);
#6345 = DIRECTION('',(1.,0.));
#6346 = ( GEOMETRIC_REPRESENTATION_CONTEXT(2) 
PARAMETRIC_REPRESENTATION_CONTEXT() REPRESENTATION_CONTEXT('2D SPACE',''
  ) );
#6347 = PCURVE('',#5968,#6348);
#6348 = DEFINITIONAL_REPRESENTATION('',(#6349),#6353);
#6349 = LINE('',#6350,#6351);
#6350 = CARTESIAN_POINT('',(17.95,-0.65));
#6351 = VECTOR('',#6352,1.);
#6352 = DIRECTION('',(1.,0.));
#6353 = ( GEOMETRIC_REPRESENTATION_CONTEXT(2) 
PARAMETRIC_REPRESENTATION_CONTEXT() REPRESENTATION_CONTEXT('2D SPACE',''
  ) );
#6354 = ORIENTED_EDGE('',*,*,#6236,.F.);
#6355 = ADVANCED_FACE('',(#6356),#4752,.T.);
#6356 = FACE_BOUND('',#6357,.T.);
#6357 = EDGE_LOOP('',(#6358,#6359,#6360,#6383));
#6358 = ORIENTED_EDGE('',*,*,#4736,.F.);
#6359 = ORIENTED_EDGE('',*,*,#6286,.T.);
#6360 = ORIENTED_EDGE('',*,*,#6361,.T.);
#6361 = EDGE_CURVE('',#6263,#6362,#6364,.T.);
#6362 = VERTEX_POINT('',#6363);
#6363 = CARTESIAN_POINT('',(9.595934077146,0.65,-1.));
#6364 = SURFACE_CURVE('',#6365,(#6369,#6376),.PCURVE_S1.);
#6365 = LINE('',#6366,#6367);
#6366 = CARTESIAN_POINT('',(17.3,0.65,-1.));
#6367 = VECTOR('',#6368,1.);
#6368 = DIRECTION('',(-1.,0.,0.));
#6369 = PCURVE('',#4752,#6370);
#6370 = DEFINITIONAL_REPRESENTATION('',(#6371),#6375);
#6371 = LINE('',#6372,#6373);
#6372 = CARTESIAN_POINT('',(-6.2,-4.5));
#6373 = VECTOR('',#6374,1.);
#6374 = DIRECTION('',(1.,0.));
#6375 = ( GEOMETRIC_REPRESENTATION_CONTEXT(2) 
PARAMETRIC_REPRESENTATION_CONTEXT() REPRESENTATION_CONTEXT('2D SPACE',''
  ) );
#6376 = PCURVE('',#5968,#6377);
#6377 = DEFINITIONAL_REPRESENTATION('',(#6378),#6382);
#6378 = LINE('',#6379,#6380);
#6379 = CARTESIAN_POINT('',(17.3,0.65));
#6380 = VECTOR('',#6381,1.);
#6381 = DIRECTION('',(-1.,0.));
#6382 = ( GEOMETRIC_REPRESENTATION_CONTEXT(2) 
PARAMETRIC_REPRESENTATION_CONTEXT() REPRESENTATION_CONTEXT('2D SPACE',''
  ) );
#6383 = ORIENTED_EDGE('',*,*,#6384,.F.);
#6384 = EDGE_CURVE('',#4704,#6362,#6385,.T.);
#6385 = SURFACE_CURVE('',#6386,(#6390,#6397),.PCURVE_S1.);
#6386 = LINE('',#6387,#6388);
#6387 = CARTESIAN_POINT('',(9.595934077146,0.65,-5.5));
#6388 = VECTOR('',#6389,1.);
#6389 = DIRECTION('',(0.,0.,1.));
#6390 = PCURVE('',#4752,#6391);
#6391 = DEFINITIONAL_REPRESENTATION('',(#6392),#6396);
#6392 = LINE('',#6393,#6394);
#6393 = CARTESIAN_POINT('',(1.504065922854,0.));
#6394 = VECTOR('',#6395,1.);
#6395 = DIRECTION('',(0.,-1.));
#6396 = ( GEOMETRIC_REPRESENTATION_CONTEXT(2) 
PARAMETRIC_REPRESENTATION_CONTEXT() REPRESENTATION_CONTEXT('2D SPACE',''
  ) );
#6397 = PCURVE('',#4724,#6398);
#6398 = DEFINITIONAL_REPRESENTATION('',(#6399),#6403);
#6399 = LINE('',#6400,#6401);
#6400 = CARTESIAN_POINT('',(6.576251345504,0.));
#6401 = VECTOR('',#6402,1.);
#6402 = DIRECTION('',(0.,-1.));
#6403 = ( GEOMETRIC_REPRESENTATION_CONTEXT(2) 
PARAMETRIC_REPRESENTATION_CONTEXT() REPRESENTATION_CONTEXT('2D SPACE',''
  ) );
#6404 = ADVANCED_FACE('',(#6405),#4545,.T.);
#6405 = FACE_BOUND('',#6406,.T.);
#6406 = EDGE_LOOP('',(#6407,#6408,#6431,#6453));
#6407 = ORIENTED_EDGE('',*,*,#4528,.T.);
#6408 = ORIENTED_EDGE('',*,*,#6409,.T.);
#6409 = EDGE_CURVE('',#4529,#6410,#6412,.T.);
#6410 = VERTEX_POINT('',#6411);
#6411 = CARTESIAN_POINT('',(12.4,-0.95,-1.));
#6412 = SURFACE_CURVE('',#6413,(#6417,#6424),.PCURVE_S1.);
#6413 = LINE('',#6414,#6415);
#6414 = CARTESIAN_POINT('',(12.4,-0.95,-5.5));
#6415 = VECTOR('',#6416,1.);
#6416 = DIRECTION('',(0.,0.,1.));
#6417 = PCURVE('',#4545,#6418);
#6418 = DEFINITIONAL_REPRESENTATION('',(#6419),#6423);
#6419 = LINE('',#6420,#6421);
#6420 = CARTESIAN_POINT('',(1.570796326795,0.));
#6421 = VECTOR('',#6422,1.);
#6422 = DIRECTION('',(0.,1.));
#6423 = ( GEOMETRIC_REPRESENTATION_CONTEXT(2) 
PARAMETRIC_REPRESENTATION_CONTEXT() REPRESENTATION_CONTEXT('2D SPACE',''
  ) );
#6424 = PCURVE('',#4573,#6425);
#6425 = DEFINITIONAL_REPRESENTATION('',(#6426),#6430);
#6426 = LINE('',#6427,#6428);
#6427 = CARTESIAN_POINT('',(1.204065922854,0.));
#6428 = VECTOR('',#6429,1.);
#6429 = DIRECTION('',(0.,-1.));
#6430 = ( GEOMETRIC_REPRESENTATION_CONTEXT(2) 
PARAMETRIC_REPRESENTATION_CONTEXT() REPRESENTATION_CONTEXT('2D SPACE',''
  ) );
#6431 = ORIENTED_EDGE('',*,*,#6432,.F.);
#6432 = EDGE_CURVE('',#6312,#6410,#6433,.T.);
#6433 = SURFACE_CURVE('',#6434,(#6439,#6446),.PCURVE_S1.);
#6434 = CIRCLE('',#6435,0.3);
#6435 = AXIS2_PLACEMENT_3D('',#6436,#6437,#6438);
#6436 = CARTESIAN_POINT('',(12.7,-0.95,-1.));
#6437 = DIRECTION('',(-0.,0.,1.));
#6438 = DIRECTION('',(0.,-1.,0.));
#6439 = PCURVE('',#4545,#6440);
#6440 = DEFINITIONAL_REPRESENTATION('',(#6441),#6445);
#6441 = LINE('',#6442,#6443);
#6442 = CARTESIAN_POINT('',(-3.14159265359,4.5));
#6443 = VECTOR('',#6444,1.);
#6444 = DIRECTION('',(1.,0.));
#6445 = ( GEOMETRIC_REPRESENTATION_CONTEXT(2) 
PARAMETRIC_REPRESENTATION_CONTEXT() REPRESENTATION_CONTEXT('2D SPACE',''
  ) );
#6446 = PCURVE('',#5968,#6447);
#6447 = DEFINITIONAL_REPRESENTATION('',(#6448),#6452);
#6448 = CIRCLE('',#6449,0.3);
#6449 = AXIS2_PLACEMENT_2D('',#6450,#6451);
#6450 = CARTESIAN_POINT('',(12.7,-0.95));
#6451 = DIRECTION('',(0.,-1.));
#6452 = ( GEOMETRIC_REPRESENTATION_CONTEXT(2) 
PARAMETRIC_REPRESENTATION_CONTEXT() REPRESENTATION_CONTEXT('2D SPACE',''
  ) );
#6453 = ORIENTED_EDGE('',*,*,#6311,.F.);
#6454 = ADVANCED_FACE('',(#6455),#4724,.F.);
#6455 = FACE_BOUND('',#6456,.F.);
#6456 = EDGE_LOOP('',(#6457,#6458,#6481,#6507));
#6457 = ORIENTED_EDGE('',*,*,#4703,.F.);
#6458 = ORIENTED_EDGE('',*,*,#6459,.T.);
#6459 = EDGE_CURVE('',#4676,#6460,#6462,.T.);
#6460 = VERTEX_POINT('',#6461);
#6461 = CARTESIAN_POINT('',(9.595934077146,-0.65,-1.));
#6462 = SURFACE_CURVE('',#6463,(#6467,#6474),.PCURVE_S1.);
#6463 = LINE('',#6464,#6465);
#6464 = CARTESIAN_POINT('',(9.595934077146,-0.65,-5.5));
#6465 = VECTOR('',#6466,1.);
#6466 = DIRECTION('',(0.,0.,1.));
#6467 = PCURVE('',#4724,#6468);
#6468 = DEFINITIONAL_REPRESENTATION('',(#6469),#6473);
#6469 = LINE('',#6470,#6471);
#6470 = CARTESIAN_POINT('',(5.990119268856,0.));
#6471 = VECTOR('',#6472,1.);
#6472 = DIRECTION('',(0.,-1.));
#6473 = ( GEOMETRIC_REPRESENTATION_CONTEXT(2) 
PARAMETRIC_REPRESENTATION_CONTEXT() REPRESENTATION_CONTEXT('2D SPACE',''
  ) );
#6474 = PCURVE('',#4691,#6475);
#6475 = DEFINITIONAL_REPRESENTATION('',(#6476),#6480);
#6476 = LINE('',#6477,#6478);
#6477 = CARTESIAN_POINT('',(1.504065922854,-0.));
#6478 = VECTOR('',#6479,1.);
#6479 = DIRECTION('',(0.,-1.));
#6480 = ( GEOMETRIC_REPRESENTATION_CONTEXT(2) 
PARAMETRIC_REPRESENTATION_CONTEXT() REPRESENTATION_CONTEXT('2D SPACE',''
  ) );
#6481 = ORIENTED_EDGE('',*,*,#6482,.T.);
#6482 = EDGE_CURVE('',#6460,#6362,#6483,.T.);
#6483 = SURFACE_CURVE('',#6484,(#6489,#6496),.PCURVE_S1.);
#6484 = CIRCLE('',#6485,2.25);
#6485 = AXIS2_PLACEMENT_3D('',#6486,#6487,#6488);
#6486 = CARTESIAN_POINT('',(11.75,0.,-1.));
#6487 = DIRECTION('',(0.,0.,-1.));
#6488 = DIRECTION('',(-1.,0.,0.));
#6489 = PCURVE('',#4724,#6490);
#6490 = DEFINITIONAL_REPRESENTATION('',(#6491),#6495);
#6491 = LINE('',#6492,#6493);
#6492 = CARTESIAN_POINT('',(0.,-4.5));
#6493 = VECTOR('',#6494,1.);
#6494 = DIRECTION('',(1.,0.));
#6495 = ( GEOMETRIC_REPRESENTATION_CONTEXT(2) 
PARAMETRIC_REPRESENTATION_CONTEXT() REPRESENTATION_CONTEXT('2D SPACE',''
  ) );
#6496 = PCURVE('',#5968,#6497);
#6497 = DEFINITIONAL_REPRESENTATION('',(#6498),#6506);
#6498 = ( BOUNDED_CURVE() B_SPLINE_CURVE(2,(#6499,#6500,#6501,#6502,
#6503,#6504,#6505),.UNSPECIFIED.,.T.,.F.) B_SPLINE_CURVE_WITH_KNOTS((1,2
    ,2,2,2,1),(-2.094395102393,0.,2.094395102393,4.188790204786,
6.28318530718,8.377580409573),.UNSPECIFIED.) CURVE() 
GEOMETRIC_REPRESENTATION_ITEM() RATIONAL_B_SPLINE_CURVE((1.,0.5,1.,0.5,
1.,0.5,1.)) REPRESENTATION_ITEM('') );
#6499 = CARTESIAN_POINT('',(9.5,-1.3E-16));
#6500 = CARTESIAN_POINT('',(9.5,3.89711431703));
#6501 = CARTESIAN_POINT('',(12.875,1.948557158515));
#6502 = CARTESIAN_POINT('',(16.25,4.210910596163E-16));
#6503 = CARTESIAN_POINT('',(12.875,-1.948557158515));
#6504 = CARTESIAN_POINT('',(9.5,-3.89711431703));
#6505 = CARTESIAN_POINT('',(9.5,-1.3E-16));
#6506 = ( GEOMETRIC_REPRESENTATION_CONTEXT(2) 
PARAMETRIC_REPRESENTATION_CONTEXT() REPRESENTATION_CONTEXT('2D SPACE',''
  ) );
#6507 = ORIENTED_EDGE('',*,*,#6384,.F.);
#6508 = ADVANCED_FACE('',(#6509),#4573,.T.);
#6509 = FACE_BOUND('',#6510,.T.);
#6510 = EDGE_LOOP('',(#6511,#6512,#6535,#6556));
#6511 = ORIENTED_EDGE('',*,*,#4557,.F.);
#6512 = ORIENTED_EDGE('',*,*,#6513,.T.);
#6513 = EDGE_CURVE('',#4558,#6514,#6516,.T.);
#6514 = VERTEX_POINT('',#6515);
#6515 = CARTESIAN_POINT('',(12.4,-2.154065922854,-1.));
#6516 = SURFACE_CURVE('',#6517,(#6521,#6528),.PCURVE_S1.);
#6517 = LINE('',#6518,#6519);
#6518 = CARTESIAN_POINT('',(12.4,-2.154065922854,-5.5));
#6519 = VECTOR('',#6520,1.);
#6520 = DIRECTION('',(0.,0.,1.));
#6521 = PCURVE('',#4573,#6522);
#6522 = DEFINITIONAL_REPRESENTATION('',(#6523),#6527);
#6523 = LINE('',#6524,#6525);
#6524 = CARTESIAN_POINT('',(0.,0.));
#6525 = VECTOR('',#6526,1.);
#6526 = DIRECTION('',(0.,-1.));
#6527 = ( GEOMETRIC_REPRESENTATION_CONTEXT(2) 
PARAMETRIC_REPRESENTATION_CONTEXT() REPRESENTATION_CONTEXT('2D SPACE',''
  ) );
#6528 = PCURVE('',#4606,#6529);
#6529 = DEFINITIONAL_REPRESENTATION('',(#6530),#6534);
#6530 = LINE('',#6531,#6532);
#6531 = CARTESIAN_POINT('',(4.419322942061,0.));
#6532 = VECTOR('',#6533,1.);
#6533 = DIRECTION('',(0.,-1.));
#6534 = ( GEOMETRIC_REPRESENTATION_CONTEXT(2) 
PARAMETRIC_REPRESENTATION_CONTEXT() REPRESENTATION_CONTEXT('2D SPACE',''
  ) );
#6535 = ORIENTED_EDGE('',*,*,#6536,.T.);
#6536 = EDGE_CURVE('',#6514,#6410,#6537,.T.);
#6537 = SURFACE_CURVE('',#6538,(#6542,#6549),.PCURVE_S1.);
#6538 = LINE('',#6539,#6540);
#6539 = CARTESIAN_POINT('',(12.4,-1.077032961427,-1.));
#6540 = VECTOR('',#6541,1.);
#6541 = DIRECTION('',(0.,1.,0.));
#6542 = PCURVE('',#4573,#6543);
#6543 = DEFINITIONAL_REPRESENTATION('',(#6544),#6548);
#6544 = LINE('',#6545,#6546);
#6545 = CARTESIAN_POINT('',(1.077032961427,-4.5));
#6546 = VECTOR('',#6547,1.);
#6547 = DIRECTION('',(1.,0.));
#6548 = ( GEOMETRIC_REPRESENTATION_CONTEXT(2) 
PARAMETRIC_REPRESENTATION_CONTEXT() REPRESENTATION_CONTEXT('2D SPACE',''
  ) );
#6549 = PCURVE('',#5968,#6550);
#6550 = DEFINITIONAL_REPRESENTATION('',(#6551),#6555);
#6551 = LINE('',#6552,#6553);
#6552 = CARTESIAN_POINT('',(12.4,-1.077032961427));
#6553 = VECTOR('',#6554,1.);
#6554 = DIRECTION('',(0.,1.));
#6555 = ( GEOMETRIC_REPRESENTATION_CONTEXT(2) 
PARAMETRIC_REPRESENTATION_CONTEXT() REPRESENTATION_CONTEXT('2D SPACE',''
  ) );
#6556 = ORIENTED_EDGE('',*,*,#6409,.F.);
#6557 = ADVANCED_FACE('',(#6558),#4691,.F.);
#6558 = FACE_BOUND('',#6559,.F.);
#6559 = EDGE_LOOP('',(#6560,#6561,#6584,#6605));
#6560 = ORIENTED_EDGE('',*,*,#4675,.F.);
#6561 = ORIENTED_EDGE('',*,*,#6562,.T.);
#6562 = EDGE_CURVE('',#4647,#6563,#6565,.T.);
#6563 = VERTEX_POINT('',#6564);
#6564 = CARTESIAN_POINT('',(10.8,-0.65,-1.));
#6565 = SURFACE_CURVE('',#6566,(#6570,#6577),.PCURVE_S1.);
#6566 = LINE('',#6567,#6568);
#6567 = CARTESIAN_POINT('',(10.8,-0.65,-5.5));
#6568 = VECTOR('',#6569,1.);
#6569 = DIRECTION('',(0.,0.,1.));
#6570 = PCURVE('',#4691,#6571);
#6571 = DEFINITIONAL_REPRESENTATION('',(#6572),#6576);
#6572 = LINE('',#6573,#6574);
#6573 = CARTESIAN_POINT('',(0.3,-0.));
#6574 = VECTOR('',#6575,1.);
#6575 = DIRECTION('',(0.,-1.));
#6576 = ( GEOMETRIC_REPRESENTATION_CONTEXT(2) 
PARAMETRIC_REPRESENTATION_CONTEXT() REPRESENTATION_CONTEXT('2D SPACE',''
  ) );
#6577 = PCURVE('',#4663,#6578);
#6578 = DEFINITIONAL_REPRESENTATION('',(#6579),#6583);
#6579 = LINE('',#6580,#6581);
#6580 = CARTESIAN_POINT('',(1.570796326795,0.));
#6581 = VECTOR('',#6582,1.);
#6582 = DIRECTION('',(0.,1.));
#6583 = ( GEOMETRIC_REPRESENTATION_CONTEXT(2) 
PARAMETRIC_REPRESENTATION_CONTEXT() REPRESENTATION_CONTEXT('2D SPACE',''
  ) );
#6584 = ORIENTED_EDGE('',*,*,#6585,.T.);
#6585 = EDGE_CURVE('',#6563,#6460,#6586,.T.);
#6586 = SURFACE_CURVE('',#6587,(#6591,#6598),.PCURVE_S1.);
#6587 = LINE('',#6588,#6589);
#6588 = CARTESIAN_POINT('',(17.3,-0.65,-1.));
#6589 = VECTOR('',#6590,1.);
#6590 = DIRECTION('',(-1.,-3.E-16,0.));
#6591 = PCURVE('',#4691,#6592);
#6592 = DEFINITIONAL_REPRESENTATION('',(#6593),#6597);
#6593 = LINE('',#6594,#6595);
#6594 = CARTESIAN_POINT('',(-6.2,-4.5));
#6595 = VECTOR('',#6596,1.);
#6596 = DIRECTION('',(1.,-0.));
#6597 = ( GEOMETRIC_REPRESENTATION_CONTEXT(2) 
PARAMETRIC_REPRESENTATION_CONTEXT() REPRESENTATION_CONTEXT('2D SPACE',''
  ) );
#6598 = PCURVE('',#5968,#6599);
#6599 = DEFINITIONAL_REPRESENTATION('',(#6600),#6604);
#6600 = LINE('',#6601,#6602);
#6601 = CARTESIAN_POINT('',(17.3,-0.65));
#6602 = VECTOR('',#6603,1.);
#6603 = DIRECTION('',(-1.,-3.E-16));
#6604 = ( GEOMETRIC_REPRESENTATION_CONTEXT(2) 
PARAMETRIC_REPRESENTATION_CONTEXT() REPRESENTATION_CONTEXT('2D SPACE',''
  ) );
#6605 = ORIENTED_EDGE('',*,*,#6459,.F.);
#6606 = ADVANCED_FACE('',(#6607),#4606,.F.);
#6607 = FACE_BOUND('',#6608,.F.);
#6608 = EDGE_LOOP('',(#6609,#6610,#6611,#6639));
#6609 = ORIENTED_EDGE('',*,*,#4585,.F.);
#6610 = ORIENTED_EDGE('',*,*,#6513,.T.);
#6611 = ORIENTED_EDGE('',*,*,#6612,.T.);
#6612 = EDGE_CURVE('',#6514,#6613,#6615,.T.);
#6613 = VERTEX_POINT('',#6614);
#6614 = CARTESIAN_POINT('',(11.1,-2.154065922854,-1.));
#6615 = SURFACE_CURVE('',#6616,(#6621,#6628),.PCURVE_S1.);
#6616 = CIRCLE('',#6617,2.25);
#6617 = AXIS2_PLACEMENT_3D('',#6618,#6619,#6620);
#6618 = CARTESIAN_POINT('',(11.75,0.,-1.));
#6619 = DIRECTION('',(0.,0.,-1.));
#6620 = DIRECTION('',(-1.,0.,0.));
#6621 = PCURVE('',#4606,#6622);
#6622 = DEFINITIONAL_REPRESENTATION('',(#6623),#6627);
#6623 = LINE('',#6624,#6625);
#6624 = CARTESIAN_POINT('',(0.,-4.5));
#6625 = VECTOR('',#6626,1.);
#6626 = DIRECTION('',(1.,0.));
#6627 = ( GEOMETRIC_REPRESENTATION_CONTEXT(2) 
PARAMETRIC_REPRESENTATION_CONTEXT() REPRESENTATION_CONTEXT('2D SPACE',''
  ) );
#6628 = PCURVE('',#5968,#6629);
#6629 = DEFINITIONAL_REPRESENTATION('',(#6630),#6638);
#6630 = ( BOUNDED_CURVE() B_SPLINE_CURVE(2,(#6631,#6632,#6633,#6634,
#6635,#6636,#6637),.UNSPECIFIED.,.T.,.F.) B_SPLINE_CURVE_WITH_KNOTS((1,2
    ,2,2,2,1),(-2.094395102393,0.,2.094395102393,4.188790204786,
6.28318530718,8.377580409573),.UNSPECIFIED.) CURVE() 
GEOMETRIC_REPRESENTATION_ITEM() RATIONAL_B_SPLINE_CURVE((1.,0.5,1.,0.5,
1.,0.5,1.)) REPRESENTATION_ITEM('') );
#6631 = CARTESIAN_POINT('',(9.5,-1.3E-16));
#6632 = CARTESIAN_POINT('',(9.5,3.89711431703));
#6633 = CARTESIAN_POINT('',(12.875,1.948557158515));
#6634 = CARTESIAN_POINT('',(16.25,4.210910596163E-16));
#6635 = CARTESIAN_POINT('',(12.875,-1.948557158515));
#6636 = CARTESIAN_POINT('',(9.5,-3.89711431703));
#6637 = CARTESIAN_POINT('',(9.5,-1.3E-16));
#6638 = ( GEOMETRIC_REPRESENTATION_CONTEXT(2) 
PARAMETRIC_REPRESENTATION_CONTEXT() REPRESENTATION_CONTEXT('2D SPACE',''
  ) );
#6639 = ORIENTED_EDGE('',*,*,#6640,.F.);
#6640 = EDGE_CURVE('',#4586,#6613,#6641,.T.);
#6641 = SURFACE_CURVE('',#6642,(#6646,#6653),.PCURVE_S1.);
#6642 = LINE('',#6643,#6644);
#6643 = CARTESIAN_POINT('',(11.1,-2.154065922854,-5.5));
#6644 = VECTOR('',#6645,1.);
#6645 = DIRECTION('',(0.,0.,1.));
#6646 = PCURVE('',#4606,#6647);
#6647 = DEFINITIONAL_REPRESENTATION('',(#6648),#6652);
#6648 = LINE('',#6649,#6650);
#6649 = CARTESIAN_POINT('',(5.005455018709,0.));
#6650 = VECTOR('',#6651,1.);
#6651 = DIRECTION('',(0.,-1.));
#6652 = ( GEOMETRIC_REPRESENTATION_CONTEXT(2) 
PARAMETRIC_REPRESENTATION_CONTEXT() REPRESENTATION_CONTEXT('2D SPACE',''
  ) );
#6653 = PCURVE('',#4634,#6654);
#6654 = DEFINITIONAL_REPRESENTATION('',(#6655),#6659);
#6655 = LINE('',#6656,#6657);
#6656 = CARTESIAN_POINT('',(0.,0.));
#6657 = VECTOR('',#6658,1.);
#6658 = DIRECTION('',(0.,-1.));
#6659 = ( GEOMETRIC_REPRESENTATION_CONTEXT(2) 
PARAMETRIC_REPRESENTATION_CONTEXT() REPRESENTATION_CONTEXT('2D SPACE',''
  ) );
#6660 = ADVANCED_FACE('',(#6661),#4663,.T.);
#6661 = FACE_BOUND('',#6662,.T.);
#6662 = EDGE_LOOP('',(#6663,#6664,#6665,#6689));
#6663 = ORIENTED_EDGE('',*,*,#4646,.T.);
#6664 = ORIENTED_EDGE('',*,*,#6562,.T.);
#6665 = ORIENTED_EDGE('',*,*,#6666,.F.);
#6666 = EDGE_CURVE('',#6667,#6563,#6669,.T.);
#6667 = VERTEX_POINT('',#6668);
#6668 = CARTESIAN_POINT('',(11.1,-0.95,-1.));
#6669 = SURFACE_CURVE('',#6670,(#6675,#6682),.PCURVE_S1.);
#6670 = CIRCLE('',#6671,0.3);
#6671 = AXIS2_PLACEMENT_3D('',#6672,#6673,#6674);
#6672 = CARTESIAN_POINT('',(10.8,-0.95,-1.));
#6673 = DIRECTION('',(-0.,0.,1.));
#6674 = DIRECTION('',(0.,-1.,0.));
#6675 = PCURVE('',#4663,#6676);
#6676 = DEFINITIONAL_REPRESENTATION('',(#6677),#6681);
#6677 = LINE('',#6678,#6679);
#6678 = CARTESIAN_POINT('',(-1.570796326795,4.5));
#6679 = VECTOR('',#6680,1.);
#6680 = DIRECTION('',(1.,0.));
#6681 = ( GEOMETRIC_REPRESENTATION_CONTEXT(2) 
PARAMETRIC_REPRESENTATION_CONTEXT() REPRESENTATION_CONTEXT('2D SPACE',''
  ) );
#6682 = PCURVE('',#5968,#6683);
#6683 = DEFINITIONAL_REPRESENTATION('',(#6684),#6688);
#6684 = CIRCLE('',#6685,0.3);
#6685 = AXIS2_PLACEMENT_2D('',#6686,#6687);
#6686 = CARTESIAN_POINT('',(10.8,-0.95));
#6687 = DIRECTION('',(0.,-1.));
#6688 = ( GEOMETRIC_REPRESENTATION_CONTEXT(2) 
PARAMETRIC_REPRESENTATION_CONTEXT() REPRESENTATION_CONTEXT('2D SPACE',''
  ) );
#6689 = ORIENTED_EDGE('',*,*,#6690,.F.);
#6690 = EDGE_CURVE('',#4619,#6667,#6691,.T.);
#6691 = SURFACE_CURVE('',#6692,(#6696,#6703),.PCURVE_S1.);
#6692 = LINE('',#6693,#6694);
#6693 = CARTESIAN_POINT('',(11.1,-0.95,-5.5));
#6694 = VECTOR('',#6695,1.);
#6695 = DIRECTION('',(0.,0.,1.));
#6696 = PCURVE('',#4663,#6697);
#6697 = DEFINITIONAL_REPRESENTATION('',(#6698),#6702);
#6698 = LINE('',#6699,#6700);
#6699 = CARTESIAN_POINT('',(0.,0.));
#6700 = VECTOR('',#6701,1.);
#6701 = DIRECTION('',(0.,1.));
#6702 = ( GEOMETRIC_REPRESENTATION_CONTEXT(2) 
PARAMETRIC_REPRESENTATION_CONTEXT() REPRESENTATION_CONTEXT('2D SPACE',''
  ) );
#6703 = PCURVE('',#4634,#6704);
#6704 = DEFINITIONAL_REPRESENTATION('',(#6705),#6709);
#6705 = LINE('',#6706,#6707);
#6706 = CARTESIAN_POINT('',(1.204065922854,0.));
#6707 = VECTOR('',#6708,1.);
#6708 = DIRECTION('',(0.,-1.));
#6709 = ( GEOMETRIC_REPRESENTATION_CONTEXT(2) 
PARAMETRIC_REPRESENTATION_CONTEXT() REPRESENTATION_CONTEXT('2D SPACE',''
  ) );
#6710 = ADVANCED_FACE('',(#6711),#4634,.F.);
#6711 = FACE_BOUND('',#6712,.F.);
#6712 = EDGE_LOOP('',(#6713,#6714,#6715,#6736));
#6713 = ORIENTED_EDGE('',*,*,#4618,.F.);
#6714 = ORIENTED_EDGE('',*,*,#6640,.T.);
#6715 = ORIENTED_EDGE('',*,*,#6716,.T.);
#6716 = EDGE_CURVE('',#6613,#6667,#6717,.T.);
#6717 = SURFACE_CURVE('',#6718,(#6722,#6729),.PCURVE_S1.);
#6718 = LINE('',#6719,#6720);
#6719 = CARTESIAN_POINT('',(11.1,-1.077032961427,-1.));
#6720 = VECTOR('',#6721,1.);
#6721 = DIRECTION('',(-4.4E-16,1.,0.));
#6722 = PCURVE('',#4634,#6723);
#6723 = DEFINITIONAL_REPRESENTATION('',(#6724),#6728);
#6724 = LINE('',#6725,#6726);
#6725 = CARTESIAN_POINT('',(1.077032961427,-4.5));
#6726 = VECTOR('',#6727,1.);
#6727 = DIRECTION('',(1.,0.));
#6728 = ( GEOMETRIC_REPRESENTATION_CONTEXT(2) 
PARAMETRIC_REPRESENTATION_CONTEXT() REPRESENTATION_CONTEXT('2D SPACE',''
  ) );
#6729 = PCURVE('',#5968,#6730);
#6730 = DEFINITIONAL_REPRESENTATION('',(#6731),#6735);
#6731 = LINE('',#6732,#6733);
#6732 = CARTESIAN_POINT('',(11.1,-1.077032961427));
#6733 = VECTOR('',#6734,1.);
#6734 = DIRECTION('',(-4.4E-16,1.));
#6735 = ( GEOMETRIC_REPRESENTATION_CONTEXT(2) 
PARAMETRIC_REPRESENTATION_CONTEXT() REPRESENTATION_CONTEXT('2D SPACE',''
  ) );
#6736 = ORIENTED_EDGE('',*,*,#6690,.F.);
#6737 = ADVANCED_FACE('',(#6738),#4876,.F.);
#6738 = FACE_BOUND('',#6739,.F.);
#6739 = EDGE_LOOP('',(#6740,#6763,#6764,#6787));
#6740 = ORIENTED_EDGE('',*,*,#6741,.T.);
#6741 = EDGE_CURVE('',#6742,#4859,#6744,.T.);
#6742 = VERTEX_POINT('',#6743);
#6743 = CARTESIAN_POINT('',(17.,-9.,-1.5));
#6744 = SURFACE_CURVE('',#6745,(#6749,#6756),.PCURVE_S1.);
#6745 = LINE('',#6746,#6747);
#6746 = CARTESIAN_POINT('',(17.,-9.,-1.5));
#6747 = VECTOR('',#6748,1.);
#6748 = DIRECTION('',(-0.,-0.,-1.));
#6749 = PCURVE('',#4876,#6750);
#6750 = DEFINITIONAL_REPRESENTATION('',(#6751),#6755);
#6751 = LINE('',#6752,#6753);
#6752 = CARTESIAN_POINT('',(0.,0.));
#6753 = VECTOR('',#6754,1.);
#6754 = DIRECTION('',(0.,-1.));
#6755 = ( GEOMETRIC_REPRESENTATION_CONTEXT(2) 
PARAMETRIC_REPRESENTATION_CONTEXT() REPRESENTATION_CONTEXT('2D SPACE',''
  ) );
#6756 = PCURVE('',#4909,#6757);
#6757 = DEFINITIONAL_REPRESENTATION('',(#6758),#6762);
#6758 = LINE('',#6759,#6760);
#6759 = CARTESIAN_POINT('',(-4.712388980385,0.));
#6760 = VECTOR('',#6761,1.);
#6761 = DIRECTION('',(-0.,-1.));
#6762 = ( GEOMETRIC_REPRESENTATION_CONTEXT(2) 
PARAMETRIC_REPRESENTATION_CONTEXT() REPRESENTATION_CONTEXT('2D SPACE',''
  ) );
#6763 = ORIENTED_EDGE('',*,*,#4858,.T.);
#6764 = ORIENTED_EDGE('',*,*,#6765,.F.);
#6765 = EDGE_CURVE('',#6766,#4861,#6768,.T.);
#6766 = VERTEX_POINT('',#6767);
#6767 = CARTESIAN_POINT('',(-17.,-9.,-1.5));
#6768 = SURFACE_CURVE('',#6769,(#6773,#6780),.PCURVE_S1.);
#6769 = LINE('',#6770,#6771);
#6770 = CARTESIAN_POINT('',(-17.,-9.,-1.5));
#6771 = VECTOR('',#6772,1.);
#6772 = DIRECTION('',(-0.,-0.,-1.));
#6773 = PCURVE('',#4876,#6774);
#6774 = DEFINITIONAL_REPRESENTATION('',(#6775),#6779);
#6775 = LINE('',#6776,#6777);
#6776 = CARTESIAN_POINT('',(34.,0.));
#6777 = VECTOR('',#6778,1.);
#6778 = DIRECTION('',(0.,-1.));
#6779 = ( GEOMETRIC_REPRESENTATION_CONTEXT(2) 
PARAMETRIC_REPRESENTATION_CONTEXT() REPRESENTATION_CONTEXT('2D SPACE',''
  ) );
#6780 = PCURVE('',#5090,#6781);
#6781 = DEFINITIONAL_REPRESENTATION('',(#6782),#6786);
#6782 = LINE('',#6783,#6784);
#6783 = CARTESIAN_POINT('',(-4.712388980385,0.));
#6784 = VECTOR('',#6785,1.);
#6785 = DIRECTION('',(-0.,-1.));
#6786 = ( GEOMETRIC_REPRESENTATION_CONTEXT(2) 
PARAMETRIC_REPRESENTATION_CONTEXT() REPRESENTATION_CONTEXT('2D SPACE',''
  ) );
#6787 = ORIENTED_EDGE('',*,*,#6788,.F.);
#6788 = EDGE_CURVE('',#6742,#6766,#6789,.T.);
#6789 = SURFACE_CURVE('',#6790,(#6794,#6801),.PCURVE_S1.);
#6790 = LINE('',#6791,#6792);
#6791 = CARTESIAN_POINT('',(17.,-9.,-1.5));
#6792 = VECTOR('',#6793,1.);
#6793 = DIRECTION('',(-1.,0.,0.));
#6794 = PCURVE('',#4876,#6795);
#6795 = DEFINITIONAL_REPRESENTATION('',(#6796),#6800);
#6796 = LINE('',#6797,#6798);
#6797 = CARTESIAN_POINT('',(0.,0.));
#6798 = VECTOR('',#6799,1.);
#6799 = DIRECTION('',(1.,0.));
#6800 = ( GEOMETRIC_REPRESENTATION_CONTEXT(2) 
PARAMETRIC_REPRESENTATION_CONTEXT() REPRESENTATION_CONTEXT('2D SPACE',''
  ) );
#6801 = PCURVE('',#6802,#6807);
#6802 = B_SPLINE_SURFACE_WITH_KNOTS('',1,1,(
    (#6803,#6804)
    ,(#6805,#6806
    )),.UNSPECIFIED.,.F.,.F.,.F.,(2,2),(2,2),(-34.,0.),(0.,1.),
  .PIECEWISE_BEZIER_KNOTS.);
#6803 = CARTESIAN_POINT('',(-15.5,-7.5,0.));
#6804 = CARTESIAN_POINT('',(-17.,-9.,-1.5));
#6805 = CARTESIAN_POINT('',(15.5,-7.5,0.));
#6806 = CARTESIAN_POINT('',(17.,-9.,-1.5));
#6807 = DEFINITIONAL_REPRESENTATION('',(#6808),#6812);
#6808 = LINE('',#6809,#6810);
#6809 = CARTESIAN_POINT('',(0.,1.));
#6810 = VECTOR('',#6811,1.);
#6811 = DIRECTION('',(-1.,0.));
#6812 = ( GEOMETRIC_REPRESENTATION_CONTEXT(2) 
PARAMETRIC_REPRESENTATION_CONTEXT() REPRESENTATION_CONTEXT('2D SPACE',''
  ) );
#6813 = ADVANCED_FACE('',(#6814),#4909,.T.);
#6814 = FACE_BOUND('',#6815,.F.);
#6815 = EDGE_LOOP('',(#6816,#6839,#6840,#6841));
#6816 = ORIENTED_EDGE('',*,*,#6817,.T.);
#6817 = EDGE_CURVE('',#6818,#4889,#6820,.T.);
#6818 = VERTEX_POINT('',#6819);
#6819 = CARTESIAN_POINT('',(18.5,-7.5,-1.5));
#6820 = SURFACE_CURVE('',#6821,(#6825,#6832),.PCURVE_S1.);
#6821 = LINE('',#6822,#6823);
#6822 = CARTESIAN_POINT('',(18.5,-7.5,-1.5));
#6823 = VECTOR('',#6824,1.);
#6824 = DIRECTION('',(-0.,-0.,-1.));
#6825 = PCURVE('',#4909,#6826);
#6826 = DEFINITIONAL_REPRESENTATION('',(#6827),#6831);
#6827 = LINE('',#6828,#6829);
#6828 = CARTESIAN_POINT('',(-3.14159265359,0.));
#6829 = VECTOR('',#6830,1.);
#6830 = DIRECTION('',(-0.,-1.));
#6831 = ( GEOMETRIC_REPRESENTATION_CONTEXT(2) 
PARAMETRIC_REPRESENTATION_CONTEXT() REPRESENTATION_CONTEXT('2D SPACE',''
  ) );
#6832 = PCURVE('',#4937,#6833);
#6833 = DEFINITIONAL_REPRESENTATION('',(#6834),#6838);
#6834 = LINE('',#6835,#6836);
#6835 = CARTESIAN_POINT('',(15.,0.));
#6836 = VECTOR('',#6837,1.);
#6837 = DIRECTION('',(0.,-1.));
#6838 = ( GEOMETRIC_REPRESENTATION_CONTEXT(2) 
PARAMETRIC_REPRESENTATION_CONTEXT() REPRESENTATION_CONTEXT('2D SPACE',''
  ) );
#6839 = ORIENTED_EDGE('',*,*,#4888,.T.);
#6840 = ORIENTED_EDGE('',*,*,#6741,.F.);
#6841 = ORIENTED_EDGE('',*,*,#6842,.F.);
#6842 = EDGE_CURVE('',#6818,#6742,#6843,.T.);
#6843 = SURFACE_CURVE('',#6844,(#6849,#6856),.PCURVE_S1.);
#6844 = CIRCLE('',#6845,1.5);
#6845 = AXIS2_PLACEMENT_3D('',#6846,#6847,#6848);
#6846 = CARTESIAN_POINT('',(17.,-7.5,-1.5));
#6847 = DIRECTION('',(0.,0.,-1.));
#6848 = DIRECTION('',(-1.,0.,0.));
#6849 = PCURVE('',#4909,#6850);
#6850 = DEFINITIONAL_REPRESENTATION('',(#6851),#6855);
#6851 = LINE('',#6852,#6853);
#6852 = CARTESIAN_POINT('',(-0.,0.));
#6853 = VECTOR('',#6854,1.);
#6854 = DIRECTION('',(-1.,0.));
#6855 = ( GEOMETRIC_REPRESENTATION_CONTEXT(2) 
PARAMETRIC_REPRESENTATION_CONTEXT() REPRESENTATION_CONTEXT('2D SPACE',''
  ) );
#6856 = PCURVE('',#6857,#6876);
#6857 = B_SPLINE_SURFACE_WITH_KNOTS('',8,1,(
    (#6858,#6859)
    ,(#6860,#6861)
    ,(#6862,#6863)
    ,(#6864,#6865)
    ,(#6866,#6867)
    ,(#6868,#6869)
    ,(#6870,#6871)
    ,(#6872,#6873)
    ,(#6874,#6875
    )),.UNSPECIFIED.,.F.,.F.,.F.,(9,9),(2,2),(1.570796326795,
    3.14159265359),(0.,1.),.PIECEWISE_BEZIER_KNOTS.);
#6858 = CARTESIAN_POINT('',(15.5,-7.5,0.));
#6859 = CARTESIAN_POINT('',(17.,-9.,-1.5));
#6860 = CARTESIAN_POINT('',(15.794524311274,-7.5,0.));
#6861 = CARTESIAN_POINT('',(17.294524311274,-9.,-1.5));
#6862 = CARTESIAN_POINT('',(16.089048715257,-7.433908816558,0.));
#6863 = CARTESIAN_POINT('',(17.589048715257,-8.933908816558,-1.5));
#6864 = CARTESIAN_POINT('',(16.366269851501,-7.301727098807,0.));
#6865 = CARTESIAN_POINT('',(17.866269851502,-8.801727098807,-1.5));
#6866 = CARTESIAN_POINT('',(16.608888133671,-7.10888813367,0.));
#6867 = CARTESIAN_POINT('',(18.108888133671,-8.60888813367,-1.5));
#6868 = CARTESIAN_POINT('',(16.801727098806,-6.866269851502,0.));
#6869 = CARTESIAN_POINT('',(18.301727098806,-8.366269851502,-1.5));
#6870 = CARTESIAN_POINT('',(16.933908816559,-6.589048715256,0.));
#6871 = CARTESIAN_POINT('',(18.433908816559,-8.089048715256,-1.5));
#6872 = CARTESIAN_POINT('',(17.,-6.294524311274,0.));
#6873 = CARTESIAN_POINT('',(18.5,-7.794524311274,-1.5));
#6874 = CARTESIAN_POINT('',(17.,-6.,0.));
#6875 = CARTESIAN_POINT('',(18.5,-7.5,-1.5));
#6876 = DEFINITIONAL_REPRESENTATION('',(#6877),#6881);
#6877 = LINE('',#6878,#6879);
#6878 = CARTESIAN_POINT('',(6.28318530718,1.));
#6879 = VECTOR('',#6880,1.);
#6880 = DIRECTION('',(-1.,0.));
#6881 = ( GEOMETRIC_REPRESENTATION_CONTEXT(2) 
PARAMETRIC_REPRESENTATION_CONTEXT() REPRESENTATION_CONTEXT('2D SPACE',''
  ) );
#6882 = ADVANCED_FACE('',(#6883),#4937,.F.);
#6883 = FACE_BOUND('',#6884,.F.);
#6884 = EDGE_LOOP('',(#6885,#6908,#6909,#6910));
#6885 = ORIENTED_EDGE('',*,*,#6886,.T.);
#6886 = EDGE_CURVE('',#6887,#4922,#6889,.T.);
#6887 = VERTEX_POINT('',#6888);
#6888 = CARTESIAN_POINT('',(18.5,7.5,-1.5));
#6889 = SURFACE_CURVE('',#6890,(#6894,#6901),.PCURVE_S1.);
#6890 = LINE('',#6891,#6892);
#6891 = CARTESIAN_POINT('',(18.5,7.5,-1.5));
#6892 = VECTOR('',#6893,1.);
#6893 = DIRECTION('',(-0.,-0.,-1.));
#6894 = PCURVE('',#4937,#6895);
#6895 = DEFINITIONAL_REPRESENTATION('',(#6896),#6900);
#6896 = LINE('',#6897,#6898);
#6897 = CARTESIAN_POINT('',(0.,0.));
#6898 = VECTOR('',#6899,1.);
#6899 = DIRECTION('',(0.,-1.));
#6900 = ( GEOMETRIC_REPRESENTATION_CONTEXT(2) 
PARAMETRIC_REPRESENTATION_CONTEXT() REPRESENTATION_CONTEXT('2D SPACE',''
  ) );
#6901 = PCURVE('',#4970,#6902);
#6902 = DEFINITIONAL_REPRESENTATION('',(#6903),#6907);
#6903 = LINE('',#6904,#6905);
#6904 = CARTESIAN_POINT('',(-3.14159265359,0.));
#6905 = VECTOR('',#6906,1.);
#6906 = DIRECTION('',(-0.,-1.));
#6907 = ( GEOMETRIC_REPRESENTATION_CONTEXT(2) 
PARAMETRIC_REPRESENTATION_CONTEXT() REPRESENTATION_CONTEXT('2D SPACE',''
  ) );
#6908 = ORIENTED_EDGE('',*,*,#4921,.T.);
#6909 = ORIENTED_EDGE('',*,*,#6817,.F.);
#6910 = ORIENTED_EDGE('',*,*,#6911,.F.);
#6911 = EDGE_CURVE('',#6887,#6818,#6912,.T.);
#6912 = SURFACE_CURVE('',#6913,(#6917,#6924),.PCURVE_S1.);
#6913 = LINE('',#6914,#6915);
#6914 = CARTESIAN_POINT('',(18.5,7.5,-1.5));
#6915 = VECTOR('',#6916,1.);
#6916 = DIRECTION('',(0.,-1.,0.));
#6917 = PCURVE('',#4937,#6918);
#6918 = DEFINITIONAL_REPRESENTATION('',(#6919),#6923);
#6919 = LINE('',#6920,#6921);
#6920 = CARTESIAN_POINT('',(0.,0.));
#6921 = VECTOR('',#6922,1.);
#6922 = DIRECTION('',(1.,0.));
#6923 = ( GEOMETRIC_REPRESENTATION_CONTEXT(2) 
PARAMETRIC_REPRESENTATION_CONTEXT() REPRESENTATION_CONTEXT('2D SPACE',''
  ) );
#6924 = PCURVE('',#6925,#6930);
#6925 = B_SPLINE_SURFACE_WITH_KNOTS('',1,1,(
    (#6926,#6927)
    ,(#6928,#6929
    )),.UNSPECIFIED.,.F.,.F.,.F.,(2,2),(2,2),(-15.,0.),(0.,1.),
  .PIECEWISE_BEZIER_KNOTS.);
#6926 = CARTESIAN_POINT('',(17.,-6.,0.));
#6927 = CARTESIAN_POINT('',(18.5,-7.5,-1.5));
#6928 = CARTESIAN_POINT('',(17.,6.,0.));
#6929 = CARTESIAN_POINT('',(18.5,7.5,-1.5));
#6930 = DEFINITIONAL_REPRESENTATION('',(#6931),#6935);
#6931 = LINE('',#6932,#6933);
#6932 = CARTESIAN_POINT('',(0.,1.));
#6933 = VECTOR('',#6934,1.);
#6934 = DIRECTION('',(-1.,0.));
#6935 = ( GEOMETRIC_REPRESENTATION_CONTEXT(2) 
PARAMETRIC_REPRESENTATION_CONTEXT() REPRESENTATION_CONTEXT('2D SPACE',''
  ) );
#6936 = ADVANCED_FACE('',(#6937),#4970,.T.);
#6937 = FACE_BOUND('',#6938,.F.);
#6938 = EDGE_LOOP('',(#6939,#6962,#6963,#6964));
#6939 = ORIENTED_EDGE('',*,*,#6940,.T.);
#6940 = EDGE_CURVE('',#6941,#4950,#6943,.T.);
#6941 = VERTEX_POINT('',#6942);
#6942 = CARTESIAN_POINT('',(17.,9.,-1.5));
#6943 = SURFACE_CURVE('',#6944,(#6948,#6955),.PCURVE_S1.);
#6944 = LINE('',#6945,#6946);
#6945 = CARTESIAN_POINT('',(17.,9.,-1.5));
#6946 = VECTOR('',#6947,1.);
#6947 = DIRECTION('',(-0.,-0.,-1.));
#6948 = PCURVE('',#4970,#6949);
#6949 = DEFINITIONAL_REPRESENTATION('',(#6950),#6954);
#6950 = LINE('',#6951,#6952);
#6951 = CARTESIAN_POINT('',(-1.570796326795,0.));
#6952 = VECTOR('',#6953,1.);
#6953 = DIRECTION('',(-0.,-1.));
#6954 = ( GEOMETRIC_REPRESENTATION_CONTEXT(2) 
PARAMETRIC_REPRESENTATION_CONTEXT() REPRESENTATION_CONTEXT('2D SPACE',''
  ) );
#6955 = PCURVE('',#4998,#6956);
#6956 = DEFINITIONAL_REPRESENTATION('',(#6957),#6961);
#6957 = LINE('',#6958,#6959);
#6958 = CARTESIAN_POINT('',(34.,0.));
#6959 = VECTOR('',#6960,1.);
#6960 = DIRECTION('',(0.,-1.));
#6961 = ( GEOMETRIC_REPRESENTATION_CONTEXT(2) 
PARAMETRIC_REPRESENTATION_CONTEXT() REPRESENTATION_CONTEXT('2D SPACE',''
  ) );
#6962 = ORIENTED_EDGE('',*,*,#4949,.T.);
#6963 = ORIENTED_EDGE('',*,*,#6886,.F.);
#6964 = ORIENTED_EDGE('',*,*,#6965,.F.);
#6965 = EDGE_CURVE('',#6941,#6887,#6966,.T.);
#6966 = SURFACE_CURVE('',#6967,(#6972,#6979),.PCURVE_S1.);
#6967 = CIRCLE('',#6968,1.5);
#6968 = AXIS2_PLACEMENT_3D('',#6969,#6970,#6971);
#6969 = CARTESIAN_POINT('',(17.,7.5,-1.5));
#6970 = DIRECTION('',(0.,0.,-1.));
#6971 = DIRECTION('',(-1.,0.,0.));
#6972 = PCURVE('',#4970,#6973);
#6973 = DEFINITIONAL_REPRESENTATION('',(#6974),#6978);
#6974 = LINE('',#6975,#6976);
#6975 = CARTESIAN_POINT('',(-0.,0.));
#6976 = VECTOR('',#6977,1.);
#6977 = DIRECTION('',(-1.,0.));
#6978 = ( GEOMETRIC_REPRESENTATION_CONTEXT(2) 
PARAMETRIC_REPRESENTATION_CONTEXT() REPRESENTATION_CONTEXT('2D SPACE',''
  ) );
#6979 = PCURVE('',#6980,#6999);
#6980 = B_SPLINE_SURFACE_WITH_KNOTS('',8,1,(
    (#6981,#6982)
    ,(#6983,#6984)
    ,(#6985,#6986)
    ,(#6987,#6988)
    ,(#6989,#6990)
    ,(#6991,#6992)
    ,(#6993,#6994)
    ,(#6995,#6996)
    ,(#6997,#6998
    )),.UNSPECIFIED.,.F.,.F.,.F.,(9,9),(2,2),(0.,1.570796326795),(0.,1.)
  ,.PIECEWISE_BEZIER_KNOTS.);
#6981 = CARTESIAN_POINT('',(17.,6.,0.));
#6982 = CARTESIAN_POINT('',(18.5,7.5,-1.5));
#6983 = CARTESIAN_POINT('',(17.,6.294524311274,0.));
#6984 = CARTESIAN_POINT('',(18.5,7.794524311274,-1.5));
#6985 = CARTESIAN_POINT('',(16.933908816558,6.589048715256,0.));
#6986 = CARTESIAN_POINT('',(18.433908816558,8.089048715256,-1.5));
#6987 = CARTESIAN_POINT('',(16.801727098807,6.866269851503,0.));
#6988 = CARTESIAN_POINT('',(18.301727098807,8.366269851502,-1.5));
#6989 = CARTESIAN_POINT('',(16.60888813367,7.108888133669,0.));
#6990 = CARTESIAN_POINT('',(18.10888813367,8.60888813367,-1.5));
#6991 = CARTESIAN_POINT('',(16.366269851503,7.301727098807,0.));
#6992 = CARTESIAN_POINT('',(17.866269851503,8.801727098807,-1.5));
#6993 = CARTESIAN_POINT('',(16.089048715256,7.433908816558,0.));
#6994 = CARTESIAN_POINT('',(17.589048715256,8.933908816558,-1.5));
#6995 = CARTESIAN_POINT('',(15.794524311274,7.5,0.));
#6996 = CARTESIAN_POINT('',(17.294524311274,9.,-1.5));
#6997 = CARTESIAN_POINT('',(15.5,7.5,0.));
#6998 = CARTESIAN_POINT('',(17.,9.,-1.5));
#6999 = DEFINITIONAL_REPRESENTATION('',(#7000),#7004);
#7000 = LINE('',#7001,#7002);
#7001 = CARTESIAN_POINT('',(3.14159265359,1.));
#7002 = VECTOR('',#7003,1.);
#7003 = DIRECTION('',(-1.,0.));
#7004 = ( GEOMETRIC_REPRESENTATION_CONTEXT(2) 
PARAMETRIC_REPRESENTATION_CONTEXT() REPRESENTATION_CONTEXT('2D SPACE',''
  ) );
#7005 = ADVANCED_FACE('',(#7006),#4998,.F.);
#7006 = FACE_BOUND('',#7007,.F.);
#7007 = EDGE_LOOP('',(#7008,#7031,#7032,#7033));
#7008 = ORIENTED_EDGE('',*,*,#7009,.T.);
#7009 = EDGE_CURVE('',#7010,#4983,#7012,.T.);
#7010 = VERTEX_POINT('',#7011);
#7011 = CARTESIAN_POINT('',(-17.,9.,-1.5));
#7012 = SURFACE_CURVE('',#7013,(#7017,#7024),.PCURVE_S1.);
#7013 = LINE('',#7014,#7015);
#7014 = CARTESIAN_POINT('',(-17.,9.,-1.5));
#7015 = VECTOR('',#7016,1.);
#7016 = DIRECTION('',(-0.,-0.,-1.));
#7017 = PCURVE('',#4998,#7018);
#7018 = DEFINITIONAL_REPRESENTATION('',(#7019),#7023);
#7019 = LINE('',#7020,#7021);
#7020 = CARTESIAN_POINT('',(0.,0.));
#7021 = VECTOR('',#7022,1.);
#7022 = DIRECTION('',(0.,-1.));
#7023 = ( GEOMETRIC_REPRESENTATION_CONTEXT(2) 
PARAMETRIC_REPRESENTATION_CONTEXT() REPRESENTATION_CONTEXT('2D SPACE',''
  ) );
#7024 = PCURVE('',#5031,#7025);
#7025 = DEFINITIONAL_REPRESENTATION('',(#7026),#7030);
#7026 = LINE('',#7027,#7028);
#7027 = CARTESIAN_POINT('',(-1.570796326795,0.));
#7028 = VECTOR('',#7029,1.);
#7029 = DIRECTION('',(-0.,-1.));
#7030 = ( GEOMETRIC_REPRESENTATION_CONTEXT(2) 
PARAMETRIC_REPRESENTATION_CONTEXT() REPRESENTATION_CONTEXT('2D SPACE',''
  ) );
#7031 = ORIENTED_EDGE('',*,*,#4982,.T.);
#7032 = ORIENTED_EDGE('',*,*,#6940,.F.);
#7033 = ORIENTED_EDGE('',*,*,#7034,.F.);
#7034 = EDGE_CURVE('',#7010,#6941,#7035,.T.);
#7035 = SURFACE_CURVE('',#7036,(#7040,#7047),.PCURVE_S1.);
#7036 = LINE('',#7037,#7038);
#7037 = CARTESIAN_POINT('',(-17.,9.,-1.5));
#7038 = VECTOR('',#7039,1.);
#7039 = DIRECTION('',(1.,0.,0.));
#7040 = PCURVE('',#4998,#7041);
#7041 = DEFINITIONAL_REPRESENTATION('',(#7042),#7046);
#7042 = LINE('',#7043,#7044);
#7043 = CARTESIAN_POINT('',(0.,0.));
#7044 = VECTOR('',#7045,1.);
#7045 = DIRECTION('',(1.,0.));
#7046 = ( GEOMETRIC_REPRESENTATION_CONTEXT(2) 
PARAMETRIC_REPRESENTATION_CONTEXT() REPRESENTATION_CONTEXT('2D SPACE',''
  ) );
#7047 = PCURVE('',#7048,#7053);
#7048 = B_SPLINE_SURFACE_WITH_KNOTS('',1,1,(
    (#7049,#7050)
    ,(#7051,#7052
    )),.UNSPECIFIED.,.F.,.F.,.F.,(2,2),(2,2),(-34.,0.),(0.,1.),
  .PIECEWISE_BEZIER_KNOTS.);
#7049 = CARTESIAN_POINT('',(15.5,7.5,0.));
#7050 = CARTESIAN_POINT('',(17.,9.,-1.5));
#7051 = CARTESIAN_POINT('',(-15.5,7.5,0.));
#7052 = CARTESIAN_POINT('',(-17.,9.,-1.5));
#7053 = DEFINITIONAL_REPRESENTATION('',(#7054),#7058);
#7054 = LINE('',#7055,#7056);
#7055 = CARTESIAN_POINT('',(0.,1.));
#7056 = VECTOR('',#7057,1.);
#7057 = DIRECTION('',(-1.,0.));
#7058 = ( GEOMETRIC_REPRESENTATION_CONTEXT(2) 
PARAMETRIC_REPRESENTATION_CONTEXT() REPRESENTATION_CONTEXT('2D SPACE',''
  ) );
#7059 = ADVANCED_FACE('',(#7060),#5031,.T.);
#7060 = FACE_BOUND('',#7061,.F.);
#7061 = EDGE_LOOP('',(#7062,#7085,#7086,#7087));
#7062 = ORIENTED_EDGE('',*,*,#7063,.T.);
#7063 = EDGE_CURVE('',#7064,#5011,#7066,.T.);
#7064 = VERTEX_POINT('',#7065);
#7065 = CARTESIAN_POINT('',(-18.5,7.5,-1.5));
#7066 = SURFACE_CURVE('',#7067,(#7071,#7078),.PCURVE_S1.);
#7067 = LINE('',#7068,#7069);
#7068 = CARTESIAN_POINT('',(-18.5,7.5,-1.5));
#7069 = VECTOR('',#7070,1.);
#7070 = DIRECTION('',(-0.,-0.,-1.));
#7071 = PCURVE('',#5031,#7072);
#7072 = DEFINITIONAL_REPRESENTATION('',(#7073),#7077);
#7073 = LINE('',#7074,#7075);
#7074 = CARTESIAN_POINT('',(-0.,0.));
#7075 = VECTOR('',#7076,1.);
#7076 = DIRECTION('',(-0.,-1.));
#7077 = ( GEOMETRIC_REPRESENTATION_CONTEXT(2) 
PARAMETRIC_REPRESENTATION_CONTEXT() REPRESENTATION_CONTEXT('2D SPACE',''
  ) );
#7078 = PCURVE('',#5059,#7079);
#7079 = DEFINITIONAL_REPRESENTATION('',(#7080),#7084);
#7080 = LINE('',#7081,#7082);
#7081 = CARTESIAN_POINT('',(15.,0.));
#7082 = VECTOR('',#7083,1.);
#7083 = DIRECTION('',(0.,-1.));
#7084 = ( GEOMETRIC_REPRESENTATION_CONTEXT(2) 
PARAMETRIC_REPRESENTATION_CONTEXT() REPRESENTATION_CONTEXT('2D SPACE',''
  ) );
#7085 = ORIENTED_EDGE('',*,*,#5010,.T.);
#7086 = ORIENTED_EDGE('',*,*,#7009,.F.);
#7087 = ORIENTED_EDGE('',*,*,#7088,.F.);
#7088 = EDGE_CURVE('',#7064,#7010,#7089,.T.);
#7089 = SURFACE_CURVE('',#7090,(#7095,#7102),.PCURVE_S1.);
#7090 = CIRCLE('',#7091,1.5);
#7091 = AXIS2_PLACEMENT_3D('',#7092,#7093,#7094);
#7092 = CARTESIAN_POINT('',(-17.,7.5,-1.5));
#7093 = DIRECTION('',(0.,0.,-1.));
#7094 = DIRECTION('',(-1.,0.,0.));
#7095 = PCURVE('',#5031,#7096);
#7096 = DEFINITIONAL_REPRESENTATION('',(#7097),#7101);
#7097 = LINE('',#7098,#7099);
#7098 = CARTESIAN_POINT('',(-0.,0.));
#7099 = VECTOR('',#7100,1.);
#7100 = DIRECTION('',(-1.,0.));
#7101 = ( GEOMETRIC_REPRESENTATION_CONTEXT(2) 
PARAMETRIC_REPRESENTATION_CONTEXT() REPRESENTATION_CONTEXT('2D SPACE',''
  ) );
#7102 = PCURVE('',#7103,#7122);
#7103 = B_SPLINE_SURFACE_WITH_KNOTS('',8,1,(
    (#7104,#7105)
    ,(#7106,#7107)
    ,(#7108,#7109)
    ,(#7110,#7111)
    ,(#7112,#7113)
    ,(#7114,#7115)
    ,(#7116,#7117)
    ,(#7118,#7119)
    ,(#7120,#7121
    )),.UNSPECIFIED.,.F.,.F.,.F.,(9,9),(2,2),(1.570796326795,
    3.14159265359),(0.,1.),.PIECEWISE_BEZIER_KNOTS.);
#7104 = CARTESIAN_POINT('',(-15.5,7.5,0.));
#7105 = CARTESIAN_POINT('',(-17.,9.,-1.5));
#7106 = CARTESIAN_POINT('',(-15.79452431127,7.5,0.));
#7107 = CARTESIAN_POINT('',(-17.29452431127,9.,-1.5));
#7108 = CARTESIAN_POINT('',(-16.08904871525,7.433908816558,0.));
#7109 = CARTESIAN_POINT('',(-17.58904871525,8.933908816559,-1.5));
#7110 = CARTESIAN_POINT('',(-16.3662698515,7.301727098808,0.));
#7111 = CARTESIAN_POINT('',(-17.86626985149,8.801727098806,-1.5));
#7112 = CARTESIAN_POINT('',(-16.60888813366,7.108888133669,0.));
#7113 = CARTESIAN_POINT('',(-18.10888813367,8.608888133671,-1.5));
#7114 = CARTESIAN_POINT('',(-16.8017270988,6.866269851503,0.));
#7115 = CARTESIAN_POINT('',(-18.3017270988,8.366269851501,-1.5));
#7116 = CARTESIAN_POINT('',(-16.93390881655,6.589048715256,0.));
#7117 = CARTESIAN_POINT('',(-18.43390881656,8.089048715257,-1.5));
#7118 = CARTESIAN_POINT('',(-17.,6.294524311274,0.));
#7119 = CARTESIAN_POINT('',(-18.5,7.794524311274,-1.5));
#7120 = CARTESIAN_POINT('',(-17.,6.,0.));
#7121 = CARTESIAN_POINT('',(-18.5,7.5,-1.5));
#7122 = DEFINITIONAL_REPRESENTATION('',(#7123),#7127);
#7123 = LINE('',#7124,#7125);
#7124 = CARTESIAN_POINT('',(3.14159265359,1.));
#7125 = VECTOR('',#7126,1.);
#7126 = DIRECTION('',(-1.,0.));
#7127 = ( GEOMETRIC_REPRESENTATION_CONTEXT(2) 
PARAMETRIC_REPRESENTATION_CONTEXT() REPRESENTATION_CONTEXT('2D SPACE',''
  ) );
#7128 = ADVANCED_FACE('',(#7129),#5059,.F.);
#7129 = FACE_BOUND('',#7130,.F.);
#7130 = EDGE_LOOP('',(#7131,#7154,#7155,#7156));
#7131 = ORIENTED_EDGE('',*,*,#7132,.T.);
#7132 = EDGE_CURVE('',#7133,#5044,#7135,.T.);
#7133 = VERTEX_POINT('',#7134);
#7134 = CARTESIAN_POINT('',(-18.5,-7.5,-1.5));
#7135 = SURFACE_CURVE('',#7136,(#7140,#7147),.PCURVE_S1.);
#7136 = LINE('',#7137,#7138);
#7137 = CARTESIAN_POINT('',(-18.5,-7.5,-1.5));
#7138 = VECTOR('',#7139,1.);
#7139 = DIRECTION('',(-0.,-0.,-1.));
#7140 = PCURVE('',#5059,#7141);
#7141 = DEFINITIONAL_REPRESENTATION('',(#7142),#7146);
#7142 = LINE('',#7143,#7144);
#7143 = CARTESIAN_POINT('',(0.,0.));
#7144 = VECTOR('',#7145,1.);
#7145 = DIRECTION('',(0.,-1.));
#7146 = ( GEOMETRIC_REPRESENTATION_CONTEXT(2) 
PARAMETRIC_REPRESENTATION_CONTEXT() REPRESENTATION_CONTEXT('2D SPACE',''
  ) );
#7147 = PCURVE('',#5090,#7148);
#7148 = DEFINITIONAL_REPRESENTATION('',(#7149),#7153);
#7149 = LINE('',#7150,#7151);
#7150 = CARTESIAN_POINT('',(-6.28318530718,0.));
#7151 = VECTOR('',#7152,1.);
#7152 = DIRECTION('',(-0.,-1.));
#7153 = ( GEOMETRIC_REPRESENTATION_CONTEXT(2) 
PARAMETRIC_REPRESENTATION_CONTEXT() REPRESENTATION_CONTEXT('2D SPACE',''
  ) );
#7154 = ORIENTED_EDGE('',*,*,#5043,.T.);
#7155 = ORIENTED_EDGE('',*,*,#7063,.F.);
#7156 = ORIENTED_EDGE('',*,*,#7157,.F.);
#7157 = EDGE_CURVE('',#7133,#7064,#7158,.T.);
#7158 = SURFACE_CURVE('',#7159,(#7163,#7170),.PCURVE_S1.);
#7159 = LINE('',#7160,#7161);
#7160 = CARTESIAN_POINT('',(-18.5,-7.5,-1.5));
#7161 = VECTOR('',#7162,1.);
#7162 = DIRECTION('',(0.,1.,0.));
#7163 = PCURVE('',#5059,#7164);
#7164 = DEFINITIONAL_REPRESENTATION('',(#7165),#7169);
#7165 = LINE('',#7166,#7167);
#7166 = CARTESIAN_POINT('',(0.,0.));
#7167 = VECTOR('',#7168,1.);
#7168 = DIRECTION('',(1.,0.));
#7169 = ( GEOMETRIC_REPRESENTATION_CONTEXT(2) 
PARAMETRIC_REPRESENTATION_CONTEXT() REPRESENTATION_CONTEXT('2D SPACE',''
  ) );
#7170 = PCURVE('',#7171,#7176);
#7171 = B_SPLINE_SURFACE_WITH_KNOTS('',1,1,(
    (#7172,#7173)
    ,(#7174,#7175
    )),.UNSPECIFIED.,.F.,.F.,.F.,(2,2),(2,2),(-15.,0.),(0.,1.),
  .PIECEWISE_BEZIER_KNOTS.);
#7172 = CARTESIAN_POINT('',(-17.,6.,0.));
#7173 = CARTESIAN_POINT('',(-18.5,7.5,-1.5));
#7174 = CARTESIAN_POINT('',(-17.,-6.,0.));
#7175 = CARTESIAN_POINT('',(-18.5,-7.5,-1.5));
#7176 = DEFINITIONAL_REPRESENTATION('',(#7177),#7181);
#7177 = LINE('',#7178,#7179);
#7178 = CARTESIAN_POINT('',(0.,1.));
#7179 = VECTOR('',#7180,1.);
#7180 = DIRECTION('',(-1.,0.));
#7181 = ( GEOMETRIC_REPRESENTATION_CONTEXT(2) 
PARAMETRIC_REPRESENTATION_CONTEXT() REPRESENTATION_CONTEXT('2D SPACE',''
  ) );
#7182 = ADVANCED_FACE('',(#7183),#5090,.T.);
#7183 = FACE_BOUND('',#7184,.F.);
#7184 = EDGE_LOOP('',(#7185,#7186,#7187,#7188));
#7185 = ORIENTED_EDGE('',*,*,#6765,.T.);
#7186 = ORIENTED_EDGE('',*,*,#5071,.T.);
#7187 = ORIENTED_EDGE('',*,*,#7132,.F.);
#7188 = ORIENTED_EDGE('',*,*,#7189,.F.);
#7189 = EDGE_CURVE('',#6766,#7133,#7190,.T.);
#7190 = SURFACE_CURVE('',#7191,(#7196,#7203),.PCURVE_S1.);
#7191 = CIRCLE('',#7192,1.5);
#7192 = AXIS2_PLACEMENT_3D('',#7193,#7194,#7195);
#7193 = CARTESIAN_POINT('',(-17.,-7.5,-1.5));
#7194 = DIRECTION('',(0.,0.,-1.));
#7195 = DIRECTION('',(-1.,0.,0.));
#7196 = PCURVE('',#5090,#7197);
#7197 = DEFINITIONAL_REPRESENTATION('',(#7198),#7202);
#7198 = LINE('',#7199,#7200);
#7199 = CARTESIAN_POINT('',(-0.,0.));
#7200 = VECTOR('',#7201,1.);
#7201 = DIRECTION('',(-1.,0.));
#7202 = ( GEOMETRIC_REPRESENTATION_CONTEXT(2) 
PARAMETRIC_REPRESENTATION_CONTEXT() REPRESENTATION_CONTEXT('2D SPACE',''
  ) );
#7203 = PCURVE('',#7204,#7223);
#7204 = B_SPLINE_SURFACE_WITH_KNOTS('',8,1,(
    (#7205,#7206)
    ,(#7207,#7208)
    ,(#7209,#7210)
    ,(#7211,#7212)
    ,(#7213,#7214)
    ,(#7215,#7216)
    ,(#7217,#7218)
    ,(#7219,#7220)
    ,(#7221,#7222
    )),.UNSPECIFIED.,.F.,.F.,.F.,(9,9),(2,2),(3.14159265359,
    4.712388980385),(0.,1.),.PIECEWISE_BEZIER_KNOTS.);
#7205 = CARTESIAN_POINT('',(-17.,-6.,0.));
#7206 = CARTESIAN_POINT('',(-18.5,-7.5,-1.5));
#7207 = CARTESIAN_POINT('',(-17.,-6.294524311274,0.));
#7208 = CARTESIAN_POINT('',(-18.5,-7.794524311274,-1.5));
#7209 = CARTESIAN_POINT('',(-16.93390881655,-6.589048715256,0.));
#7210 = CARTESIAN_POINT('',(-18.43390881655,-8.089048715256,-1.5));
#7211 = CARTESIAN_POINT('',(-16.8017270988,-6.866269851502,0.));
#7212 = CARTESIAN_POINT('',(-18.3017270988,-8.366269851503,-1.5));
#7213 = CARTESIAN_POINT('',(-16.60888813367,-7.10888813367,0.));
#7214 = CARTESIAN_POINT('',(-18.10888813367,-8.60888813367,-1.5));
#7215 = CARTESIAN_POINT('',(-16.3662698515,-7.301727098807,0.));
#7216 = CARTESIAN_POINT('',(-17.8662698515,-8.801727098807,-1.5));
#7217 = CARTESIAN_POINT('',(-16.08904871525,-7.433908816558,0.));
#7218 = CARTESIAN_POINT('',(-17.58904871525,-8.933908816558,-1.5));
#7219 = CARTESIAN_POINT('',(-15.79452431127,-7.5,0.));
#7220 = CARTESIAN_POINT('',(-17.29452431127,-9.,-1.5));
#7221 = CARTESIAN_POINT('',(-15.5,-7.5,0.));
#7222 = CARTESIAN_POINT('',(-17.,-9.,-1.5));
#7223 = DEFINITIONAL_REPRESENTATION('',(#7224),#7228);
#7224 = LINE('',#7225,#7226);
#7225 = CARTESIAN_POINT('',(9.424777960769,1.));
#7226 = VECTOR('',#7227,1.);
#7227 = DIRECTION('',(-1.,0.));
#7228 = ( GEOMETRIC_REPRESENTATION_CONTEXT(2) 
PARAMETRIC_REPRESENTATION_CONTEXT() REPRESENTATION_CONTEXT('2D SPACE',''
  ) );
#7229 = ADVANCED_FACE('',(#7230),#5155,.F.);
#7230 = FACE_BOUND('',#7231,.F.);
#7231 = EDGE_LOOP('',(#7232,#7233,#7234,#7235,#7236,#7237,#7238,#7239,
    #7240,#7241,#7242,#7243,#7244,#7245,#7246,#7247));
#7232 = ORIENTED_EDGE('',*,*,#5139,.F.);
#7233 = ORIENTED_EDGE('',*,*,#5265,.F.);
#7234 = ORIENTED_EDGE('',*,*,#5346,.T.);
#7235 = ORIENTED_EDGE('',*,*,#5449,.F.);
#7236 = ORIENTED_EDGE('',*,*,#5548,.T.);
#7237 = ORIENTED_EDGE('',*,*,#5669,.F.);
#7238 = ORIENTED_EDGE('',*,*,#5772,.F.);
#7239 = ORIENTED_EDGE('',*,*,#5853,.F.);
#7240 = ORIENTED_EDGE('',*,*,#5903,.F.);
#7241 = ORIENTED_EDGE('',*,*,#5799,.F.);
#7242 = ORIENTED_EDGE('',*,*,#5723,.T.);
#7243 = ORIENTED_EDGE('',*,*,#5619,.F.);
#7244 = ORIENTED_EDGE('',*,*,#5521,.T.);
#7245 = ORIENTED_EDGE('',*,*,#5395,.F.);
#7246 = ORIENTED_EDGE('',*,*,#5297,.F.);
#7247 = ORIENTED_EDGE('',*,*,#5215,.F.);
#7248 = ADVANCED_FACE('',(#7249),#5968,.F.);
#7249 = FACE_BOUND('',#7250,.F.);
#7250 = EDGE_LOOP('',(#7251,#7252,#7253,#7254,#7255,#7256,#7257,#7258,
    #7259,#7260,#7261,#7262,#7263,#7264,#7265,#7266));
#7251 = ORIENTED_EDGE('',*,*,#5952,.F.);
#7252 = ORIENTED_EDGE('',*,*,#6078,.F.);
#7253 = ORIENTED_EDGE('',*,*,#6159,.T.);
#7254 = ORIENTED_EDGE('',*,*,#6262,.F.);
#7255 = ORIENTED_EDGE('',*,*,#6361,.T.);
#7256 = ORIENTED_EDGE('',*,*,#6482,.F.);
#7257 = ORIENTED_EDGE('',*,*,#6585,.F.);
#7258 = ORIENTED_EDGE('',*,*,#6666,.F.);
#7259 = ORIENTED_EDGE('',*,*,#6716,.F.);
#7260 = ORIENTED_EDGE('',*,*,#6612,.F.);
#7261 = ORIENTED_EDGE('',*,*,#6536,.T.);
#7262 = ORIENTED_EDGE('',*,*,#6432,.F.);
#7263 = ORIENTED_EDGE('',*,*,#6334,.T.);
#7264 = ORIENTED_EDGE('',*,*,#6208,.F.);
#7265 = ORIENTED_EDGE('',*,*,#6110,.F.);
#7266 = ORIENTED_EDGE('',*,*,#6028,.F.);
#7267 = ADVANCED_FACE('',(#7268),#6802,.F.);
#7268 = FACE_BOUND('',#7269,.F.);
#7269 = EDGE_LOOP('',(#7270,#7299,#7319,#7320));
#7270 = ORIENTED_EDGE('',*,*,#7271,.T.);
#7271 = EDGE_CURVE('',#7272,#7274,#7276,.T.);
#7272 = VERTEX_POINT('',#7273);
#7273 = CARTESIAN_POINT('',(-15.5,-7.5,0.));
#7274 = VERTEX_POINT('',#7275);
#7275 = CARTESIAN_POINT('',(15.5,-7.5,0.));
#7276 = SURFACE_CURVE('',#7277,(#7281,#7287),.PCURVE_S1.);
#7277 = LINE('',#7278,#7279);
#7278 = CARTESIAN_POINT('',(-15.5,-7.5,0.));
#7279 = VECTOR('',#7280,1.);
#7280 = DIRECTION('',(1.,0.,0.));
#7281 = PCURVE('',#6802,#7282);
#7282 = DEFINITIONAL_REPRESENTATION('',(#7283),#7286);
#7283 = B_SPLINE_CURVE_WITH_KNOTS('',1,(#7284,#7285),.UNSPECIFIED.,.F.,
  .F.,(2,2),(0.,31.),.PIECEWISE_BEZIER_KNOTS.);
#7284 = CARTESIAN_POINT('',(-34.,0.));
#7285 = CARTESIAN_POINT('',(0.,0.));
#7286 = ( GEOMETRIC_REPRESENTATION_CONTEXT(2) 
PARAMETRIC_REPRESENTATION_CONTEXT() REPRESENTATION_CONTEXT('2D SPACE',''
  ) );
#7287 = PCURVE('',#7288,#7293);
#7288 = PLANE('',#7289);
#7289 = AXIS2_PLACEMENT_3D('',#7290,#7291,#7292);
#7290 = CARTESIAN_POINT('',(6.E-17,1.3E-16,0.));
#7291 = DIRECTION('',(0.,0.,1.));
#7292 = DIRECTION('',(1.,0.,0.));
#7293 = DEFINITIONAL_REPRESENTATION('',(#7294),#7298);
#7294 = LINE('',#7295,#7296);
#7295 = CARTESIAN_POINT('',(-15.5,-7.5));
#7296 = VECTOR('',#7297,1.);
#7297 = DIRECTION('',(1.,0.));
#7298 = ( GEOMETRIC_REPRESENTATION_CONTEXT(2) 
PARAMETRIC_REPRESENTATION_CONTEXT() REPRESENTATION_CONTEXT('2D SPACE',''
  ) );
#7299 = ORIENTED_EDGE('',*,*,#7300,.T.);
#7300 = EDGE_CURVE('',#7274,#6742,#7301,.T.);
#7301 = SURFACE_CURVE('',#7302,(#7305,#7312),.PCURVE_S1.);
#7302 = B_SPLINE_CURVE_WITH_KNOTS('',1,(#7303,#7304),.UNSPECIFIED.,.F.,
  .F.,(2,2),(0.,1.),.PIECEWISE_BEZIER_KNOTS.);
#7303 = CARTESIAN_POINT('',(15.5,-7.5,0.));
#7304 = CARTESIAN_POINT('',(17.,-9.,-1.5));
#7305 = PCURVE('',#6802,#7306);
#7306 = DEFINITIONAL_REPRESENTATION('',(#7307),#7311);
#7307 = LINE('',#7308,#7309);
#7308 = CARTESIAN_POINT('',(0.,0.));
#7309 = VECTOR('',#7310,1.);
#7310 = DIRECTION('',(0.,1.));
#7311 = ( GEOMETRIC_REPRESENTATION_CONTEXT(2) 
PARAMETRIC_REPRESENTATION_CONTEXT() REPRESENTATION_CONTEXT('2D SPACE',''
  ) );
#7312 = PCURVE('',#6857,#7313);
#7313 = DEFINITIONAL_REPRESENTATION('',(#7314),#7318);
#7314 = LINE('',#7315,#7316);
#7315 = CARTESIAN_POINT('',(1.570796326795,0.));
#7316 = VECTOR('',#7317,1.);
#7317 = DIRECTION('',(0.,1.));
#7318 = ( GEOMETRIC_REPRESENTATION_CONTEXT(2) 
PARAMETRIC_REPRESENTATION_CONTEXT() REPRESENTATION_CONTEXT('2D SPACE',''
  ) );
#7319 = ORIENTED_EDGE('',*,*,#6788,.T.);
#7320 = ORIENTED_EDGE('',*,*,#7321,.F.);
#7321 = EDGE_CURVE('',#7272,#6766,#7322,.T.);
#7322 = SURFACE_CURVE('',#7323,(#7326,#7333),.PCURVE_S1.);
#7323 = B_SPLINE_CURVE_WITH_KNOTS('',1,(#7324,#7325),.UNSPECIFIED.,.F.,
  .F.,(2,2),(0.,1.),.PIECEWISE_BEZIER_KNOTS.);
#7324 = CARTESIAN_POINT('',(-15.5,-7.5,0.));
#7325 = CARTESIAN_POINT('',(-17.,-9.,-1.5));
#7326 = PCURVE('',#6802,#7327);
#7327 = DEFINITIONAL_REPRESENTATION('',(#7328),#7332);
#7328 = LINE('',#7329,#7330);
#7329 = CARTESIAN_POINT('',(-34.,0.));
#7330 = VECTOR('',#7331,1.);
#7331 = DIRECTION('',(0.,1.));
#7332 = ( GEOMETRIC_REPRESENTATION_CONTEXT(2) 
PARAMETRIC_REPRESENTATION_CONTEXT() REPRESENTATION_CONTEXT('2D SPACE',''
  ) );
#7333 = PCURVE('',#7204,#7334);
#7334 = DEFINITIONAL_REPRESENTATION('',(#7335),#7339);
#7335 = LINE('',#7336,#7337);
#7336 = CARTESIAN_POINT('',(4.712388980385,0.));
#7337 = VECTOR('',#7338,1.);
#7338 = DIRECTION('',(0.,1.));
#7339 = ( GEOMETRIC_REPRESENTATION_CONTEXT(2) 
PARAMETRIC_REPRESENTATION_CONTEXT() REPRESENTATION_CONTEXT('2D SPACE',''
  ) );
#7340 = ADVANCED_FACE('',(#7341),#6857,.F.);
#7341 = FACE_BOUND('',#7342,.F.);
#7342 = EDGE_LOOP('',(#7343,#7367,#7387,#7388));
#7343 = ORIENTED_EDGE('',*,*,#7344,.T.);
#7344 = EDGE_CURVE('',#7274,#7345,#7347,.T.);
#7345 = VERTEX_POINT('',#7346);
#7346 = CARTESIAN_POINT('',(17.,-6.,0.));
#7347 = SURFACE_CURVE('',#7348,(#7353,#7360),.PCURVE_S1.);
#7348 = CIRCLE('',#7349,1.5);
#7349 = AXIS2_PLACEMENT_3D('',#7350,#7351,#7352);
#7350 = CARTESIAN_POINT('',(15.5,-6.,0.));
#7351 = DIRECTION('',(0.,0.,1.));
#7352 = DIRECTION('',(1.,0.,0.));
#7353 = PCURVE('',#6857,#7354);
#7354 = DEFINITIONAL_REPRESENTATION('',(#7355),#7359);
#7355 = LINE('',#7356,#7357);
#7356 = CARTESIAN_POINT('',(-3.14159265359,0.));
#7357 = VECTOR('',#7358,1.);
#7358 = DIRECTION('',(1.,0.));
#7359 = ( GEOMETRIC_REPRESENTATION_CONTEXT(2) 
PARAMETRIC_REPRESENTATION_CONTEXT() REPRESENTATION_CONTEXT('2D SPACE',''
  ) );
#7360 = PCURVE('',#7288,#7361);
#7361 = DEFINITIONAL_REPRESENTATION('',(#7362),#7366);
#7362 = CIRCLE('',#7363,1.5);
#7363 = AXIS2_PLACEMENT_2D('',#7364,#7365);
#7364 = CARTESIAN_POINT('',(15.5,-6.));
#7365 = DIRECTION('',(1.,0.));
#7366 = ( GEOMETRIC_REPRESENTATION_CONTEXT(2) 
PARAMETRIC_REPRESENTATION_CONTEXT() REPRESENTATION_CONTEXT('2D SPACE',''
  ) );
#7367 = ORIENTED_EDGE('',*,*,#7368,.T.);
#7368 = EDGE_CURVE('',#7345,#6818,#7369,.T.);
#7369 = SURFACE_CURVE('',#7370,(#7373,#7380),.PCURVE_S1.);
#7370 = B_SPLINE_CURVE_WITH_KNOTS('',1,(#7371,#7372),.UNSPECIFIED.,.F.,
  .F.,(2,2),(0.,1.),.PIECEWISE_BEZIER_KNOTS.);
#7371 = CARTESIAN_POINT('',(17.,-6.,0.));
#7372 = CARTESIAN_POINT('',(18.5,-7.5,-1.5));
#7373 = PCURVE('',#6857,#7374);
#7374 = DEFINITIONAL_REPRESENTATION('',(#7375),#7379);
#7375 = LINE('',#7376,#7377);
#7376 = CARTESIAN_POINT('',(3.14159265359,0.));
#7377 = VECTOR('',#7378,1.);
#7378 = DIRECTION('',(0.,1.));
#7379 = ( GEOMETRIC_REPRESENTATION_CONTEXT(2) 
PARAMETRIC_REPRESENTATION_CONTEXT() REPRESENTATION_CONTEXT('2D SPACE',''
  ) );
#7380 = PCURVE('',#6925,#7381);
#7381 = DEFINITIONAL_REPRESENTATION('',(#7382),#7386);
#7382 = LINE('',#7383,#7384);
#7383 = CARTESIAN_POINT('',(-15.,0.));
#7384 = VECTOR('',#7385,1.);
#7385 = DIRECTION('',(0.,1.));
#7386 = ( GEOMETRIC_REPRESENTATION_CONTEXT(2) 
PARAMETRIC_REPRESENTATION_CONTEXT() REPRESENTATION_CONTEXT('2D SPACE',''
  ) );
#7387 = ORIENTED_EDGE('',*,*,#6842,.T.);
#7388 = ORIENTED_EDGE('',*,*,#7300,.F.);
#7389 = ADVANCED_FACE('',(#7390),#6925,.F.);
#7390 = FACE_BOUND('',#7391,.F.);
#7391 = EDGE_LOOP('',(#7392,#7414,#7434,#7435));
#7392 = ORIENTED_EDGE('',*,*,#7393,.T.);
#7393 = EDGE_CURVE('',#7345,#7394,#7396,.T.);
#7394 = VERTEX_POINT('',#7395);
#7395 = CARTESIAN_POINT('',(17.,6.,0.));
#7396 = SURFACE_CURVE('',#7397,(#7401,#7407),.PCURVE_S1.);
#7397 = LINE('',#7398,#7399);
#7398 = CARTESIAN_POINT('',(17.,-6.,0.));
#7399 = VECTOR('',#7400,1.);
#7400 = DIRECTION('',(0.,1.,0.));
#7401 = PCURVE('',#6925,#7402);
#7402 = DEFINITIONAL_REPRESENTATION('',(#7403),#7406);
#7403 = B_SPLINE_CURVE_WITH_KNOTS('',1,(#7404,#7405),.UNSPECIFIED.,.F.,
  .F.,(2,2),(0.,12.),.PIECEWISE_BEZIER_KNOTS.);
#7404 = CARTESIAN_POINT('',(-15.,0.));
#7405 = CARTESIAN_POINT('',(0.,0.));
#7406 = ( GEOMETRIC_REPRESENTATION_CONTEXT(2) 
PARAMETRIC_REPRESENTATION_CONTEXT() REPRESENTATION_CONTEXT('2D SPACE',''
  ) );
#7407 = PCURVE('',#7288,#7408);
#7408 = DEFINITIONAL_REPRESENTATION('',(#7409),#7413);
#7409 = LINE('',#7410,#7411);
#7410 = CARTESIAN_POINT('',(17.,-6.));
#7411 = VECTOR('',#7412,1.);
#7412 = DIRECTION('',(0.,1.));
#7413 = ( GEOMETRIC_REPRESENTATION_CONTEXT(2) 
PARAMETRIC_REPRESENTATION_CONTEXT() REPRESENTATION_CONTEXT('2D SPACE',''
  ) );
#7414 = ORIENTED_EDGE('',*,*,#7415,.T.);
#7415 = EDGE_CURVE('',#7394,#6887,#7416,.T.);
#7416 = SURFACE_CURVE('',#7417,(#7420,#7427),.PCURVE_S1.);
#7417 = B_SPLINE_CURVE_WITH_KNOTS('',1,(#7418,#7419),.UNSPECIFIED.,.F.,
  .F.,(2,2),(0.,1.),.PIECEWISE_BEZIER_KNOTS.);
#7418 = CARTESIAN_POINT('',(17.,6.,0.));
#7419 = CARTESIAN_POINT('',(18.5,7.5,-1.5));
#7420 = PCURVE('',#6925,#7421);
#7421 = DEFINITIONAL_REPRESENTATION('',(#7422),#7426);
#7422 = LINE('',#7423,#7424);
#7423 = CARTESIAN_POINT('',(0.,0.));
#7424 = VECTOR('',#7425,1.);
#7425 = DIRECTION('',(0.,1.));
#7426 = ( GEOMETRIC_REPRESENTATION_CONTEXT(2) 
PARAMETRIC_REPRESENTATION_CONTEXT() REPRESENTATION_CONTEXT('2D SPACE',''
  ) );
#7427 = PCURVE('',#6980,#7428);
#7428 = DEFINITIONAL_REPRESENTATION('',(#7429),#7433);
#7429 = LINE('',#7430,#7431);
#7430 = CARTESIAN_POINT('',(0.,0.));
#7431 = VECTOR('',#7432,1.);
#7432 = DIRECTION('',(0.,1.));
#7433 = ( GEOMETRIC_REPRESENTATION_CONTEXT(2) 
PARAMETRIC_REPRESENTATION_CONTEXT() REPRESENTATION_CONTEXT('2D SPACE',''
  ) );
#7434 = ORIENTED_EDGE('',*,*,#6911,.T.);
#7435 = ORIENTED_EDGE('',*,*,#7368,.F.);
#7436 = ADVANCED_FACE('',(#7437),#6980,.F.);
#7437 = FACE_BOUND('',#7438,.F.);
#7438 = EDGE_LOOP('',(#7439,#7463,#7483,#7484));
#7439 = ORIENTED_EDGE('',*,*,#7440,.T.);
#7440 = EDGE_CURVE('',#7394,#7441,#7443,.T.);
#7441 = VERTEX_POINT('',#7442);
#7442 = CARTESIAN_POINT('',(15.5,7.5,0.));
#7443 = SURFACE_CURVE('',#7444,(#7449,#7456),.PCURVE_S1.);
#7444 = CIRCLE('',#7445,1.5);
#7445 = AXIS2_PLACEMENT_3D('',#7446,#7447,#7448);
#7446 = CARTESIAN_POINT('',(15.5,6.,0.));
#7447 = DIRECTION('',(0.,0.,1.));
#7448 = DIRECTION('',(1.,0.,0.));
#7449 = PCURVE('',#6980,#7450);
#7450 = DEFINITIONAL_REPRESENTATION('',(#7451),#7455);
#7451 = LINE('',#7452,#7453);
#7452 = CARTESIAN_POINT('',(0.,0.));
#7453 = VECTOR('',#7454,1.);
#7454 = DIRECTION('',(1.,0.));
#7455 = ( GEOMETRIC_REPRESENTATION_CONTEXT(2) 
PARAMETRIC_REPRESENTATION_CONTEXT() REPRESENTATION_CONTEXT('2D SPACE',''
  ) );
#7456 = PCURVE('',#7288,#7457);
#7457 = DEFINITIONAL_REPRESENTATION('',(#7458),#7462);
#7458 = CIRCLE('',#7459,1.5);
#7459 = AXIS2_PLACEMENT_2D('',#7460,#7461);
#7460 = CARTESIAN_POINT('',(15.5,6.));
#7461 = DIRECTION('',(1.,0.));
#7462 = ( GEOMETRIC_REPRESENTATION_CONTEXT(2) 
PARAMETRIC_REPRESENTATION_CONTEXT() REPRESENTATION_CONTEXT('2D SPACE',''
  ) );
#7463 = ORIENTED_EDGE('',*,*,#7464,.T.);
#7464 = EDGE_CURVE('',#7441,#6941,#7465,.T.);
#7465 = SURFACE_CURVE('',#7466,(#7469,#7476),.PCURVE_S1.);
#7466 = B_SPLINE_CURVE_WITH_KNOTS('',1,(#7467,#7468),.UNSPECIFIED.,.F.,
  .F.,(2,2),(0.,1.),.PIECEWISE_BEZIER_KNOTS.);
#7467 = CARTESIAN_POINT('',(15.5,7.5,0.));
#7468 = CARTESIAN_POINT('',(17.,9.,-1.5));
#7469 = PCURVE('',#6980,#7470);
#7470 = DEFINITIONAL_REPRESENTATION('',(#7471),#7475);
#7471 = LINE('',#7472,#7473);
#7472 = CARTESIAN_POINT('',(1.570796326795,0.));
#7473 = VECTOR('',#7474,1.);
#7474 = DIRECTION('',(0.,1.));
#7475 = ( GEOMETRIC_REPRESENTATION_CONTEXT(2) 
PARAMETRIC_REPRESENTATION_CONTEXT() REPRESENTATION_CONTEXT('2D SPACE',''
  ) );
#7476 = PCURVE('',#7048,#7477);
#7477 = DEFINITIONAL_REPRESENTATION('',(#7478),#7482);
#7478 = LINE('',#7479,#7480);
#7479 = CARTESIAN_POINT('',(-34.,0.));
#7480 = VECTOR('',#7481,1.);
#7481 = DIRECTION('',(0.,1.));
#7482 = ( GEOMETRIC_REPRESENTATION_CONTEXT(2) 
PARAMETRIC_REPRESENTATION_CONTEXT() REPRESENTATION_CONTEXT('2D SPACE',''
  ) );
#7483 = ORIENTED_EDGE('',*,*,#6965,.T.);
#7484 = ORIENTED_EDGE('',*,*,#7415,.F.);
#7485 = ADVANCED_FACE('',(#7486),#7048,.F.);
#7486 = FACE_BOUND('',#7487,.F.);
#7487 = EDGE_LOOP('',(#7488,#7510,#7530,#7531));
#7488 = ORIENTED_EDGE('',*,*,#7489,.T.);
#7489 = EDGE_CURVE('',#7441,#7490,#7492,.T.);
#7490 = VERTEX_POINT('',#7491);
#7491 = CARTESIAN_POINT('',(-15.5,7.5,0.));
#7492 = SURFACE_CURVE('',#7493,(#7497,#7503),.PCURVE_S1.);
#7493 = LINE('',#7494,#7495);
#7494 = CARTESIAN_POINT('',(15.5,7.5,0.));
#7495 = VECTOR('',#7496,1.);
#7496 = DIRECTION('',(-1.,0.,0.));
#7497 = PCURVE('',#7048,#7498);
#7498 = DEFINITIONAL_REPRESENTATION('',(#7499),#7502);
#7499 = B_SPLINE_CURVE_WITH_KNOTS('',1,(#7500,#7501),.UNSPECIFIED.,.F.,
  .F.,(2,2),(0.,31.),.PIECEWISE_BEZIER_KNOTS.);
#7500 = CARTESIAN_POINT('',(-34.,0.));
#7501 = CARTESIAN_POINT('',(0.,0.));
#7502 = ( GEOMETRIC_REPRESENTATION_CONTEXT(2) 
PARAMETRIC_REPRESENTATION_CONTEXT() REPRESENTATION_CONTEXT('2D SPACE',''
  ) );
#7503 = PCURVE('',#7288,#7504);
#7504 = DEFINITIONAL_REPRESENTATION('',(#7505),#7509);
#7505 = LINE('',#7506,#7507);
#7506 = CARTESIAN_POINT('',(15.5,7.5));
#7507 = VECTOR('',#7508,1.);
#7508 = DIRECTION('',(-1.,0.));
#7509 = ( GEOMETRIC_REPRESENTATION_CONTEXT(2) 
PARAMETRIC_REPRESENTATION_CONTEXT() REPRESENTATION_CONTEXT('2D SPACE',''
  ) );
#7510 = ORIENTED_EDGE('',*,*,#7511,.T.);
#7511 = EDGE_CURVE('',#7490,#7010,#7512,.T.);
#7512 = SURFACE_CURVE('',#7513,(#7516,#7523),.PCURVE_S1.);
#7513 = B_SPLINE_CURVE_WITH_KNOTS('',1,(#7514,#7515),.UNSPECIFIED.,.F.,
  .F.,(2,2),(0.,1.),.PIECEWISE_BEZIER_KNOTS.);
#7514 = CARTESIAN_POINT('',(-15.5,7.5,0.));
#7515 = CARTESIAN_POINT('',(-17.,9.,-1.5));
#7516 = PCURVE('',#7048,#7517);
#7517 = DEFINITIONAL_REPRESENTATION('',(#7518),#7522);
#7518 = LINE('',#7519,#7520);
#7519 = CARTESIAN_POINT('',(0.,0.));
#7520 = VECTOR('',#7521,1.);
#7521 = DIRECTION('',(0.,1.));
#7522 = ( GEOMETRIC_REPRESENTATION_CONTEXT(2) 
PARAMETRIC_REPRESENTATION_CONTEXT() REPRESENTATION_CONTEXT('2D SPACE',''
  ) );
#7523 = PCURVE('',#7103,#7524);
#7524 = DEFINITIONAL_REPRESENTATION('',(#7525),#7529);
#7525 = LINE('',#7526,#7527);
#7526 = CARTESIAN_POINT('',(1.570796326795,0.));
#7527 = VECTOR('',#7528,1.);
#7528 = DIRECTION('',(0.,1.));
#7529 = ( GEOMETRIC_REPRESENTATION_CONTEXT(2) 
PARAMETRIC_REPRESENTATION_CONTEXT() REPRESENTATION_CONTEXT('2D SPACE',''
  ) );
#7530 = ORIENTED_EDGE('',*,*,#7034,.T.);
#7531 = ORIENTED_EDGE('',*,*,#7464,.F.);
#7532 = ADVANCED_FACE('',(#7533),#7103,.F.);
#7533 = FACE_BOUND('',#7534,.F.);
#7534 = EDGE_LOOP('',(#7535,#7559,#7579,#7580));
#7535 = ORIENTED_EDGE('',*,*,#7536,.T.);
#7536 = EDGE_CURVE('',#7490,#7537,#7539,.T.);
#7537 = VERTEX_POINT('',#7538);
#7538 = CARTESIAN_POINT('',(-17.,6.,0.));
#7539 = SURFACE_CURVE('',#7540,(#7545,#7552),.PCURVE_S1.);
#7540 = CIRCLE('',#7541,1.5);
#7541 = AXIS2_PLACEMENT_3D('',#7542,#7543,#7544);
#7542 = CARTESIAN_POINT('',(-15.5,6.,0.));
#7543 = DIRECTION('',(0.,0.,1.));
#7544 = DIRECTION('',(1.,0.,0.));
#7545 = PCURVE('',#7103,#7546);
#7546 = DEFINITIONAL_REPRESENTATION('',(#7547),#7551);
#7547 = LINE('',#7548,#7549);
#7548 = CARTESIAN_POINT('',(0.,0.));
#7549 = VECTOR('',#7550,1.);
#7550 = DIRECTION('',(1.,0.));
#7551 = ( GEOMETRIC_REPRESENTATION_CONTEXT(2) 
PARAMETRIC_REPRESENTATION_CONTEXT() REPRESENTATION_CONTEXT('2D SPACE',''
  ) );
#7552 = PCURVE('',#7288,#7553);
#7553 = DEFINITIONAL_REPRESENTATION('',(#7554),#7558);
#7554 = CIRCLE('',#7555,1.5);
#7555 = AXIS2_PLACEMENT_2D('',#7556,#7557);
#7556 = CARTESIAN_POINT('',(-15.5,6.));
#7557 = DIRECTION('',(1.,0.));
#7558 = ( GEOMETRIC_REPRESENTATION_CONTEXT(2) 
PARAMETRIC_REPRESENTATION_CONTEXT() REPRESENTATION_CONTEXT('2D SPACE',''
  ) );
#7559 = ORIENTED_EDGE('',*,*,#7560,.T.);
#7560 = EDGE_CURVE('',#7537,#7064,#7561,.T.);
#7561 = SURFACE_CURVE('',#7562,(#7565,#7572),.PCURVE_S1.);
#7562 = B_SPLINE_CURVE_WITH_KNOTS('',1,(#7563,#7564),.UNSPECIFIED.,.F.,
  .F.,(2,2),(0.,1.),.PIECEWISE_BEZIER_KNOTS.);
#7563 = CARTESIAN_POINT('',(-17.,6.,0.));
#7564 = CARTESIAN_POINT('',(-18.5,7.5,-1.5));
#7565 = PCURVE('',#7103,#7566);
#7566 = DEFINITIONAL_REPRESENTATION('',(#7567),#7571);
#7567 = LINE('',#7568,#7569);
#7568 = CARTESIAN_POINT('',(3.14159265359,0.));
#7569 = VECTOR('',#7570,1.);
#7570 = DIRECTION('',(0.,1.));
#7571 = ( GEOMETRIC_REPRESENTATION_CONTEXT(2) 
PARAMETRIC_REPRESENTATION_CONTEXT() REPRESENTATION_CONTEXT('2D SPACE',''
  ) );
#7572 = PCURVE('',#7171,#7573);
#7573 = DEFINITIONAL_REPRESENTATION('',(#7574),#7578);
#7574 = LINE('',#7575,#7576);
#7575 = CARTESIAN_POINT('',(-15.,0.));
#7576 = VECTOR('',#7577,1.);
#7577 = DIRECTION('',(0.,1.));
#7578 = ( GEOMETRIC_REPRESENTATION_CONTEXT(2) 
PARAMETRIC_REPRESENTATION_CONTEXT() REPRESENTATION_CONTEXT('2D SPACE',''
  ) );
#7579 = ORIENTED_EDGE('',*,*,#7088,.T.);
#7580 = ORIENTED_EDGE('',*,*,#7511,.F.);
#7581 = ADVANCED_FACE('',(#7582),#7171,.F.);
#7582 = FACE_BOUND('',#7583,.F.);
#7583 = EDGE_LOOP('',(#7584,#7606,#7626,#7627));
#7584 = ORIENTED_EDGE('',*,*,#7585,.T.);
#7585 = EDGE_CURVE('',#7537,#7586,#7588,.T.);
#7586 = VERTEX_POINT('',#7587);
#7587 = CARTESIAN_POINT('',(-17.,-6.,0.));
#7588 = SURFACE_CURVE('',#7589,(#7593,#7599),.PCURVE_S1.);
#7589 = LINE('',#7590,#7591);
#7590 = CARTESIAN_POINT('',(-17.,6.,0.));
#7591 = VECTOR('',#7592,1.);
#7592 = DIRECTION('',(0.,-1.,0.));
#7593 = PCURVE('',#7171,#7594);
#7594 = DEFINITIONAL_REPRESENTATION('',(#7595),#7598);
#7595 = B_SPLINE_CURVE_WITH_KNOTS('',1,(#7596,#7597),.UNSPECIFIED.,.F.,
  .F.,(2,2),(0.,12.),.PIECEWISE_BEZIER_KNOTS.);
#7596 = CARTESIAN_POINT('',(-15.,0.));
#7597 = CARTESIAN_POINT('',(0.,0.));
#7598 = ( GEOMETRIC_REPRESENTATION_CONTEXT(2) 
PARAMETRIC_REPRESENTATION_CONTEXT() REPRESENTATION_CONTEXT('2D SPACE',''
  ) );
#7599 = PCURVE('',#7288,#7600);
#7600 = DEFINITIONAL_REPRESENTATION('',(#7601),#7605);
#7601 = LINE('',#7602,#7603);
#7602 = CARTESIAN_POINT('',(-17.,6.));
#7603 = VECTOR('',#7604,1.);
#7604 = DIRECTION('',(0.,-1.));
#7605 = ( GEOMETRIC_REPRESENTATION_CONTEXT(2) 
PARAMETRIC_REPRESENTATION_CONTEXT() REPRESENTATION_CONTEXT('2D SPACE',''
  ) );
#7606 = ORIENTED_EDGE('',*,*,#7607,.T.);
#7607 = EDGE_CURVE('',#7586,#7133,#7608,.T.);
#7608 = SURFACE_CURVE('',#7609,(#7612,#7619),.PCURVE_S1.);
#7609 = B_SPLINE_CURVE_WITH_KNOTS('',1,(#7610,#7611),.UNSPECIFIED.,.F.,
  .F.,(2,2),(0.,1.),.PIECEWISE_BEZIER_KNOTS.);
#7610 = CARTESIAN_POINT('',(-17.,-6.,0.));
#7611 = CARTESIAN_POINT('',(-18.5,-7.5,-1.5));
#7612 = PCURVE('',#7171,#7613);
#7613 = DEFINITIONAL_REPRESENTATION('',(#7614),#7618);
#7614 = LINE('',#7615,#7616);
#7615 = CARTESIAN_POINT('',(0.,0.));
#7616 = VECTOR('',#7617,1.);
#7617 = DIRECTION('',(0.,1.));
#7618 = ( GEOMETRIC_REPRESENTATION_CONTEXT(2) 
PARAMETRIC_REPRESENTATION_CONTEXT() REPRESENTATION_CONTEXT('2D SPACE',''
  ) );
#7619 = PCURVE('',#7204,#7620);
#7620 = DEFINITIONAL_REPRESENTATION('',(#7621),#7625);
#7621 = LINE('',#7622,#7623);
#7622 = CARTESIAN_POINT('',(3.14159265359,0.));
#7623 = VECTOR('',#7624,1.);
#7624 = DIRECTION('',(0.,1.));
#7625 = ( GEOMETRIC_REPRESENTATION_CONTEXT(2) 
PARAMETRIC_REPRESENTATION_CONTEXT() REPRESENTATION_CONTEXT('2D SPACE',''
  ) );
#7626 = ORIENTED_EDGE('',*,*,#7157,.T.);
#7627 = ORIENTED_EDGE('',*,*,#7560,.F.);
#7628 = ADVANCED_FACE('',(#7629),#7204,.F.);
#7629 = FACE_BOUND('',#7630,.F.);
#7630 = EDGE_LOOP('',(#7631,#7653,#7654,#7655));
#7631 = ORIENTED_EDGE('',*,*,#7632,.T.);
#7632 = EDGE_CURVE('',#7586,#7272,#7633,.T.);
#7633 = SURFACE_CURVE('',#7634,(#7639,#7646),.PCURVE_S1.);
#7634 = CIRCLE('',#7635,1.5);
#7635 = AXIS2_PLACEMENT_3D('',#7636,#7637,#7638);
#7636 = CARTESIAN_POINT('',(-15.5,-6.,0.));
#7637 = DIRECTION('',(0.,0.,1.));
#7638 = DIRECTION('',(1.,0.,0.));
#7639 = PCURVE('',#7204,#7640);
#7640 = DEFINITIONAL_REPRESENTATION('',(#7641),#7645);
#7641 = LINE('',#7642,#7643);
#7642 = CARTESIAN_POINT('',(0.,0.));
#7643 = VECTOR('',#7644,1.);
#7644 = DIRECTION('',(1.,0.));
#7645 = ( GEOMETRIC_REPRESENTATION_CONTEXT(2) 
PARAMETRIC_REPRESENTATION_CONTEXT() REPRESENTATION_CONTEXT('2D SPACE',''
  ) );
#7646 = PCURVE('',#7288,#7647);
#7647 = DEFINITIONAL_REPRESENTATION('',(#7648),#7652);
#7648 = CIRCLE('',#7649,1.5);
#7649 = AXIS2_PLACEMENT_2D('',#7650,#7651);
#7650 = CARTESIAN_POINT('',(-15.5,-6.));
#7651 = DIRECTION('',(1.,0.));
#7652 = ( GEOMETRIC_REPRESENTATION_CONTEXT(2) 
PARAMETRIC_REPRESENTATION_CONTEXT() REPRESENTATION_CONTEXT('2D SPACE',''
  ) );
#7653 = ORIENTED_EDGE('',*,*,#7321,.T.);
#7654 = ORIENTED_EDGE('',*,*,#7189,.T.);
#7655 = ORIENTED_EDGE('',*,*,#7607,.F.);
#7656 = ADVANCED_FACE('',(#7657),#7288,.T.);
#7657 = FACE_BOUND('',#7658,.T.);
#7658 = EDGE_LOOP('',(#7659,#7660,#7661,#7662,#7663,#7664,#7665,#7666));
#7659 = ORIENTED_EDGE('',*,*,#7271,.T.);
#7660 = ORIENTED_EDGE('',*,*,#7344,.T.);
#7661 = ORIENTED_EDGE('',*,*,#7393,.T.);
#7662 = ORIENTED_EDGE('',*,*,#7440,.T.);
#7663 = ORIENTED_EDGE('',*,*,#7489,.T.);
#7664 = ORIENTED_EDGE('',*,*,#7536,.T.);
#7665 = ORIENTED_EDGE('',*,*,#7585,.T.);
#7666 = ORIENTED_EDGE('',*,*,#7632,.T.);
#7667 = ( GEOMETRIC_REPRESENTATION_CONTEXT(3) 
GLOBAL_UNCERTAINTY_ASSIGNED_CONTEXT((#7671)) 
GLOBAL_UNIT_ASSIGNED_CONTEXT((#7668,#7669,#7670)) REPRESENTATION_CONTEXT
('Context #1','3D Context with UNIT and UNCERTAINTY') );
#7668 = ( LENGTH_UNIT() NAMED_UNIT(*) SI_UNIT(.MILLI.,.METRE.) );
#7669 = ( NAMED_UNIT(*) PLANE_ANGLE_UNIT() SI_UNIT($,.RADIAN.) );
#7670 = ( NAMED_UNIT(*) SI_UNIT($,.STERADIAN.) SOLID_ANGLE_UNIT() );
#7671 = UNCERTAINTY_MEASURE_WITH_UNIT(LENGTH_MEASURE(5.E-07),#7668,
  'distance_accuracy_value','confusion accuracy');
#7672 = PRODUCT_RELATED_PRODUCT_CATEGORY('part',$,(#7));
#7673 = MECHANICAL_DESIGN_GEOMETRIC_PRESENTATION_REPRESENTATION('',(
    #7674),#7667);
#7674 = STYLED_ITEM('color',(#7675),#15);
#7675 = PRESENTATION_STYLE_ASSIGNMENT((#7676,#7682));
#7676 = SURFACE_STYLE_USAGE(.BOTH.,#7677);
#7677 = SURFACE_SIDE_STYLE('',(#7678));
#7678 = SURFACE_STYLE_FILL_AREA(#7679);
#7679 = FILL_AREA_STYLE('',(#7680));
#7680 = FILL_AREA_STYLE_COLOUR('',#7681);
#7681 = COLOUR_RGB('',0.250980406631,0.250980406631,0.250980406631);
#7682 = CURVE_STYLE('',#7683,POSITIVE_LENGTH_MEASURE(0.1),#7684);
#7683 = DRAUGHTING_PRE_DEFINED_CURVE_FONT('continuous');
#7684 = COLOUR_RGB('',9.803921802644E-02,9.803921802644E-02,
  9.803921802644E-02);
ENDSEC;
END-ISO-10303-21;
