ISO-10303-21;
HEADER;
FILE_DESCRIPTION(('FreeCAD Model'),'2;1');
FILE_NAME('Open CASCADE Shape Model','2026-07-28T11:19:42',(''),(''),
  'Open CASCADE STEP processor 7.8','FreeCAD','Unknown');
FILE_SCHEMA(('AUTOMOTIVE_DESIGN { 1 0 10303 214 1 1 1 1 }'));
ENDSEC;
DATA;
#1 = APPLICATION_PROTOCOL_DEFINITION('international standard',
  'automotive_design',2000,#2);
#2 = APPLICATION_CONTEXT(
  'core data for automotive mechanical design processes');
#3 = SHAPE_DEFINITION_REPRESENTATION(#4,#10);
#4 = PRODUCT_DEFINITION_SHAPE('','',#5);
#5 = PRODUCT_DEFINITION('design','',#6,#9);
#6 = PRODUCT_DEFINITION_FORMATION('','',#7);
#7 = PRODUCT('Foot','Foot','',(#8));
#8 = PRODUCT_CONTEXT('',#2,'mechanical');
#9 = PRODUCT_DEFINITION_CONTEXT('part definition',#2,'design');
#10 = SHAPE_REPRESENTATION('',(#11,#15,#19),#23);
#11 = AXIS2_PLACEMENT_3D('',#12,#13,#14);
#12 = CARTESIAN_POINT('',(0.,0.,0.));
#13 = DIRECTION('',(0.,0.,1.));
#14 = DIRECTION('',(1.,0.,-0.));
#15 = AXIS2_PLACEMENT_3D('',#16,#17,#18);
#16 = CARTESIAN_POINT('',(0.,0.,0.));
#17 = DIRECTION('',(0.,0.,1.));
#18 = DIRECTION('',(1.,0.,0.));
#19 = AXIS2_PLACEMENT_3D('',#20,#21,#22);
#20 = CARTESIAN_POINT('',(0.,0.,1.6));
#21 = DIRECTION('',(0.,0.,1.));
#22 = DIRECTION('',(1.,0.,0.));
#23 = ( GEOMETRIC_REPRESENTATION_CONTEXT(3) 
GLOBAL_UNCERTAINTY_ASSIGNED_CONTEXT((#27)) GLOBAL_UNIT_ASSIGNED_CONTEXT(
(#24,#25,#26)) REPRESENTATION_CONTEXT('Context #1',
  '3D Context with UNIT and UNCERTAINTY') );
#24 = ( LENGTH_UNIT() NAMED_UNIT(*) SI_UNIT(.MILLI.,.METRE.) );
#25 = ( NAMED_UNIT(*) PLANE_ANGLE_UNIT() SI_UNIT($,.RADIAN.) );
#26 = ( NAMED_UNIT(*) SI_UNIT($,.STERADIAN.) SOLID_ANGLE_UNIT() );
#27 = UNCERTAINTY_MEASURE_WITH_UNIT(LENGTH_MEASURE(1.E-07),#24,
  'distance_accuracy_value','confusion accuracy');
#28 = PRODUCT_RELATED_PRODUCT_CATEGORY('part',$,(#7));
#29 = SHAPE_DEFINITION_REPRESENTATION(#30,#36);
#30 = PRODUCT_DEFINITION_SHAPE('','',#31);
#31 = PRODUCT_DEFINITION('design','',#32,#35);
#32 = PRODUCT_DEFINITION_FORMATION('','',#33);
#33 = PRODUCT('Standoff','Standoff','',(#34));
#34 = PRODUCT_CONTEXT('',#2,'mechanical');
#35 = PRODUCT_DEFINITION_CONTEXT('part definition',#2,'design');
#36 = ADVANCED_BREP_SHAPE_REPRESENTATION('',(#11,#37),#544);
#37 = MANIFOLD_SOLID_BREP('',#38);
#38 = CLOSED_SHELL('',(#39,#143,#203,#242,#246,#305,#340,#395,#450,#485,
    #540));
#39 = ADVANCED_FACE('',(#40),#54,.T.);
#40 = FACE_BOUND('',#41,.F.);
#41 = EDGE_LOOP('',(#42,#72,#111,#112));
#42 = ORIENTED_EDGE('',*,*,#43,.T.);
#43 = EDGE_CURVE('',#44,#46,#48,.T.);
#44 = VERTEX_POINT('',#45);
#45 = CARTESIAN_POINT('',(3.75,0.,-5.));
#46 = VERTEX_POINT('',#47);
#47 = CARTESIAN_POINT('',(3.75,0.,-5.1));
#48 = SEAM_CURVE('',#49,(#53,#65),.PCURVE_S1.);
#49 = LINE('',#50,#51);
#50 = CARTESIAN_POINT('',(3.75,0.,-5.));
#51 = VECTOR('',#52,1.);
#52 = DIRECTION('',(0.,0.,-1.));
#53 = PCURVE('',#54,#59);
#54 = CYLINDRICAL_SURFACE('',#55,3.75);
#55 = AXIS2_PLACEMENT_3D('',#56,#57,#58);
#56 = CARTESIAN_POINT('',(0.,0.,-5.));
#57 = DIRECTION('',(0.,0.,1.));
#58 = DIRECTION('',(1.,0.,0.));
#59 = DEFINITIONAL_REPRESENTATION('',(#60),#64);
#60 = LINE('',#61,#62);
#61 = CARTESIAN_POINT('',(-0.,0.));
#62 = VECTOR('',#63,1.);
#63 = DIRECTION('',(-0.,-1.));
#64 = ( GEOMETRIC_REPRESENTATION_CONTEXT(2) 
PARAMETRIC_REPRESENTATION_CONTEXT() REPRESENTATION_CONTEXT('2D SPACE',''
  ) );
#65 = PCURVE('',#54,#66);
#66 = DEFINITIONAL_REPRESENTATION('',(#67),#71);
#67 = LINE('',#68,#69);
#68 = CARTESIAN_POINT('',(-6.28318530718,0.));
#69 = VECTOR('',#70,1.);
#70 = DIRECTION('',(-0.,-1.));
#71 = ( GEOMETRIC_REPRESENTATION_CONTEXT(2) 
PARAMETRIC_REPRESENTATION_CONTEXT() REPRESENTATION_CONTEXT('2D SPACE',''
  ) );
#72 = ORIENTED_EDGE('',*,*,#73,.T.);
#73 = EDGE_CURVE('',#46,#46,#74,.T.);
#74 = SURFACE_CURVE('',#75,(#80,#87),.PCURVE_S1.);
#75 = CIRCLE('',#76,3.75);
#76 = AXIS2_PLACEMENT_3D('',#77,#78,#79);
#77 = CARTESIAN_POINT('',(0.,0.,-5.1));
#78 = DIRECTION('',(0.,0.,-1.));
#79 = DIRECTION('',(1.,0.,0.));
#80 = PCURVE('',#54,#81);
#81 = DEFINITIONAL_REPRESENTATION('',(#82),#86);
#82 = LINE('',#83,#84);
#83 = CARTESIAN_POINT('',(-0.,-1.E-01));
#84 = VECTOR('',#85,1.);
#85 = DIRECTION('',(-1.,0.));
#86 = ( GEOMETRIC_REPRESENTATION_CONTEXT(2) 
PARAMETRIC_REPRESENTATION_CONTEXT() REPRESENTATION_CONTEXT('2D SPACE',''
  ) );
#87 = PCURVE('',#88,#105);
#88 = SURFACE_OF_REVOLUTION('',#89,#102);
#89 = B_SPLINE_CURVE_WITH_KNOTS('',6,(#90,#91,#92,#93,#94,#95,#96,#97,
    #98,#99,#100,#101),.UNSPECIFIED.,.F.,.F.,(7,5,7),(0.,0.785398163397,
    1.570796326795),.UNSPECIFIED.);
#90 = CARTESIAN_POINT('',(3.75,0.,-5.1));
#91 = CARTESIAN_POINT('',(3.75,0.,-5.479609112309));
#92 = CARTESIAN_POINT('',(3.690371373974,0.,-5.859217590566));
#93 = CARTESIAN_POINT('',(3.571112568491,0.,-6.227121730613));
#94 = CARTESIAN_POINT('',(3.39529376631,0.,-6.57159795294));
#95 = CARTESIAN_POINT('',(3.169033842955,0.,-6.882185487927));
#96 = CARTESIAN_POINT('',(2.632185487927,0.,-7.419033842955));
#97 = CARTESIAN_POINT('',(2.32159795294,0.,-7.64529376631));
#98 = CARTESIAN_POINT('',(1.977121730613,0.,-7.821112568491));
#99 = CARTESIAN_POINT('',(1.609217590566,0.,-7.940371373974));
#100 = CARTESIAN_POINT('',(1.229609112309,0.,-8.));
#101 = CARTESIAN_POINT('',(0.85,0.,-8.));
#102 = AXIS1_PLACEMENT('',#103,#104);
#103 = CARTESIAN_POINT('',(0.,0.,-5.1));
#104 = DIRECTION('',(-0.,-0.,-1.));
#105 = DEFINITIONAL_REPRESENTATION('',(#106),#110);
#106 = LINE('',#107,#108);
#107 = CARTESIAN_POINT('',(0.,0.));
#108 = VECTOR('',#109,1.);
#109 = DIRECTION('',(1.,0.));
#110 = ( GEOMETRIC_REPRESENTATION_CONTEXT(2) 
PARAMETRIC_REPRESENTATION_CONTEXT() REPRESENTATION_CONTEXT('2D SPACE',''
  ) );
#111 = ORIENTED_EDGE('',*,*,#43,.F.);
#112 = ORIENTED_EDGE('',*,*,#113,.F.);
#113 = EDGE_CURVE('',#44,#44,#114,.T.);
#114 = SURFACE_CURVE('',#115,(#120,#127),.PCURVE_S1.);
#115 = CIRCLE('',#116,3.75);
#116 = AXIS2_PLACEMENT_3D('',#117,#118,#119);
#117 = CARTESIAN_POINT('',(0.,0.,-5.));
#118 = DIRECTION('',(0.,0.,-1.));
#119 = DIRECTION('',(1.,0.,0.));
#120 = PCURVE('',#54,#121);
#121 = DEFINITIONAL_REPRESENTATION('',(#122),#126);
#122 = LINE('',#123,#124);
#123 = CARTESIAN_POINT('',(-0.,0.));
#124 = VECTOR('',#125,1.);
#125 = DIRECTION('',(-1.,0.));
#126 = ( GEOMETRIC_REPRESENTATION_CONTEXT(2) 
PARAMETRIC_REPRESENTATION_CONTEXT() REPRESENTATION_CONTEXT('2D SPACE',''
  ) );
#127 = PCURVE('',#128,#133);
#128 = PLANE('',#129);
#129 = AXIS2_PLACEMENT_3D('',#130,#131,#132);
#130 = CARTESIAN_POINT('',(-2.6E-16,-3.5E-16,-5.));
#131 = DIRECTION('',(0.,0.,1.));
#132 = DIRECTION('',(1.,0.,0.));
#133 = DEFINITIONAL_REPRESENTATION('',(#134),#142);
#134 = ( BOUNDED_CURVE() B_SPLINE_CURVE(2,(#135,#136,#137,#138,#139,#140
,#141),.UNSPECIFIED.,.T.,.F.) B_SPLINE_CURVE_WITH_KNOTS((1,2,2,2,2,1),(
    -2.094395102393,0.,2.094395102393,4.188790204786,6.28318530718,
8.377580409573),.UNSPECIFIED.) CURVE() GEOMETRIC_REPRESENTATION_ITEM() 
RATIONAL_B_SPLINE_CURVE((1.,0.5,1.,0.5,1.,0.5,1.)) REPRESENTATION_ITEM(
  '') );
#135 = CARTESIAN_POINT('',(3.75,3.5E-16));
#136 = CARTESIAN_POINT('',(3.75,-6.495190528383));
#137 = CARTESIAN_POINT('',(-1.875,-3.247595264192));
#138 = CARTESIAN_POINT('',(-7.5,-5.684850993605E-16));
#139 = CARTESIAN_POINT('',(-1.875,3.247595264192));
#140 = CARTESIAN_POINT('',(3.75,6.495190528383));
#141 = CARTESIAN_POINT('',(3.75,3.5E-16));
#142 = ( GEOMETRIC_REPRESENTATION_CONTEXT(2) 
PARAMETRIC_REPRESENTATION_CONTEXT() REPRESENTATION_CONTEXT('2D SPACE',''
  ) );
#143 = ADVANCED_FACE('',(#144),#88,.T.);
#144 = FACE_BOUND('',#145,.T.);
#145 = EDGE_LOOP('',(#146,#170,#171,#172));
#146 = ORIENTED_EDGE('',*,*,#147,.F.);
#147 = EDGE_CURVE('',#46,#148,#150,.T.);
#148 = VERTEX_POINT('',#149);
#149 = CARTESIAN_POINT('',(0.85,0.,-8.));
#150 = SEAM_CURVE('',#151,(#156,#163),.PCURVE_S1.);
#151 = CIRCLE('',#152,2.9);
#152 = AXIS2_PLACEMENT_3D('',#153,#154,#155);
#153 = CARTESIAN_POINT('',(0.85,0.,-5.1));
#154 = DIRECTION('',(-0.,1.,0.));
#155 = DIRECTION('',(1.,0.,0.));
#156 = PCURVE('',#88,#157);
#157 = DEFINITIONAL_REPRESENTATION('',(#158),#162);
#158 = LINE('',#159,#160);
#159 = CARTESIAN_POINT('',(0.,0.));
#160 = VECTOR('',#161,1.);
#161 = DIRECTION('',(0.,1.));
#162 = ( GEOMETRIC_REPRESENTATION_CONTEXT(2) 
PARAMETRIC_REPRESENTATION_CONTEXT() REPRESENTATION_CONTEXT('2D SPACE',''
  ) );
#163 = PCURVE('',#88,#164);
#164 = DEFINITIONAL_REPRESENTATION('',(#165),#169);
#165 = LINE('',#166,#167);
#166 = CARTESIAN_POINT('',(6.28318530718,0.));
#167 = VECTOR('',#168,1.);
#168 = DIRECTION('',(0.,1.));
#169 = ( GEOMETRIC_REPRESENTATION_CONTEXT(2) 
PARAMETRIC_REPRESENTATION_CONTEXT() REPRESENTATION_CONTEXT('2D SPACE',''
  ) );
#170 = ORIENTED_EDGE('',*,*,#73,.T.);
#171 = ORIENTED_EDGE('',*,*,#147,.T.);
#172 = ORIENTED_EDGE('',*,*,#173,.F.);
#173 = EDGE_CURVE('',#148,#148,#174,.T.);
#174 = SURFACE_CURVE('',#175,(#180,#187),.PCURVE_S1.);
#175 = CIRCLE('',#176,0.85);
#176 = AXIS2_PLACEMENT_3D('',#177,#178,#179);
#177 = CARTESIAN_POINT('',(0.,0.,-8.));
#178 = DIRECTION('',(0.,0.,-1.));
#179 = DIRECTION('',(1.,0.,0.));
#180 = PCURVE('',#88,#181);
#181 = DEFINITIONAL_REPRESENTATION('',(#182),#186);
#182 = LINE('',#183,#184);
#183 = CARTESIAN_POINT('',(0.,1.570796326795));
#184 = VECTOR('',#185,1.);
#185 = DIRECTION('',(1.,0.));
#186 = ( GEOMETRIC_REPRESENTATION_CONTEXT(2) 
PARAMETRIC_REPRESENTATION_CONTEXT() REPRESENTATION_CONTEXT('2D SPACE',''
  ) );
#187 = PCURVE('',#188,#193);
#188 = PLANE('',#189);
#189 = AXIS2_PLACEMENT_3D('',#190,#191,#192);
#190 = CARTESIAN_POINT('',(-2.7E-16,-3.E-17,-8.));
#191 = DIRECTION('',(0.,0.,1.));
#192 = DIRECTION('',(1.,0.,0.));
#193 = DEFINITIONAL_REPRESENTATION('',(#194),#202);
#194 = ( BOUNDED_CURVE() B_SPLINE_CURVE(2,(#195,#196,#197,#198,#199,#200
,#201),.UNSPECIFIED.,.T.,.F.) B_SPLINE_CURVE_WITH_KNOTS((1,2,2,2,2,1),(
    -2.094395102393,0.,2.094395102393,4.188790204786,6.28318530718,
8.377580409573),.UNSPECIFIED.) CURVE() GEOMETRIC_REPRESENTATION_ITEM() 
RATIONAL_B_SPLINE_CURVE((1.,0.5,1.,0.5,1.,0.5,1.)) REPRESENTATION_ITEM(
  '') );
#195 = CARTESIAN_POINT('',(0.85,3.E-17));
#196 = CARTESIAN_POINT('',(0.85,-1.472243186434));
#197 = CARTESIAN_POINT('',(-0.425,-0.736121593217));
#198 = CARTESIAN_POINT('',(-1.7,-1.781899558551E-16));
#199 = CARTESIAN_POINT('',(-0.425,0.736121593217));
#200 = CARTESIAN_POINT('',(0.85,1.472243186434));
#201 = CARTESIAN_POINT('',(0.85,3.E-17));
#202 = ( GEOMETRIC_REPRESENTATION_CONTEXT(2) 
PARAMETRIC_REPRESENTATION_CONTEXT() REPRESENTATION_CONTEXT('2D SPACE',''
  ) );
#203 = ADVANCED_FACE('',(#204,#239),#128,.F.);
#204 = FACE_BOUND('',#205,.F.);
#205 = EDGE_LOOP('',(#206));
#206 = ORIENTED_EDGE('',*,*,#207,.F.);
#207 = EDGE_CURVE('',#208,#208,#210,.T.);
#208 = VERTEX_POINT('',#209);
#209 = CARTESIAN_POINT('',(4.,0.,-5.));
#210 = SURFACE_CURVE('',#211,(#216,#227),.PCURVE_S1.);
#211 = CIRCLE('',#212,4.);
#212 = AXIS2_PLACEMENT_3D('',#213,#214,#215);
#213 = CARTESIAN_POINT('',(0.,0.,-5.));
#214 = DIRECTION('',(0.,0.,-1.));
#215 = DIRECTION('',(1.,0.,0.));
#216 = PCURVE('',#128,#217);
#217 = DEFINITIONAL_REPRESENTATION('',(#218),#226);
#218 = ( BOUNDED_CURVE() B_SPLINE_CURVE(2,(#219,#220,#221,#222,#223,#224
,#225),.UNSPECIFIED.,.T.,.F.) B_SPLINE_CURVE_WITH_KNOTS((1,2,2,2,2,1),(
    -2.094395102393,0.,2.094395102393,4.188790204786,6.28318530718,
8.377580409573),.UNSPECIFIED.) CURVE() GEOMETRIC_REPRESENTATION_ITEM() 
RATIONAL_B_SPLINE_CURVE((1.,0.5,1.,0.5,1.,0.5,1.)) REPRESENTATION_ITEM(
  '') );
#219 = CARTESIAN_POINT('',(4.,3.5E-16));
#220 = CARTESIAN_POINT('',(4.,-6.928203230276));
#221 = CARTESIAN_POINT('',(-2.,-3.464101615138));
#222 = CARTESIAN_POINT('',(-8.,-6.297174393179E-16));
#223 = CARTESIAN_POINT('',(-2.,3.464101615138));
#224 = CARTESIAN_POINT('',(4.,6.928203230276));
#225 = CARTESIAN_POINT('',(4.,3.5E-16));
#226 = ( GEOMETRIC_REPRESENTATION_CONTEXT(2) 
PARAMETRIC_REPRESENTATION_CONTEXT() REPRESENTATION_CONTEXT('2D SPACE',''
  ) );
#227 = PCURVE('',#228,#233);
#228 = CYLINDRICAL_SURFACE('',#229,4.);
#229 = AXIS2_PLACEMENT_3D('',#230,#231,#232);
#230 = CARTESIAN_POINT('',(0.,0.,-6.));
#231 = DIRECTION('',(0.,0.,-1.));
#232 = DIRECTION('',(1.,0.,0.));
#233 = DEFINITIONAL_REPRESENTATION('',(#234),#238);
#234 = LINE('',#235,#236);
#235 = CARTESIAN_POINT('',(0.,-1.));
#236 = VECTOR('',#237,1.);
#237 = DIRECTION('',(1.,0.));
#238 = ( GEOMETRIC_REPRESENTATION_CONTEXT(2) 
PARAMETRIC_REPRESENTATION_CONTEXT() REPRESENTATION_CONTEXT('2D SPACE',''
  ) );
#239 = FACE_BOUND('',#240,.F.);
#240 = EDGE_LOOP('',(#241));
#241 = ORIENTED_EDGE('',*,*,#113,.T.);
#242 = ADVANCED_FACE('',(#243),#188,.F.);
#243 = FACE_BOUND('',#244,.F.);
#244 = EDGE_LOOP('',(#245));
#245 = ORIENTED_EDGE('',*,*,#173,.F.);
#246 = ADVANCED_FACE('',(#247),#228,.F.);
#247 = FACE_BOUND('',#248,.F.);
#248 = EDGE_LOOP('',(#249,#272,#273,#274));
#249 = ORIENTED_EDGE('',*,*,#250,.T.);
#250 = EDGE_CURVE('',#251,#208,#253,.T.);
#251 = VERTEX_POINT('',#252);
#252 = CARTESIAN_POINT('',(4.,0.,-6.));
#253 = SEAM_CURVE('',#254,(#258,#265),.PCURVE_S1.);
#254 = LINE('',#255,#256);
#255 = CARTESIAN_POINT('',(4.,0.,-6.));
#256 = VECTOR('',#257,1.);
#257 = DIRECTION('',(0.,0.,1.));
#258 = PCURVE('',#228,#259);
#259 = DEFINITIONAL_REPRESENTATION('',(#260),#264);
#260 = LINE('',#261,#262);
#261 = CARTESIAN_POINT('',(0.,0.));
#262 = VECTOR('',#263,1.);
#263 = DIRECTION('',(0.,-1.));
#264 = ( GEOMETRIC_REPRESENTATION_CONTEXT(2) 
PARAMETRIC_REPRESENTATION_CONTEXT() REPRESENTATION_CONTEXT('2D SPACE',''
  ) );
#265 = PCURVE('',#228,#266);
#266 = DEFINITIONAL_REPRESENTATION('',(#267),#271);
#267 = LINE('',#268,#269);
#268 = CARTESIAN_POINT('',(6.28318530718,0.));
#269 = VECTOR('',#270,1.);
#270 = DIRECTION('',(0.,-1.));
#271 = ( GEOMETRIC_REPRESENTATION_CONTEXT(2) 
PARAMETRIC_REPRESENTATION_CONTEXT() REPRESENTATION_CONTEXT('2D SPACE',''
  ) );
#272 = ORIENTED_EDGE('',*,*,#207,.T.);
#273 = ORIENTED_EDGE('',*,*,#250,.F.);
#274 = ORIENTED_EDGE('',*,*,#275,.F.);
#275 = EDGE_CURVE('',#251,#251,#276,.T.);
#276 = SURFACE_CURVE('',#277,(#282,#289),.PCURVE_S1.);
#277 = CIRCLE('',#278,4.);
#278 = AXIS2_PLACEMENT_3D('',#279,#280,#281);
#279 = CARTESIAN_POINT('',(0.,0.,-6.));
#280 = DIRECTION('',(0.,0.,-1.));
#281 = DIRECTION('',(1.,0.,0.));
#282 = PCURVE('',#228,#283);
#283 = DEFINITIONAL_REPRESENTATION('',(#284),#288);
#284 = LINE('',#285,#286);
#285 = CARTESIAN_POINT('',(0.,0.));
#286 = VECTOR('',#287,1.);
#287 = DIRECTION('',(1.,0.));
#288 = ( GEOMETRIC_REPRESENTATION_CONTEXT(2) 
PARAMETRIC_REPRESENTATION_CONTEXT() REPRESENTATION_CONTEXT('2D SPACE',''
  ) );
#289 = PCURVE('',#290,#295);
#290 = PLANE('',#291);
#291 = AXIS2_PLACEMENT_3D('',#292,#293,#294);
#292 = CARTESIAN_POINT('',(-2.3E-16,2.9E-16,-6.));
#293 = DIRECTION('',(0.,0.,1.));
#294 = DIRECTION('',(1.,0.,0.));
#295 = DEFINITIONAL_REPRESENTATION('',(#296),#304);
#296 = ( BOUNDED_CURVE() B_SPLINE_CURVE(2,(#297,#298,#299,#300,#301,#302
,#303),.UNSPECIFIED.,.T.,.F.) B_SPLINE_CURVE_WITH_KNOTS((1,2,2,2,2,1),(
    -2.094395102393,0.,2.094395102393,4.188790204786,6.28318530718,
8.377580409573),.UNSPECIFIED.) CURVE() GEOMETRIC_REPRESENTATION_ITEM() 
RATIONAL_B_SPLINE_CURVE((1.,0.5,1.,0.5,1.,0.5,1.)) REPRESENTATION_ITEM(
  '') );
#297 = CARTESIAN_POINT('',(4.,-2.9E-16));
#298 = CARTESIAN_POINT('',(4.,-6.928203230276));
#299 = CARTESIAN_POINT('',(-2.,-3.464101615138));
#300 = CARTESIAN_POINT('',(-8.,-1.269717439318E-15));
#301 = CARTESIAN_POINT('',(-2.,3.464101615138));
#302 = CARTESIAN_POINT('',(4.,6.928203230276));
#303 = CARTESIAN_POINT('',(4.,-2.9E-16));
#304 = ( GEOMETRIC_REPRESENTATION_CONTEXT(2) 
PARAMETRIC_REPRESENTATION_CONTEXT() REPRESENTATION_CONTEXT('2D SPACE',''
  ) );
#305 = ADVANCED_FACE('',(#306,#337),#290,.F.);
#306 = FACE_BOUND('',#307,.F.);
#307 = EDGE_LOOP('',(#308));
#308 = ORIENTED_EDGE('',*,*,#309,.T.);
#309 = EDGE_CURVE('',#310,#310,#312,.T.);
#310 = VERTEX_POINT('',#311);
#311 = CARTESIAN_POINT('',(4.5,0.,-6.));
#312 = SURFACE_CURVE('',#313,(#318,#325),.PCURVE_S1.);
#313 = CIRCLE('',#314,4.5);
#314 = AXIS2_PLACEMENT_3D('',#315,#316,#317);
#315 = CARTESIAN_POINT('',(0.,0.,-6.));
#316 = DIRECTION('',(0.,0.,1.));
#317 = DIRECTION('',(1.,0.,0.));
#318 = PCURVE('',#290,#319);
#319 = DEFINITIONAL_REPRESENTATION('',(#320),#324);
#320 = CIRCLE('',#321,4.5);
#321 = AXIS2_PLACEMENT_2D('',#322,#323);
#322 = CARTESIAN_POINT('',(2.3E-16,-2.9E-16));
#323 = DIRECTION('',(1.,0.));
#324 = ( GEOMETRIC_REPRESENTATION_CONTEXT(2) 
PARAMETRIC_REPRESENTATION_CONTEXT() REPRESENTATION_CONTEXT('2D SPACE',''
  ) );
#325 = PCURVE('',#326,#331);
#326 = CONICAL_SURFACE('',#327,5.,0.785398163397);
#327 = AXIS2_PLACEMENT_3D('',#328,#329,#330);
#328 = CARTESIAN_POINT('',(0.,0.,-5.5));
#329 = DIRECTION('',(0.,0.,1.));
#330 = DIRECTION('',(1.,0.,0.));
#331 = DEFINITIONAL_REPRESENTATION('',(#332),#336);
#332 = LINE('',#333,#334);
#333 = CARTESIAN_POINT('',(0.,-0.5));
#334 = VECTOR('',#335,1.);
#335 = DIRECTION('',(1.,-0.));
#336 = ( GEOMETRIC_REPRESENTATION_CONTEXT(2) 
PARAMETRIC_REPRESENTATION_CONTEXT() REPRESENTATION_CONTEXT('2D SPACE',''
  ) );
#337 = FACE_BOUND('',#338,.F.);
#338 = EDGE_LOOP('',(#339));
#339 = ORIENTED_EDGE('',*,*,#275,.T.);
#340 = ADVANCED_FACE('',(#341),#326,.T.);
#341 = FACE_BOUND('',#342,.F.);
#342 = EDGE_LOOP('',(#343,#366,#393,#394));
#343 = ORIENTED_EDGE('',*,*,#344,.F.);
#344 = EDGE_CURVE('',#345,#310,#347,.T.);
#345 = VERTEX_POINT('',#346);
#346 = CARTESIAN_POINT('',(5.,0.,-5.5));
#347 = SEAM_CURVE('',#348,(#352,#359),.PCURVE_S1.);
#348 = LINE('',#349,#350);
#349 = CARTESIAN_POINT('',(5.,0.,-5.5));
#350 = VECTOR('',#351,1.);
#351 = DIRECTION('',(-0.707106781187,-0.,-0.707106781187));
#352 = PCURVE('',#326,#353);
#353 = DEFINITIONAL_REPRESENTATION('',(#354),#358);
#354 = LINE('',#355,#356);
#355 = CARTESIAN_POINT('',(0.,-0.));
#356 = VECTOR('',#357,1.);
#357 = DIRECTION('',(0.,-1.));
#358 = ( GEOMETRIC_REPRESENTATION_CONTEXT(2) 
PARAMETRIC_REPRESENTATION_CONTEXT() REPRESENTATION_CONTEXT('2D SPACE',''
  ) );
#359 = PCURVE('',#326,#360);
#360 = DEFINITIONAL_REPRESENTATION('',(#361),#365);
#361 = LINE('',#362,#363);
#362 = CARTESIAN_POINT('',(6.28318530718,-0.));
#363 = VECTOR('',#364,1.);
#364 = DIRECTION('',(0.,-1.));
#365 = ( GEOMETRIC_REPRESENTATION_CONTEXT(2) 
PARAMETRIC_REPRESENTATION_CONTEXT() REPRESENTATION_CONTEXT('2D SPACE',''
  ) );
#366 = ORIENTED_EDGE('',*,*,#367,.T.);
#367 = EDGE_CURVE('',#345,#345,#368,.T.);
#368 = SURFACE_CURVE('',#369,(#374,#381),.PCURVE_S1.);
#369 = CIRCLE('',#370,5.);
#370 = AXIS2_PLACEMENT_3D('',#371,#372,#373);
#371 = CARTESIAN_POINT('',(0.,0.,-5.5));
#372 = DIRECTION('',(0.,0.,1.));
#373 = DIRECTION('',(1.,0.,0.));
#374 = PCURVE('',#326,#375);
#375 = DEFINITIONAL_REPRESENTATION('',(#376),#380);
#376 = LINE('',#377,#378);
#377 = CARTESIAN_POINT('',(0.,-0.));
#378 = VECTOR('',#379,1.);
#379 = DIRECTION('',(1.,-0.));
#380 = ( GEOMETRIC_REPRESENTATION_CONTEXT(2) 
PARAMETRIC_REPRESENTATION_CONTEXT() REPRESENTATION_CONTEXT('2D SPACE',''
  ) );
#381 = PCURVE('',#382,#387);
#382 = CYLINDRICAL_SURFACE('',#383,5.);
#383 = AXIS2_PLACEMENT_3D('',#384,#385,#386);
#384 = CARTESIAN_POINT('',(0.,0.,0.));
#385 = DIRECTION('',(0.,0.,1.));
#386 = DIRECTION('',(1.,0.,0.));
#387 = DEFINITIONAL_REPRESENTATION('',(#388),#392);
#388 = LINE('',#389,#390);
#389 = CARTESIAN_POINT('',(0.,-5.5));
#390 = VECTOR('',#391,1.);
#391 = DIRECTION('',(1.,0.));
#392 = ( GEOMETRIC_REPRESENTATION_CONTEXT(2) 
PARAMETRIC_REPRESENTATION_CONTEXT() REPRESENTATION_CONTEXT('2D SPACE',''
  ) );
#393 = ORIENTED_EDGE('',*,*,#344,.T.);
#394 = ORIENTED_EDGE('',*,*,#309,.F.);
#395 = ADVANCED_FACE('',(#396),#382,.T.);
#396 = FACE_BOUND('',#397,.T.);
#397 = EDGE_LOOP('',(#398,#421,#422,#423));
#398 = ORIENTED_EDGE('',*,*,#399,.T.);
#399 = EDGE_CURVE('',#400,#345,#402,.T.);
#400 = VERTEX_POINT('',#401);
#401 = CARTESIAN_POINT('',(5.,0.,0.));
#402 = SEAM_CURVE('',#403,(#407,#414),.PCURVE_S1.);
#403 = LINE('',#404,#405);
#404 = CARTESIAN_POINT('',(5.,0.,0.));
#405 = VECTOR('',#406,1.);
#406 = DIRECTION('',(-0.,-0.,-1.));
#407 = PCURVE('',#382,#408);
#408 = DEFINITIONAL_REPRESENTATION('',(#409),#413);
#409 = LINE('',#410,#411);
#410 = CARTESIAN_POINT('',(0.,0.));
#411 = VECTOR('',#412,1.);
#412 = DIRECTION('',(0.,-1.));
#413 = ( GEOMETRIC_REPRESENTATION_CONTEXT(2) 
PARAMETRIC_REPRESENTATION_CONTEXT() REPRESENTATION_CONTEXT('2D SPACE',''
  ) );
#414 = PCURVE('',#382,#415);
#415 = DEFINITIONAL_REPRESENTATION('',(#416),#420);
#416 = LINE('',#417,#418);
#417 = CARTESIAN_POINT('',(6.28318530718,0.));
#418 = VECTOR('',#419,1.);
#419 = DIRECTION('',(0.,-1.));
#420 = ( GEOMETRIC_REPRESENTATION_CONTEXT(2) 
PARAMETRIC_REPRESENTATION_CONTEXT() REPRESENTATION_CONTEXT('2D SPACE',''
  ) );
#421 = ORIENTED_EDGE('',*,*,#367,.T.);
#422 = ORIENTED_EDGE('',*,*,#399,.F.);
#423 = ORIENTED_EDGE('',*,*,#424,.F.);
#424 = EDGE_CURVE('',#400,#400,#425,.T.);
#425 = SURFACE_CURVE('',#426,(#431,#438),.PCURVE_S1.);
#426 = CIRCLE('',#427,5.);
#427 = AXIS2_PLACEMENT_3D('',#428,#429,#430);
#428 = CARTESIAN_POINT('',(0.,0.,0.));
#429 = DIRECTION('',(0.,0.,1.));
#430 = DIRECTION('',(1.,0.,0.));
#431 = PCURVE('',#382,#432);
#432 = DEFINITIONAL_REPRESENTATION('',(#433),#437);
#433 = LINE('',#434,#435);
#434 = CARTESIAN_POINT('',(0.,0.));
#435 = VECTOR('',#436,1.);
#436 = DIRECTION('',(1.,0.));
#437 = ( GEOMETRIC_REPRESENTATION_CONTEXT(2) 
PARAMETRIC_REPRESENTATION_CONTEXT() REPRESENTATION_CONTEXT('2D SPACE',''
  ) );
#438 = PCURVE('',#439,#444);
#439 = PLANE('',#440);
#440 = AXIS2_PLACEMENT_3D('',#441,#442,#443);
#441 = CARTESIAN_POINT('',(-2.3E-16,2.9E-16,0.));
#442 = DIRECTION('',(0.,0.,1.));
#443 = DIRECTION('',(1.,0.,0.));
#444 = DEFINITIONAL_REPRESENTATION('',(#445),#449);
#445 = CIRCLE('',#446,5.);
#446 = AXIS2_PLACEMENT_2D('',#447,#448);
#447 = CARTESIAN_POINT('',(2.3E-16,-2.9E-16));
#448 = DIRECTION('',(1.,0.));
#449 = ( GEOMETRIC_REPRESENTATION_CONTEXT(2) 
PARAMETRIC_REPRESENTATION_CONTEXT() REPRESENTATION_CONTEXT('2D SPACE',''
  ) );
#450 = ADVANCED_FACE('',(#451,#454),#439,.T.);
#451 = FACE_BOUND('',#452,.T.);
#452 = EDGE_LOOP('',(#453));
#453 = ORIENTED_EDGE('',*,*,#424,.T.);
#454 = FACE_BOUND('',#455,.F.);
#455 = EDGE_LOOP('',(#456));
#456 = ORIENTED_EDGE('',*,*,#457,.T.);
#457 = EDGE_CURVE('',#458,#458,#460,.T.);
#458 = VERTEX_POINT('',#459);
#459 = CARTESIAN_POINT('',(1.6,0.,0.));
#460 = SURFACE_CURVE('',#461,(#466,#473),.PCURVE_S1.);
#461 = CIRCLE('',#462,1.6);
#462 = AXIS2_PLACEMENT_3D('',#463,#464,#465);
#463 = CARTESIAN_POINT('',(0.,0.,0.));
#464 = DIRECTION('',(0.,0.,1.));
#465 = DIRECTION('',(1.,0.,0.));
#466 = PCURVE('',#439,#467);
#467 = DEFINITIONAL_REPRESENTATION('',(#468),#472);
#468 = CIRCLE('',#469,1.6);
#469 = AXIS2_PLACEMENT_2D('',#470,#471);
#470 = CARTESIAN_POINT('',(2.3E-16,-2.9E-16));
#471 = DIRECTION('',(1.,0.));
#472 = ( GEOMETRIC_REPRESENTATION_CONTEXT(2) 
PARAMETRIC_REPRESENTATION_CONTEXT() REPRESENTATION_CONTEXT('2D SPACE',''
  ) );
#473 = PCURVE('',#474,#479);
#474 = CYLINDRICAL_SURFACE('',#475,1.6);
#475 = AXIS2_PLACEMENT_3D('',#476,#477,#478);
#476 = CARTESIAN_POINT('',(0.,0.,0.));
#477 = DIRECTION('',(0.,0.,1.));
#478 = DIRECTION('',(1.,0.,0.));
#479 = DEFINITIONAL_REPRESENTATION('',(#480),#484);
#480 = LINE('',#481,#482);
#481 = CARTESIAN_POINT('',(0.,0.));
#482 = VECTOR('',#483,1.);
#483 = DIRECTION('',(1.,0.));
#484 = ( GEOMETRIC_REPRESENTATION_CONTEXT(2) 
PARAMETRIC_REPRESENTATION_CONTEXT() REPRESENTATION_CONTEXT('2D SPACE',''
  ) );
#485 = ADVANCED_FACE('',(#486),#474,.F.);
#486 = FACE_BOUND('',#487,.F.);
#487 = EDGE_LOOP('',(#488,#511,#512,#513));
#488 = ORIENTED_EDGE('',*,*,#489,.F.);
#489 = EDGE_CURVE('',#458,#490,#492,.T.);
#490 = VERTEX_POINT('',#491);
#491 = CARTESIAN_POINT('',(1.6,0.,-5.));
#492 = SEAM_CURVE('',#493,(#497,#504),.PCURVE_S1.);
#493 = LINE('',#494,#495);
#494 = CARTESIAN_POINT('',(1.6,0.,0.));
#495 = VECTOR('',#496,1.);
#496 = DIRECTION('',(-0.,-0.,-1.));
#497 = PCURVE('',#474,#498);
#498 = DEFINITIONAL_REPRESENTATION('',(#499),#503);
#499 = LINE('',#500,#501);
#500 = CARTESIAN_POINT('',(6.28318530718,0.));
#501 = VECTOR('',#502,1.);
#502 = DIRECTION('',(0.,-1.));
#503 = ( GEOMETRIC_REPRESENTATION_CONTEXT(2) 
PARAMETRIC_REPRESENTATION_CONTEXT() REPRESENTATION_CONTEXT('2D SPACE',''
  ) );
#504 = PCURVE('',#474,#505);
#505 = DEFINITIONAL_REPRESENTATION('',(#506),#510);
#506 = LINE('',#507,#508);
#507 = CARTESIAN_POINT('',(0.,0.));
#508 = VECTOR('',#509,1.);
#509 = DIRECTION('',(0.,-1.));
#510 = ( GEOMETRIC_REPRESENTATION_CONTEXT(2) 
PARAMETRIC_REPRESENTATION_CONTEXT() REPRESENTATION_CONTEXT('2D SPACE',''
  ) );
#511 = ORIENTED_EDGE('',*,*,#457,.F.);
#512 = ORIENTED_EDGE('',*,*,#489,.T.);
#513 = ORIENTED_EDGE('',*,*,#514,.T.);
#514 = EDGE_CURVE('',#490,#490,#515,.T.);
#515 = SURFACE_CURVE('',#516,(#521,#528),.PCURVE_S1.);
#516 = CIRCLE('',#517,1.6);
#517 = AXIS2_PLACEMENT_3D('',#518,#519,#520);
#518 = CARTESIAN_POINT('',(0.,0.,-5.));
#519 = DIRECTION('',(0.,0.,1.));
#520 = DIRECTION('',(1.,0.,0.));
#521 = PCURVE('',#474,#522);
#522 = DEFINITIONAL_REPRESENTATION('',(#523),#527);
#523 = LINE('',#524,#525);
#524 = CARTESIAN_POINT('',(0.,-5.));
#525 = VECTOR('',#526,1.);
#526 = DIRECTION('',(1.,0.));
#527 = ( GEOMETRIC_REPRESENTATION_CONTEXT(2) 
PARAMETRIC_REPRESENTATION_CONTEXT() REPRESENTATION_CONTEXT('2D SPACE',''
  ) );
#528 = PCURVE('',#529,#534);
#529 = PLANE('',#530);
#530 = AXIS2_PLACEMENT_3D('',#531,#532,#533);
#531 = CARTESIAN_POINT('',(-2.7E-16,-3.E-17,-5.));
#532 = DIRECTION('',(0.,0.,1.));
#533 = DIRECTION('',(1.,0.,0.));
#534 = DEFINITIONAL_REPRESENTATION('',(#535),#539);
#535 = CIRCLE('',#536,1.6);
#536 = AXIS2_PLACEMENT_2D('',#537,#538);
#537 = CARTESIAN_POINT('',(2.7E-16,3.E-17));
#538 = DIRECTION('',(1.,0.));
#539 = ( GEOMETRIC_REPRESENTATION_CONTEXT(2) 
PARAMETRIC_REPRESENTATION_CONTEXT() REPRESENTATION_CONTEXT('2D SPACE',''
  ) );
#540 = ADVANCED_FACE('',(#541),#529,.T.);
#541 = FACE_BOUND('',#542,.T.);
#542 = EDGE_LOOP('',(#543));
#543 = ORIENTED_EDGE('',*,*,#514,.T.);
#544 = ( GEOMETRIC_REPRESENTATION_CONTEXT(3) 
GLOBAL_UNCERTAINTY_ASSIGNED_CONTEXT((#548)) GLOBAL_UNIT_ASSIGNED_CONTEXT
((#545,#546,#547)) REPRESENTATION_CONTEXT('Context #1',
  '3D Context with UNIT and UNCERTAINTY') );
#545 = ( LENGTH_UNIT() NAMED_UNIT(*) SI_UNIT(.MILLI.,.METRE.) );
#546 = ( NAMED_UNIT(*) PLANE_ANGLE_UNIT() SI_UNIT($,.RADIAN.) );
#547 = ( NAMED_UNIT(*) SI_UNIT($,.STERADIAN.) SOLID_ANGLE_UNIT() );
#548 = UNCERTAINTY_MEASURE_WITH_UNIT(LENGTH_MEASURE(1.E-07),#545,
  'distance_accuracy_value','confusion accuracy');
#549 = CONTEXT_DEPENDENT_SHAPE_REPRESENTATION(#550,#552);
#550 = ( REPRESENTATION_RELATIONSHIP('','',#36,#10) 
REPRESENTATION_RELATIONSHIP_WITH_TRANSFORMATION(#551) 
SHAPE_REPRESENTATION_RELATIONSHIP() );
#551 = ITEM_DEFINED_TRANSFORMATION('','',#11,#15);
#552 = PRODUCT_DEFINITION_SHAPE('Placement','Placement of an item',#553
  );
#553 = NEXT_ASSEMBLY_USAGE_OCCURRENCE('1','Standoff','',#5,#31,$);
#554 = PRODUCT_RELATED_PRODUCT_CATEGORY('part',$,(#33));
#555 = SHAPE_DEFINITION_REPRESENTATION(#556,#562);
#556 = PRODUCT_DEFINITION_SHAPE('','',#557);
#557 = PRODUCT_DEFINITION('design','',#558,#561);
#558 = PRODUCT_DEFINITION_FORMATION('','',#559);
#559 = PRODUCT('M2x4-Screw','M2x4-Screw','',(#560));
#560 = PRODUCT_CONTEXT('',#2,'mechanical');
#561 = PRODUCT_DEFINITION_CONTEXT('part definition',#2,'design');
#562 = ADVANCED_BREP_SHAPE_REPRESENTATION('',(#11,#563),#3391);
#563 = MANIFOLD_SOLID_BREP('',#564);
#564 = CLOSED_SHELL('',(#565,#678,#1817,#1872,#2005,#2111,#2217,#2323,
    #2429,#2535,#2641,#2747,#2853,#2959,#3065,#3170,#3205,#3272,#3328,
    #3332,#3387));
#565 = ADVANCED_FACE('',(#566),#581,.T.);
#566 = FACE_BOUND('',#567,.F.);
#567 = EDGE_LOOP('',(#568,#604,#628,#655,#656));
#568 = ORIENTED_EDGE('',*,*,#569,.F.);
#569 = EDGE_CURVE('',#570,#572,#574,.T.);
#570 = VERTEX_POINT('',#571);
#571 = CARTESIAN_POINT('',(0.879660661164,0.,1.598671293268));
#572 = VERTEX_POINT('',#573);
#573 = CARTESIAN_POINT('',(-0.879660661164,-0.,1.598671293268));
#574 = SURFACE_CURVE('',#575,(#580,#592),.PCURVE_S1.);
#575 = CIRCLE('',#576,0.879660661164);
#576 = AXIS2_PLACEMENT_3D('',#577,#578,#579);
#577 = CARTESIAN_POINT('',(1.7E-16,0.,1.598671293268));
#578 = DIRECTION('',(-5.8E-16,0.,-1.));
#579 = DIRECTION('',(1.,0.,-5.8E-16));
#580 = PCURVE('',#581,#586);
#581 = SPHERICAL_SURFACE('',#582,3.2);
#582 = AXIS2_PLACEMENT_3D('',#583,#584,#585);
#583 = CARTESIAN_POINT('',(-1.63E-15,0.,-1.478047270592));
#584 = DIRECTION('',(-0.,-0.,-1.));
#585 = DIRECTION('',(1.,0.,-0.));
#586 = DEFINITIONAL_REPRESENTATION('',(#587),#591);
#587 = LINE('',#588,#589);
#588 = CARTESIAN_POINT('',(-6.28318530718,-1.292316918595));
#589 = VECTOR('',#590,1.);
#590 = DIRECTION('',(1.,-0.));
#591 = ( GEOMETRIC_REPRESENTATION_CONTEXT(2) 
PARAMETRIC_REPRESENTATION_CONTEXT() REPRESENTATION_CONTEXT('2D SPACE',''
  ) );
#592 = PCURVE('',#593,#598);
#593 = CONICAL_SURFACE('',#594,3.038128476023,1.256637061436);
#594 = AXIS2_PLACEMENT_3D('',#595,#596,#597);
#595 = CARTESIAN_POINT('',(0.,0.,2.3));
#596 = DIRECTION('',(0.,0.,1.));
#597 = DIRECTION('',(-1.,0.,0.));
#598 = DEFINITIONAL_REPRESENTATION('',(#599),#603);
#599 = LINE('',#600,#601);
#600 = CARTESIAN_POINT('',(-3.14159265359,-0.701328706732));
#601 = VECTOR('',#602,1.);
#602 = DIRECTION('',(-1.,-0.));
#603 = ( GEOMETRIC_REPRESENTATION_CONTEXT(2) 
PARAMETRIC_REPRESENTATION_CONTEXT() REPRESENTATION_CONTEXT('2D SPACE',''
  ) );
#604 = ORIENTED_EDGE('',*,*,#605,.T.);
#605 = EDGE_CURVE('',#570,#606,#608,.T.);
#606 = VERTEX_POINT('',#607);
#607 = CARTESIAN_POINT('',(2.,0.,1.019951928767));
#608 = SEAM_CURVE('',#609,(#614,#621),.PCURVE_S1.);
#609 = CIRCLE('',#610,3.2);
#610 = AXIS2_PLACEMENT_3D('',#611,#612,#613);
#611 = CARTESIAN_POINT('',(-1.63E-15,0.,-1.478047270592));
#612 = DIRECTION('',(0.,1.,0.));
#613 = DIRECTION('',(5.1E-16,-0.,1.));
#614 = PCURVE('',#581,#615);
#615 = DEFINITIONAL_REPRESENTATION('',(#616),#620);
#616 = LINE('',#617,#618);
#617 = CARTESIAN_POINT('',(-0.,-1.570796326795));
#618 = VECTOR('',#619,1.);
#619 = DIRECTION('',(-0.,1.));
#620 = ( GEOMETRIC_REPRESENTATION_CONTEXT(2) 
PARAMETRIC_REPRESENTATION_CONTEXT() REPRESENTATION_CONTEXT('2D SPACE',''
  ) );
#621 = PCURVE('',#581,#622);
#622 = DEFINITIONAL_REPRESENTATION('',(#623),#627);
#623 = LINE('',#624,#625);
#624 = CARTESIAN_POINT('',(-6.28318530718,-1.570796326795));
#625 = VECTOR('',#626,1.);
#626 = DIRECTION('',(-0.,1.));
#627 = ( GEOMETRIC_REPRESENTATION_CONTEXT(2) 
PARAMETRIC_REPRESENTATION_CONTEXT() REPRESENTATION_CONTEXT('2D SPACE',''
  ) );
#628 = ORIENTED_EDGE('',*,*,#629,.F.);
#629 = EDGE_CURVE('',#606,#606,#630,.T.);
#630 = SURFACE_CURVE('',#631,(#636,#643),.PCURVE_S1.);
#631 = CIRCLE('',#632,2.);
#632 = AXIS2_PLACEMENT_3D('',#633,#634,#635);
#633 = CARTESIAN_POINT('',(0.,0.,1.019951928767));
#634 = DIRECTION('',(0.,0.,1.));
#635 = DIRECTION('',(1.,0.,-0.));
#636 = PCURVE('',#581,#637);
#637 = DEFINITIONAL_REPRESENTATION('',(#638),#642);
#638 = LINE('',#639,#640);
#639 = CARTESIAN_POINT('',(-0.,-0.895664793858));
#640 = VECTOR('',#641,1.);
#641 = DIRECTION('',(-1.,0.));
#642 = ( GEOMETRIC_REPRESENTATION_CONTEXT(2) 
PARAMETRIC_REPRESENTATION_CONTEXT() REPRESENTATION_CONTEXT('2D SPACE',''
  ) );
#643 = PCURVE('',#644,#649);
#644 = CYLINDRICAL_SURFACE('',#645,2.);
#645 = AXIS2_PLACEMENT_3D('',#646,#647,#648);
#646 = CARTESIAN_POINT('',(0.,0.,1.019951928767));
#647 = DIRECTION('',(-0.,-0.,-1.));
#648 = DIRECTION('',(1.,0.,0.));
#649 = DEFINITIONAL_REPRESENTATION('',(#650),#654);
#650 = LINE('',#651,#652);
#651 = CARTESIAN_POINT('',(-0.,0.));
#652 = VECTOR('',#653,1.);
#653 = DIRECTION('',(-1.,0.));
#654 = ( GEOMETRIC_REPRESENTATION_CONTEXT(2) 
PARAMETRIC_REPRESENTATION_CONTEXT() REPRESENTATION_CONTEXT('2D SPACE',''
  ) );
#655 = ORIENTED_EDGE('',*,*,#605,.F.);
#656 = ORIENTED_EDGE('',*,*,#657,.F.);
#657 = EDGE_CURVE('',#572,#570,#658,.T.);
#658 = SURFACE_CURVE('',#659,(#664,#671),.PCURVE_S1.);
#659 = CIRCLE('',#660,0.879660661164);
#660 = AXIS2_PLACEMENT_3D('',#661,#662,#663);
#661 = CARTESIAN_POINT('',(1.7E-16,0.,1.598671293268));
#662 = DIRECTION('',(-5.8E-16,0.,-1.));
#663 = DIRECTION('',(1.,0.,-5.8E-16));
#664 = PCURVE('',#581,#665);
#665 = DEFINITIONAL_REPRESENTATION('',(#666),#670);
#666 = LINE('',#667,#668);
#667 = CARTESIAN_POINT('',(-6.28318530718,-1.292316918595));
#668 = VECTOR('',#669,1.);
#669 = DIRECTION('',(1.,-0.));
#670 = ( GEOMETRIC_REPRESENTATION_CONTEXT(2) 
PARAMETRIC_REPRESENTATION_CONTEXT() REPRESENTATION_CONTEXT('2D SPACE',''
  ) );
#671 = PCURVE('',#593,#672);
#672 = DEFINITIONAL_REPRESENTATION('',(#673),#677);
#673 = LINE('',#674,#675);
#674 = CARTESIAN_POINT('',(3.14159265359,-0.701328706732));
#675 = VECTOR('',#676,1.);
#676 = DIRECTION('',(-1.,-0.));
#677 = ( GEOMETRIC_REPRESENTATION_CONTEXT(2) 
PARAMETRIC_REPRESENTATION_CONTEXT() REPRESENTATION_CONTEXT('2D SPACE',''
  ) );
#678 = ADVANCED_FACE('',(#679),#593,.F.);
#679 = FACE_BOUND('',#680,.F.);
#680 = EDGE_LOOP('',(#681,#780,#835,#856,#857,#858,#859,#909,#1006,#1091
    ,#1188,#1273,#1370,#1455,#1552,#1637,#1734));
#681 = ORIENTED_EDGE('',*,*,#682,.T.);
#682 = EDGE_CURVE('',#683,#685,#687,.T.);
#683 = VERTEX_POINT('',#684);
#684 = CARTESIAN_POINT('',(-0.498479820879,0.587088945624,1.563094298935
    ));
#685 = VERTEX_POINT('',#686);
#686 = CARTESIAN_POINT('',(-0.757673851631,0.138151715343,1.563094298935
    ));
#687 = SURFACE_CURVE('',#688,(#715,#745),.PCURVE_S1.);
#688 = B_SPLINE_CURVE_WITH_KNOTS('',7,(#689,#690,#691,#692,#693,#694,
    #695,#696,#697,#698,#699,#700,#701,#702,#703,#704,#705,#706,#707,
    #708,#709,#710,#711,#712,#713,#714),.UNSPECIFIED.,.F.,.F.,(8,6,6,6,8
    ),(0.,0.199214032947,0.499732673052,0.800272606461,1.),
  .UNSPECIFIED.);
#689 = CARTESIAN_POINT('',(-0.498479820879,0.587088945624,1.563094298935
    ));
#690 = CARTESIAN_POINT('',(-0.492352785471,0.570856695515,1.557785336049
    ));
#691 = CARTESIAN_POINT('',(-0.487212496157,0.554270595502,1.552613104291
    ));
#692 = CARTESIAN_POINT('',(-0.483087239292,0.537415362152,1.547615795649
    ));
#693 = CARTESIAN_POINT('',(-0.479993767392,0.520380320366,1.542834743947
    ));
#694 = CARTESIAN_POINT('',(-0.477937043391,0.503256679913,1.538312284243
    ));
#695 = CARTESIAN_POINT('',(-0.476909984895,0.486134811964,1.534089612232
    ));
#696 = CARTESIAN_POINT('',(-0.476867900776,0.443406447975,1.524344085204
    ));
#697 = CARTESIAN_POINT('',(-0.479141776116,0.417905442525,1.519250120889
    ));
#698 = CARTESIAN_POINT('',(-0.483652260608,0.392903111165,1.515054074112
    ));
#699 = CARTESIAN_POINT('',(-0.490271570119,0.368627710454,1.511852733526
    ));
#700 = CARTESIAN_POINT('',(-0.498873152463,0.34521524308,1.509700594846)
  );
#701 = CARTESIAN_POINT('',(-0.509370911745,0.322766416879,1.50862207806)
  );
#702 = CARTESIAN_POINT('',(-0.534036953101,0.279998287572,1.508610628045
    ));
#703 = CARTESIAN_POINT('',(-0.548211321582,0.25966903301,1.509677844025)
  );
#704 = CARTESIAN_POINT('',(-0.564168941418,0.240499207446,1.511818995241
    ));
#705 = CARTESIAN_POINT('',(-0.581865705116,0.222613410396,1.515009859563
    ));
#706 = CARTESIAN_POINT('',(-0.601247437247,0.206188892702,1.519196199812
    ));
#707 = CARTESIAN_POINT('',(-0.622180913202,0.191450336199,1.524281486437
    ));
#708 = CARTESIAN_POINT('',(-0.659222848936,0.170067500146,1.534024330152
    ));
#709 = CARTESIAN_POINT('',(-0.674597265784,0.162364722421,1.538254021193
    ));
#710 = CARTESIAN_POINT('',(-0.690491472417,0.155556847619,1.542785471182
    ));
#711 = CARTESIAN_POINT('',(-0.706830225774,0.149695674674,1.547577176323
    ));
#712 = CARTESIAN_POINT('',(-0.723531463256,0.144822885392,1.552586471329
    ));
#713 = CARTESIAN_POINT('',(-0.740508770912,0.140968897109,1.557771685521
    ));
#714 = CARTESIAN_POINT('',(-0.757673851631,0.138151715343,1.563094298935
    ));
#715 = PCURVE('',#593,#716);
#716 = DEFINITIONAL_REPRESENTATION('',(#717),#744);
#717 = B_SPLINE_CURVE_WITH_KNOTS('',7,(#718,#719,#720,#721,#722,#723,
    #724,#725,#726,#727,#728,#729,#730,#731,#732,#733,#734,#735,#736,
    #737,#738,#739,#740,#741,#742,#743),.UNSPECIFIED.,.F.,.F.,(8,6,6,6,8
    ),(0.,0.199214032947,0.499732673052,0.800272606461,1.),
  .UNSPECIFIED.);
#718 = CARTESIAN_POINT('',(-0.866842215639,-0.736905701065));
#719 = CARTESIAN_POINT('',(-0.859265224614,-0.742214663951));
#720 = CARTESIAN_POINT('',(-0.850038976936,-0.747386895709));
#721 = CARTESIAN_POINT('',(-0.83907711619,-0.752384204351));
#722 = CARTESIAN_POINT('',(-0.826311807895,-0.757165256053));
#723 = CARTESIAN_POINT('',(-0.811711223826,-0.761687715757));
#724 = CARTESIAN_POINT('',(-0.795297026325,-0.765910387768));
#725 = CARTESIAN_POINT('',(-0.749804554268,-0.775655914796));
#726 = CARTESIAN_POINT('',(-0.718522495145,-0.780749879111));
#727 = CARTESIAN_POINT('',(-0.683634461893,-0.784945925888));
#728 = CARTESIAN_POINT('',(-0.645753554803,-0.788147266474));
#729 = CARTESIAN_POINT('',(-0.605800094565,-0.790299405154));
#730 = CARTESIAN_POINT('',(-0.564824426524,-0.79137792194));
#731 = CARTESIAN_POINT('',(-0.482880368013,-0.791389371955));
#732 = CARTESIAN_POINT('',(-0.441892826195,-0.790322155975));
#733 = CARTESIAN_POINT('',(-0.401918487598,-0.788181004759));
#734 = CARTESIAN_POINT('',(-0.364008413351,-0.784990140437));
#735 = CARTESIAN_POINT('',(-0.329084672086,-0.780803800188));
#736 = CARTESIAN_POINT('',(-0.297762621964,-0.775718513563));
#737 = CARTESIAN_POINT('',(-0.252154585131,-0.765975669848));
#738 = CARTESIAN_POINT('',(-0.23567459909,-0.761745978807));
#739 = CARTESIAN_POINT('',(-0.221017377794,-0.757214528818));
#740 = CARTESIAN_POINT('',(-0.208205173831,-0.752422823677));
#741 = CARTESIAN_POINT('',(-0.197206089058,-0.747413528671));
#742 = CARTESIAN_POINT('',(-0.187951808716,-0.742228314479));
#743 = CARTESIAN_POINT('',(-0.180355335557,-0.736905701065));
#744 = ( GEOMETRIC_REPRESENTATION_CONTEXT(2) 
PARAMETRIC_REPRESENTATION_CONTEXT() REPRESENTATION_CONTEXT('2D SPACE',''
  ) );
#745 = PCURVE('',#746,#751);
#746 = CYLINDRICAL_SURFACE('',#747,0.335043068793);
#747 = AXIS2_PLACEMENT_3D('',#748,#749,#750);
#748 = CARTESIAN_POINT('',(-0.811936114716,0.468771534396,2.3));
#749 = DIRECTION('',(0.,0.,1.));
#750 = DIRECTION('',(0.935570149136,0.353140901122,0.));
#751 = DEFINITIONAL_REPRESENTATION('',(#752),#779);
#752 = B_SPLINE_CURVE_WITH_KNOTS('',7,(#753,#754,#755,#756,#757,#758,
    #759,#760,#761,#762,#763,#764,#765,#766,#767,#768,#769,#770,#771,
    #772,#773,#774,#775,#776,#777,#778),.UNSPECIFIED.,.F.,.F.,(8,6,6,6,8
    ),(0.,0.199214032947,0.499732673052,0.800272606461,1.),
  .UNSPECIFIED.);
#753 = CARTESIAN_POINT('',(0.,-0.736905701065));
#754 = CARTESIAN_POINT('',(-5.178473180635E-02,-0.742214663951));
#755 = CARTESIAN_POINT('',(-0.103517456604,-0.747386895709));
#756 = CARTESIAN_POINT('',(-0.155158772382,-0.752384204351));
#757 = CARTESIAN_POINT('',(-0.206666265694,-0.757165256053));
#758 = CARTESIAN_POINT('',(-0.2579956909,-0.761687715757));
#759 = CARTESIAN_POINT('',(-0.309102149397,-0.765910387768));
#760 = CARTESIAN_POINT('',(-0.43663317061,-0.775655914796));
#761 = CARTESIAN_POINT('',(-0.512739076497,-0.780749879111));
#762 = CARTESIAN_POINT('',(-0.588086695093,-0.784945925888));
#763 = CARTESIAN_POINT('',(-0.662681731786,-0.788147266474));
#764 = CARTESIAN_POINT('',(-0.73669455777,-0.790299405154));
#765 = CARTESIAN_POINT('',(-0.810389831141,-0.79137792194));
#766 = CARTESIAN_POINT('',(-0.957747937971,-0.791389371955));
#767 = CARTESIAN_POINT('',(-1.031445465433,-0.790322155975));
#768 = CARTESIAN_POINT('',(-1.105458094273,-0.788181004759));
#769 = CARTESIAN_POINT('',(-1.180051233375,-0.784990140437));
#770 = CARTESIAN_POINT('',(-1.255396291817,-0.780803800188));
#771 = CARTESIAN_POINT('',(-1.331500082684,-0.775718513563));
#772 = CARTESIAN_POINT('',(-1.45915732875,-0.765975669848));
#773 = CARTESIAN_POINT('',(-1.510392792882,-0.761745978807));
#774 = CARTESIAN_POINT('',(-1.561852780015,-0.757214528818));
#775 = CARTESIAN_POINT('',(-1.613492055604,-0.752422823677));
#776 = CARTESIAN_POINT('',(-1.665266080892,-0.747413528671));
#777 = CARTESIAN_POINT('',(-1.71713205098,-0.742228314479));
#778 = CARTESIAN_POINT('',(-1.769049932879,-0.736905701065));
#779 = ( GEOMETRIC_REPRESENTATION_CONTEXT(2) 
PARAMETRIC_REPRESENTATION_CONTEXT() REPRESENTATION_CONTEXT('2D SPACE',''
  ) );
#780 = ORIENTED_EDGE('',*,*,#781,.T.);
#781 = EDGE_CURVE('',#685,#782,#784,.T.);
#782 = VERTEX_POINT('',#783);
#783 = CARTESIAN_POINT('',(-0.875,0.,1.597156952658));
#784 = SURFACE_CURVE('',#785,(#798,#814),.PCURVE_S1.);
#785 = B_SPLINE_CURVE_WITH_KNOTS('',6,(#786,#787,#788,#789,#790,#791,
    #792,#793,#794,#795,#796,#797),.UNSPECIFIED.,.F.,.F.,(7,5,7),(0.,
    0.533782739681,1.),.UNSPECIFIED.);
#786 = CARTESIAN_POINT('',(-0.757673851631,0.138151715343,1.563094298935
    ));
#787 = CARTESIAN_POINT('',(-0.774980161953,0.135311354573,1.568460705361
    ));
#788 = CARTESIAN_POINT('',(-0.791855193557,0.129870138676,1.573555293831
    ));
#789 = CARTESIAN_POINT('',(-0.807812513595,0.121910392157,1.578253369854
    ));
#790 = CARTESIAN_POINT('',(-0.822386900728,0.111634717959,1.582456416051
    ));
#791 = CARTESIAN_POINT('',(-0.83517853625,9.935691626335E-02,
    1.586088840375));
#792 = CARTESIAN_POINT('',(-0.855235046445,7.333581650034E-02,
    1.591722649944));
#793 = CARTESIAN_POINT('',(-0.862994750596,5.997481889102E-02,
    1.593872283045));
#794 = CARTESIAN_POINT('',(-0.868960066051,4.564441530096E-02,
    1.595508594649));
#795 = CARTESIAN_POINT('',(-0.872987065703,3.065105486409E-02,
    1.596607482639));
#796 = CARTESIAN_POINT('',(-0.875,1.532536727462E-02,1.597156952658));
#797 = CARTESIAN_POINT('',(-0.875,0.,1.597156952658));
#798 = PCURVE('',#593,#799);
#799 = DEFINITIONAL_REPRESENTATION('',(#800),#813);
#800 = B_SPLINE_CURVE_WITH_KNOTS('',6,(#801,#802,#803,#804,#805,#806,
    #807,#808,#809,#810,#811,#812),.UNSPECIFIED.,.F.,.F.,(7,5,7),(0.,
    0.533782739681,1.),.UNSPECIFIED.);
#801 = CARTESIAN_POINT('',(-0.180355335557,-0.736905701065));
#802 = CARTESIAN_POINT('',(-0.172696360689,-0.731539294639));
#803 = CARTESIAN_POINT('',(-0.162209644413,-0.726444706169));
#804 = CARTESIAN_POINT('',(-0.149349314089,-0.721746630146));
#805 = CARTESIAN_POINT('',(-0.134555836232,-0.717543583949));
#806 = CARTESIAN_POINT('',(-0.118217403899,-0.713911159625));
#807 = CARTESIAN_POINT('',(-8.539477470828E-02,-0.708277350056));
#808 = CARTESIAN_POINT('',(-6.919064293053E-02,-0.706127716955));
#809 = CARTESIAN_POINT('',(-5.232723749509E-02,-0.704491405351));
#810 = CARTESIAN_POINT('',(-3.502964906452E-02,-0.703392517361));
#811 = CARTESIAN_POINT('',(-1.751470545671E-02,-0.702843047342));
#812 = CARTESIAN_POINT('',(0.,-0.702843047342));
#813 = ( GEOMETRIC_REPRESENTATION_CONTEXT(2) 
PARAMETRIC_REPRESENTATION_CONTEXT() REPRESENTATION_CONTEXT('2D SPACE',''
  ) );
#814 = PCURVE('',#815,#820);
#815 = CYLINDRICAL_SURFACE('',#816,0.14);
#816 = AXIS2_PLACEMENT_3D('',#817,#818,#819);
#817 = CARTESIAN_POINT('',(-0.735,2.3E-16,2.3));
#818 = DIRECTION('',(0.,0.,1.));
#819 = DIRECTION('',(-0.161956083081,0.986797966735,0.));
#820 = DEFINITIONAL_REPRESENTATION('',(#821),#834);
#821 = B_SPLINE_CURVE_WITH_KNOTS('',6,(#822,#823,#824,#825,#826,#827,
    #828,#829,#830,#831,#832,#833),.UNSPECIFIED.,.F.,.F.,(7,5,7),(0.,
    0.533782739681,1.),.UNSPECIFIED.);
#822 = CARTESIAN_POINT('',(0.,-0.736905701065));
#823 = CARTESIAN_POINT('',(0.125270325297,-0.731539294639));
#824 = CARTESIAN_POINT('',(0.250509594706,-0.726444706169));
#825 = CARTESIAN_POINT('',(0.375731784737,-0.721746630146));
#826 = CARTESIAN_POINT('',(0.500955188175,-0.717543583949));
#827 = CARTESIAN_POINT('',(0.626194172524,-0.713911159625));
#828 = CARTESIAN_POINT('',(0.86086298323,-0.708277350056));
#829 = CARTESIAN_POINT('',(0.970287542779,-0.706127716955));
#830 = CARTESIAN_POINT('',(1.079729950742,-0.704491405351));
#831 = CARTESIAN_POINT('',(1.189188312992,-0.703392517361));
#832 = CARTESIAN_POINT('',(1.298656832933,-0.702843047342));
#833 = CARTESIAN_POINT('',(1.408123742038,-0.702843047342));
#834 = ( GEOMETRIC_REPRESENTATION_CONTEXT(2) 
PARAMETRIC_REPRESENTATION_CONTEXT() REPRESENTATION_CONTEXT('2D SPACE',''
  ) );
#835 = ORIENTED_EDGE('',*,*,#836,.F.);
#836 = EDGE_CURVE('',#572,#782,#837,.T.);
#837 = SEAM_CURVE('',#838,(#842,#849),.PCURVE_S1.);
#838 = LINE('',#839,#840);
#839 = CARTESIAN_POINT('',(-3.038128476023,-7.4E-16,2.3));
#840 = VECTOR('',#841,1.);
#841 = DIRECTION('',(0.951056516295,2.3E-16,-0.309016994375));
#842 = PCURVE('',#593,#843);
#843 = DEFINITIONAL_REPRESENTATION('',(#844),#848);
#844 = LINE('',#845,#846);
#845 = CARTESIAN_POINT('',(-6.28318530718,0.));
#846 = VECTOR('',#847,1.);
#847 = DIRECTION('',(-0.,-1.));
#848 = ( GEOMETRIC_REPRESENTATION_CONTEXT(2) 
PARAMETRIC_REPRESENTATION_CONTEXT() REPRESENTATION_CONTEXT('2D SPACE',''
  ) );
#849 = PCURVE('',#593,#850);
#850 = DEFINITIONAL_REPRESENTATION('',(#851),#855);
#851 = LINE('',#852,#853);
#852 = CARTESIAN_POINT('',(0.,-0.));
#853 = VECTOR('',#854,1.);
#854 = DIRECTION('',(-0.,-1.));
#855 = ( GEOMETRIC_REPRESENTATION_CONTEXT(2) 
PARAMETRIC_REPRESENTATION_CONTEXT() REPRESENTATION_CONTEXT('2D SPACE',''
  ) );
#856 = ORIENTED_EDGE('',*,*,#657,.T.);
#857 = ORIENTED_EDGE('',*,*,#569,.T.);
#858 = ORIENTED_EDGE('',*,*,#836,.T.);
#859 = ORIENTED_EDGE('',*,*,#860,.T.);
#860 = EDGE_CURVE('',#782,#861,#863,.T.);
#861 = VERTEX_POINT('',#862);
#862 = CARTESIAN_POINT('',(-0.757673851631,-0.138151715343,
    1.563094298935));
#863 = SURFACE_CURVE('',#864,(#877,#893),.PCURVE_S1.);
#864 = B_SPLINE_CURVE_WITH_KNOTS('',6,(#865,#866,#867,#868,#869,#870,
    #871,#872,#873,#874,#875,#876),.UNSPECIFIED.,.F.,.F.,(7,5,7),(0.,
    0.46612737475,1.),.UNSPECIFIED.);
#865 = CARTESIAN_POINT('',(-0.875,0.,1.597156952658));
#866 = CARTESIAN_POINT('',(-0.875,-1.532241510057E-02,1.597156952658));
#867 = CARTESIAN_POINT('',(-0.872987840991,-3.064515018982E-02,
    1.596607694325));
#868 = CARTESIAN_POINT('',(-0.868962393174,-4.563575049696E-02,
    1.595509229641));
#869 = CARTESIAN_POINT('',(-0.862999346909,-5.996377668537E-02,
    1.593873543759));
#870 = CARTESIAN_POINT('',(-0.855242519508,-7.332294707315E-02,
    1.591724720235));
#871 = CARTESIAN_POINT('',(-0.835189293755,-9.934659090466E-02,
    1.586091895152));
#872 = CARTESIAN_POINT('',(-0.822396708334,-0.111627800402,
    1.582459244405));
#873 = CARTESIAN_POINT('',(-0.807820570202,-0.121906374407,
    1.578255741797));
#874 = CARTESIAN_POINT('',(-0.791860865565,-0.129868313223,
    1.573557006399));
#875 = CARTESIAN_POINT('',(-0.774983059292,-0.135310879054,
    1.568461603779));
#876 = CARTESIAN_POINT('',(-0.757673851631,-0.138151715343,
    1.563094298935));
#877 = PCURVE('',#593,#878);
#878 = DEFINITIONAL_REPRESENTATION('',(#879),#892);
#879 = B_SPLINE_CURVE_WITH_KNOTS('',6,(#880,#881,#882,#883,#884,#885,
    #886,#887,#888,#889,#890,#891),.UNSPECIFIED.,.F.,.F.,(7,5,7),(0.,
    0.46612737475,1.),.UNSPECIFIED.);
#880 = CARTESIAN_POINT('',(-6.28318530718,-0.702843047342));
#881 = CARTESIAN_POINT('',(-6.265673975636,-0.702843047342));
#882 = CARTESIAN_POINT('',(-6.248162406142,-0.703392305675));
#883 = CARTESIAN_POINT('',(-6.230868066182,-0.704490770359));
#884 = CARTESIAN_POINT('',(-6.214007658331,-0.706126456241));
#885 = CARTESIAN_POINT('',(-6.197806140072,-0.708275279765));
#886 = CARTESIAN_POINT('',(-6.164981643401,-0.713908104848));
#887 = CARTESIAN_POINT('',(-6.148639428971,-0.717540755595));
#888 = CARTESIAN_POINT('',(-6.133842485023,-0.721744258203));
#889 = CARTESIAN_POINT('',(-6.120979183777,-0.726442993601));
#890 = CARTESIAN_POINT('',(-6.110490228719,-0.731538396221));
#891 = CARTESIAN_POINT('',(-6.102829971622,-0.736905701065));
#892 = ( GEOMETRIC_REPRESENTATION_CONTEXT(2) 
PARAMETRIC_REPRESENTATION_CONTEXT() REPRESENTATION_CONTEXT('2D SPACE',''
  ) );
#893 = PCURVE('',#815,#894);
#894 = DEFINITIONAL_REPRESENTATION('',(#895),#908);
#895 = B_SPLINE_CURVE_WITH_KNOTS('',6,(#896,#897,#898,#899,#900,#901,
    #902,#903,#904,#905,#906,#907),.UNSPECIFIED.,.F.,.F.,(7,5,7),(0.,
    0.46612737475,1.),.UNSPECIFIED.);
#896 = CARTESIAN_POINT('',(1.408123742038,-0.702843047342));
#897 = CARTESIAN_POINT('',(1.517569564185,-0.702843047342));
#898 = CARTESIAN_POINT('',(1.627016995727,-0.703392305675));
#899 = CARTESIAN_POINT('',(1.73645427617,-0.704490770359));
#900 = CARTESIAN_POINT('',(1.845875611357,-0.706126456241));
#901 = CARTESIAN_POINT('',(1.955279106057,-0.708275279765));
#902 = CARTESIAN_POINT('',(2.189947989302,-0.713908104848));
#903 = CARTESIAN_POINT('',(2.315208014533,-0.717540755595));
#904 = CARTESIAN_POINT('',(2.440452486761,-0.721744258203));
#905 = CARTESIAN_POINT('',(2.56569579816,-0.726442993601));
#906 = CARTESIAN_POINT('',(2.690956186626,-0.731538396221));
#907 = CARTESIAN_POINT('',(2.816247484076,-0.736905701065));
#908 = ( GEOMETRIC_REPRESENTATION_CONTEXT(2) 
PARAMETRIC_REPRESENTATION_CONTEXT() REPRESENTATION_CONTEXT('2D SPACE',''
  ) );
#909 = ORIENTED_EDGE('',*,*,#910,.T.);
#910 = EDGE_CURVE('',#861,#911,#913,.T.);
#911 = VERTEX_POINT('',#912);
#912 = CARTESIAN_POINT('',(-0.498479820879,-0.587088945624,
    1.563094298935));
#913 = SURFACE_CURVE('',#914,(#941,#971),.PCURVE_S1.);
#914 = B_SPLINE_CURVE_WITH_KNOTS('',7,(#915,#916,#917,#918,#919,#920,
    #921,#922,#923,#924,#925,#926,#927,#928,#929,#930,#931,#932,#933,
    #934,#935,#936,#937,#938,#939,#940),.UNSPECIFIED.,.F.,.F.,(8,6,6,6,8
    ),(0.,0.199214032947,0.499732673052,0.800272606461,1.),
  .UNSPECIFIED.);
#915 = CARTESIAN_POINT('',(-0.757673851631,-0.138151715343,
    1.563094298935));
#916 = CARTESIAN_POINT('',(-0.740552792972,-0.140961672084,
    1.557785336049));
#917 = CARTESIAN_POINT('',(-0.723618664354,-0.144803100962,
    1.552613104291));
#918 = CARTESIAN_POINT('',(-0.706958975653,-0.149658140395,
    1.547615795649));
#919 = CARTESIAN_POINT('',(-0.690659460762,-0.155496636036,
    1.542834743947));
#920 = CARTESIAN_POINT('',(-0.674801591125,-0.16227728103,1.538312284243
    ));
#921 = CARTESIAN_POINT('',(-0.659460089273,-0.169948756256,
    1.534089612232));
#922 = CARTESIAN_POINT('',(-0.622435198537,-0.191276492334,
    1.524344085204));
#923 = CARTESIAN_POINT('',(-0.601487617664,-0.205996228868,
    1.519250120889));
#924 = CARTESIAN_POINT('',(-0.582090205799,-0.222403588702,
    1.515054074112));
#925 = CARTESIAN_POINT('',(-0.564376746852,-0.240273779249,
    1.511852733526));
#926 = CARTESIAN_POINT('',(-0.548401746512,-0.259429201759,
    1.509700594846));
#927 = CARTESIAN_POINT('',(-0.534209372378,-0.27974494108,1.50862207806)
  );
#928 = CARTESIAN_POINT('',(-0.509504106604,-0.322490424159,
    1.508610628045));
#929 = CARTESIAN_POINT('',(-0.498985639953,-0.344930414627,
    1.509677844025));
#930 = CARTESIAN_POINT('',(-0.490362893947,-0.368335031571,
    1.511818995241));
#931 = CARTESIAN_POINT('',(-0.483721721185,-0.392603777024,
    1.515009859563));
#932 = CARTESIAN_POINT('',(-0.479188537682,-0.417601108265,
    1.519196199812));
#933 = CARTESIAN_POINT('',(-0.476891311312,-0.443099308483,
    1.524281486437));
#934 = CARTESIAN_POINT('',(-0.476894199952,-0.485869983861,
    1.534024330152));
#935 = CARTESIAN_POINT('',(-0.477910607188,-0.503036008282,
    1.538254021193));
#936 = CARTESIAN_POINT('',(-0.479961917979,-0.5202047324,1.542785471182)
  );
#937 = CARTESIAN_POINT('',(-0.483055369991,-0.537285094346,
    1.547577176323));
#938 = CARTESIAN_POINT('',(-0.487186029427,-0.554185184921,
    1.552586471329));
#939 = CARTESIAN_POINT('',(-0.492337031496,-0.570814958781,
    1.557771685521));
#940 = CARTESIAN_POINT('',(-0.498479820879,-0.587088945624,
    1.563094298935));
#941 = PCURVE('',#593,#942);
#942 = DEFINITIONAL_REPRESENTATION('',(#943),#970);
#943 = B_SPLINE_CURVE_WITH_KNOTS('',7,(#944,#945,#946,#947,#948,#949,
    #950,#951,#952,#953,#954,#955,#956,#957,#958,#959,#960,#961,#962,
    #963,#964,#965,#966,#967,#968,#969),.UNSPECIFIED.,.F.,.F.,(8,6,6,6,8
    ),(0.,0.199214032947,0.499732673052,0.800272606461,1.),
  .UNSPECIFIED.);
#944 = CARTESIAN_POINT('',(-6.102829971622,-0.736905701065));
#945 = CARTESIAN_POINT('',(-6.095252980597,-0.742214663951));
#946 = CARTESIAN_POINT('',(-6.086026732919,-0.747386895709));
#947 = CARTESIAN_POINT('',(-6.075064872173,-0.752384204351));
#948 = CARTESIAN_POINT('',(-6.062299563878,-0.757165256053));
#949 = CARTESIAN_POINT('',(-6.047698979809,-0.761687715757));
#950 = CARTESIAN_POINT('',(-6.031284782308,-0.765910387768));
#951 = CARTESIAN_POINT('',(-5.985792310251,-0.775655914796));
#952 = CARTESIAN_POINT('',(-5.954510251128,-0.780749879111));
#953 = CARTESIAN_POINT('',(-5.919622217876,-0.784945925888));
#954 = CARTESIAN_POINT('',(-5.881741310786,-0.788147266474));
#955 = CARTESIAN_POINT('',(-5.841787850548,-0.790299405154));
#956 = CARTESIAN_POINT('',(-5.800812182507,-0.79137792194));
#957 = CARTESIAN_POINT('',(-5.718868123996,-0.791389371955));
#958 = CARTESIAN_POINT('',(-5.677880582178,-0.790322155975));
#959 = CARTESIAN_POINT('',(-5.637906243581,-0.788181004759));
#960 = CARTESIAN_POINT('',(-5.599996169334,-0.784990140437));
#961 = CARTESIAN_POINT('',(-5.565072428069,-0.780803800188));
#962 = CARTESIAN_POINT('',(-5.533750377947,-0.775718513563));
#963 = CARTESIAN_POINT('',(-5.488142341114,-0.765975669848));
#964 = CARTESIAN_POINT('',(-5.471662355073,-0.761745978807));
#965 = CARTESIAN_POINT('',(-5.457005133777,-0.757214528818));
#966 = CARTESIAN_POINT('',(-5.444192929814,-0.752422823677));
#967 = CARTESIAN_POINT('',(-5.433193845041,-0.747413528671));
#968 = CARTESIAN_POINT('',(-5.423939564699,-0.742228314479));
#969 = CARTESIAN_POINT('',(-5.41634309154,-0.736905701065));
#970 = ( GEOMETRIC_REPRESENTATION_CONTEXT(2) 
PARAMETRIC_REPRESENTATION_CONTEXT() REPRESENTATION_CONTEXT('2D SPACE',''
  ) );
#971 = PCURVE('',#972,#977);
#972 = CYLINDRICAL_SURFACE('',#973,0.335043068793);
#973 = AXIS2_PLACEMENT_3D('',#974,#975,#976);
#974 = CARTESIAN_POINT('',(-0.811936114716,-0.468771534396,2.3));
#975 = DIRECTION('',(0.,0.,1.));
#976 = DIRECTION('',(0.161956083081,0.986797966735,0.));
#977 = DEFINITIONAL_REPRESENTATION('',(#978),#1005);
#978 = B_SPLINE_CURVE_WITH_KNOTS('',7,(#979,#980,#981,#982,#983,#984,
    #985,#986,#987,#988,#989,#990,#991,#992,#993,#994,#995,#996,#997,
    #998,#999,#1000,#1001,#1002,#1003,#1004),.UNSPECIFIED.,.F.,.F.,(8,6,
    6,6,8),(0.,0.199214032947,0.499732673052,0.800272606461,1.),
  .UNSPECIFIED.);
#979 = CARTESIAN_POINT('',(0.,-0.736905701065));
#980 = CARTESIAN_POINT('',(-5.178473180635E-02,-0.742214663951));
#981 = CARTESIAN_POINT('',(-0.103517456604,-0.747386895709));
#982 = CARTESIAN_POINT('',(-0.155158772382,-0.752384204351));
#983 = CARTESIAN_POINT('',(-0.206666265694,-0.757165256053));
#984 = CARTESIAN_POINT('',(-0.2579956909,-0.761687715757));
#985 = CARTESIAN_POINT('',(-0.309102149397,-0.765910387768));
#986 = CARTESIAN_POINT('',(-0.43663317061,-0.775655914796));
#987 = CARTESIAN_POINT('',(-0.512739076497,-0.780749879111));
#988 = CARTESIAN_POINT('',(-0.588086695093,-0.784945925888));
#989 = CARTESIAN_POINT('',(-0.662681731786,-0.788147266474));
#990 = CARTESIAN_POINT('',(-0.73669455777,-0.790299405154));
#991 = CARTESIAN_POINT('',(-0.810389831141,-0.79137792194));
#992 = CARTESIAN_POINT('',(-0.957747937971,-0.791389371955));
#993 = CARTESIAN_POINT('',(-1.031445465433,-0.790322155975));
#994 = CARTESIAN_POINT('',(-1.105458094273,-0.788181004759));
#995 = CARTESIAN_POINT('',(-1.180051233375,-0.784990140437));
#996 = CARTESIAN_POINT('',(-1.255396291817,-0.780803800188));
#997 = CARTESIAN_POINT('',(-1.331500082684,-0.775718513563));
#998 = CARTESIAN_POINT('',(-1.45915732875,-0.765975669848));
#999 = CARTESIAN_POINT('',(-1.510392792882,-0.761745978807));
#1000 = CARTESIAN_POINT('',(-1.561852780015,-0.757214528818));
#1001 = CARTESIAN_POINT('',(-1.613492055604,-0.752422823677));
#1002 = CARTESIAN_POINT('',(-1.665266080892,-0.747413528671));
#1003 = CARTESIAN_POINT('',(-1.71713205098,-0.742228314479));
#1004 = CARTESIAN_POINT('',(-1.769049932879,-0.736905701065));
#1005 = ( GEOMETRIC_REPRESENTATION_CONTEXT(2) 
PARAMETRIC_REPRESENTATION_CONTEXT() REPRESENTATION_CONTEXT('2D SPACE',''
  ) );
#1006 = ORIENTED_EDGE('',*,*,#1007,.T.);
#1007 = EDGE_CURVE('',#911,#1008,#1010,.T.);
#1008 = VERTEX_POINT('',#1009);
#1009 = CARTESIAN_POINT('',(-0.259194030752,-0.725240660967,
    1.563094298935));
#1010 = SURFACE_CURVE('',#1011,(#1034,#1060),.PCURVE_S1.);
#1011 = B_SPLINE_CURVE_WITH_KNOTS('',6,(#1012,#1013,#1014,#1015,#1016,
    #1017,#1018,#1019,#1020,#1021,#1022,#1023,#1024,#1025,#1026,#1027,
    #1028,#1029,#1030,#1031,#1032,#1033),.UNSPECIFIED.,.F.,.F.,(7,5,5,5,
    7),(0.,0.266891348662,0.50002393,0.733156537912,1.),.UNSPECIFIED.);
#1012 = CARTESIAN_POINT('',(-0.498479820879,-0.587088945624,
    1.563094298935));
#1013 = CARTESIAN_POINT('',(-0.504673151457,-0.603496830393,
    1.568460705361));
#1014 = CARTESIAN_POINT('',(-0.508398436064,-0.620831644401,
    1.573555293831));
#1015 = CARTESIAN_POINT('',(-0.50948375339,-0.63863096219,1.578253369854
    ));
#1016 = CARTESIAN_POINT('',(-0.507871952061,-0.656390588791,
    1.582456416051));
#1017 = CARTESIAN_POINT('',(-0.503634881651,-0.673607370956,
    1.586088840375));
#1018 = CARTESIAN_POINT('',(-0.491127603757,-0.703988824575,
    1.591722920025));
#1019 = CARTESIAN_POINT('',(-0.483435510376,-0.717390723888,
    1.593872725123));
#1020 = CARTESIAN_POINT('',(-0.474006347755,-0.729723088392,
    1.595509099415));
#1021 = CARTESIAN_POINT('',(-0.463033612257,-0.740707966389,
    1.596607934596));
#1022 = CARTESIAN_POINT('',(-0.450765850963,-0.750114380605,
    1.597157235097));
#1023 = CARTESIAN_POINT('',(-0.424217770144,-0.765439531639,
    1.597156670045));
#1024 = CARTESIAN_POINT('',(-0.409936895262,-0.771358588502,
    1.596606804357));
#1025 = CARTESIAN_POINT('',(-0.394936802579,-0.775366790586,
    1.595507411328));
#1026 = CARTESIAN_POINT('',(-0.379541811119,-0.777364422804,
    1.593870493938));
#1027 = CARTESIAN_POINT('',(-0.364089385653,-0.777322934152,
    1.591720167952));
#1028 = CARTESIAN_POINT('',(-0.331528347092,-0.772959847391,
    1.586085575086));
#1029 = CARTESIAN_POINT('',(-0.314503313564,-0.768019924523,
    1.582453394075));
#1030 = CARTESIAN_POINT('',(-0.298320742726,-0.760536050829,
    1.578250837376));
#1031 = CARTESIAN_POINT('',(-0.283452022783,-0.750697505128,
    1.573553460804));
#1032 = CARTESIAN_POINT('',(-0.270305003825,-0.738805735079,
    1.568459736349));
#1033 = CARTESIAN_POINT('',(-0.259194030752,-0.725240660967,
    1.563094298935));
#1034 = PCURVE('',#593,#1035);
#1035 = DEFINITIONAL_REPRESENTATION('',(#1036),#1059);
#1036 = B_SPLINE_CURVE_WITH_KNOTS('',6,(#1037,#1038,#1039,#1040,#1041,
    #1042,#1043,#1044,#1045,#1046,#1047,#1048,#1049,#1050,#1051,#1052,
    #1053,#1054,#1055,#1056,#1057,#1058),.UNSPECIFIED.,.F.,.F.,(7,5,5,5,
    7),(0.,0.266891348662,0.50002393,0.733156537912,1.),.UNSPECIFIED.);
#1037 = CARTESIAN_POINT('',(-5.41634309154,-0.736905701065));
#1038 = CARTESIAN_POINT('',(-5.408684116672,-0.731539294639));
#1039 = CARTESIAN_POINT('',(-5.398197400396,-0.726444706169));
#1040 = CARTESIAN_POINT('',(-5.385337070072,-0.721746630146));
#1041 = CARTESIAN_POINT('',(-5.370543592215,-0.717543583949));
#1042 = CARTESIAN_POINT('',(-5.354205159882,-0.713911159625));
#1043 = CARTESIAN_POINT('',(-5.321380957196,-0.708277079975));
#1044 = CARTESIAN_POINT('',(-5.305175066399,-0.706127274877));
#1045 = CARTESIAN_POINT('',(-5.288309791334,-0.704490900585));
#1046 = CARTESIAN_POINT('',(-5.271010290332,-0.703392065404));
#1047 = CARTESIAN_POINT('',(-5.253493456331,-0.702842764903));
#1048 = CARTESIAN_POINT('',(-5.218460441522,-0.702843329955));
#1049 = CARTESIAN_POINT('',(-5.2009437842,-0.703393195643));
#1050 = CARTESIAN_POINT('',(-5.183644638482,-0.704492588672));
#1051 = CARTESIAN_POINT('',(-5.166779900888,-0.706129506062));
#1052 = CARTESIAN_POINT('',(-5.150574736717,-0.708279832048));
#1053 = CARTESIAN_POINT('',(-5.117755665173,-0.713914424914));
#1054 = CARTESIAN_POINT('',(-5.101421286075,-0.717546605925));
#1055 = CARTESIAN_POINT('',(-5.086631509203,-0.721749162624));
#1056 = CARTESIAN_POINT('',(-5.073774334078,-0.726446539196));
#1057 = CARTESIAN_POINT('',(-5.063290012313,-0.731540263651));
#1058 = CARTESIAN_POINT('',(-5.055632420426,-0.736905701065));
#1059 = ( GEOMETRIC_REPRESENTATION_CONTEXT(2) 
PARAMETRIC_REPRESENTATION_CONTEXT() REPRESENTATION_CONTEXT('2D SPACE',''
  ) );
#1060 = PCURVE('',#1061,#1066);
#1061 = CYLINDRICAL_SURFACE('',#1062,0.14);
#1062 = AXIS2_PLACEMENT_3D('',#1063,#1064,#1065);
#1063 = CARTESIAN_POINT('',(-0.3675,-0.636528671782,2.3));
#1064 = DIRECTION('',(0.,0.,1.));
#1065 = DIRECTION('',(-0.935570149136,0.353140901122,0.));
#1066 = DEFINITIONAL_REPRESENTATION('',(#1067),#1090);
#1067 = B_SPLINE_CURVE_WITH_KNOTS('',6,(#1068,#1069,#1070,#1071,#1072,
    #1073,#1074,#1075,#1076,#1077,#1078,#1079,#1080,#1081,#1082,#1083,
    #1084,#1085,#1086,#1087,#1088,#1089),.UNSPECIFIED.,.F.,.F.,(7,5,5,5,
    7),(0.,0.266891348662,0.50002393,0.733156537912,1.),.UNSPECIFIED.);
#1068 = CARTESIAN_POINT('',(7.9E-16,-0.736905701065));
#1069 = CARTESIAN_POINT('',(0.125270325297,-0.731539294639));
#1070 = CARTESIAN_POINT('',(0.250509594706,-0.726444706169));
#1071 = CARTESIAN_POINT('',(0.375731784737,-0.721746630146));
#1072 = CARTESIAN_POINT('',(0.500955188175,-0.717543583949));
#1073 = CARTESIAN_POINT('',(0.626194172524,-0.713911159625));
#1074 = CARTESIAN_POINT('',(0.860874233102,-0.708277079975));
#1075 = CARTESIAN_POINT('',(0.97031004674,-0.706127274877));
#1076 = CARTESIAN_POINT('',(1.079763712221,-0.704490900585));
#1077 = CARTESIAN_POINT('',(1.189233334475,-0.703392065404));
#1078 = CARTESIAN_POINT('',(1.29871311472,-0.702842764903));
#1079 = CARTESIAN_POINT('',(1.517669457561,-0.702843329955));
#1080 = CARTESIAN_POINT('',(1.627149243356,-0.703393195643));
#1081 = CARTESIAN_POINT('',(1.736618864718,-0.704492588672));
#1082 = CARTESIAN_POINT('',(1.846072524639,-0.706129506062));
#1083 = CARTESIAN_POINT('',(1.955508331115,-0.708279832048));
#1084 = CARTESIAN_POINT('',(2.190165892975,-0.713914424914));
#1085 = CARTESIAN_POINT('',(2.315382314587,-0.717546605925));
#1086 = CARTESIAN_POINT('',(2.44058320947,-0.721749162624));
#1087 = CARTESIAN_POINT('',(2.565782958629,-0.726446539196));
#1088 = CARTESIAN_POINT('',(2.690999778842,-0.731540263651));
#1089 = CARTESIAN_POINT('',(2.816247484076,-0.736905701065));
#1090 = ( GEOMETRIC_REPRESENTATION_CONTEXT(2) 
PARAMETRIC_REPRESENTATION_CONTEXT() REPRESENTATION_CONTEXT('2D SPACE',''
  ) );
#1091 = ORIENTED_EDGE('',*,*,#1092,.T.);
#1092 = EDGE_CURVE('',#1008,#1093,#1095,.T.);
#1093 = VERTEX_POINT('',#1094);
#1094 = CARTESIAN_POINT('',(0.259194030752,-0.725240660967,
    1.563094298935));
#1095 = SURFACE_CURVE('',#1096,(#1123,#1153),.PCURVE_S1.);
#1096 = B_SPLINE_CURVE_WITH_KNOTS('',7,(#1097,#1098,#1099,#1100,#1101,
    #1102,#1103,#1104,#1105,#1106,#1107,#1108,#1109,#1110,#1111,#1112,
    #1113,#1114,#1115,#1116,#1117,#1118,#1119,#1120,#1121,#1122),
  .UNSPECIFIED.,.F.,.F.,(8,6,6,6,8),(0.,0.199214032947,0.499732673051,
    0.800272606461,1.),.UNSPECIFIED.);
#1097 = CARTESIAN_POINT('',(-0.259194030752,-0.725240660967,
    1.563094298935));
#1098 = CARTESIAN_POINT('',(-0.248200007501,-0.711818367599,
    1.557785336049));
#1099 = CARTESIAN_POINT('',(-0.236406168197,-0.699073696464,
    1.552613104291));
#1100 = CARTESIAN_POINT('',(-0.223871736362,-0.687073502547,
    1.547615795649));
#1101 = CARTESIAN_POINT('',(-0.210665693371,-0.675876956402,
    1.542834743947));
#1102 = CARTESIAN_POINT('',(-0.196864547733,-0.665533960943,
    1.538312284243));
#1103 = CARTESIAN_POINT('',(-0.182550104377,-0.65608356822,
    1.534089612232));
#1104 = CARTESIAN_POINT('',(-0.14556729776,-0.634682940309,
    1.524344085204));
#1105 = CARTESIAN_POINT('',(-0.122345841549,-0.623901671393,
    1.519250120889));
#1106 = CARTESIAN_POINT('',(-9.843794519084E-02,-0.615306699867,
    1.515054074112));
#1107 = CARTESIAN_POINT('',(-7.410517673289E-02,-0.608901489703,
    1.511852733526));
#1108 = CARTESIAN_POINT('',(-4.952859404943E-02,-0.604644444838,
    1.509700594846));
#1109 = CARTESIAN_POINT('',(-2.483846063352E-02,-0.602511357959,
    1.50862207806));
#1110 = CARTESIAN_POINT('',(2.453284649648E-02,-0.602488711731,
    1.508610628045));
#1111 = CARTESIAN_POINT('',(4.922568162806E-02,-0.604599447637,
    1.509677844025));
#1112 = CARTESIAN_POINT('',(7.380604747035E-02,-0.608834239017,
    1.511818995241));
#1113 = CARTESIAN_POINT('',(9.814398393168E-02,-0.61521718742,
    1.515009859563));
#1114 = CARTESIAN_POINT('',(0.122058899565,-0.623790000967,
    1.519196199812));
#1115 = CARTESIAN_POINT('',(0.145289601889,-0.634549644682,
    1.524281486437));
#1116 = CARTESIAN_POINT('',(0.182328648984,-0.655937484007,
    1.534024330152));
#1117 = CARTESIAN_POINT('',(0.196686658597,-0.665400730703,
    1.538254021193));
#1118 = CARTESIAN_POINT('',(0.210529554438,-0.675761580019,
    1.542785471182));
#1119 = CARTESIAN_POINT('',(0.223774855783,-0.68698076902,1.547577176323
    ));
#1120 = CARTESIAN_POINT('',(0.236345433829,-0.699008070313,
    1.552586471329));
#1121 = CARTESIAN_POINT('',(0.248171739416,-0.71178385589,1.557771685521
    ));
#1122 = CARTESIAN_POINT('',(0.259194030752,-0.725240660967,
    1.563094298935));
#1123 = PCURVE('',#593,#1124);
#1124 = DEFINITIONAL_REPRESENTATION('',(#1125),#1152);
#1125 = B_SPLINE_CURVE_WITH_KNOTS('',7,(#1126,#1127,#1128,#1129,#1130,
    #1131,#1132,#1133,#1134,#1135,#1136,#1137,#1138,#1139,#1140,#1141,
    #1142,#1143,#1144,#1145,#1146,#1147,#1148,#1149,#1150,#1151),
  .UNSPECIFIED.,.F.,.F.,(8,6,6,6,8),(0.,0.199214032947,0.499732673051,
    0.800272606461,1.),.UNSPECIFIED.);
#1126 = CARTESIAN_POINT('',(-5.055632420426,-0.736905701065));
#1127 = CARTESIAN_POINT('',(-5.0480554294,-0.742214663951));
#1128 = CARTESIAN_POINT('',(-5.038829181722,-0.747386895709));
#1129 = CARTESIAN_POINT('',(-5.027867320976,-0.752384204351));
#1130 = CARTESIAN_POINT('',(-5.015102012682,-0.757165256053));
#1131 = CARTESIAN_POINT('',(-5.000501428612,-0.761687715757));
#1132 = CARTESIAN_POINT('',(-4.984087231111,-0.765910387768));
#1133 = CARTESIAN_POINT('',(-4.938594759054,-0.775655914796));
#1134 = CARTESIAN_POINT('',(-4.907312699931,-0.780749879111));
#1135 = CARTESIAN_POINT('',(-4.87242466668,-0.784945925888));
#1136 = CARTESIAN_POINT('',(-4.834543759589,-0.788147266474));
#1137 = CARTESIAN_POINT('',(-4.794590299351,-0.790299405154));
#1138 = CARTESIAN_POINT('',(-4.753614631311,-0.79137792194));
#1139 = CARTESIAN_POINT('',(-4.671670572799,-0.791389371955));
#1140 = CARTESIAN_POINT('',(-4.630683030982,-0.790322155975));
#1141 = CARTESIAN_POINT('',(-4.590708692384,-0.788181004759));
#1142 = CARTESIAN_POINT('',(-4.552798618138,-0.784990140437));
#1143 = CARTESIAN_POINT('',(-4.517874876872,-0.780803800188));
#1144 = CARTESIAN_POINT('',(-4.48655282675,-0.775718513563));
#1145 = CARTESIAN_POINT('',(-4.440944789917,-0.765975669848));
#1146 = CARTESIAN_POINT('',(-4.424464803877,-0.761745978807));
#1147 = CARTESIAN_POINT('',(-4.40980758258,-0.757214528818));
#1148 = CARTESIAN_POINT('',(-4.396995378618,-0.752422823677));
#1149 = CARTESIAN_POINT('',(-4.385996293845,-0.747413528671));
#1150 = CARTESIAN_POINT('',(-4.376742013502,-0.742228314479));
#1151 = CARTESIAN_POINT('',(-4.369145540344,-0.736905701065));
#1152 = ( GEOMETRIC_REPRESENTATION_CONTEXT(2) 
PARAMETRIC_REPRESENTATION_CONTEXT() REPRESENTATION_CONTEXT('2D SPACE',''
  ) );
#1153 = PCURVE('',#1154,#1159);
#1154 = CYLINDRICAL_SURFACE('',#1155,0.335043068793);
#1155 = AXIS2_PLACEMENT_3D('',#1156,#1157,#1158);
#1156 = CARTESIAN_POINT('',(-4.7E-16,-0.937543068793,2.3));
#1157 = DIRECTION('',(0.,0.,1.));
#1158 = DIRECTION('',(-0.773614066055,0.633657065613,0.));
#1159 = DEFINITIONAL_REPRESENTATION('',(#1160),#1187);
#1160 = B_SPLINE_CURVE_WITH_KNOTS('',7,(#1161,#1162,#1163,#1164,#1165,
    #1166,#1167,#1168,#1169,#1170,#1171,#1172,#1173,#1174,#1175,#1176,
    #1177,#1178,#1179,#1180,#1181,#1182,#1183,#1184,#1185,#1186),
  .UNSPECIFIED.,.F.,.F.,(8,6,6,6,8),(0.,0.199214032947,0.499732673051,
    0.800272606461,1.),.UNSPECIFIED.);
#1161 = CARTESIAN_POINT('',(0.,-0.736905701065));
#1162 = CARTESIAN_POINT('',(-5.178473180635E-02,-0.742214663951));
#1163 = CARTESIAN_POINT('',(-0.103517456604,-0.747386895709));
#1164 = CARTESIAN_POINT('',(-0.155158772382,-0.752384204351));
#1165 = CARTESIAN_POINT('',(-0.206666265694,-0.757165256053));
#1166 = CARTESIAN_POINT('',(-0.2579956909,-0.761687715757));
#1167 = CARTESIAN_POINT('',(-0.309102149397,-0.765910387768));
#1168 = CARTESIAN_POINT('',(-0.43663317061,-0.775655914796));
#1169 = CARTESIAN_POINT('',(-0.512739076497,-0.780749879111));
#1170 = CARTESIAN_POINT('',(-0.588086695093,-0.784945925888));
#1171 = CARTESIAN_POINT('',(-0.662681731786,-0.788147266474));
#1172 = CARTESIAN_POINT('',(-0.736694557769,-0.790299405154));
#1173 = CARTESIAN_POINT('',(-0.810389831141,-0.79137792194));
#1174 = CARTESIAN_POINT('',(-0.957747937971,-0.791389371955));
#1175 = CARTESIAN_POINT('',(-1.031445465432,-0.790322155975));
#1176 = CARTESIAN_POINT('',(-1.105458094273,-0.788181004759));
#1177 = CARTESIAN_POINT('',(-1.180051233375,-0.784990140437));
#1178 = CARTESIAN_POINT('',(-1.255396291818,-0.780803800188));
#1179 = CARTESIAN_POINT('',(-1.331500082684,-0.775718513563));
#1180 = CARTESIAN_POINT('',(-1.45915732875,-0.765975669848));
#1181 = CARTESIAN_POINT('',(-1.510392792882,-0.761745978807));
#1182 = CARTESIAN_POINT('',(-1.561852780015,-0.757214528818));
#1183 = CARTESIAN_POINT('',(-1.613492055604,-0.752422823677));
#1184 = CARTESIAN_POINT('',(-1.665266080892,-0.747413528671));
#1185 = CARTESIAN_POINT('',(-1.71713205098,-0.742228314479));
#1186 = CARTESIAN_POINT('',(-1.769049932879,-0.736905701065));
#1187 = ( GEOMETRIC_REPRESENTATION_CONTEXT(2) 
PARAMETRIC_REPRESENTATION_CONTEXT() REPRESENTATION_CONTEXT('2D SPACE',''
  ) );
#1188 = ORIENTED_EDGE('',*,*,#1189,.T.);
#1189 = EDGE_CURVE('',#1093,#1190,#1192,.T.);
#1190 = VERTEX_POINT('',#1191);
#1191 = CARTESIAN_POINT('',(0.498479820879,-0.587088945624,
    1.563094298935));
#1192 = SURFACE_CURVE('',#1193,(#1216,#1242),.PCURVE_S1.);
#1193 = B_SPLINE_CURVE_WITH_KNOTS('',6,(#1194,#1195,#1196,#1197,#1198,
    #1199,#1200,#1201,#1202,#1203,#1204,#1205,#1206,#1207,#1208,#1209,
    #1210,#1211,#1212,#1213,#1214,#1215),.UNSPECIFIED.,.F.,.F.,(7,5,5,5,
    7),(0.,0.266891348662,0.50002393,0.733156537911,1.),.UNSPECIFIED.);
#1194 = CARTESIAN_POINT('',(0.259194030752,-0.725240660967,
    1.563094298935));
#1195 = CARTESIAN_POINT('',(0.270307010495,-0.738808184967,
    1.568460705361));
#1196 = CARTESIAN_POINT('',(0.283456757492,-0.750701783077,
    1.573555293831));
#1197 = CARTESIAN_POINT('',(0.298328760205,-0.760541354347,
    1.578253369854));
#1198 = CARTESIAN_POINT('',(0.314514948667,-0.76802530675,1.582456416051
    ));
#1199 = CARTESIAN_POINT('',(0.331543654599,-0.772964287219,
    1.586088840375));
#1200 = CARTESIAN_POINT('',(0.364108404184,-0.777323393641,
    1.591722920025));
#1201 = CARTESIAN_POINT('',(0.379560836138,-0.777362795021,
    1.593872725123));
#1202 = CARTESIAN_POINT('',(0.394955558398,-0.775363082907,
    1.595509099415));
#1203 = CARTESIAN_POINT('',(0.40995510955,-0.771352854215,1.596607934596
    ));
#1204 = CARTESIAN_POINT('',(0.424235183867,-0.765431868395,
    1.597157235097));
#1205 = CARTESIAN_POINT('',(0.450781194388,-0.7501031315,1.597156670045)
  );
#1206 = CARTESIAN_POINT('',(0.463047685439,-0.740695059496,
    1.596606804357));
#1207 = CARTESIAN_POINT('',(0.474018936609,-0.729708699215,
    1.595507411328));
#1208 = CARTESIAN_POINT('',(0.483446432587,-0.717375061629,
    1.593870493938));
#1209 = CARTESIAN_POINT('',(0.491136715093,-0.7039721243,1.591720167952)
  );
#1210 = CARTESIAN_POINT('',(0.5036386904,-0.673591894352,1.586085575086)
  );
#1211 = CARTESIAN_POINT('',(0.507873108468,-0.656377821382,
    1.582453394075));
#1212 = CARTESIAN_POINT('',(0.509483169148,-0.638621367091,
    1.578250837376));
#1213 = CARTESIAN_POINT('',(0.508397098607,-0.620825405048,
    1.573553460804));
#1214 = CARTESIAN_POINT('',(0.504672033128,-0.603493867621,
    1.568459736349));
#1215 = CARTESIAN_POINT('',(0.498479820879,-0.587088945624,
    1.563094298935));
#1216 = PCURVE('',#593,#1217);
#1217 = DEFINITIONAL_REPRESENTATION('',(#1218),#1241);
#1218 = B_SPLINE_CURVE_WITH_KNOTS('',6,(#1219,#1220,#1221,#1222,#1223,
    #1224,#1225,#1226,#1227,#1228,#1229,#1230,#1231,#1232,#1233,#1234,
    #1235,#1236,#1237,#1238,#1239,#1240),.UNSPECIFIED.,.F.,.F.,(7,5,5,5,
    7),(0.,0.266891348662,0.50002393,0.733156537911,1.),.UNSPECIFIED.);
#1219 = CARTESIAN_POINT('',(-4.369145540344,-0.736905701065));
#1220 = CARTESIAN_POINT('',(-4.361486565475,-0.731539294639));
#1221 = CARTESIAN_POINT('',(-4.350999849199,-0.726444706169));
#1222 = CARTESIAN_POINT('',(-4.338139518875,-0.721746630146));
#1223 = CARTESIAN_POINT('',(-4.323346041019,-0.717543583949));
#1224 = CARTESIAN_POINT('',(-4.307007608685,-0.713911159625));
#1225 = CARTESIAN_POINT('',(-4.274183405999,-0.708277079975));
#1226 = CARTESIAN_POINT('',(-4.257977515202,-0.706127274877));
#1227 = CARTESIAN_POINT('',(-4.241112240137,-0.704490900585));
#1228 = CARTESIAN_POINT('',(-4.223812739136,-0.703392065404));
#1229 = CARTESIAN_POINT('',(-4.206295905134,-0.702842764903));
#1230 = CARTESIAN_POINT('',(-4.171262890326,-0.702843329955));
#1231 = CARTESIAN_POINT('',(-4.153746233004,-0.703393195643));
#1232 = CARTESIAN_POINT('',(-4.136447087286,-0.704492588672));
#1233 = CARTESIAN_POINT('',(-4.119582349691,-0.706129506062));
#1234 = CARTESIAN_POINT('',(-4.10337718552,-0.708279832048));
#1235 = CARTESIAN_POINT('',(-4.070558113976,-0.713914424914));
#1236 = CARTESIAN_POINT('',(-4.054223734879,-0.717546605925));
#1237 = CARTESIAN_POINT('',(-4.039433958007,-0.721749162624));
#1238 = CARTESIAN_POINT('',(-4.026576782882,-0.726446539196));
#1239 = CARTESIAN_POINT('',(-4.016092461116,-0.731540263651));
#1240 = CARTESIAN_POINT('',(-4.008434869229,-0.736905701065));
#1241 = ( GEOMETRIC_REPRESENTATION_CONTEXT(2) 
PARAMETRIC_REPRESENTATION_CONTEXT() REPRESENTATION_CONTEXT('2D SPACE',''
  ) );
#1242 = PCURVE('',#1243,#1248);
#1243 = CYLINDRICAL_SURFACE('',#1244,0.14);
#1244 = AXIS2_PLACEMENT_3D('',#1245,#1246,#1247);
#1245 = CARTESIAN_POINT('',(0.3675,-0.636528671782,2.3));
#1246 = DIRECTION('',(0.,0.,1.));
#1247 = DIRECTION('',(-0.773614066055,-0.633657065613,0.));
#1248 = DEFINITIONAL_REPRESENTATION('',(#1249),#1272);
#1249 = B_SPLINE_CURVE_WITH_KNOTS('',6,(#1250,#1251,#1252,#1253,#1254,
    #1255,#1256,#1257,#1258,#1259,#1260,#1261,#1262,#1263,#1264,#1265,
    #1266,#1267,#1268,#1269,#1270,#1271),.UNSPECIFIED.,.F.,.F.,(7,5,5,5,
    7),(0.,0.266891348662,0.50002393,0.733156537911,1.),.UNSPECIFIED.);
#1250 = CARTESIAN_POINT('',(-8.9E-16,-0.736905701065));
#1251 = CARTESIAN_POINT('',(0.125270325297,-0.731539294639));
#1252 = CARTESIAN_POINT('',(0.250509594706,-0.726444706169));
#1253 = CARTESIAN_POINT('',(0.375731784736,-0.721746630146));
#1254 = CARTESIAN_POINT('',(0.500955188175,-0.717543583949));
#1255 = CARTESIAN_POINT('',(0.626194172524,-0.713911159625));
#1256 = CARTESIAN_POINT('',(0.860874233101,-0.708277079975));
#1257 = CARTESIAN_POINT('',(0.97031004674,-0.706127274877));
#1258 = CARTESIAN_POINT('',(1.079763712221,-0.704490900585));
#1259 = CARTESIAN_POINT('',(1.189233334475,-0.703392065404));
#1260 = CARTESIAN_POINT('',(1.29871311472,-0.702842764903));
#1261 = CARTESIAN_POINT('',(1.517669457561,-0.702843329955));
#1262 = CARTESIAN_POINT('',(1.627149243356,-0.703393195643));
#1263 = CARTESIAN_POINT('',(1.736618864718,-0.704492588672));
#1264 = CARTESIAN_POINT('',(1.846072524639,-0.706129506062));
#1265 = CARTESIAN_POINT('',(1.955508331115,-0.708279832048));
#1266 = CARTESIAN_POINT('',(2.190165892975,-0.713914424914));
#1267 = CARTESIAN_POINT('',(2.315382314587,-0.717546605925));
#1268 = CARTESIAN_POINT('',(2.44058320947,-0.721749162624));
#1269 = CARTESIAN_POINT('',(2.565782958629,-0.726446539196));
#1270 = CARTESIAN_POINT('',(2.690999778842,-0.731540263651));
#1271 = CARTESIAN_POINT('',(2.816247484076,-0.736905701065));
#1272 = ( GEOMETRIC_REPRESENTATION_CONTEXT(2) 
PARAMETRIC_REPRESENTATION_CONTEXT() REPRESENTATION_CONTEXT('2D SPACE',''
  ) );
#1273 = ORIENTED_EDGE('',*,*,#1274,.T.);
#1274 = EDGE_CURVE('',#1190,#1275,#1277,.T.);
#1275 = VERTEX_POINT('',#1276);
#1276 = CARTESIAN_POINT('',(0.757673851631,-0.138151715343,
    1.563094298935));
#1277 = SURFACE_CURVE('',#1278,(#1305,#1335),.PCURVE_S1.);
#1278 = B_SPLINE_CURVE_WITH_KNOTS('',7,(#1279,#1280,#1281,#1282,#1283,
    #1284,#1285,#1286,#1287,#1288,#1289,#1290,#1291,#1292,#1293,#1294,
    #1295,#1296,#1297,#1298,#1299,#1300,#1301,#1302,#1303,#1304),
  .UNSPECIFIED.,.F.,.F.,(8,6,6,6,8),(0.,0.199214032947,0.499732673052,
    0.800272606461,1.),.UNSPECIFIED.);
#1279 = CARTESIAN_POINT('',(0.498479820879,-0.587088945624,
    1.563094298935));
#1280 = CARTESIAN_POINT('',(0.492352785471,-0.570856695515,
    1.557785336049));
#1281 = CARTESIAN_POINT('',(0.487212496157,-0.554270595502,
    1.552613104291));
#1282 = CARTESIAN_POINT('',(0.483087239292,-0.537415362152,
    1.547615795649));
#1283 = CARTESIAN_POINT('',(0.479993767392,-0.520380320366,
    1.542834743947));
#1284 = CARTESIAN_POINT('',(0.477937043391,-0.503256679913,
    1.538312284243));
#1285 = CARTESIAN_POINT('',(0.476909984895,-0.486134811964,
    1.534089612232));
#1286 = CARTESIAN_POINT('',(0.476867900776,-0.443406447975,
    1.524344085204));
#1287 = CARTESIAN_POINT('',(0.479141776116,-0.417905442525,
    1.519250120889));
#1288 = CARTESIAN_POINT('',(0.483652260609,-0.392903111165,
    1.515054074112));
#1289 = CARTESIAN_POINT('',(0.490271570119,-0.368627710454,
    1.511852733526));
#1290 = CARTESIAN_POINT('',(0.498873152463,-0.34521524308,1.509700594846
    ));
#1291 = CARTESIAN_POINT('',(0.509370911745,-0.322766416879,1.50862207806
    ));
#1292 = CARTESIAN_POINT('',(0.534036953101,-0.279998287572,
    1.508610628045));
#1293 = CARTESIAN_POINT('',(0.548211321582,-0.25966903301,1.509677844025
    ));
#1294 = CARTESIAN_POINT('',(0.564168941418,-0.240499207447,
    1.511818995241));
#1295 = CARTESIAN_POINT('',(0.581865705116,-0.222613410396,
    1.515009859563));
#1296 = CARTESIAN_POINT('',(0.601247437247,-0.206188892702,
    1.519196199812));
#1297 = CARTESIAN_POINT('',(0.622180913202,-0.191450336199,
    1.524281486437));
#1298 = CARTESIAN_POINT('',(0.659222848936,-0.170067500146,
    1.534024330152));
#1299 = CARTESIAN_POINT('',(0.674597265784,-0.162364722421,
    1.538254021193));
#1300 = CARTESIAN_POINT('',(0.690491472417,-0.155556847619,
    1.542785471182));
#1301 = CARTESIAN_POINT('',(0.706830225774,-0.149695674674,
    1.547577176323));
#1302 = CARTESIAN_POINT('',(0.723531463256,-0.144822885392,
    1.552586471329));
#1303 = CARTESIAN_POINT('',(0.740508770912,-0.140968897109,
    1.557771685521));
#1304 = CARTESIAN_POINT('',(0.757673851631,-0.138151715343,
    1.563094298935));
#1305 = PCURVE('',#593,#1306);
#1306 = DEFINITIONAL_REPRESENTATION('',(#1307),#1334);
#1307 = B_SPLINE_CURVE_WITH_KNOTS('',7,(#1308,#1309,#1310,#1311,#1312,
    #1313,#1314,#1315,#1316,#1317,#1318,#1319,#1320,#1321,#1322,#1323,
    #1324,#1325,#1326,#1327,#1328,#1329,#1330,#1331,#1332,#1333),
  .UNSPECIFIED.,.F.,.F.,(8,6,6,6,8),(0.,0.199214032947,0.499732673052,
    0.800272606461,1.),.UNSPECIFIED.);
#1308 = CARTESIAN_POINT('',(-4.008434869229,-0.736905701065));
#1309 = CARTESIAN_POINT('',(-4.000857878204,-0.742214663951));
#1310 = CARTESIAN_POINT('',(-3.991631630525,-0.747386895709));
#1311 = CARTESIAN_POINT('',(-3.980669769779,-0.752384204351));
#1312 = CARTESIAN_POINT('',(-3.967904461485,-0.757165256053));
#1313 = CARTESIAN_POINT('',(-3.953303877415,-0.761687715757));
#1314 = CARTESIAN_POINT('',(-3.936889679915,-0.765910387768));
#1315 = CARTESIAN_POINT('',(-3.891397207857,-0.775655914796));
#1316 = CARTESIAN_POINT('',(-3.860115148735,-0.780749879111));
#1317 = CARTESIAN_POINT('',(-3.825227115483,-0.784945925888));
#1318 = CARTESIAN_POINT('',(-3.787346208393,-0.788147266474));
#1319 = CARTESIAN_POINT('',(-3.747392748155,-0.790299405154));
#1320 = CARTESIAN_POINT('',(-3.706417080114,-0.79137792194));
#1321 = CARTESIAN_POINT('',(-3.624473021603,-0.791389371955));
#1322 = CARTESIAN_POINT('',(-3.583485479785,-0.790322155975));
#1323 = CARTESIAN_POINT('',(-3.543511141188,-0.788181004759));
#1324 = CARTESIAN_POINT('',(-3.505601066941,-0.784990140437));
#1325 = CARTESIAN_POINT('',(-3.470677325676,-0.780803800188));
#1326 = CARTESIAN_POINT('',(-3.439355275554,-0.775718513563));
#1327 = CARTESIAN_POINT('',(-3.39374723872,-0.765975669848));
#1328 = CARTESIAN_POINT('',(-3.37726725268,-0.761745978807));
#1329 = CARTESIAN_POINT('',(-3.362610031384,-0.757214528818));
#1330 = CARTESIAN_POINT('',(-3.349797827421,-0.752422823677));
#1331 = CARTESIAN_POINT('',(-3.338798742648,-0.747413528671));
#1332 = CARTESIAN_POINT('',(-3.329544462306,-0.742228314479));
#1333 = CARTESIAN_POINT('',(-3.321947989147,-0.736905701065));
#1334 = ( GEOMETRIC_REPRESENTATION_CONTEXT(2) 
PARAMETRIC_REPRESENTATION_CONTEXT() REPRESENTATION_CONTEXT('2D SPACE',''
  ) );
#1335 = PCURVE('',#1336,#1341);
#1336 = CYLINDRICAL_SURFACE('',#1337,0.335043068793);
#1337 = AXIS2_PLACEMENT_3D('',#1338,#1339,#1340);
#1338 = CARTESIAN_POINT('',(0.811936114716,-0.468771534396,2.3));
#1339 = DIRECTION('',(0.,0.,1.));
#1340 = DIRECTION('',(-0.935570149136,-0.353140901122,-0.));
#1341 = DEFINITIONAL_REPRESENTATION('',(#1342),#1369);
#1342 = B_SPLINE_CURVE_WITH_KNOTS('',7,(#1343,#1344,#1345,#1346,#1347,
    #1348,#1349,#1350,#1351,#1352,#1353,#1354,#1355,#1356,#1357,#1358,
    #1359,#1360,#1361,#1362,#1363,#1364,#1365,#1366,#1367,#1368),
  .UNSPECIFIED.,.F.,.F.,(8,6,6,6,8),(0.,0.199214032947,0.499732673052,
    0.800272606461,1.),.UNSPECIFIED.);
#1343 = CARTESIAN_POINT('',(0.,-0.736905701065));
#1344 = CARTESIAN_POINT('',(-5.178473180635E-02,-0.742214663951));
#1345 = CARTESIAN_POINT('',(-0.103517456604,-0.747386895709));
#1346 = CARTESIAN_POINT('',(-0.155158772382,-0.752384204351));
#1347 = CARTESIAN_POINT('',(-0.206666265694,-0.757165256053));
#1348 = CARTESIAN_POINT('',(-0.2579956909,-0.761687715757));
#1349 = CARTESIAN_POINT('',(-0.309102149397,-0.765910387768));
#1350 = CARTESIAN_POINT('',(-0.43663317061,-0.775655914796));
#1351 = CARTESIAN_POINT('',(-0.512739076497,-0.780749879111));
#1352 = CARTESIAN_POINT('',(-0.588086695093,-0.784945925888));
#1353 = CARTESIAN_POINT('',(-0.662681731786,-0.788147266474));
#1354 = CARTESIAN_POINT('',(-0.73669455777,-0.790299405154));
#1355 = CARTESIAN_POINT('',(-0.810389831141,-0.79137792194));
#1356 = CARTESIAN_POINT('',(-0.957747937971,-0.791389371955));
#1357 = CARTESIAN_POINT('',(-1.031445465433,-0.790322155975));
#1358 = CARTESIAN_POINT('',(-1.105458094273,-0.788181004759));
#1359 = CARTESIAN_POINT('',(-1.180051233375,-0.784990140437));
#1360 = CARTESIAN_POINT('',(-1.255396291817,-0.780803800188));
#1361 = CARTESIAN_POINT('',(-1.331500082684,-0.775718513563));
#1362 = CARTESIAN_POINT('',(-1.45915732875,-0.765975669848));
#1363 = CARTESIAN_POINT('',(-1.510392792882,-0.761745978807));
#1364 = CARTESIAN_POINT('',(-1.561852780015,-0.757214528818));
#1365 = CARTESIAN_POINT('',(-1.613492055604,-0.752422823677));
#1366 = CARTESIAN_POINT('',(-1.665266080892,-0.747413528671));
#1367 = CARTESIAN_POINT('',(-1.71713205098,-0.742228314479));
#1368 = CARTESIAN_POINT('',(-1.769049932879,-0.736905701065));
#1369 = ( GEOMETRIC_REPRESENTATION_CONTEXT(2) 
PARAMETRIC_REPRESENTATION_CONTEXT() REPRESENTATION_CONTEXT('2D SPACE',''
  ) );
#1370 = ORIENTED_EDGE('',*,*,#1371,.T.);
#1371 = EDGE_CURVE('',#1275,#1372,#1374,.T.);
#1372 = VERTEX_POINT('',#1373);
#1373 = CARTESIAN_POINT('',(0.757673851631,0.138151715343,1.563094298935
    ));
#1374 = SURFACE_CURVE('',#1375,(#1398,#1424),.PCURVE_S1.);
#1375 = B_SPLINE_CURVE_WITH_KNOTS('',6,(#1376,#1377,#1378,#1379,#1380,
    #1381,#1382,#1383,#1384,#1385,#1386,#1387,#1388,#1389,#1390,#1391,
    #1392,#1393,#1394,#1395,#1396,#1397),.UNSPECIFIED.,.F.,.F.,(7,5,5,5,
    7),(0.,0.266891348662,0.50002393,0.733156537911,1.),.UNSPECIFIED.);
#1376 = CARTESIAN_POINT('',(0.757673851631,-0.138151715343,
    1.563094298935));
#1377 = CARTESIAN_POINT('',(0.774980161953,-0.135311354573,
    1.568460705361));
#1378 = CARTESIAN_POINT('',(0.791855193557,-0.129870138676,
    1.573555293831));
#1379 = CARTESIAN_POINT('',(0.807812513595,-0.121910392157,
    1.578253369854));
#1380 = CARTESIAN_POINT('',(0.822386900728,-0.111634717959,
    1.582456416051));
#1381 = CARTESIAN_POINT('',(0.83517853625,-9.935691626335E-02,
    1.586088840375));
#1382 = CARTESIAN_POINT('',(0.855236007941,-7.33345690656E-02,
    1.591722920025));
#1383 = CARTESIAN_POINT('',(0.862996346514,-5.997207113296E-02,
    1.593872725123));
#1384 = CARTESIAN_POINT('',(0.868961906154,-4.56399945149E-02,
    1.595509099415));
#1385 = CARTESIAN_POINT('',(0.872988721806,-3.06448878262E-02,
    1.596607934596));
#1386 = CARTESIAN_POINT('',(0.87500103483,-1.531748778959E-02,
    1.597157235097));
#1387 = CARTESIAN_POINT('',(0.874998964532,1.533640013821E-02,
    1.597156670045));
#1388 = CARTESIAN_POINT('',(0.872984580701,3.066352900555E-02,
    1.596606804357));
#1389 = CARTESIAN_POINT('',(0.868955739188,4.565809137061E-02,
    1.595507411328));
#1390 = CARTESIAN_POINT('',(0.862988243706,5.998936117483E-02,
    1.593870493938));
#1391 = CARTESIAN_POINT('',(0.855226100746,7.335080985204E-02,
    1.591720167952));
#1392 = CARTESIAN_POINT('',(0.835167037492,9.936795303893E-02,
    1.586085575086));
#1393 = CARTESIAN_POINT('',(0.822376422032,0.111642103141,1.582453394075
    ));
#1394 = CARTESIAN_POINT('',(0.807803911875,0.121914683737,1.578250837376
    ));
#1395 = CARTESIAN_POINT('',(0.79184912139,0.12987210008,1.573553460805)
  );
#1396 = CARTESIAN_POINT('',(0.774977036952,0.135311867457,1.568459736349
    ));
#1397 = CARTESIAN_POINT('',(0.757673851631,0.138151715343,1.563094298935
    ));
#1398 = PCURVE('',#593,#1399);
#1399 = DEFINITIONAL_REPRESENTATION('',(#1400),#1423);
#1400 = B_SPLINE_CURVE_WITH_KNOTS('',6,(#1401,#1402,#1403,#1404,#1405,
    #1406,#1407,#1408,#1409,#1410,#1411,#1412,#1413,#1414,#1415,#1416,
    #1417,#1418,#1419,#1420,#1421,#1422),.UNSPECIFIED.,.F.,.F.,(7,5,5,5,
    7),(0.,0.266891348662,0.50002393,0.733156537911,1.),.UNSPECIFIED.);
#1401 = CARTESIAN_POINT('',(-3.321947989147,-0.736905701065));
#1402 = CARTESIAN_POINT('',(-3.314289014279,-0.731539294639));
#1403 = CARTESIAN_POINT('',(-3.303802298002,-0.726444706169));
#1404 = CARTESIAN_POINT('',(-3.290941967679,-0.721746630146));
#1405 = CARTESIAN_POINT('',(-3.276148489822,-0.717543583949));
#1406 = CARTESIAN_POINT('',(-3.259810057489,-0.713911159625));
#1407 = CARTESIAN_POINT('',(-3.226985854802,-0.708277079975));
#1408 = CARTESIAN_POINT('',(-3.210779964006,-0.706127274877));
#1409 = CARTESIAN_POINT('',(-3.193914688941,-0.704490900585));
#1410 = CARTESIAN_POINT('',(-3.176615187939,-0.703392065404));
#1411 = CARTESIAN_POINT('',(-3.159098353938,-0.702842764903));
#1412 = CARTESIAN_POINT('',(-3.124065339129,-0.702843329955));
#1413 = CARTESIAN_POINT('',(-3.106548681807,-0.703393195643));
#1414 = CARTESIAN_POINT('',(-3.089249536089,-0.704492588672));
#1415 = CARTESIAN_POINT('',(-3.072384798495,-0.706129506062));
#1416 = CARTESIAN_POINT('',(-3.056179634324,-0.708279832048));
#1417 = CARTESIAN_POINT('',(-3.023360562779,-0.713914424914));
#1418 = CARTESIAN_POINT('',(-3.007026183682,-0.717546605925));
#1419 = CARTESIAN_POINT('',(-2.99223640681,-0.721749162624));
#1420 = CARTESIAN_POINT('',(-2.979379231685,-0.726446539195));
#1421 = CARTESIAN_POINT('',(-2.96889490992,-0.731540263651));
#1422 = CARTESIAN_POINT('',(-2.961237318033,-0.736905701065));
#1423 = ( GEOMETRIC_REPRESENTATION_CONTEXT(2) 
PARAMETRIC_REPRESENTATION_CONTEXT() REPRESENTATION_CONTEXT('2D SPACE',''
  ) );
#1424 = PCURVE('',#1425,#1430);
#1425 = CYLINDRICAL_SURFACE('',#1426,0.14);
#1426 = AXIS2_PLACEMENT_3D('',#1427,#1428,#1429);
#1427 = CARTESIAN_POINT('',(0.735,1.E-17,2.3));
#1428 = DIRECTION('',(0.,0.,1.));
#1429 = DIRECTION('',(0.161956083081,-0.986797966735,0.));
#1430 = DEFINITIONAL_REPRESENTATION('',(#1431),#1454);
#1431 = B_SPLINE_CURVE_WITH_KNOTS('',6,(#1432,#1433,#1434,#1435,#1436,
    #1437,#1438,#1439,#1440,#1441,#1442,#1443,#1444,#1445,#1446,#1447,
    #1448,#1449,#1450,#1451,#1452,#1453),.UNSPECIFIED.,.F.,.F.,(7,5,5,5,
    7),(0.,0.266891348662,0.50002393,0.733156537911,1.),.UNSPECIFIED.);
#1432 = CARTESIAN_POINT('',(0.,-0.736905701065));
#1433 = CARTESIAN_POINT('',(0.125270325297,-0.731539294639));
#1434 = CARTESIAN_POINT('',(0.250509594706,-0.726444706169));
#1435 = CARTESIAN_POINT('',(0.375731784737,-0.721746630146));
#1436 = CARTESIAN_POINT('',(0.500955188175,-0.717543583949));
#1437 = CARTESIAN_POINT('',(0.626194172524,-0.713911159625));
#1438 = CARTESIAN_POINT('',(0.860874233101,-0.708277079975));
#1439 = CARTESIAN_POINT('',(0.97031004674,-0.706127274877));
#1440 = CARTESIAN_POINT('',(1.079763712221,-0.704490900585));
#1441 = CARTESIAN_POINT('',(1.189233334475,-0.703392065404));
#1442 = CARTESIAN_POINT('',(1.29871311472,-0.702842764903));
#1443 = CARTESIAN_POINT('',(1.517669457561,-0.702843329955));
#1444 = CARTESIAN_POINT('',(1.627149243356,-0.703393195643));
#1445 = CARTESIAN_POINT('',(1.736618864718,-0.704492588672));
#1446 = CARTESIAN_POINT('',(1.846072524639,-0.706129506062));
#1447 = CARTESIAN_POINT('',(1.955508331115,-0.708279832048));
#1448 = CARTESIAN_POINT('',(2.190165892975,-0.713914424914));
#1449 = CARTESIAN_POINT('',(2.315382314586,-0.717546605925));
#1450 = CARTESIAN_POINT('',(2.440583209471,-0.721749162624));
#1451 = CARTESIAN_POINT('',(2.565782958628,-0.726446539195));
#1452 = CARTESIAN_POINT('',(2.690999778843,-0.731540263651));
#1453 = CARTESIAN_POINT('',(2.816247484076,-0.736905701065));
#1454 = ( GEOMETRIC_REPRESENTATION_CONTEXT(2) 
PARAMETRIC_REPRESENTATION_CONTEXT() REPRESENTATION_CONTEXT('2D SPACE',''
  ) );
#1455 = ORIENTED_EDGE('',*,*,#1456,.T.);
#1456 = EDGE_CURVE('',#1372,#1457,#1459,.T.);
#1457 = VERTEX_POINT('',#1458);
#1458 = CARTESIAN_POINT('',(0.498479820879,0.587088945624,1.563094298935
    ));
#1459 = SURFACE_CURVE('',#1460,(#1487,#1517),.PCURVE_S1.);
#1460 = B_SPLINE_CURVE_WITH_KNOTS('',7,(#1461,#1462,#1463,#1464,#1465,
    #1466,#1467,#1468,#1469,#1470,#1471,#1472,#1473,#1474,#1475,#1476,
    #1477,#1478,#1479,#1480,#1481,#1482,#1483,#1484,#1485,#1486),
  .UNSPECIFIED.,.F.,.F.,(8,6,6,6,8),(0.,0.199214032947,0.499732673052,
    0.800272606461,1.),.UNSPECIFIED.);
#1461 = CARTESIAN_POINT('',(0.757673851631,0.138151715343,1.563094298935
    ));
#1462 = CARTESIAN_POINT('',(0.740552792972,0.140961672084,1.557785336049
    ));
#1463 = CARTESIAN_POINT('',(0.723618664354,0.144803100962,1.552613104291
    ));
#1464 = CARTESIAN_POINT('',(0.706958975653,0.149658140395,1.547615795649
    ));
#1465 = CARTESIAN_POINT('',(0.690659460762,0.155496636036,1.542834743947
    ));
#1466 = CARTESIAN_POINT('',(0.674801591125,0.16227728103,1.538312284243)
  );
#1467 = CARTESIAN_POINT('',(0.659460089273,0.169948756256,1.534089612232
    ));
#1468 = CARTESIAN_POINT('',(0.622435198537,0.191276492334,1.524344085204
    ));
#1469 = CARTESIAN_POINT('',(0.601487617664,0.205996228868,1.519250120889
    ));
#1470 = CARTESIAN_POINT('',(0.582090205799,0.222403588702,1.515054074112
    ));
#1471 = CARTESIAN_POINT('',(0.564376746852,0.240273779249,1.511852733526
    ));
#1472 = CARTESIAN_POINT('',(0.548401746512,0.259429201759,1.509700594846
    ));
#1473 = CARTESIAN_POINT('',(0.534209372378,0.27974494108,1.50862207806)
  );
#1474 = CARTESIAN_POINT('',(0.509504106604,0.322490424159,1.508610628045
    ));
#1475 = CARTESIAN_POINT('',(0.498985639953,0.344930414627,1.509677844025
    ));
#1476 = CARTESIAN_POINT('',(0.490362893948,0.368335031571,1.511818995241
    ));
#1477 = CARTESIAN_POINT('',(0.483721721184,0.392603777024,1.515009859563
    ));
#1478 = CARTESIAN_POINT('',(0.479188537682,0.417601108265,1.519196199812
    ));
#1479 = CARTESIAN_POINT('',(0.476891311312,0.443099308483,1.524281486437
    ));
#1480 = CARTESIAN_POINT('',(0.476894199952,0.485869983861,1.534024330152
    ));
#1481 = CARTESIAN_POINT('',(0.477910607188,0.503036008282,1.538254021193
    ));
#1482 = CARTESIAN_POINT('',(0.479961917979,0.5202047324,1.542785471182)
  );
#1483 = CARTESIAN_POINT('',(0.483055369991,0.537285094346,1.547577176323
    ));
#1484 = CARTESIAN_POINT('',(0.487186029427,0.554185184921,1.552586471329
    ));
#1485 = CARTESIAN_POINT('',(0.492337031496,0.570814958781,1.557771685521
    ));
#1486 = CARTESIAN_POINT('',(0.498479820879,0.587088945624,1.563094298935
    ));
#1487 = PCURVE('',#593,#1488);
#1488 = DEFINITIONAL_REPRESENTATION('',(#1489),#1516);
#1489 = B_SPLINE_CURVE_WITH_KNOTS('',7,(#1490,#1491,#1492,#1493,#1494,
    #1495,#1496,#1497,#1498,#1499,#1500,#1501,#1502,#1503,#1504,#1505,
    #1506,#1507,#1508,#1509,#1510,#1511,#1512,#1513,#1514,#1515),
  .UNSPECIFIED.,.F.,.F.,(8,6,6,6,8),(0.,0.199214032947,0.499732673052,
    0.800272606461,1.),.UNSPECIFIED.);
#1490 = CARTESIAN_POINT('',(-2.961237318033,-0.736905701065));
#1491 = CARTESIAN_POINT('',(-2.953660327007,-0.742214663951));
#1492 = CARTESIAN_POINT('',(-2.944434079329,-0.747386895709));
#1493 = CARTESIAN_POINT('',(-2.933472218583,-0.752384204351));
#1494 = CARTESIAN_POINT('',(-2.920706910289,-0.757165256053));
#1495 = CARTESIAN_POINT('',(-2.906106326219,-0.761687715757));
#1496 = CARTESIAN_POINT('',(-2.889692128718,-0.765910387768));
#1497 = CARTESIAN_POINT('',(-2.844199656661,-0.775655914796));
#1498 = CARTESIAN_POINT('',(-2.812917597539,-0.780749879111));
#1499 = CARTESIAN_POINT('',(-2.778029564286,-0.784945925888));
#1500 = CARTESIAN_POINT('',(-2.740148657197,-0.788147266474));
#1501 = CARTESIAN_POINT('',(-2.700195196958,-0.790299405154));
#1502 = CARTESIAN_POINT('',(-2.659219528918,-0.79137792194));
#1503 = CARTESIAN_POINT('',(-2.577275470406,-0.791389371955));
#1504 = CARTESIAN_POINT('',(-2.536287928588,-0.790322155975));
#1505 = CARTESIAN_POINT('',(-2.496313589991,-0.788181004759));
#1506 = CARTESIAN_POINT('',(-2.458403515744,-0.784990140437));
#1507 = CARTESIAN_POINT('',(-2.423479774479,-0.780803800188));
#1508 = CARTESIAN_POINT('',(-2.392157724357,-0.775718513563));
#1509 = CARTESIAN_POINT('',(-2.346549687524,-0.765975669848));
#1510 = CARTESIAN_POINT('',(-2.330069701483,-0.761745978807));
#1511 = CARTESIAN_POINT('',(-2.315412480187,-0.757214528818));
#1512 = CARTESIAN_POINT('',(-2.302600276225,-0.752422823677));
#1513 = CARTESIAN_POINT('',(-2.291601191451,-0.747413528671));
#1514 = CARTESIAN_POINT('',(-2.282346911109,-0.742228314479));
#1515 = CARTESIAN_POINT('',(-2.27475043795,-0.736905701065));
#1516 = ( GEOMETRIC_REPRESENTATION_CONTEXT(2) 
PARAMETRIC_REPRESENTATION_CONTEXT() REPRESENTATION_CONTEXT('2D SPACE',''
  ) );
#1517 = PCURVE('',#1518,#1523);
#1518 = CYLINDRICAL_SURFACE('',#1519,0.335043068793);
#1519 = AXIS2_PLACEMENT_3D('',#1520,#1521,#1522);
#1520 = CARTESIAN_POINT('',(0.811936114716,0.468771534396,2.3));
#1521 = DIRECTION('',(0.,0.,1.));
#1522 = DIRECTION('',(-0.161956083081,-0.986797966735,-0.));
#1523 = DEFINITIONAL_REPRESENTATION('',(#1524),#1551);
#1524 = B_SPLINE_CURVE_WITH_KNOTS('',7,(#1525,#1526,#1527,#1528,#1529,
    #1530,#1531,#1532,#1533,#1534,#1535,#1536,#1537,#1538,#1539,#1540,
    #1541,#1542,#1543,#1544,#1545,#1546,#1547,#1548,#1549,#1550),
  .UNSPECIFIED.,.F.,.F.,(8,6,6,6,8),(0.,0.199214032947,0.499732673052,
    0.800272606461,1.),.UNSPECIFIED.);
#1525 = CARTESIAN_POINT('',(0.,-0.736905701065));
#1526 = CARTESIAN_POINT('',(-5.178473180635E-02,-0.742214663951));
#1527 = CARTESIAN_POINT('',(-0.103517456604,-0.747386895709));
#1528 = CARTESIAN_POINT('',(-0.155158772382,-0.752384204351));
#1529 = CARTESIAN_POINT('',(-0.206666265694,-0.757165256053));
#1530 = CARTESIAN_POINT('',(-0.2579956909,-0.761687715757));
#1531 = CARTESIAN_POINT('',(-0.309102149397,-0.765910387768));
#1532 = CARTESIAN_POINT('',(-0.43663317061,-0.775655914796));
#1533 = CARTESIAN_POINT('',(-0.512739076496,-0.780749879111));
#1534 = CARTESIAN_POINT('',(-0.588086695095,-0.784945925888));
#1535 = CARTESIAN_POINT('',(-0.662681731784,-0.788147266474));
#1536 = CARTESIAN_POINT('',(-0.73669455777,-0.790299405154));
#1537 = CARTESIAN_POINT('',(-0.810389831141,-0.79137792194));
#1538 = CARTESIAN_POINT('',(-0.957747937971,-0.791389371955));
#1539 = CARTESIAN_POINT('',(-1.031445465433,-0.790322155975));
#1540 = CARTESIAN_POINT('',(-1.105458094273,-0.788181004759));
#1541 = CARTESIAN_POINT('',(-1.180051233375,-0.784990140437));
#1542 = CARTESIAN_POINT('',(-1.255396291817,-0.780803800188));
#1543 = CARTESIAN_POINT('',(-1.331500082684,-0.775718513563));
#1544 = CARTESIAN_POINT('',(-1.45915732875,-0.765975669848));
#1545 = CARTESIAN_POINT('',(-1.510392792882,-0.761745978807));
#1546 = CARTESIAN_POINT('',(-1.561852780015,-0.757214528818));
#1547 = CARTESIAN_POINT('',(-1.613492055604,-0.752422823677));
#1548 = CARTESIAN_POINT('',(-1.665266080892,-0.747413528671));
#1549 = CARTESIAN_POINT('',(-1.71713205098,-0.742228314479));
#1550 = CARTESIAN_POINT('',(-1.769049932879,-0.736905701065));
#1551 = ( GEOMETRIC_REPRESENTATION_CONTEXT(2) 
PARAMETRIC_REPRESENTATION_CONTEXT() REPRESENTATION_CONTEXT('2D SPACE',''
  ) );
#1552 = ORIENTED_EDGE('',*,*,#1553,.T.);
#1553 = EDGE_CURVE('',#1457,#1554,#1556,.T.);
#1554 = VERTEX_POINT('',#1555);
#1555 = CARTESIAN_POINT('',(0.259194030752,0.725240660967,1.563094298935
    ));
#1556 = SURFACE_CURVE('',#1557,(#1580,#1606),.PCURVE_S1.);
#1557 = B_SPLINE_CURVE_WITH_KNOTS('',6,(#1558,#1559,#1560,#1561,#1562,
    #1563,#1564,#1565,#1566,#1567,#1568,#1569,#1570,#1571,#1572,#1573,
    #1574,#1575,#1576,#1577,#1578,#1579),.UNSPECIFIED.,.F.,.F.,(7,5,5,5,
    7),(0.,0.266891348662,0.50002393,0.733156537911,1.),.UNSPECIFIED.);
#1558 = CARTESIAN_POINT('',(0.498479820879,0.587088945624,1.563094298935
    ));
#1559 = CARTESIAN_POINT('',(0.504673151457,0.603496830393,1.568460705361
    ));
#1560 = CARTESIAN_POINT('',(0.508398436064,0.620831644401,1.573555293831
    ));
#1561 = CARTESIAN_POINT('',(0.50948375339,0.63863096219,1.578253369854)
  );
#1562 = CARTESIAN_POINT('',(0.507871952061,0.656390588791,1.582456416051
    ));
#1563 = CARTESIAN_POINT('',(0.503634881651,0.673607370956,1.586088840375
    ));
#1564 = CARTESIAN_POINT('',(0.491127603757,0.703988824575,1.591722920025
    ));
#1565 = CARTESIAN_POINT('',(0.483435510376,0.717390723888,1.593872725123
    ));
#1566 = CARTESIAN_POINT('',(0.474006347755,0.729723088392,1.595509099415
    ));
#1567 = CARTESIAN_POINT('',(0.463033612257,0.740707966389,1.596607934596
    ));
#1568 = CARTESIAN_POINT('',(0.450765850963,0.750114380605,1.597157235097
    ));
#1569 = CARTESIAN_POINT('',(0.424217770144,0.765439531639,1.597156670045
    ));
#1570 = CARTESIAN_POINT('',(0.409936895262,0.771358588502,1.596606804357
    ));
#1571 = CARTESIAN_POINT('',(0.394936802579,0.775366790586,1.595507411328
    ));
#1572 = CARTESIAN_POINT('',(0.379541811119,0.777364422804,1.593870493938
    ));
#1573 = CARTESIAN_POINT('',(0.364089385653,0.777322934152,1.591720167952
    ));
#1574 = CARTESIAN_POINT('',(0.331528347092,0.772959847391,1.586085575086
    ));
#1575 = CARTESIAN_POINT('',(0.314503313564,0.768019924523,1.582453394075
    ));
#1576 = CARTESIAN_POINT('',(0.298320742726,0.760536050829,1.578250837376
    ));
#1577 = CARTESIAN_POINT('',(0.283452022783,0.750697505128,1.573553460805
    ));
#1578 = CARTESIAN_POINT('',(0.270305003824,0.738805735079,1.568459736349
    ));
#1579 = CARTESIAN_POINT('',(0.259194030752,0.725240660967,1.563094298935
    ));
#1580 = PCURVE('',#593,#1581);
#1581 = DEFINITIONAL_REPRESENTATION('',(#1582),#1605);
#1582 = B_SPLINE_CURVE_WITH_KNOTS('',6,(#1583,#1584,#1585,#1586,#1587,
    #1588,#1589,#1590,#1591,#1592,#1593,#1594,#1595,#1596,#1597,#1598,
    #1599,#1600,#1601,#1602,#1603,#1604),.UNSPECIFIED.,.F.,.F.,(7,5,5,5,
    7),(0.,0.266891348662,0.50002393,0.733156537911,1.),.UNSPECIFIED.);
#1583 = CARTESIAN_POINT('',(-2.27475043795,-0.736905701065));
#1584 = CARTESIAN_POINT('',(-2.267091463082,-0.731539294639));
#1585 = CARTESIAN_POINT('',(-2.256604746806,-0.726444706169));
#1586 = CARTESIAN_POINT('',(-2.243744416482,-0.721746630146));
#1587 = CARTESIAN_POINT('',(-2.228950938626,-0.717543583949));
#1588 = CARTESIAN_POINT('',(-2.212612506292,-0.713911159625));
#1589 = CARTESIAN_POINT('',(-2.179788303606,-0.708277079975));
#1590 = CARTESIAN_POINT('',(-2.163582412809,-0.706127274877));
#1591 = CARTESIAN_POINT('',(-2.146717137744,-0.704490900585));
#1592 = CARTESIAN_POINT('',(-2.129417636742,-0.703392065404));
#1593 = CARTESIAN_POINT('',(-2.111900802741,-0.702842764903));
#1594 = CARTESIAN_POINT('',(-2.076867787932,-0.702843329955));
#1595 = CARTESIAN_POINT('',(-2.059351130611,-0.703393195643));
#1596 = CARTESIAN_POINT('',(-2.042051984893,-0.704492588672));
#1597 = CARTESIAN_POINT('',(-2.025187247298,-0.706129506062));
#1598 = CARTESIAN_POINT('',(-2.008982083127,-0.708279832048));
#1599 = CARTESIAN_POINT('',(-1.976163011583,-0.713914424914));
#1600 = CARTESIAN_POINT('',(-1.959828632486,-0.717546605925));
#1601 = CARTESIAN_POINT('',(-1.945038855613,-0.721749162624));
#1602 = CARTESIAN_POINT('',(-1.932181680488,-0.726446539195));
#1603 = CARTESIAN_POINT('',(-1.921697358723,-0.731540263651));
#1604 = CARTESIAN_POINT('',(-1.914039766836,-0.736905701065));
#1605 = ( GEOMETRIC_REPRESENTATION_CONTEXT(2) 
PARAMETRIC_REPRESENTATION_CONTEXT() REPRESENTATION_CONTEXT('2D SPACE',''
  ) );
#1606 = PCURVE('',#1607,#1612);
#1607 = CYLINDRICAL_SURFACE('',#1608,0.14);
#1608 = AXIS2_PLACEMENT_3D('',#1609,#1610,#1611);
#1609 = CARTESIAN_POINT('',(0.3675,0.636528671782,2.3));
#1610 = DIRECTION('',(0.,0.,1.));
#1611 = DIRECTION('',(0.935570149136,-0.353140901122,0.));
#1612 = DEFINITIONAL_REPRESENTATION('',(#1613),#1636);
#1613 = B_SPLINE_CURVE_WITH_KNOTS('',6,(#1614,#1615,#1616,#1617,#1618,
    #1619,#1620,#1621,#1622,#1623,#1624,#1625,#1626,#1627,#1628,#1629,
    #1630,#1631,#1632,#1633,#1634,#1635),.UNSPECIFIED.,.F.,.F.,(7,5,5,5,
    7),(0.,0.266891348662,0.50002393,0.733156537911,1.),.UNSPECIFIED.);
#1614 = CARTESIAN_POINT('',(0.,-0.736905701065));
#1615 = CARTESIAN_POINT('',(0.125270325297,-0.731539294639));
#1616 = CARTESIAN_POINT('',(0.250509594706,-0.726444706169));
#1617 = CARTESIAN_POINT('',(0.375731784736,-0.721746630146));
#1618 = CARTESIAN_POINT('',(0.500955188175,-0.717543583949));
#1619 = CARTESIAN_POINT('',(0.626194172524,-0.713911159625));
#1620 = CARTESIAN_POINT('',(0.860874233101,-0.708277079975));
#1621 = CARTESIAN_POINT('',(0.97031004674,-0.706127274877));
#1622 = CARTESIAN_POINT('',(1.079763712221,-0.704490900585));
#1623 = CARTESIAN_POINT('',(1.189233334475,-0.703392065404));
#1624 = CARTESIAN_POINT('',(1.29871311472,-0.702842764903));
#1625 = CARTESIAN_POINT('',(1.517669457561,-0.702843329955));
#1626 = CARTESIAN_POINT('',(1.627149243356,-0.703393195643));
#1627 = CARTESIAN_POINT('',(1.736618864718,-0.704492588672));
#1628 = CARTESIAN_POINT('',(1.846072524639,-0.706129506062));
#1629 = CARTESIAN_POINT('',(1.955508331115,-0.708279832048));
#1630 = CARTESIAN_POINT('',(2.190165892975,-0.713914424914));
#1631 = CARTESIAN_POINT('',(2.315382314586,-0.717546605925));
#1632 = CARTESIAN_POINT('',(2.440583209471,-0.721749162624));
#1633 = CARTESIAN_POINT('',(2.565782958628,-0.726446539195));
#1634 = CARTESIAN_POINT('',(2.690999778843,-0.731540263651));
#1635 = CARTESIAN_POINT('',(2.816247484076,-0.736905701065));
#1636 = ( GEOMETRIC_REPRESENTATION_CONTEXT(2) 
PARAMETRIC_REPRESENTATION_CONTEXT() REPRESENTATION_CONTEXT('2D SPACE',''
  ) );
#1637 = ORIENTED_EDGE('',*,*,#1638,.T.);
#1638 = EDGE_CURVE('',#1554,#1639,#1641,.T.);
#1639 = VERTEX_POINT('',#1640);
#1640 = CARTESIAN_POINT('',(-0.259194030752,0.725240660967,
    1.563094298935));
#1641 = SURFACE_CURVE('',#1642,(#1669,#1699),.PCURVE_S1.);
#1642 = B_SPLINE_CURVE_WITH_KNOTS('',7,(#1643,#1644,#1645,#1646,#1647,
    #1648,#1649,#1650,#1651,#1652,#1653,#1654,#1655,#1656,#1657,#1658,
    #1659,#1660,#1661,#1662,#1663,#1664,#1665,#1666,#1667,#1668),
  .UNSPECIFIED.,.F.,.F.,(8,6,6,6,8),(0.,0.199214032947,0.499732673052,
    0.800272606461,1.),.UNSPECIFIED.);
#1643 = CARTESIAN_POINT('',(0.259194030752,0.725240660967,1.563094298935
    ));
#1644 = CARTESIAN_POINT('',(0.248200007501,0.711818367599,1.557785336049
    ));
#1645 = CARTESIAN_POINT('',(0.236406168197,0.699073696464,1.552613104291
    ));
#1646 = CARTESIAN_POINT('',(0.223871736362,0.687073502547,1.547615795649
    ));
#1647 = CARTESIAN_POINT('',(0.210665693371,0.675876956402,1.542834743947
    ));
#1648 = CARTESIAN_POINT('',(0.196864547733,0.665533960943,1.538312284243
    ));
#1649 = CARTESIAN_POINT('',(0.182550104377,0.65608356822,1.534089612232)
  );
#1650 = CARTESIAN_POINT('',(0.14556729776,0.634682940309,1.524344085204)
  );
#1651 = CARTESIAN_POINT('',(0.122345841549,0.623901671393,1.519250120889
    ));
#1652 = CARTESIAN_POINT('',(9.843794519089E-02,0.615306699867,
    1.515054074112));
#1653 = CARTESIAN_POINT('',(7.410517673285E-02,0.608901489703,
    1.511852733526));
#1654 = CARTESIAN_POINT('',(4.952859404944E-02,0.604644444838,
    1.509700594846));
#1655 = CARTESIAN_POINT('',(2.483846063352E-02,0.602511357959,
    1.50862207806));
#1656 = CARTESIAN_POINT('',(-2.453284649643E-02,0.602488711731,
    1.508610628045));
#1657 = CARTESIAN_POINT('',(-4.922568162822E-02,0.604599447637,
    1.509677844025));
#1658 = CARTESIAN_POINT('',(-7.380604747008E-02,0.608834239017,
    1.511818995241));
#1659 = CARTESIAN_POINT('',(-9.814398393195E-02,0.61521718742,
    1.515009859563));
#1660 = CARTESIAN_POINT('',(-0.122058899565,0.623790000967,
    1.519196199812));
#1661 = CARTESIAN_POINT('',(-0.145289601889,0.634549644682,
    1.524281486437));
#1662 = CARTESIAN_POINT('',(-0.182328648984,0.655937484007,
    1.534024330152));
#1663 = CARTESIAN_POINT('',(-0.196686658597,0.665400730703,
    1.538254021193));
#1664 = CARTESIAN_POINT('',(-0.210529554438,0.675761580019,
    1.542785471182));
#1665 = CARTESIAN_POINT('',(-0.223774855783,0.68698076902,1.547577176323
    ));
#1666 = CARTESIAN_POINT('',(-0.236345433829,0.699008070313,
    1.552586471329));
#1667 = CARTESIAN_POINT('',(-0.248171739416,0.71178385589,1.557771685521
    ));
#1668 = CARTESIAN_POINT('',(-0.259194030752,0.725240660967,
    1.563094298935));
#1669 = PCURVE('',#593,#1670);
#1670 = DEFINITIONAL_REPRESENTATION('',(#1671),#1698);
#1671 = B_SPLINE_CURVE_WITH_KNOTS('',7,(#1672,#1673,#1674,#1675,#1676,
    #1677,#1678,#1679,#1680,#1681,#1682,#1683,#1684,#1685,#1686,#1687,
    #1688,#1689,#1690,#1691,#1692,#1693,#1694,#1695,#1696,#1697),
  .UNSPECIFIED.,.F.,.F.,(8,6,6,6,8),(0.,0.199214032947,0.499732673052,
    0.800272606461,1.),.UNSPECIFIED.);
#1672 = CARTESIAN_POINT('',(-1.914039766836,-0.736905701065));
#1673 = CARTESIAN_POINT('',(-1.906462775811,-0.742214663951));
#1674 = CARTESIAN_POINT('',(-1.897236528132,-0.747386895709));
#1675 = CARTESIAN_POINT('',(-1.886274667386,-0.752384204351));
#1676 = CARTESIAN_POINT('',(-1.873509359092,-0.757165256053));
#1677 = CARTESIAN_POINT('',(-1.858908775022,-0.761687715757));
#1678 = CARTESIAN_POINT('',(-1.842494577522,-0.765910387768));
#1679 = CARTESIAN_POINT('',(-1.797002105464,-0.775655914796));
#1680 = CARTESIAN_POINT('',(-1.765720046342,-0.780749879111));
#1681 = CARTESIAN_POINT('',(-1.73083201309,-0.784945925888));
#1682 = CARTESIAN_POINT('',(-1.692951106,-0.788147266474));
#1683 = CARTESIAN_POINT('',(-1.652997645761,-0.790299405154));
#1684 = CARTESIAN_POINT('',(-1.612021977721,-0.79137792194));
#1685 = CARTESIAN_POINT('',(-1.53007791921,-0.791389371955));
#1686 = CARTESIAN_POINT('',(-1.489090377392,-0.790322155975));
#1687 = CARTESIAN_POINT('',(-1.449116038795,-0.788181004759));
#1688 = CARTESIAN_POINT('',(-1.411205964547,-0.784990140437));
#1689 = CARTESIAN_POINT('',(-1.376282223283,-0.780803800188));
#1690 = CARTESIAN_POINT('',(-1.344960173161,-0.775718513563));
#1691 = CARTESIAN_POINT('',(-1.299352136327,-0.765975669848));
#1692 = CARTESIAN_POINT('',(-1.282872150287,-0.761745978807));
#1693 = CARTESIAN_POINT('',(-1.26821492899,-0.757214528818));
#1694 = CARTESIAN_POINT('',(-1.255402725028,-0.752422823677));
#1695 = CARTESIAN_POINT('',(-1.244403640255,-0.747413528671));
#1696 = CARTESIAN_POINT('',(-1.235149359913,-0.742228314479));
#1697 = CARTESIAN_POINT('',(-1.227552886754,-0.736905701065));
#1698 = ( GEOMETRIC_REPRESENTATION_CONTEXT(2) 
PARAMETRIC_REPRESENTATION_CONTEXT() REPRESENTATION_CONTEXT('2D SPACE',''
  ) );
#1699 = PCURVE('',#1700,#1705);
#1700 = CYLINDRICAL_SURFACE('',#1701,0.335043068793);
#1701 = AXIS2_PLACEMENT_3D('',#1702,#1703,#1704);
#1702 = CARTESIAN_POINT('',(1.6E-16,0.937543068793,2.3));
#1703 = DIRECTION('',(0.,0.,1.));
#1704 = DIRECTION('',(0.773614066055,-0.633657065613,0.));
#1705 = DEFINITIONAL_REPRESENTATION('',(#1706),#1733);
#1706 = B_SPLINE_CURVE_WITH_KNOTS('',7,(#1707,#1708,#1709,#1710,#1711,
    #1712,#1713,#1714,#1715,#1716,#1717,#1718,#1719,#1720,#1721,#1722,
    #1723,#1724,#1725,#1726,#1727,#1728,#1729,#1730,#1731,#1732),
  .UNSPECIFIED.,.F.,.F.,(8,6,6,6,8),(0.,0.199214032947,0.499732673052,
    0.800272606461,1.),.UNSPECIFIED.);
#1707 = CARTESIAN_POINT('',(0.,-0.736905701065));
#1708 = CARTESIAN_POINT('',(-5.178473180635E-02,-0.742214663951));
#1709 = CARTESIAN_POINT('',(-0.103517456604,-0.747386895709));
#1710 = CARTESIAN_POINT('',(-0.155158772382,-0.752384204351));
#1711 = CARTESIAN_POINT('',(-0.206666265694,-0.757165256053));
#1712 = CARTESIAN_POINT('',(-0.2579956909,-0.761687715757));
#1713 = CARTESIAN_POINT('',(-0.309102149397,-0.765910387768));
#1714 = CARTESIAN_POINT('',(-0.43663317061,-0.775655914796));
#1715 = CARTESIAN_POINT('',(-0.512739076497,-0.780749879111));
#1716 = CARTESIAN_POINT('',(-0.588086695093,-0.784945925888));
#1717 = CARTESIAN_POINT('',(-0.662681731786,-0.788147266474));
#1718 = CARTESIAN_POINT('',(-0.736694557769,-0.790299405154));
#1719 = CARTESIAN_POINT('',(-0.810389831141,-0.79137792194));
#1720 = CARTESIAN_POINT('',(-0.957747937971,-0.791389371955));
#1721 = CARTESIAN_POINT('',(-1.031445465433,-0.790322155975));
#1722 = CARTESIAN_POINT('',(-1.105458094272,-0.788181004759));
#1723 = CARTESIAN_POINT('',(-1.180051233376,-0.784990140437));
#1724 = CARTESIAN_POINT('',(-1.255396291817,-0.780803800188));
#1725 = CARTESIAN_POINT('',(-1.331500082684,-0.775718513563));
#1726 = CARTESIAN_POINT('',(-1.45915732875,-0.765975669848));
#1727 = CARTESIAN_POINT('',(-1.510392792882,-0.761745978807));
#1728 = CARTESIAN_POINT('',(-1.561852780015,-0.757214528818));
#1729 = CARTESIAN_POINT('',(-1.613492055604,-0.752422823677));
#1730 = CARTESIAN_POINT('',(-1.665266080892,-0.747413528671));
#1731 = CARTESIAN_POINT('',(-1.71713205098,-0.742228314479));
#1732 = CARTESIAN_POINT('',(-1.769049932879,-0.736905701065));
#1733 = ( GEOMETRIC_REPRESENTATION_CONTEXT(2) 
PARAMETRIC_REPRESENTATION_CONTEXT() REPRESENTATION_CONTEXT('2D SPACE',''
  ) );
#1734 = ORIENTED_EDGE('',*,*,#1735,.T.);
#1735 = EDGE_CURVE('',#1639,#683,#1736,.T.);
#1736 = SURFACE_CURVE('',#1737,(#1760,#1786),.PCURVE_S1.);
#1737 = B_SPLINE_CURVE_WITH_KNOTS('',6,(#1738,#1739,#1740,#1741,#1742,
    #1743,#1744,#1745,#1746,#1747,#1748,#1749,#1750,#1751,#1752,#1753,
    #1754,#1755,#1756,#1757,#1758,#1759),.UNSPECIFIED.,.F.,.F.,(7,5,5,5,
    7),(0.,0.266891348662,0.50002393,0.733156537911,1.),.UNSPECIFIED.);
#1738 = CARTESIAN_POINT('',(-0.259194030752,0.725240660967,
    1.563094298935));
#1739 = CARTESIAN_POINT('',(-0.270307010495,0.738808184967,
    1.568460705361));
#1740 = CARTESIAN_POINT('',(-0.283456757492,0.750701783077,
    1.573555293831));
#1741 = CARTESIAN_POINT('',(-0.298328760205,0.760541354347,
    1.578253369854));
#1742 = CARTESIAN_POINT('',(-0.314514948667,0.76802530675,1.582456416051
    ));
#1743 = CARTESIAN_POINT('',(-0.331543654599,0.772964287219,
    1.586088840375));
#1744 = CARTESIAN_POINT('',(-0.364108404184,0.777323393641,
    1.591722920025));
#1745 = CARTESIAN_POINT('',(-0.379560836138,0.777362795021,
    1.593872725123));
#1746 = CARTESIAN_POINT('',(-0.394955558398,0.775363082907,
    1.595509099415));
#1747 = CARTESIAN_POINT('',(-0.40995510955,0.771352854215,1.596607934596
    ));
#1748 = CARTESIAN_POINT('',(-0.424235183867,0.765431868395,
    1.597157235097));
#1749 = CARTESIAN_POINT('',(-0.450781194388,0.7501031315,1.597156670045)
  );
#1750 = CARTESIAN_POINT('',(-0.463047685439,0.740695059496,
    1.596606804357));
#1751 = CARTESIAN_POINT('',(-0.474018936609,0.729708699215,
    1.595507411328));
#1752 = CARTESIAN_POINT('',(-0.483446432587,0.717375061629,
    1.593870493938));
#1753 = CARTESIAN_POINT('',(-0.491136715093,0.7039721243,1.591720167952)
  );
#1754 = CARTESIAN_POINT('',(-0.5036386904,0.673591894352,1.586085575086)
  );
#1755 = CARTESIAN_POINT('',(-0.507873108468,0.656377821382,
    1.582453394075));
#1756 = CARTESIAN_POINT('',(-0.509483169148,0.638621367091,
    1.578250837376));
#1757 = CARTESIAN_POINT('',(-0.508397098607,0.620825405048,
    1.573553460804));
#1758 = CARTESIAN_POINT('',(-0.504672033128,0.603493867621,
    1.568459736349));
#1759 = CARTESIAN_POINT('',(-0.498479820879,0.587088945624,
    1.563094298935));
#1760 = PCURVE('',#593,#1761);
#1761 = DEFINITIONAL_REPRESENTATION('',(#1762),#1785);
#1762 = B_SPLINE_CURVE_WITH_KNOTS('',6,(#1763,#1764,#1765,#1766,#1767,
    #1768,#1769,#1770,#1771,#1772,#1773,#1774,#1775,#1776,#1777,#1778,
    #1779,#1780,#1781,#1782,#1783,#1784),.UNSPECIFIED.,.F.,.F.,(7,5,5,5,
    7),(0.,0.266891348662,0.50002393,0.733156537911,1.),.UNSPECIFIED.);
#1763 = CARTESIAN_POINT('',(-1.227552886754,-0.736905701065));
#1764 = CARTESIAN_POINT('',(-1.219893911886,-0.731539294639));
#1765 = CARTESIAN_POINT('',(-1.209407195609,-0.726444706169));
#1766 = CARTESIAN_POINT('',(-1.196546865285,-0.721746630146));
#1767 = CARTESIAN_POINT('',(-1.181753387429,-0.717543583949));
#1768 = CARTESIAN_POINT('',(-1.165414955096,-0.713911159625));
#1769 = CARTESIAN_POINT('',(-1.132590752409,-0.708277079975));
#1770 = CARTESIAN_POINT('',(-1.116384861612,-0.706127274877));
#1771 = CARTESIAN_POINT('',(-1.099519586548,-0.704490900585));
#1772 = CARTESIAN_POINT('',(-1.082220085546,-0.703392065404));
#1773 = CARTESIAN_POINT('',(-1.064703251545,-0.702842764903));
#1774 = CARTESIAN_POINT('',(-1.029670236736,-0.702843329955));
#1775 = CARTESIAN_POINT('',(-1.012153579414,-0.703393195643));
#1776 = CARTESIAN_POINT('',(-0.994854433696,-0.704492588672));
#1777 = CARTESIAN_POINT('',(-0.977989696102,-0.706129506062));
#1778 = CARTESIAN_POINT('',(-0.96178453193,-0.708279832048));
#1779 = CARTESIAN_POINT('',(-0.928965460386,-0.713914424914));
#1780 = CARTESIAN_POINT('',(-0.912631081289,-0.717546605925));
#1781 = CARTESIAN_POINT('',(-0.897841304417,-0.721749162624));
#1782 = CARTESIAN_POINT('',(-0.884984129292,-0.726446539196));
#1783 = CARTESIAN_POINT('',(-0.874499807526,-0.731540263651));
#1784 = CARTESIAN_POINT('',(-0.866842215639,-0.736905701065));
#1785 = ( GEOMETRIC_REPRESENTATION_CONTEXT(2) 
PARAMETRIC_REPRESENTATION_CONTEXT() REPRESENTATION_CONTEXT('2D SPACE',''
  ) );
#1786 = PCURVE('',#1787,#1792);
#1787 = CYLINDRICAL_SURFACE('',#1788,0.14);
#1788 = AXIS2_PLACEMENT_3D('',#1789,#1790,#1791);
#1789 = CARTESIAN_POINT('',(-0.3675,0.636528671782,2.3));
#1790 = DIRECTION('',(0.,0.,1.));
#1791 = DIRECTION('',(0.773614066055,0.633657065613,0.));
#1792 = DEFINITIONAL_REPRESENTATION('',(#1793),#1816);
#1793 = B_SPLINE_CURVE_WITH_KNOTS('',6,(#1794,#1795,#1796,#1797,#1798,
    #1799,#1800,#1801,#1802,#1803,#1804,#1805,#1806,#1807,#1808,#1809,
    #1810,#1811,#1812,#1813,#1814,#1815),.UNSPECIFIED.,.F.,.F.,(7,5,5,5,
    7),(0.,0.266891348662,0.50002393,0.733156537911,1.),.UNSPECIFIED.);
#1794 = CARTESIAN_POINT('',(-8.9E-16,-0.736905701065));
#1795 = CARTESIAN_POINT('',(0.125270325297,-0.731539294639));
#1796 = CARTESIAN_POINT('',(0.250509594706,-0.726444706169));
#1797 = CARTESIAN_POINT('',(0.375731784737,-0.721746630146));
#1798 = CARTESIAN_POINT('',(0.500955188175,-0.717543583949));
#1799 = CARTESIAN_POINT('',(0.626194172524,-0.713911159625));
#1800 = CARTESIAN_POINT('',(0.860874233102,-0.708277079975));
#1801 = CARTESIAN_POINT('',(0.97031004674,-0.706127274877));
#1802 = CARTESIAN_POINT('',(1.079763712221,-0.704490900585));
#1803 = CARTESIAN_POINT('',(1.189233334475,-0.703392065404));
#1804 = CARTESIAN_POINT('',(1.29871311472,-0.702842764903));
#1805 = CARTESIAN_POINT('',(1.51766945756,-0.702843329955));
#1806 = CARTESIAN_POINT('',(1.627149243356,-0.703393195643));
#1807 = CARTESIAN_POINT('',(1.736618864718,-0.704492588672));
#1808 = CARTESIAN_POINT('',(1.846072524639,-0.706129506062));
#1809 = CARTESIAN_POINT('',(1.955508331115,-0.708279832048));
#1810 = CARTESIAN_POINT('',(2.190165892975,-0.713914424914));
#1811 = CARTESIAN_POINT('',(2.315382314586,-0.717546605925));
#1812 = CARTESIAN_POINT('',(2.440583209471,-0.721749162624));
#1813 = CARTESIAN_POINT('',(2.565782958629,-0.726446539196));
#1814 = CARTESIAN_POINT('',(2.690999778842,-0.731540263651));
#1815 = CARTESIAN_POINT('',(2.816247484076,-0.736905701065));
#1816 = ( GEOMETRIC_REPRESENTATION_CONTEXT(2) 
PARAMETRIC_REPRESENTATION_CONTEXT() REPRESENTATION_CONTEXT('2D SPACE',''
  ) );
#1817 = ADVANCED_FACE('',(#1818),#644,.T.);
#1818 = FACE_BOUND('',#1819,.F.);
#1819 = EDGE_LOOP('',(#1820,#1821,#1844,#1871));
#1820 = ORIENTED_EDGE('',*,*,#629,.T.);
#1821 = ORIENTED_EDGE('',*,*,#1822,.T.);
#1822 = EDGE_CURVE('',#606,#1823,#1825,.T.);
#1823 = VERTEX_POINT('',#1824);
#1824 = CARTESIAN_POINT('',(2.,0.,0.));
#1825 = SEAM_CURVE('',#1826,(#1830,#1837),.PCURVE_S1.);
#1826 = LINE('',#1827,#1828);
#1827 = CARTESIAN_POINT('',(2.,0.,1.019951928767));
#1828 = VECTOR('',#1829,1.);
#1829 = DIRECTION('',(-4.4E-16,0.,-1.));
#1830 = PCURVE('',#644,#1831);
#1831 = DEFINITIONAL_REPRESENTATION('',(#1832),#1836);
#1832 = LINE('',#1833,#1834);
#1833 = CARTESIAN_POINT('',(-0.,0.));
#1834 = VECTOR('',#1835,1.);
#1835 = DIRECTION('',(-0.,1.));
#1836 = ( GEOMETRIC_REPRESENTATION_CONTEXT(2) 
PARAMETRIC_REPRESENTATION_CONTEXT() REPRESENTATION_CONTEXT('2D SPACE',''
  ) );
#1837 = PCURVE('',#644,#1838);
#1838 = DEFINITIONAL_REPRESENTATION('',(#1839),#1843);
#1839 = LINE('',#1840,#1841);
#1840 = CARTESIAN_POINT('',(-6.28318530718,0.));
#1841 = VECTOR('',#1842,1.);
#1842 = DIRECTION('',(-0.,1.));
#1843 = ( GEOMETRIC_REPRESENTATION_CONTEXT(2) 
PARAMETRIC_REPRESENTATION_CONTEXT() REPRESENTATION_CONTEXT('2D SPACE',''
  ) );
#1844 = ORIENTED_EDGE('',*,*,#1845,.F.);
#1845 = EDGE_CURVE('',#1823,#1823,#1846,.T.);
#1846 = SURFACE_CURVE('',#1847,(#1852,#1859),.PCURVE_S1.);
#1847 = CIRCLE('',#1848,2.);
#1848 = AXIS2_PLACEMENT_3D('',#1849,#1850,#1851);
#1849 = CARTESIAN_POINT('',(0.,0.,0.));
#1850 = DIRECTION('',(0.,0.,1.));
#1851 = DIRECTION('',(1.,0.,-0.));
#1852 = PCURVE('',#644,#1853);
#1853 = DEFINITIONAL_REPRESENTATION('',(#1854),#1858);
#1854 = LINE('',#1855,#1856);
#1855 = CARTESIAN_POINT('',(-0.,1.019951928767));
#1856 = VECTOR('',#1857,1.);
#1857 = DIRECTION('',(-1.,0.));
#1858 = ( GEOMETRIC_REPRESENTATION_CONTEXT(2) 
PARAMETRIC_REPRESENTATION_CONTEXT() REPRESENTATION_CONTEXT('2D SPACE',''
  ) );
#1859 = PCURVE('',#1860,#1865);
#1860 = PLANE('',#1861);
#1861 = AXIS2_PLACEMENT_3D('',#1862,#1863,#1864);
#1862 = CARTESIAN_POINT('',(0.,0.,0.));
#1863 = DIRECTION('',(0.,0.,1.));
#1864 = DIRECTION('',(1.,0.,-0.));
#1865 = DEFINITIONAL_REPRESENTATION('',(#1866),#1870);
#1866 = CIRCLE('',#1867,2.);
#1867 = AXIS2_PLACEMENT_2D('',#1868,#1869);
#1868 = CARTESIAN_POINT('',(0.,0.));
#1869 = DIRECTION('',(1.,0.));
#1870 = ( GEOMETRIC_REPRESENTATION_CONTEXT(2) 
PARAMETRIC_REPRESENTATION_CONTEXT() REPRESENTATION_CONTEXT('2D SPACE',''
  ) );
#1871 = ORIENTED_EDGE('',*,*,#1822,.F.);
#1872 = ADVANCED_FACE('',(#1873),#746,.T.);
#1873 = FACE_BOUND('',#1874,.F.);
#1874 = EDGE_LOOP('',(#1875,#1876,#1899,#1984));
#1875 = ORIENTED_EDGE('',*,*,#682,.F.);
#1876 = ORIENTED_EDGE('',*,*,#1877,.T.);
#1877 = EDGE_CURVE('',#683,#1878,#1880,.T.);
#1878 = VERTEX_POINT('',#1879);
#1879 = CARTESIAN_POINT('',(-0.498479820879,0.587088945624,
    0.839474022277));
#1880 = SURFACE_CURVE('',#1881,(#1885,#1892),.PCURVE_S1.);
#1881 = LINE('',#1882,#1883);
#1882 = CARTESIAN_POINT('',(-0.498479820879,0.587088945624,2.3));
#1883 = VECTOR('',#1884,1.);
#1884 = DIRECTION('',(0.,0.,-1.));
#1885 = PCURVE('',#746,#1886);
#1886 = DEFINITIONAL_REPRESENTATION('',(#1887),#1891);
#1887 = LINE('',#1888,#1889);
#1888 = CARTESIAN_POINT('',(-0.,0.));
#1889 = VECTOR('',#1890,1.);
#1890 = DIRECTION('',(-0.,-1.));
#1891 = ( GEOMETRIC_REPRESENTATION_CONTEXT(2) 
PARAMETRIC_REPRESENTATION_CONTEXT() REPRESENTATION_CONTEXT('2D SPACE',''
  ) );
#1892 = PCURVE('',#1787,#1893);
#1893 = DEFINITIONAL_REPRESENTATION('',(#1894),#1898);
#1894 = LINE('',#1895,#1896);
#1895 = CARTESIAN_POINT('',(2.816247484076,0.));
#1896 = VECTOR('',#1897,1.);
#1897 = DIRECTION('',(0.,-1.));
#1898 = ( GEOMETRIC_REPRESENTATION_CONTEXT(2) 
PARAMETRIC_REPRESENTATION_CONTEXT() REPRESENTATION_CONTEXT('2D SPACE',''
  ) );
#1899 = ORIENTED_EDGE('',*,*,#1900,.T.);
#1900 = EDGE_CURVE('',#1878,#1901,#1903,.T.);
#1901 = VERTEX_POINT('',#1902);
#1902 = CARTESIAN_POINT('',(-0.757673851631,0.138151715343,
    0.839474022277));
#1903 = SURFACE_CURVE('',#1904,(#1927,#1953),.PCURVE_S1.);
#1904 = B_SPLINE_CURVE_WITH_KNOTS('',6,(#1905,#1906,#1907,#1908,#1909,
    #1910,#1911,#1912,#1913,#1914,#1915,#1916,#1917,#1918,#1919,#1920,
    #1921,#1922,#1923,#1924,#1925,#1926),.UNSPECIFIED.,.F.,.F.,(7,5,5,5,
    7),(0.,0.261520512093,0.499736358837,0.737962727258,1.),
  .UNSPECIFIED.);
#1905 = CARTESIAN_POINT('',(-0.498479820879,0.587088945624,
    0.839474022277));
#1906 = CARTESIAN_POINT('',(-0.489234980541,0.562596748243,
    0.825240183302));
#1907 = CARTESIAN_POINT('',(-0.4822792554,0.537218521022,0.811541511131)
  );
#1908 = CARTESIAN_POINT('',(-0.477734142467,0.511253845081,
    0.798634395579));
#1909 = CARTESIAN_POINT('',(-0.475661080538,0.485041550047,
    0.786812738415));
#1910 = CARTESIAN_POINT('',(-0.476040787405,0.458918393428,0.77638703809
    ));
#1911 = CARTESIAN_POINT('',(-0.481287635146,0.40977631305,0.759597704482
    ));
#1912 = CARTESIAN_POINT('',(-0.485752504714,0.386681164194,
    0.752952439802));
#1913 = CARTESIAN_POINT('',(-0.49211840825,0.364150807598,0.747848924668
    ));
#1914 = CARTESIAN_POINT('',(-0.500281974963,0.34234889303,0.744407168885
    ));
#1915 = CARTESIAN_POINT('',(-0.510166170061,0.321387528795,
    0.742681599764));
#1916 = CARTESIAN_POINT('',(-0.533241330545,0.281377807206,
    0.742662566439));
#1917 = CARTESIAN_POINT('',(-0.546435177713,0.262324790269,
    0.744369251678));
#1918 = CARTESIAN_POINT('',(-0.561217957508,0.244340623474,0.74779263196
    ));
#1919 = CARTESIAN_POINT('',(-0.577531192512,0.227547851476,
    0.752878672868));
#1920 = CARTESIAN_POINT('',(-0.595285206057,0.212117636348,
    0.759507810284));
#1921 = CARTESIAN_POINT('',(-0.635233200582,0.18293695678,0.776283815886
    ));
#1922 = CARTESIAN_POINT('',(-0.657700906734,0.169503374703,
    0.786719141087));
#1923 = CARTESIAN_POINT('',(-0.681478933617,0.158156732363,
    0.798557797369));
#1924 = CARTESIAN_POINT('',(-0.706283687257,0.149083226289,
    0.811487252101));
#1925 = CARTESIAN_POINT('',(-0.731789467442,0.142399933942,
    0.825212028408));
#1926 = CARTESIAN_POINT('',(-0.757673851631,0.138151715343,
    0.839474022277));
#1927 = PCURVE('',#746,#1928);
#1928 = DEFINITIONAL_REPRESENTATION('',(#1929),#1952);
#1929 = B_SPLINE_CURVE_WITH_KNOTS('',6,(#1930,#1931,#1932,#1933,#1934,
    #1935,#1936,#1937,#1938,#1939,#1940,#1941,#1942,#1943,#1944,#1945,
    #1946,#1947,#1948,#1949,#1950,#1951),.UNSPECIFIED.,.F.,.F.,(7,5,5,5,
    7),(0.,0.261520512093,0.499736358837,0.737962727258,1.),
  .UNSPECIFIED.);
#1930 = CARTESIAN_POINT('',(0.,-1.460525977723));
#1931 = CARTESIAN_POINT('',(-7.813592473001E-02,-1.474759816698));
#1932 = CARTESIAN_POINT('',(-0.156333279312,-1.488458488869));
#1933 = CARTESIAN_POINT('',(-0.234485674061,-1.501365604421));
#1934 = CARTESIAN_POINT('',(-0.312449617712,-1.513187261585));
#1935 = CARTESIAN_POINT('',(-0.390098963782,-1.52361296191));
#1936 = CARTESIAN_POINT('',(-0.5376065275,-1.540402295518));
#1937 = CARTESIAN_POINT('',(-0.607563325896,-1.547047560198));
#1938 = CARTESIAN_POINT('',(-0.677073813411,-1.552151075332));
#1939 = CARTESIAN_POINT('',(-0.746206468145,-1.555592831115));
#1940 = CARTESIAN_POINT('',(-0.815140806712,-1.557318400236));
#1941 = CARTESIAN_POINT('',(-0.952994786388,-1.557337433561));
#1942 = CARTESIAN_POINT('',(-1.02193030738,-1.555630748322));
#1943 = CARTESIAN_POINT('',(-1.091062551009,-1.55220736804));
#1944 = CARTESIAN_POINT('',(-1.160571626361,-1.547121327132));
#1945 = CARTESIAN_POINT('',(-1.230526881364,-1.540492189716));
#1946 = CARTESIAN_POINT('',(-1.378181755424,-1.523716184114));
#1947 = CARTESIAN_POINT('',(-1.455983031078,-1.513280858913));
#1948 = CARTESIAN_POINT('',(-1.534100321374,-1.501442202631));
#1949 = CARTESIAN_POINT('',(-1.612406933742,-1.488512747899));
#1950 = CARTESIAN_POINT('',(-1.690759453309,-1.474787971592));
#1951 = CARTESIAN_POINT('',(-1.769049932879,-1.460525977723));
#1952 = ( GEOMETRIC_REPRESENTATION_CONTEXT(2) 
PARAMETRIC_REPRESENTATION_CONTEXT() REPRESENTATION_CONTEXT('2D SPACE',''
  ) );
#1953 = PCURVE('',#1954,#1959);
#1954 = CONICAL_SURFACE('',#1955,3.299871130596,1.047197551197);
#1955 = AXIS2_PLACEMENT_3D('',#1956,#1957,#1958);
#1956 = CARTESIAN_POINT('',(0.,0.,2.3));
#1957 = DIRECTION('',(0.,0.,1.));
#1958 = DIRECTION('',(-1.,0.,0.));
#1959 = DEFINITIONAL_REPRESENTATION('',(#1960),#1983);
#1960 = B_SPLINE_CURVE_WITH_KNOTS('',6,(#1961,#1962,#1963,#1964,#1965,
    #1966,#1967,#1968,#1969,#1970,#1971,#1972,#1973,#1974,#1975,#1976,
    #1977,#1978,#1979,#1980,#1981,#1982),.UNSPECIFIED.,.F.,.F.,(7,5,5,5,
    7),(0.,0.261520512093,0.499736358837,0.737962727258,1.),
  .UNSPECIFIED.);
#1961 = CARTESIAN_POINT('',(-0.866842215639,-1.460525977723));
#1962 = CARTESIAN_POINT('',(-0.855409594869,-1.474759816698));
#1963 = CARTESIAN_POINT('',(-0.840087383763,-1.488458488869));
#1964 = CARTESIAN_POINT('',(-0.820512454359,-1.501365604421));
#1965 = CARTESIAN_POINT('',(-0.796407736567,-1.513187261585));
#1966 = CARTESIAN_POINT('',(-0.76784301142,-1.52361296191));
#1967 = CARTESIAN_POINT('',(-0.705954062575,-1.540402295518));
#1968 = CARTESIAN_POINT('',(-0.6732714558,-1.547047560198));
#1969 = CARTESIAN_POINT('',(-0.637869818824,-1.552151075332));
#1970 = CARTESIAN_POINT('',(-0.600510846577,-1.555592831115));
#1971 = CARTESIAN_POINT('',(-0.56218246655,-1.557318400236));
#1972 = CARTESIAN_POINT('',(-0.485523538042,-1.557337433561));
#1973 = CARTESIAN_POINT('',(-0.4471849423,-1.555630748322));
#1974 = CARTESIAN_POINT('',(-0.40980721494,-1.55220736804));
#1975 = CARTESIAN_POINT('',(-0.374379193951,-1.547121327132));
#1976 = CARTESIAN_POINT('',(-0.341664470081,-1.540492189716));
#1977 = CARTESIAN_POINT('',(-0.279637687935,-1.523716184114));
#1978 = CARTESIAN_POINT('',(-0.250980723757,-1.513280858913));
#1979 = CARTESIAN_POINT('',(-0.2268013699,-1.501442202631));
#1980 = CARTESIAN_POINT('',(-0.207170861233,-1.488512747899));
#1981 = CARTESIAN_POINT('',(-0.191810570341,-1.474787971592));
#1982 = CARTESIAN_POINT('',(-0.180355335557,-1.460525977723));
#1983 = ( GEOMETRIC_REPRESENTATION_CONTEXT(2) 
PARAMETRIC_REPRESENTATION_CONTEXT() REPRESENTATION_CONTEXT('2D SPACE',''
  ) );
#1984 = ORIENTED_EDGE('',*,*,#1985,.F.);
#1985 = EDGE_CURVE('',#685,#1901,#1986,.T.);
#1986 = SURFACE_CURVE('',#1987,(#1991,#1998),.PCURVE_S1.);
#1987 = LINE('',#1988,#1989);
#1988 = CARTESIAN_POINT('',(-0.757673851631,0.138151715343,2.3));
#1989 = VECTOR('',#1990,1.);
#1990 = DIRECTION('',(0.,0.,-1.));
#1991 = PCURVE('',#746,#1992);
#1992 = DEFINITIONAL_REPRESENTATION('',(#1993),#1997);
#1993 = LINE('',#1994,#1995);
#1994 = CARTESIAN_POINT('',(-1.769049932879,0.));
#1995 = VECTOR('',#1996,1.);
#1996 = DIRECTION('',(-0.,-1.));
#1997 = ( GEOMETRIC_REPRESENTATION_CONTEXT(2) 
PARAMETRIC_REPRESENTATION_CONTEXT() REPRESENTATION_CONTEXT('2D SPACE',''
  ) );
#1998 = PCURVE('',#815,#1999);
#1999 = DEFINITIONAL_REPRESENTATION('',(#2000),#2004);
#2000 = LINE('',#2001,#2002);
#2001 = CARTESIAN_POINT('',(0.,0.));
#2002 = VECTOR('',#2003,1.);
#2003 = DIRECTION('',(0.,-1.));
#2004 = ( GEOMETRIC_REPRESENTATION_CONTEXT(2) 
PARAMETRIC_REPRESENTATION_CONTEXT() REPRESENTATION_CONTEXT('2D SPACE',''
  ) );
#2005 = ADVANCED_FACE('',(#2006),#1787,.F.);
#2006 = FACE_BOUND('',#2007,.F.);
#2007 = EDGE_LOOP('',(#2008,#2009,#2032,#2110));
#2008 = ORIENTED_EDGE('',*,*,#1735,.F.);
#2009 = ORIENTED_EDGE('',*,*,#2010,.T.);
#2010 = EDGE_CURVE('',#1639,#2011,#2013,.T.);
#2011 = VERTEX_POINT('',#2012);
#2012 = CARTESIAN_POINT('',(-0.259194030752,0.725240660967,
    0.839474022277));
#2013 = SURFACE_CURVE('',#2014,(#2018,#2025),.PCURVE_S1.);
#2014 = LINE('',#2015,#2016);
#2015 = CARTESIAN_POINT('',(-0.259194030752,0.725240660967,2.3));
#2016 = VECTOR('',#2017,1.);
#2017 = DIRECTION('',(0.,0.,-1.));
#2018 = PCURVE('',#1787,#2019);
#2019 = DEFINITIONAL_REPRESENTATION('',(#2020),#2024);
#2020 = LINE('',#2021,#2022);
#2021 = CARTESIAN_POINT('',(0.,0.));
#2022 = VECTOR('',#2023,1.);
#2023 = DIRECTION('',(0.,-1.));
#2024 = ( GEOMETRIC_REPRESENTATION_CONTEXT(2) 
PARAMETRIC_REPRESENTATION_CONTEXT() REPRESENTATION_CONTEXT('2D SPACE',''
  ) );
#2025 = PCURVE('',#1700,#2026);
#2026 = DEFINITIONAL_REPRESENTATION('',(#2027),#2031);
#2027 = LINE('',#2028,#2029);
#2028 = CARTESIAN_POINT('',(-1.769049932879,0.));
#2029 = VECTOR('',#2030,1.);
#2030 = DIRECTION('',(-0.,-1.));
#2031 = ( GEOMETRIC_REPRESENTATION_CONTEXT(2) 
PARAMETRIC_REPRESENTATION_CONTEXT() REPRESENTATION_CONTEXT('2D SPACE',''
  ) );
#2032 = ORIENTED_EDGE('',*,*,#2033,.T.);
#2033 = EDGE_CURVE('',#2011,#1878,#2034,.T.);
#2034 = SURFACE_CURVE('',#2035,(#2058,#2084),.PCURVE_S1.);
#2035 = B_SPLINE_CURVE_WITH_KNOTS('',6,(#2036,#2037,#2038,#2039,#2040,
    #2041,#2042,#2043,#2044,#2045,#2046,#2047,#2048,#2049,#2050,#2051,
    #2052,#2053,#2054,#2055,#2056,#2057),.UNSPECIFIED.,.F.,.F.,(7,5,5,5,
    7),(0.,0.125915259474,0.500023885498,0.87413274214,1.),
  .UNSPECIFIED.);
#2036 = CARTESIAN_POINT('',(-0.259194030752,0.725240660967,
    0.839474022277));
#2037 = CARTESIAN_POINT('',(-0.264419344646,0.731620099542,
    0.843957641853));
#2038 = CARTESIAN_POINT('',(-0.27009653983,0.737631366667,0.848335697914
    ));
#2039 = CARTESIAN_POINT('',(-0.276193225909,0.743234396119,
    0.852585303015));
#2040 = CARTESIAN_POINT('',(-0.28267304635,0.748393430257,0.856685589997
    ));
#2041 = CARTESIAN_POINT('',(-0.289495678492,0.753077020021,
    0.860617711989));
#2042 = CARTESIAN_POINT('',(-0.31777459903,0.769680268357,0.875497995119
    ));
#2043 = CARTESIAN_POINT('',(-0.341570746457,0.777668229774,0.88499909918
    ));
#2044 = CARTESIAN_POINT('',(-0.366852857795,0.780518065406,
    0.892422666539));
#2045 = CARTESIAN_POINT('',(-0.392205095104,0.777912799307,
    0.897475498771));
#2046 = CARTESIAN_POINT('',(-0.416160216048,0.770094680422,
    0.900000807283));
#2047 = CARTESIAN_POINT('',(-0.458856173854,0.745440312748,
    0.899999192407));
#2048 = CARTESIAN_POINT('',(-0.477602151186,0.728601088247,0.8974722657)
  );
#2049 = CARTESIAN_POINT('',(-0.492531699451,0.707946020893,
    0.892417871069));
#2050 = CARTESIAN_POINT('',(-0.502701568343,0.684624785669,
    0.884992854643));
#2051 = CARTESIAN_POINT('',(-0.507678540321,0.660022072408,
    0.875490469513));
#2052 = CARTESIAN_POINT('',(-0.50743475983,0.627233373971,0.86061020614)
  );
#2053 = CARTESIAN_POINT('',(-0.50678932527,0.618986248217,0.856679330046
    ));
#2054 = CARTESIAN_POINT('',(-0.505561189319,0.610798293307,
    0.852580436691));
#2055 = CARTESIAN_POINT('',(-0.503757422585,0.602720093757,
    0.848332352018));
#2056 = CARTESIAN_POINT('',(-0.501390804012,0.594800963449,
    0.843955923928));
#2057 = CARTESIAN_POINT('',(-0.498479820879,0.587088945624,
    0.839474022277));
#2058 = PCURVE('',#1787,#2059);
#2059 = DEFINITIONAL_REPRESENTATION('',(#2060),#2083);
#2060 = B_SPLINE_CURVE_WITH_KNOTS('',6,(#2061,#2062,#2063,#2064,#2065,
    #2066,#2067,#2068,#2069,#2070,#2071,#2072,#2073,#2074,#2075,#2076,
    #2077,#2078,#2079,#2080,#2081,#2082),.UNSPECIFIED.,.F.,.F.,(7,5,5,5,
    7),(0.,0.125915259474,0.500023885498,0.87413274214,1.),
  .UNSPECIFIED.);
#2061 = CARTESIAN_POINT('',(-8.9E-16,-1.460525977723));
#2062 = CARTESIAN_POINT('',(5.890200345271E-02,-1.456042358147));
#2063 = CARTESIAN_POINT('',(0.117813432005,-1.451664302086));
#2064 = CARTESIAN_POINT('',(0.17673831047,-1.447414696985));
#2065 = CARTESIAN_POINT('',(0.235680171414,-1.443314410003));
#2066 = CARTESIAN_POINT('',(0.294642055152,-1.439382288011));
#2067 = CARTESIAN_POINT('',(0.528876065354,-1.424502004881));
#2068 = CARTESIAN_POINT('',(0.704342606677,-1.41500090082));
#2069 = CARTESIAN_POINT('',(0.880056979489,-1.407577333461));
#2070 = CARTESIAN_POINT('',(1.056005250417,-1.402524501229));
#2071 = CARTESIAN_POINT('',(1.232109305427,-1.399999192717));
#2072 = CARTESIAN_POINT('',(1.584273362919,-1.400000807593));
#2073 = CARTESIAN_POINT('',(1.760377458071,-1.4025277343));
#2074 = CARTESIAN_POINT('',(1.936325711436,-1.407582128931));
#2075 = CARTESIAN_POINT('',(2.112040030483,-1.415007145357));
#2076 = CARTESIAN_POINT('',(2.28750651376,-1.424509530487));
#2077 = CARTESIAN_POINT('',(2.521717975657,-1.43938979386));
#2078 = CARTESIAN_POINT('',(2.580657301618,-1.443320669954));
#2079 = CARTESIAN_POINT('',(2.639576650719,-1.447419563309));
#2080 = CARTESIAN_POINT('',(2.698479073703,-1.451667647982));
#2081 = CARTESIAN_POINT('',(2.757368049269,-1.456044076072));
#2082 = CARTESIAN_POINT('',(2.816247484076,-1.460525977723));
#2083 = ( GEOMETRIC_REPRESENTATION_CONTEXT(2) 
PARAMETRIC_REPRESENTATION_CONTEXT() REPRESENTATION_CONTEXT('2D SPACE',''
  ) );
#2084 = PCURVE('',#1954,#2085);
#2085 = DEFINITIONAL_REPRESENTATION('',(#2086),#2109);
#2086 = B_SPLINE_CURVE_WITH_KNOTS('',6,(#2087,#2088,#2089,#2090,#2091,
    #2092,#2093,#2094,#2095,#2096,#2097,#2098,#2099,#2100,#2101,#2102,
    #2103,#2104,#2105,#2106,#2107,#2108),.UNSPECIFIED.,.F.,.F.,(7,5,5,5,
    7),(0.,0.125915259474,0.500023885498,0.87413274214,1.),
  .UNSPECIFIED.);
#2087 = CARTESIAN_POINT('',(-1.227552886754,-1.460525977723));
#2088 = CARTESIAN_POINT('',(-1.223951643099,-1.456042358147));
#2089 = CARTESIAN_POINT('',(-1.219724131837,-1.451664302086));
#2090 = CARTESIAN_POINT('',(-1.214917060114,-1.447414696985));
#2091 = CARTESIAN_POINT('',(-1.209575887204,-1.443314410003));
#2092 = CARTESIAN_POINT('',(-1.203744824512,-1.439382288011));
#2093 = CARTESIAN_POINT('',(-1.178814212953,-1.424502004881));
#2094 = CARTESIAN_POINT('',(-1.156213181502,-1.41500090082));
#2095 = CARTESIAN_POINT('',(-1.130789521312,-1.407577333461));
#2096 = CARTESIAN_POINT('',(-1.103537093341,-1.402524501229));
#2097 = CARTESIAN_POINT('',(-1.075359861018,-1.399999192717));
#2098 = CARTESIAN_POINT('',(-1.019013611892,-1.400000807593));
#2099 = CARTESIAN_POINT('',(-0.990836832346,-1.4025277343));
#2100 = CARTESIAN_POINT('',(-0.963585328115,-1.407582128931));
#2101 = CARTESIAN_POINT('',(-0.938163078641,-1.415007145357));
#2102 = CARTESIAN_POINT('',(-0.915563990484,-1.424509530487));
#2103 = CARTESIAN_POINT('',(-0.890639148208,-1.43938979386));
#2104 = CARTESIAN_POINT('',(-0.884811059982,-1.443320669954));
#2105 = CARTESIAN_POINT('',(-0.87947253707,-1.447419563309));
#2106 = CARTESIAN_POINT('',(-0.874667740065,-1.451667647982));
#2107 = CARTESIAN_POINT('',(-0.870442079457,-1.456044076072));
#2108 = CARTESIAN_POINT('',(-0.866842215639,-1.460525977723));
#2109 = ( GEOMETRIC_REPRESENTATION_CONTEXT(2) 
PARAMETRIC_REPRESENTATION_CONTEXT() REPRESENTATION_CONTEXT('2D SPACE',''
  ) );
#2110 = ORIENTED_EDGE('',*,*,#1877,.F.);
#2111 = ADVANCED_FACE('',(#2112),#1700,.T.);
#2112 = FACE_BOUND('',#2113,.F.);
#2113 = EDGE_LOOP('',(#2114,#2115,#2138,#2216));
#2114 = ORIENTED_EDGE('',*,*,#1638,.F.);
#2115 = ORIENTED_EDGE('',*,*,#2116,.T.);
#2116 = EDGE_CURVE('',#1554,#2117,#2119,.T.);
#2117 = VERTEX_POINT('',#2118);
#2118 = CARTESIAN_POINT('',(0.259194030752,0.725240660967,0.839474022277
    ));
#2119 = SURFACE_CURVE('',#2120,(#2124,#2131),.PCURVE_S1.);
#2120 = LINE('',#2121,#2122);
#2121 = CARTESIAN_POINT('',(0.259194030752,0.725240660967,2.3));
#2122 = VECTOR('',#2123,1.);
#2123 = DIRECTION('',(0.,0.,-1.));
#2124 = PCURVE('',#1700,#2125);
#2125 = DEFINITIONAL_REPRESENTATION('',(#2126),#2130);
#2126 = LINE('',#2127,#2128);
#2127 = CARTESIAN_POINT('',(-0.,0.));
#2128 = VECTOR('',#2129,1.);
#2129 = DIRECTION('',(-0.,-1.));
#2130 = ( GEOMETRIC_REPRESENTATION_CONTEXT(2) 
PARAMETRIC_REPRESENTATION_CONTEXT() REPRESENTATION_CONTEXT('2D SPACE',''
  ) );
#2131 = PCURVE('',#1607,#2132);
#2132 = DEFINITIONAL_REPRESENTATION('',(#2133),#2137);
#2133 = LINE('',#2134,#2135);
#2134 = CARTESIAN_POINT('',(2.816247484076,0.));
#2135 = VECTOR('',#2136,1.);
#2136 = DIRECTION('',(0.,-1.));
#2137 = ( GEOMETRIC_REPRESENTATION_CONTEXT(2) 
PARAMETRIC_REPRESENTATION_CONTEXT() REPRESENTATION_CONTEXT('2D SPACE',''
  ) );
#2138 = ORIENTED_EDGE('',*,*,#2139,.T.);
#2139 = EDGE_CURVE('',#2117,#2011,#2140,.T.);
#2140 = SURFACE_CURVE('',#2141,(#2164,#2190),.PCURVE_S1.);
#2141 = B_SPLINE_CURVE_WITH_KNOTS('',6,(#2142,#2143,#2144,#2145,#2146,
    #2147,#2148,#2149,#2150,#2151,#2152,#2153,#2154,#2155,#2156,#2157,
    #2158,#2159,#2160,#2161,#2162,#2163),.UNSPECIFIED.,.F.,.F.,(7,5,5,5,
    7),(0.,0.261520512093,0.499736358837,0.737962727258,1.),
  .UNSPECIFIED.);
#2142 = CARTESIAN_POINT('',(0.259194030752,0.725240660967,0.839474022277
    ));
#2143 = CARTESIAN_POINT('',(0.242605585794,0.70498829569,0.825240183302)
  );
#2144 = CARTESIAN_POINT('',(0.224105258889,0.686275347406,0.811541511131
    ));
#2145 = CARTESIAN_POINT('',(0.203891746389,0.669356826172,0.798634395579
    ));
#2146 = CARTESIAN_POINT('',(0.182227763963,0.654455354361,0.786812738415
    ));
#2147 = CARTESIAN_POINT('',(0.15941459327,0.641722611844,0.77638703809)
  );
#2148 = CARTESIAN_POINT('',(0.114232879398,0.621695475089,0.759597704482
    ));
#2149 = CARTESIAN_POINT('',(9.199945900014E-02,0.614014591131,
    0.752952439801));
#2150 = CARTESIAN_POINT('',(6.93046460639E-02,0.608262447013,
    0.747848924668));
#2151 = CARTESIAN_POINT('',(4.634185084027E-02,0.604431345888,
    0.744407168885));
#2152 = CARTESIAN_POINT('',(2.3246679366E-02,0.602510627822,
    0.742681599764));
#2153 = CARTESIAN_POINT('',(-2.294033617108E-02,0.602489442203,
    0.742662566439));
#2154 = CARTESIAN_POINT('',(-4.603765644149E-02,0.604389140555,
    0.744369251678));
#2155 = CARTESIAN_POINT('',(-6.900379164929E-02,0.608199319999,
    0.74779263196));
#2156 = CARTESIAN_POINT('',(-9.170337630068E-02,0.613930609931,
    0.752878672868));
#2157 = CARTESIAN_POINT('',(-0.11394334136,0.621590929117,0.759507810284
    ));
#2158 = CARTESIAN_POINT('',(-0.159188548429,0.641596567421,
    0.776283815886));
#2159 = CARTESIAN_POINT('',(-0.182056224846,0.654337380675,
    0.786719141087));
#2160 = CARTESIAN_POINT('',(-0.203771718803,0.669256434838,
    0.798557797369));
#2161 = CARTESIAN_POINT('',(-0.224031982384,0.686201228587,
    0.811487252101));
#2162 = CARTESIAN_POINT('',(-0.24257277343,0.704948235998,0.825212028408
    ));
#2163 = CARTESIAN_POINT('',(-0.259194030752,0.725240660967,
    0.839474022277));
#2164 = PCURVE('',#1700,#2165);
#2165 = DEFINITIONAL_REPRESENTATION('',(#2166),#2189);
#2166 = B_SPLINE_CURVE_WITH_KNOTS('',6,(#2167,#2168,#2169,#2170,#2171,
    #2172,#2173,#2174,#2175,#2176,#2177,#2178,#2179,#2180,#2181,#2182,
    #2183,#2184,#2185,#2186,#2187,#2188),.UNSPECIFIED.,.F.,.F.,(7,5,5,5,
    7),(0.,0.261520512093,0.499736358837,0.737962727258,1.),
  .UNSPECIFIED.);
#2167 = CARTESIAN_POINT('',(0.,-1.460525977723));
#2168 = CARTESIAN_POINT('',(-7.813592473002E-02,-1.474759816698));
#2169 = CARTESIAN_POINT('',(-0.156333279312,-1.488458488869));
#2170 = CARTESIAN_POINT('',(-0.234485674061,-1.501365604421));
#2171 = CARTESIAN_POINT('',(-0.312449617712,-1.513187261585));
#2172 = CARTESIAN_POINT('',(-0.390098963782,-1.52361296191));
#2173 = CARTESIAN_POINT('',(-0.5376065275,-1.540402295518));
#2174 = CARTESIAN_POINT('',(-0.607563325897,-1.547047560199));
#2175 = CARTESIAN_POINT('',(-0.677073813411,-1.552151075332));
#2176 = CARTESIAN_POINT('',(-0.746206468145,-1.555592831115));
#2177 = CARTESIAN_POINT('',(-0.815140806712,-1.557318400236));
#2178 = CARTESIAN_POINT('',(-0.952994786388,-1.557337433561));
#2179 = CARTESIAN_POINT('',(-1.02193030738,-1.555630748322));
#2180 = CARTESIAN_POINT('',(-1.091062551009,-1.55220736804));
#2181 = CARTESIAN_POINT('',(-1.160571626361,-1.547121327132));
#2182 = CARTESIAN_POINT('',(-1.230526881364,-1.540492189716));
#2183 = CARTESIAN_POINT('',(-1.378181755424,-1.523716184114));
#2184 = CARTESIAN_POINT('',(-1.455983031078,-1.513280858913));
#2185 = CARTESIAN_POINT('',(-1.534100321374,-1.501442202631));
#2186 = CARTESIAN_POINT('',(-1.612406933742,-1.488512747899));
#2187 = CARTESIAN_POINT('',(-1.690759453309,-1.474787971592));
#2188 = CARTESIAN_POINT('',(-1.769049932879,-1.460525977723));
#2189 = ( GEOMETRIC_REPRESENTATION_CONTEXT(2) 
PARAMETRIC_REPRESENTATION_CONTEXT() REPRESENTATION_CONTEXT('2D SPACE',''
  ) );
#2190 = PCURVE('',#1954,#2191);
#2191 = DEFINITIONAL_REPRESENTATION('',(#2192),#2215);
#2192 = B_SPLINE_CURVE_WITH_KNOTS('',6,(#2193,#2194,#2195,#2196,#2197,
    #2198,#2199,#2200,#2201,#2202,#2203,#2204,#2205,#2206,#2207,#2208,
    #2209,#2210,#2211,#2212,#2213,#2214),.UNSPECIFIED.,.F.,.F.,(7,5,5,5,
    7),(0.,0.261520512093,0.499736358837,0.737962727258,1.),
  .UNSPECIFIED.);
#2193 = CARTESIAN_POINT('',(-1.914039766836,-1.460525977723));
#2194 = CARTESIAN_POINT('',(-1.902607146065,-1.474759816698));
#2195 = CARTESIAN_POINT('',(-1.88728493496,-1.488458488869));
#2196 = CARTESIAN_POINT('',(-1.867710005556,-1.501365604421));
#2197 = CARTESIAN_POINT('',(-1.843605287764,-1.513187261585));
#2198 = CARTESIAN_POINT('',(-1.815040562616,-1.52361296191));
#2199 = CARTESIAN_POINT('',(-1.753151613771,-1.540402295518));
#2200 = CARTESIAN_POINT('',(-1.720469006997,-1.547047560198));
#2201 = CARTESIAN_POINT('',(-1.685067370021,-1.552151075332));
#2202 = CARTESIAN_POINT('',(-1.647708397774,-1.555592831115));
#2203 = CARTESIAN_POINT('',(-1.609380017747,-1.557318400236));
#2204 = CARTESIAN_POINT('',(-1.532721089238,-1.557337433561));
#2205 = CARTESIAN_POINT('',(-1.494382493497,-1.555630748322));
#2206 = CARTESIAN_POINT('',(-1.457004766137,-1.55220736804));
#2207 = CARTESIAN_POINT('',(-1.421576745147,-1.547121327132));
#2208 = CARTESIAN_POINT('',(-1.388862021278,-1.540492189716));
#2209 = CARTESIAN_POINT('',(-1.326835239131,-1.523716184114));
#2210 = CARTESIAN_POINT('',(-1.298178274954,-1.513280858913));
#2211 = CARTESIAN_POINT('',(-1.273998921097,-1.501442202631));
#2212 = CARTESIAN_POINT('',(-1.25436841243,-1.488512747899));
#2213 = CARTESIAN_POINT('',(-1.239008121538,-1.474787971592));
#2214 = CARTESIAN_POINT('',(-1.227552886754,-1.460525977723));
#2215 = ( GEOMETRIC_REPRESENTATION_CONTEXT(2) 
PARAMETRIC_REPRESENTATION_CONTEXT() REPRESENTATION_CONTEXT('2D SPACE',''
  ) );
#2216 = ORIENTED_EDGE('',*,*,#2010,.F.);
#2217 = ADVANCED_FACE('',(#2218),#1607,.F.);
#2218 = FACE_BOUND('',#2219,.F.);
#2219 = EDGE_LOOP('',(#2220,#2221,#2244,#2322));
#2220 = ORIENTED_EDGE('',*,*,#1553,.F.);
#2221 = ORIENTED_EDGE('',*,*,#2222,.T.);
#2222 = EDGE_CURVE('',#1457,#2223,#2225,.T.);
#2223 = VERTEX_POINT('',#2224);
#2224 = CARTESIAN_POINT('',(0.498479820879,0.587088945624,0.839474022277
    ));
#2225 = SURFACE_CURVE('',#2226,(#2230,#2237),.PCURVE_S1.);
#2226 = LINE('',#2227,#2228);
#2227 = CARTESIAN_POINT('',(0.498479820879,0.587088945624,2.3));
#2228 = VECTOR('',#2229,1.);
#2229 = DIRECTION('',(0.,0.,-1.));
#2230 = PCURVE('',#1607,#2231);
#2231 = DEFINITIONAL_REPRESENTATION('',(#2232),#2236);
#2232 = LINE('',#2233,#2234);
#2233 = CARTESIAN_POINT('',(0.,0.));
#2234 = VECTOR('',#2235,1.);
#2235 = DIRECTION('',(0.,-1.));
#2236 = ( GEOMETRIC_REPRESENTATION_CONTEXT(2) 
PARAMETRIC_REPRESENTATION_CONTEXT() REPRESENTATION_CONTEXT('2D SPACE',''
  ) );
#2237 = PCURVE('',#1518,#2238);
#2238 = DEFINITIONAL_REPRESENTATION('',(#2239),#2243);
#2239 = LINE('',#2240,#2241);
#2240 = CARTESIAN_POINT('',(-1.769049932879,0.));
#2241 = VECTOR('',#2242,1.);
#2242 = DIRECTION('',(-0.,-1.));
#2243 = ( GEOMETRIC_REPRESENTATION_CONTEXT(2) 
PARAMETRIC_REPRESENTATION_CONTEXT() REPRESENTATION_CONTEXT('2D SPACE',''
  ) );
#2244 = ORIENTED_EDGE('',*,*,#2245,.T.);
#2245 = EDGE_CURVE('',#2223,#2117,#2246,.T.);
#2246 = SURFACE_CURVE('',#2247,(#2270,#2296),.PCURVE_S1.);
#2247 = B_SPLINE_CURVE_WITH_KNOTS('',6,(#2248,#2249,#2250,#2251,#2252,
    #2253,#2254,#2255,#2256,#2257,#2258,#2259,#2260,#2261,#2262,#2263,
    #2264,#2265,#2266,#2267,#2268,#2269),.UNSPECIFIED.,.F.,.F.,(7,5,5,5,
    7),(0.,0.125915259474,0.500023885498,0.87413274214,1.),
  .UNSPECIFIED.);
#2248 = CARTESIAN_POINT('',(0.498479820879,0.587088945624,0.839474022277
    ));
#2249 = CARTESIAN_POINT('',(0.5013919198,0.594803919486,0.843957641853)
  );
#2250 = CARTESIAN_POINT('',(0.503759232247,0.602726148301,0.848335697914
    ));
#2251 = CARTESIAN_POINT('',(0.505563255051,0.61080754805,0.852585303015)
  );
#2252 = CARTESIAN_POINT('',(0.506791199453,0.618998754232,0.856685589997
    ));
#2253 = CARTESIAN_POINT('',(0.507435991099,0.62724912187,0.860617711989)
  );
#2254 = CARTESIAN_POINT('',(0.507675365673,0.660041009616,0.875497995119
    ));
#2255 = CARTESIAN_POINT('',(0.502695069472,0.684643058508,0.88499909918)
  );
#2256 = CARTESIAN_POINT('',(0.492522043856,0.707962927004,0.892422666539
    ));
#2257 = CARTESIAN_POINT('',(0.477589698577,0.728615975507,0.897475498771
    ));
#2258 = CARTESIAN_POINT('',(0.458841448541,0.745452659353,0.900000807283
    ));
#2259 = CARTESIAN_POINT('',(0.416142160918,0.770101259615,0.899999192407
    ));
#2260 = CARTESIAN_POINT('',(0.392185976054,0.777916139953,0.8974722657)
  );
#2261 = CARTESIAN_POINT('',(0.366833388876,0.78051797434,0.892417871069)
  );
#2262 = CARTESIAN_POINT('',(0.341551672278,0.777664721542,0.884992854643
    ));
#2263 = CARTESIAN_POINT('',(0.317756611604,0.769673549078,0.875490469513
    ));
#2264 = CARTESIAN_POINT('',(0.289482656046,0.753068079761,0.86061020614)
  );
#2265 = CARTESIAN_POINT('',(0.282663152914,0.748385554159,0.856679330046
    ));
#2266 = CARTESIAN_POINT('',(0.276186243932,0.743227979771,0.852580436691
    ));
#2267 = CARTESIAN_POINT('',(0.270092201273,0.737626772182,0.848332352018
    ));
#2268 = CARTESIAN_POINT('',(0.264417342536,0.731617655223,0.843955923928
    ));
#2269 = CARTESIAN_POINT('',(0.259194030752,0.725240660967,0.839474022277
    ));
#2270 = PCURVE('',#1607,#2271);
#2271 = DEFINITIONAL_REPRESENTATION('',(#2272),#2295);
#2272 = B_SPLINE_CURVE_WITH_KNOTS('',6,(#2273,#2274,#2275,#2276,#2277,
    #2278,#2279,#2280,#2281,#2282,#2283,#2284,#2285,#2286,#2287,#2288,
    #2289,#2290,#2291,#2292,#2293,#2294),.UNSPECIFIED.,.F.,.F.,(7,5,5,5,
    7),(0.,0.125915259474,0.500023885498,0.87413274214,1.),
  .UNSPECIFIED.);
#2273 = CARTESIAN_POINT('',(0.,-1.460525977723));
#2274 = CARTESIAN_POINT('',(5.890200345271E-02,-1.456042358147));
#2275 = CARTESIAN_POINT('',(0.117813432005,-1.451664302086));
#2276 = CARTESIAN_POINT('',(0.17673831047,-1.447414696985));
#2277 = CARTESIAN_POINT('',(0.235680171414,-1.443314410003));
#2278 = CARTESIAN_POINT('',(0.294642055152,-1.439382288011));
#2279 = CARTESIAN_POINT('',(0.528876065354,-1.424502004881));
#2280 = CARTESIAN_POINT('',(0.704342606677,-1.41500090082));
#2281 = CARTESIAN_POINT('',(0.880056979489,-1.407577333461));
#2282 = CARTESIAN_POINT('',(1.056005250417,-1.402524501229));
#2283 = CARTESIAN_POINT('',(1.232109305427,-1.399999192717));
#2284 = CARTESIAN_POINT('',(1.584273362919,-1.400000807593));
#2285 = CARTESIAN_POINT('',(1.760377458072,-1.4025277343));
#2286 = CARTESIAN_POINT('',(1.936325711435,-1.407582128931));
#2287 = CARTESIAN_POINT('',(2.112040030484,-1.415007145357));
#2288 = CARTESIAN_POINT('',(2.28750651376,-1.424509530487));
#2289 = CARTESIAN_POINT('',(2.521717975657,-1.43938979386));
#2290 = CARTESIAN_POINT('',(2.580657301618,-1.443320669954));
#2291 = CARTESIAN_POINT('',(2.639576650719,-1.447419563309));
#2292 = CARTESIAN_POINT('',(2.698479073703,-1.451667647982));
#2293 = CARTESIAN_POINT('',(2.757368049269,-1.456044076072));
#2294 = CARTESIAN_POINT('',(2.816247484076,-1.460525977723));
#2295 = ( GEOMETRIC_REPRESENTATION_CONTEXT(2) 
PARAMETRIC_REPRESENTATION_CONTEXT() REPRESENTATION_CONTEXT('2D SPACE',''
  ) );
#2296 = PCURVE('',#1954,#2297);
#2297 = DEFINITIONAL_REPRESENTATION('',(#2298),#2321);
#2298 = B_SPLINE_CURVE_WITH_KNOTS('',6,(#2299,#2300,#2301,#2302,#2303,
    #2304,#2305,#2306,#2307,#2308,#2309,#2310,#2311,#2312,#2313,#2314,
    #2315,#2316,#2317,#2318,#2319,#2320),.UNSPECIFIED.,.F.,.F.,(7,5,5,5,
    7),(0.,0.125915259474,0.500023885498,0.87413274214,1.),
  .UNSPECIFIED.);
#2299 = CARTESIAN_POINT('',(-2.27475043795,-1.460525977723));
#2300 = CARTESIAN_POINT('',(-2.271149194295,-1.456042358147));
#2301 = CARTESIAN_POINT('',(-2.266921683034,-1.451664302086));
#2302 = CARTESIAN_POINT('',(-2.26211461131,-1.447414696985));
#2303 = CARTESIAN_POINT('',(-2.2567734384,-1.443314410003));
#2304 = CARTESIAN_POINT('',(-2.250942375708,-1.439382288011));
#2305 = CARTESIAN_POINT('',(-2.226011764149,-1.424502004881));
#2306 = CARTESIAN_POINT('',(-2.203410732699,-1.41500090082));
#2307 = CARTESIAN_POINT('',(-2.177987072508,-1.407577333461));
#2308 = CARTESIAN_POINT('',(-2.150734644538,-1.402524501229));
#2309 = CARTESIAN_POINT('',(-2.122557412214,-1.399999192717));
#2310 = CARTESIAN_POINT('',(-2.066211163089,-1.400000807593));
#2311 = CARTESIAN_POINT('',(-2.038034383543,-1.4025277343));
#2312 = CARTESIAN_POINT('',(-2.010782879311,-1.407582128931));
#2313 = CARTESIAN_POINT('',(-1.985360629838,-1.415007145357));
#2314 = CARTESIAN_POINT('',(-1.962761541681,-1.424509530487));
#2315 = CARTESIAN_POINT('',(-1.937836699404,-1.43938979386));
#2316 = CARTESIAN_POINT('',(-1.932008611178,-1.443320669954));
#2317 = CARTESIAN_POINT('',(-1.926670088267,-1.447419563309));
#2318 = CARTESIAN_POINT('',(-1.921865291261,-1.451667647982));
#2319 = CARTESIAN_POINT('',(-1.917639630653,-1.456044076072));
#2320 = CARTESIAN_POINT('',(-1.914039766836,-1.460525977723));
#2321 = ( GEOMETRIC_REPRESENTATION_CONTEXT(2) 
PARAMETRIC_REPRESENTATION_CONTEXT() REPRESENTATION_CONTEXT('2D SPACE',''
  ) );
#2322 = ORIENTED_EDGE('',*,*,#2116,.F.);
#2323 = ADVANCED_FACE('',(#2324),#1518,.T.);
#2324 = FACE_BOUND('',#2325,.F.);
#2325 = EDGE_LOOP('',(#2326,#2327,#2350,#2428));
#2326 = ORIENTED_EDGE('',*,*,#1456,.F.);
#2327 = ORIENTED_EDGE('',*,*,#2328,.T.);
#2328 = EDGE_CURVE('',#1372,#2329,#2331,.T.);
#2329 = VERTEX_POINT('',#2330);
#2330 = CARTESIAN_POINT('',(0.757673851631,0.138151715343,0.839474022277
    ));
#2331 = SURFACE_CURVE('',#2332,(#2336,#2343),.PCURVE_S1.);
#2332 = LINE('',#2333,#2334);
#2333 = CARTESIAN_POINT('',(0.757673851631,0.138151715343,2.3));
#2334 = VECTOR('',#2335,1.);
#2335 = DIRECTION('',(0.,0.,-1.));
#2336 = PCURVE('',#1518,#2337);
#2337 = DEFINITIONAL_REPRESENTATION('',(#2338),#2342);
#2338 = LINE('',#2339,#2340);
#2339 = CARTESIAN_POINT('',(-0.,0.));
#2340 = VECTOR('',#2341,1.);
#2341 = DIRECTION('',(-0.,-1.));
#2342 = ( GEOMETRIC_REPRESENTATION_CONTEXT(2) 
PARAMETRIC_REPRESENTATION_CONTEXT() REPRESENTATION_CONTEXT('2D SPACE',''
  ) );
#2343 = PCURVE('',#1425,#2344);
#2344 = DEFINITIONAL_REPRESENTATION('',(#2345),#2349);
#2345 = LINE('',#2346,#2347);
#2346 = CARTESIAN_POINT('',(2.816247484076,0.));
#2347 = VECTOR('',#2348,1.);
#2348 = DIRECTION('',(0.,-1.));
#2349 = ( GEOMETRIC_REPRESENTATION_CONTEXT(2) 
PARAMETRIC_REPRESENTATION_CONTEXT() REPRESENTATION_CONTEXT('2D SPACE',''
  ) );
#2350 = ORIENTED_EDGE('',*,*,#2351,.T.);
#2351 = EDGE_CURVE('',#2329,#2223,#2352,.T.);
#2352 = SURFACE_CURVE('',#2353,(#2376,#2402),.PCURVE_S1.);
#2353 = B_SPLINE_CURVE_WITH_KNOTS('',6,(#2354,#2355,#2356,#2357,#2358,
    #2359,#2360,#2361,#2362,#2363,#2364,#2365,#2366,#2367,#2368,#2369,
    #2370,#2371,#2372,#2373,#2374,#2375),.UNSPECIFIED.,.F.,.F.,(7,5,5,5,
    7),(0.,0.261520512093,0.499736358837,0.737962727257,1.),
  .UNSPECIFIED.);
#2354 = CARTESIAN_POINT('',(0.757673851631,0.138151715343,0.839474022277
    ));
#2355 = CARTESIAN_POINT('',(0.731840566336,0.142391547447,0.825240183302
    ));
#2356 = CARTESIAN_POINT('',(0.706384514289,0.149056826384,0.811541511131
    ));
#2357 = CARTESIAN_POINT('',(0.681625888856,0.158102981091,0.798634395579
    ));
#2358 = CARTESIAN_POINT('',(0.657888844501,0.169413804314,0.786812738415
    ));
#2359 = CARTESIAN_POINT('',(0.635455380675,0.182804218417,0.77638703809)
  );
#2360 = CARTESIAN_POINT('',(0.595520514544,0.211919162039,0.759597704482
    ));
#2361 = CARTESIAN_POINT('',(0.577751963714,0.227333426937,0.752952439802
    ));
#2362 = CARTESIAN_POINT('',(0.561423054313,0.244111639415,0.747848924668
    ));
#2363 = CARTESIAN_POINT('',(0.546623825803,0.262082452858,0.744407168885
    ));
#2364 = CARTESIAN_POINT('',(0.533412849427,0.281123099026,0.742681599764
    ));
#2365 = CARTESIAN_POINT('',(0.510300994374,0.321111634997,0.742662566439
    ));
#2366 = CARTESIAN_POINT('',(0.500397521271,0.342064350287,0.744369251678
    ));
#2367 = CARTESIAN_POINT('',(0.492214165859,0.363858696525,0.74779263196)
  );
#2368 = CARTESIAN_POINT('',(0.485827816211,0.386382758455,0.752878672868
    ));
#2369 = CARTESIAN_POINT('',(0.481341864697,0.409473292769,0.759507810284
    ));
#2370 = CARTESIAN_POINT('',(0.476044652153,0.458659610641,0.776283815886
    ));
#2371 = CARTESIAN_POINT('',(0.475644681887,0.484834005971,0.786719141087
    ));
#2372 = CARTESIAN_POINT('',(0.477707214815,0.511099702475,0.798557797369
    ));
#2373 = CARTESIAN_POINT('',(0.482251704873,0.537118002299,0.811487252101
    ));
#2374 = CARTESIAN_POINT('',(0.489216694013,0.562548302056,0.825212028408
    ));
#2375 = CARTESIAN_POINT('',(0.498479820879,0.587088945624,0.839474022277
    ));
#2376 = PCURVE('',#1518,#2377);
#2377 = DEFINITIONAL_REPRESENTATION('',(#2378),#2401);
#2378 = B_SPLINE_CURVE_WITH_KNOTS('',6,(#2379,#2380,#2381,#2382,#2383,
    #2384,#2385,#2386,#2387,#2388,#2389,#2390,#2391,#2392,#2393,#2394,
    #2395,#2396,#2397,#2398,#2399,#2400),.UNSPECIFIED.,.F.,.F.,(7,5,5,5,
    7),(0.,0.261520512093,0.499736358837,0.737962727257,1.),
  .UNSPECIFIED.);
#2379 = CARTESIAN_POINT('',(0.,-1.460525977723));
#2380 = CARTESIAN_POINT('',(-7.813592473003E-02,-1.474759816698));
#2381 = CARTESIAN_POINT('',(-0.156333279312,-1.488458488869));
#2382 = CARTESIAN_POINT('',(-0.234485674061,-1.501365604421));
#2383 = CARTESIAN_POINT('',(-0.312449617712,-1.513187261585));
#2384 = CARTESIAN_POINT('',(-0.390098963782,-1.52361296191));
#2385 = CARTESIAN_POINT('',(-0.5376065275,-1.540402295518));
#2386 = CARTESIAN_POINT('',(-0.607563325896,-1.547047560198));
#2387 = CARTESIAN_POINT('',(-0.677073813411,-1.552151075332));
#2388 = CARTESIAN_POINT('',(-0.746206468145,-1.555592831115));
#2389 = CARTESIAN_POINT('',(-0.815140806712,-1.557318400236));
#2390 = CARTESIAN_POINT('',(-0.952994786388,-1.557337433561));
#2391 = CARTESIAN_POINT('',(-1.02193030738,-1.555630748322));
#2392 = CARTESIAN_POINT('',(-1.091062551009,-1.55220736804));
#2393 = CARTESIAN_POINT('',(-1.160571626361,-1.547121327132));
#2394 = CARTESIAN_POINT('',(-1.230526881364,-1.540492189716));
#2395 = CARTESIAN_POINT('',(-1.378181755424,-1.523716184114));
#2396 = CARTESIAN_POINT('',(-1.455983031078,-1.513280858913));
#2397 = CARTESIAN_POINT('',(-1.534100321375,-1.501442202631));
#2398 = CARTESIAN_POINT('',(-1.612406933741,-1.488512747899));
#2399 = CARTESIAN_POINT('',(-1.690759453309,-1.474787971592));
#2400 = CARTESIAN_POINT('',(-1.769049932879,-1.460525977723));
#2401 = ( GEOMETRIC_REPRESENTATION_CONTEXT(2) 
PARAMETRIC_REPRESENTATION_CONTEXT() REPRESENTATION_CONTEXT('2D SPACE',''
  ) );
#2402 = PCURVE('',#1954,#2403);
#2403 = DEFINITIONAL_REPRESENTATION('',(#2404),#2427);
#2404 = B_SPLINE_CURVE_WITH_KNOTS('',6,(#2405,#2406,#2407,#2408,#2409,
    #2410,#2411,#2412,#2413,#2414,#2415,#2416,#2417,#2418,#2419,#2420,
    #2421,#2422,#2423,#2424,#2425,#2426),.UNSPECIFIED.,.F.,.F.,(7,5,5,5,
    7),(0.,0.261520512093,0.499736358837,0.737962727257,1.),
  .UNSPECIFIED.);
#2405 = CARTESIAN_POINT('',(-2.961237318033,-1.460525977723));
#2406 = CARTESIAN_POINT('',(-2.949804697262,-1.474759816698));
#2407 = CARTESIAN_POINT('',(-2.934482486156,-1.488458488869));
#2408 = CARTESIAN_POINT('',(-2.914907556752,-1.501365604421));
#2409 = CARTESIAN_POINT('',(-2.890802838961,-1.513187261585));
#2410 = CARTESIAN_POINT('',(-2.862238113813,-1.52361296191));
#2411 = CARTESIAN_POINT('',(-2.800349164968,-1.540402295518));
#2412 = CARTESIAN_POINT('',(-2.767666558193,-1.547047560198));
#2413 = CARTESIAN_POINT('',(-2.732264921217,-1.552151075332));
#2414 = CARTESIAN_POINT('',(-2.69490594897,-1.555592831115));
#2415 = CARTESIAN_POINT('',(-2.656577568943,-1.557318400236));
#2416 = CARTESIAN_POINT('',(-2.579918640435,-1.557337433561));
#2417 = CARTESIAN_POINT('',(-2.541580044693,-1.555630748322));
#2418 = CARTESIAN_POINT('',(-2.504202317333,-1.55220736804));
#2419 = CARTESIAN_POINT('',(-2.468774296344,-1.547121327132));
#2420 = CARTESIAN_POINT('',(-2.436059572475,-1.540492189716));
#2421 = CARTESIAN_POINT('',(-2.374032790328,-1.523716184114));
#2422 = CARTESIAN_POINT('',(-2.34537582615,-1.513280858913));
#2423 = CARTESIAN_POINT('',(-2.321196472293,-1.501442202631));
#2424 = CARTESIAN_POINT('',(-2.301565963626,-1.488512747899));
#2425 = CARTESIAN_POINT('',(-2.286205672735,-1.474787971592));
#2426 = CARTESIAN_POINT('',(-2.27475043795,-1.460525977723));
#2427 = ( GEOMETRIC_REPRESENTATION_CONTEXT(2) 
PARAMETRIC_REPRESENTATION_CONTEXT() REPRESENTATION_CONTEXT('2D SPACE',''
  ) );
#2428 = ORIENTED_EDGE('',*,*,#2222,.F.);
#2429 = ADVANCED_FACE('',(#2430),#1425,.F.);
#2430 = FACE_BOUND('',#2431,.F.);
#2431 = EDGE_LOOP('',(#2432,#2433,#2456,#2534));
#2432 = ORIENTED_EDGE('',*,*,#1371,.F.);
#2433 = ORIENTED_EDGE('',*,*,#2434,.T.);
#2434 = EDGE_CURVE('',#1275,#2435,#2437,.T.);
#2435 = VERTEX_POINT('',#2436);
#2436 = CARTESIAN_POINT('',(0.757673851631,-0.138151715343,
    0.839474022277));
#2437 = SURFACE_CURVE('',#2438,(#2442,#2449),.PCURVE_S1.);
#2438 = LINE('',#2439,#2440);
#2439 = CARTESIAN_POINT('',(0.757673851631,-0.138151715343,2.3));
#2440 = VECTOR('',#2441,1.);
#2441 = DIRECTION('',(0.,0.,-1.));
#2442 = PCURVE('',#1425,#2443);
#2443 = DEFINITIONAL_REPRESENTATION('',(#2444),#2448);
#2444 = LINE('',#2445,#2446);
#2445 = CARTESIAN_POINT('',(0.,0.));
#2446 = VECTOR('',#2447,1.);
#2447 = DIRECTION('',(0.,-1.));
#2448 = ( GEOMETRIC_REPRESENTATION_CONTEXT(2) 
PARAMETRIC_REPRESENTATION_CONTEXT() REPRESENTATION_CONTEXT('2D SPACE',''
  ) );
#2449 = PCURVE('',#1336,#2450);
#2450 = DEFINITIONAL_REPRESENTATION('',(#2451),#2455);
#2451 = LINE('',#2452,#2453);
#2452 = CARTESIAN_POINT('',(-1.769049932879,0.));
#2453 = VECTOR('',#2454,1.);
#2454 = DIRECTION('',(-0.,-1.));
#2455 = ( GEOMETRIC_REPRESENTATION_CONTEXT(2) 
PARAMETRIC_REPRESENTATION_CONTEXT() REPRESENTATION_CONTEXT('2D SPACE',''
  ) );
#2456 = ORIENTED_EDGE('',*,*,#2457,.T.);
#2457 = EDGE_CURVE('',#2435,#2329,#2458,.T.);
#2458 = SURFACE_CURVE('',#2459,(#2482,#2508),.PCURVE_S1.);
#2459 = B_SPLINE_CURVE_WITH_KNOTS('',6,(#2460,#2461,#2462,#2463,#2464,
    #2465,#2466,#2467,#2468,#2469,#2470,#2471,#2472,#2473,#2474,#2475,
    #2476,#2477,#2478,#2479,#2480,#2481),.UNSPECIFIED.,.F.,.F.,(7,5,5,5,
    7),(0.,0.125915259474,0.500023885498,0.87413274214,1.),
  .UNSPECIFIED.);
#2460 = CARTESIAN_POINT('',(0.757673851631,-0.138151715343,
    0.839474022277));
#2461 = CARTESIAN_POINT('',(0.765811264445,-0.136816180056,
    0.843957641853));
#2462 = CARTESIAN_POINT('',(0.773855772077,-0.134905218366,
    0.848335697914));
#2463 = CARTESIAN_POINT('',(0.78175648096,-0.13242684807,0.852585303015)
  );
#2464 = CARTESIAN_POINT('',(0.789464245803,-0.129394676025,
    0.856685589997));
#2465 = CARTESIAN_POINT('',(0.796931669591,-0.125827898151,
    0.860617711989));
#2466 = CARTESIAN_POINT('',(0.825449964704,-0.109639258741,
    0.875497995119));
#2467 = CARTESIAN_POINT('',(0.844265815928,-9.302517126578E-02,
    0.88499909918));
#2468 = CARTESIAN_POINT('',(0.859374901652,-7.255513840131E-02,
    0.892422666539));
#2469 = CARTESIAN_POINT('',(0.869794793681,-4.929682379943E-02,
    0.897475498771));
#2470 = CARTESIAN_POINT('',(0.875001664589,-2.464202106929E-02,
    0.900000807283));
#2471 = CARTESIAN_POINT('',(0.874998334772,2.466094686717E-02,
    0.899999192407));
#2472 = CARTESIAN_POINT('',(0.86978812724,4.931505170562E-02,
    0.8974722657));
#2473 = CARTESIAN_POINT('',(0.859365088327,7.2571953447E-02,
    0.892417871069));
#2474 = CARTESIAN_POINT('',(0.844253240622,9.303993587284E-02,
    0.884992854643));
#2475 = CARTESIAN_POINT('',(0.825435151924,0.10965147667,0.875490469513)
  );
#2476 = CARTESIAN_POINT('',(0.796917415875,0.12583470579,0.86061020614)
  );
#2477 = CARTESIAN_POINT('',(0.789452478184,0.129399305942,0.856679330046
    ));
#2478 = CARTESIAN_POINT('',(0.781747433251,0.132429686464,0.852580436691
    ));
#2479 = CARTESIAN_POINT('',(0.773849623858,0.134906678425,0.848332352018
    ));
#2480 = CARTESIAN_POINT('',(0.765808146548,0.136816691774,0.843955923928
    ));
#2481 = CARTESIAN_POINT('',(0.757673851631,0.138151715343,0.839474022277
    ));
#2482 = PCURVE('',#1425,#2483);
#2483 = DEFINITIONAL_REPRESENTATION('',(#2484),#2507);
#2484 = B_SPLINE_CURVE_WITH_KNOTS('',6,(#2485,#2486,#2487,#2488,#2489,
    #2490,#2491,#2492,#2493,#2494,#2495,#2496,#2497,#2498,#2499,#2500,
    #2501,#2502,#2503,#2504,#2505,#2506),.UNSPECIFIED.,.F.,.F.,(7,5,5,5,
    7),(0.,0.125915259474,0.500023885498,0.87413274214,1.),
  .UNSPECIFIED.);
#2485 = CARTESIAN_POINT('',(0.,-1.460525977723));
#2486 = CARTESIAN_POINT('',(5.890200345271E-02,-1.456042358147));
#2487 = CARTESIAN_POINT('',(0.117813432005,-1.451664302086));
#2488 = CARTESIAN_POINT('',(0.17673831047,-1.447414696985));
#2489 = CARTESIAN_POINT('',(0.235680171414,-1.443314410003));
#2490 = CARTESIAN_POINT('',(0.294642055152,-1.439382288011));
#2491 = CARTESIAN_POINT('',(0.528876065354,-1.424502004881));
#2492 = CARTESIAN_POINT('',(0.704342606678,-1.41500090082));
#2493 = CARTESIAN_POINT('',(0.880056979489,-1.407577333461));
#2494 = CARTESIAN_POINT('',(1.056005250417,-1.402524501229));
#2495 = CARTESIAN_POINT('',(1.232109305427,-1.399999192717));
#2496 = CARTESIAN_POINT('',(1.584273362919,-1.400000807593));
#2497 = CARTESIAN_POINT('',(1.760377458071,-1.4025277343));
#2498 = CARTESIAN_POINT('',(1.936325711436,-1.407582128931));
#2499 = CARTESIAN_POINT('',(2.112040030483,-1.415007145357));
#2500 = CARTESIAN_POINT('',(2.28750651376,-1.424509530487));
#2501 = CARTESIAN_POINT('',(2.521717975657,-1.43938979386));
#2502 = CARTESIAN_POINT('',(2.580657301618,-1.443320669954));
#2503 = CARTESIAN_POINT('',(2.639576650719,-1.447419563309));
#2504 = CARTESIAN_POINT('',(2.698479073703,-1.451667647982));
#2505 = CARTESIAN_POINT('',(2.757368049269,-1.456044076072));
#2506 = CARTESIAN_POINT('',(2.816247484076,-1.460525977723));
#2507 = ( GEOMETRIC_REPRESENTATION_CONTEXT(2) 
PARAMETRIC_REPRESENTATION_CONTEXT() REPRESENTATION_CONTEXT('2D SPACE',''
  ) );
#2508 = PCURVE('',#1954,#2509);
#2509 = DEFINITIONAL_REPRESENTATION('',(#2510),#2533);
#2510 = B_SPLINE_CURVE_WITH_KNOTS('',6,(#2511,#2512,#2513,#2514,#2515,
    #2516,#2517,#2518,#2519,#2520,#2521,#2522,#2523,#2524,#2525,#2526,
    #2527,#2528,#2529,#2530,#2531,#2532),.UNSPECIFIED.,.F.,.F.,(7,5,5,5,
    7),(0.,0.125915259474,0.500023885498,0.87413274214,1.),
  .UNSPECIFIED.);
#2511 = CARTESIAN_POINT('',(-3.321947989147,-1.460525977723));
#2512 = CARTESIAN_POINT('',(-3.318346745492,-1.456042358147));
#2513 = CARTESIAN_POINT('',(-3.31411923423,-1.451664302086));
#2514 = CARTESIAN_POINT('',(-3.309312162507,-1.447414696985));
#2515 = CARTESIAN_POINT('',(-3.303970989597,-1.443314410003));
#2516 = CARTESIAN_POINT('',(-3.298139926905,-1.439382288011));
#2517 = CARTESIAN_POINT('',(-3.273209315346,-1.424502004881));
#2518 = CARTESIAN_POINT('',(-3.250608283895,-1.41500090082));
#2519 = CARTESIAN_POINT('',(-3.225184623705,-1.407577333461));
#2520 = CARTESIAN_POINT('',(-3.197932195734,-1.402524501229));
#2521 = CARTESIAN_POINT('',(-3.169754963411,-1.399999192717));
#2522 = CARTESIAN_POINT('',(-3.113408714285,-1.400000807593));
#2523 = CARTESIAN_POINT('',(-3.08523193474,-1.4025277343));
#2524 = CARTESIAN_POINT('',(-3.057980430508,-1.407582128931));
#2525 = CARTESIAN_POINT('',(-3.032558181034,-1.415007145357));
#2526 = CARTESIAN_POINT('',(-3.009959092877,-1.424509530487));
#2527 = CARTESIAN_POINT('',(-2.985034250601,-1.43938979386));
#2528 = CARTESIAN_POINT('',(-2.979206162375,-1.443320669954));
#2529 = CARTESIAN_POINT('',(-2.973867639463,-1.447419563309));
#2530 = CARTESIAN_POINT('',(-2.969062842458,-1.451667647982));
#2531 = CARTESIAN_POINT('',(-2.96483718185,-1.456044076072));
#2532 = CARTESIAN_POINT('',(-2.961237318033,-1.460525977723));
#2533 = ( GEOMETRIC_REPRESENTATION_CONTEXT(2) 
PARAMETRIC_REPRESENTATION_CONTEXT() REPRESENTATION_CONTEXT('2D SPACE',''
  ) );
#2534 = ORIENTED_EDGE('',*,*,#2328,.F.);
#2535 = ADVANCED_FACE('',(#2536),#1336,.T.);
#2536 = FACE_BOUND('',#2537,.F.);
#2537 = EDGE_LOOP('',(#2538,#2539,#2562,#2640));
#2538 = ORIENTED_EDGE('',*,*,#1274,.F.);
#2539 = ORIENTED_EDGE('',*,*,#2540,.T.);
#2540 = EDGE_CURVE('',#1190,#2541,#2543,.T.);
#2541 = VERTEX_POINT('',#2542);
#2542 = CARTESIAN_POINT('',(0.498479820879,-0.587088945624,
    0.839474022277));
#2543 = SURFACE_CURVE('',#2544,(#2548,#2555),.PCURVE_S1.);
#2544 = LINE('',#2545,#2546);
#2545 = CARTESIAN_POINT('',(0.498479820879,-0.587088945624,2.3));
#2546 = VECTOR('',#2547,1.);
#2547 = DIRECTION('',(0.,0.,-1.));
#2548 = PCURVE('',#1336,#2549);
#2549 = DEFINITIONAL_REPRESENTATION('',(#2550),#2554);
#2550 = LINE('',#2551,#2552);
#2551 = CARTESIAN_POINT('',(-0.,0.));
#2552 = VECTOR('',#2553,1.);
#2553 = DIRECTION('',(-0.,-1.));
#2554 = ( GEOMETRIC_REPRESENTATION_CONTEXT(2) 
PARAMETRIC_REPRESENTATION_CONTEXT() REPRESENTATION_CONTEXT('2D SPACE',''
  ) );
#2555 = PCURVE('',#1243,#2556);
#2556 = DEFINITIONAL_REPRESENTATION('',(#2557),#2561);
#2557 = LINE('',#2558,#2559);
#2558 = CARTESIAN_POINT('',(2.816247484076,0.));
#2559 = VECTOR('',#2560,1.);
#2560 = DIRECTION('',(0.,-1.));
#2561 = ( GEOMETRIC_REPRESENTATION_CONTEXT(2) 
PARAMETRIC_REPRESENTATION_CONTEXT() REPRESENTATION_CONTEXT('2D SPACE',''
  ) );
#2562 = ORIENTED_EDGE('',*,*,#2563,.T.);
#2563 = EDGE_CURVE('',#2541,#2435,#2564,.T.);
#2564 = SURFACE_CURVE('',#2565,(#2588,#2614),.PCURVE_S1.);
#2565 = B_SPLINE_CURVE_WITH_KNOTS('',6,(#2566,#2567,#2568,#2569,#2570,
    #2571,#2572,#2573,#2574,#2575,#2576,#2577,#2578,#2579,#2580,#2581,
    #2582,#2583,#2584,#2585,#2586,#2587),.UNSPECIFIED.,.F.,.F.,(7,5,5,5,
    7),(0.,0.261520512093,0.499736358837,0.737962727257,1.),
  .UNSPECIFIED.);
#2566 = CARTESIAN_POINT('',(0.498479820879,-0.587088945624,
    0.839474022277));
#2567 = CARTESIAN_POINT('',(0.489234980541,-0.562596748243,
    0.825240183302));
#2568 = CARTESIAN_POINT('',(0.4822792554,-0.537218521022,0.811541511131)
  );
#2569 = CARTESIAN_POINT('',(0.477734142467,-0.511253845081,
    0.798634395579));
#2570 = CARTESIAN_POINT('',(0.475661080538,-0.485041550047,
    0.786812738415));
#2571 = CARTESIAN_POINT('',(0.476040787405,-0.458918393428,0.77638703809
    ));
#2572 = CARTESIAN_POINT('',(0.481287635146,-0.40977631305,0.759597704482
    ));
#2573 = CARTESIAN_POINT('',(0.485752504714,-0.386681164194,
    0.752952439802));
#2574 = CARTESIAN_POINT('',(0.49211840825,-0.364150807598,0.747848924668
    ));
#2575 = CARTESIAN_POINT('',(0.500281974963,-0.34234889303,0.744407168885
    ));
#2576 = CARTESIAN_POINT('',(0.510166170061,-0.321387528795,
    0.742681599764));
#2577 = CARTESIAN_POINT('',(0.533241330545,-0.281377807206,
    0.742662566439));
#2578 = CARTESIAN_POINT('',(0.546435177713,-0.262324790268,
    0.744369251678));
#2579 = CARTESIAN_POINT('',(0.561217957508,-0.244340623474,0.74779263196
    ));
#2580 = CARTESIAN_POINT('',(0.577531192511,-0.227547851476,
    0.752878672868));
#2581 = CARTESIAN_POINT('',(0.595285206057,-0.212117636348,
    0.759507810284));
#2582 = CARTESIAN_POINT('',(0.635233200582,-0.18293695678,0.776283815886
    ));
#2583 = CARTESIAN_POINT('',(0.657700906733,-0.169503374703,
    0.786719141087));
#2584 = CARTESIAN_POINT('',(0.681478933617,-0.158156732363,
    0.798557797369));
#2585 = CARTESIAN_POINT('',(0.706283687257,-0.149083226289,
    0.811487252101));
#2586 = CARTESIAN_POINT('',(0.731789467442,-0.142399933942,
    0.825212028408));
#2587 = CARTESIAN_POINT('',(0.757673851631,-0.138151715343,
    0.839474022277));
#2588 = PCURVE('',#1336,#2589);
#2589 = DEFINITIONAL_REPRESENTATION('',(#2590),#2613);
#2590 = B_SPLINE_CURVE_WITH_KNOTS('',6,(#2591,#2592,#2593,#2594,#2595,
    #2596,#2597,#2598,#2599,#2600,#2601,#2602,#2603,#2604,#2605,#2606,
    #2607,#2608,#2609,#2610,#2611,#2612),.UNSPECIFIED.,.F.,.F.,(7,5,5,5,
    7),(0.,0.261520512093,0.499736358837,0.737962727257,1.),
  .UNSPECIFIED.);
#2591 = CARTESIAN_POINT('',(0.,-1.460525977723));
#2592 = CARTESIAN_POINT('',(-7.813592473003E-02,-1.474759816698));
#2593 = CARTESIAN_POINT('',(-0.156333279312,-1.488458488869));
#2594 = CARTESIAN_POINT('',(-0.234485674061,-1.501365604421));
#2595 = CARTESIAN_POINT('',(-0.312449617712,-1.513187261585));
#2596 = CARTESIAN_POINT('',(-0.390098963782,-1.52361296191));
#2597 = CARTESIAN_POINT('',(-0.5376065275,-1.540402295518));
#2598 = CARTESIAN_POINT('',(-0.607563325896,-1.547047560198));
#2599 = CARTESIAN_POINT('',(-0.677073813411,-1.552151075332));
#2600 = CARTESIAN_POINT('',(-0.746206468145,-1.555592831115));
#2601 = CARTESIAN_POINT('',(-0.815140806712,-1.557318400236));
#2602 = CARTESIAN_POINT('',(-0.952994786388,-1.557337433561));
#2603 = CARTESIAN_POINT('',(-1.02193030738,-1.555630748322));
#2604 = CARTESIAN_POINT('',(-1.091062551009,-1.55220736804));
#2605 = CARTESIAN_POINT('',(-1.160571626361,-1.547121327132));
#2606 = CARTESIAN_POINT('',(-1.230526881364,-1.540492189716));
#2607 = CARTESIAN_POINT('',(-1.378181755424,-1.523716184114));
#2608 = CARTESIAN_POINT('',(-1.455983031078,-1.513280858913));
#2609 = CARTESIAN_POINT('',(-1.534100321375,-1.501442202631));
#2610 = CARTESIAN_POINT('',(-1.612406933742,-1.488512747899));
#2611 = CARTESIAN_POINT('',(-1.690759453309,-1.474787971592));
#2612 = CARTESIAN_POINT('',(-1.769049932879,-1.460525977723));
#2613 = ( GEOMETRIC_REPRESENTATION_CONTEXT(2) 
PARAMETRIC_REPRESENTATION_CONTEXT() REPRESENTATION_CONTEXT('2D SPACE',''
  ) );
#2614 = PCURVE('',#1954,#2615);
#2615 = DEFINITIONAL_REPRESENTATION('',(#2616),#2639);
#2616 = B_SPLINE_CURVE_WITH_KNOTS('',6,(#2617,#2618,#2619,#2620,#2621,
    #2622,#2623,#2624,#2625,#2626,#2627,#2628,#2629,#2630,#2631,#2632,
    #2633,#2634,#2635,#2636,#2637,#2638),.UNSPECIFIED.,.F.,.F.,(7,5,5,5,
    7),(0.,0.261520512093,0.499736358837,0.737962727257,1.),
  .UNSPECIFIED.);
#2617 = CARTESIAN_POINT('',(-4.008434869229,-1.460525977723));
#2618 = CARTESIAN_POINT('',(-3.997002248459,-1.474759816698));
#2619 = CARTESIAN_POINT('',(-3.981680037353,-1.488458488869));
#2620 = CARTESIAN_POINT('',(-3.962105107949,-1.501365604421));
#2621 = CARTESIAN_POINT('',(-3.938000390157,-1.513187261585));
#2622 = CARTESIAN_POINT('',(-3.90943566501,-1.52361296191));
#2623 = CARTESIAN_POINT('',(-3.847546716165,-1.540402295518));
#2624 = CARTESIAN_POINT('',(-3.81486410939,-1.547047560198));
#2625 = CARTESIAN_POINT('',(-3.779462472414,-1.552151075332));
#2626 = CARTESIAN_POINT('',(-3.742103500167,-1.555592831115));
#2627 = CARTESIAN_POINT('',(-3.70377512014,-1.557318400236));
#2628 = CARTESIAN_POINT('',(-3.627116191631,-1.557337433561));
#2629 = CARTESIAN_POINT('',(-3.58877759589,-1.555630748322));
#2630 = CARTESIAN_POINT('',(-3.55139986853,-1.55220736804));
#2631 = CARTESIAN_POINT('',(-3.51597184754,-1.547121327132));
#2632 = CARTESIAN_POINT('',(-3.483257123671,-1.540492189716));
#2633 = CARTESIAN_POINT('',(-3.421230341524,-1.523716184114));
#2634 = CARTESIAN_POINT('',(-3.392573377347,-1.513280858913));
#2635 = CARTESIAN_POINT('',(-3.36839402349,-1.501442202631));
#2636 = CARTESIAN_POINT('',(-3.348763514823,-1.488512747899));
#2637 = CARTESIAN_POINT('',(-3.333403223931,-1.474787971592));
#2638 = CARTESIAN_POINT('',(-3.321947989147,-1.460525977723));
#2639 = ( GEOMETRIC_REPRESENTATION_CONTEXT(2) 
PARAMETRIC_REPRESENTATION_CONTEXT() REPRESENTATION_CONTEXT('2D SPACE',''
  ) );
#2640 = ORIENTED_EDGE('',*,*,#2434,.F.);
#2641 = ADVANCED_FACE('',(#2642),#1243,.F.);
#2642 = FACE_BOUND('',#2643,.F.);
#2643 = EDGE_LOOP('',(#2644,#2645,#2668,#2746));
#2644 = ORIENTED_EDGE('',*,*,#1189,.F.);
#2645 = ORIENTED_EDGE('',*,*,#2646,.T.);
#2646 = EDGE_CURVE('',#1093,#2647,#2649,.T.);
#2647 = VERTEX_POINT('',#2648);
#2648 = CARTESIAN_POINT('',(0.259194030752,-0.725240660967,
    0.839474022277));
#2649 = SURFACE_CURVE('',#2650,(#2654,#2661),.PCURVE_S1.);
#2650 = LINE('',#2651,#2652);
#2651 = CARTESIAN_POINT('',(0.259194030752,-0.725240660967,2.3));
#2652 = VECTOR('',#2653,1.);
#2653 = DIRECTION('',(0.,0.,-1.));
#2654 = PCURVE('',#1243,#2655);
#2655 = DEFINITIONAL_REPRESENTATION('',(#2656),#2660);
#2656 = LINE('',#2657,#2658);
#2657 = CARTESIAN_POINT('',(0.,0.));
#2658 = VECTOR('',#2659,1.);
#2659 = DIRECTION('',(0.,-1.));
#2660 = ( GEOMETRIC_REPRESENTATION_CONTEXT(2) 
PARAMETRIC_REPRESENTATION_CONTEXT() REPRESENTATION_CONTEXT('2D SPACE',''
  ) );
#2661 = PCURVE('',#1154,#2662);
#2662 = DEFINITIONAL_REPRESENTATION('',(#2663),#2667);
#2663 = LINE('',#2664,#2665);
#2664 = CARTESIAN_POINT('',(-1.769049932879,0.));
#2665 = VECTOR('',#2666,1.);
#2666 = DIRECTION('',(-0.,-1.));
#2667 = ( GEOMETRIC_REPRESENTATION_CONTEXT(2) 
PARAMETRIC_REPRESENTATION_CONTEXT() REPRESENTATION_CONTEXT('2D SPACE',''
  ) );
#2668 = ORIENTED_EDGE('',*,*,#2669,.T.);
#2669 = EDGE_CURVE('',#2647,#2541,#2670,.T.);
#2670 = SURFACE_CURVE('',#2671,(#2694,#2720),.PCURVE_S1.);
#2671 = B_SPLINE_CURVE_WITH_KNOTS('',6,(#2672,#2673,#2674,#2675,#2676,
    #2677,#2678,#2679,#2680,#2681,#2682,#2683,#2684,#2685,#2686,#2687,
    #2688,#2689,#2690,#2691,#2692,#2693),.UNSPECIFIED.,.F.,.F.,(7,5,5,5,
    7),(0.,0.125915259474,0.500023885498,0.87413274214,1.),
  .UNSPECIFIED.);
#2672 = CARTESIAN_POINT('',(0.259194030752,-0.725240660967,
    0.839474022277));
#2673 = CARTESIAN_POINT('',(0.264419344646,-0.731620099542,
    0.843957641853));
#2674 = CARTESIAN_POINT('',(0.27009653983,-0.737631366667,0.848335697914
    ));
#2675 = CARTESIAN_POINT('',(0.276193225909,-0.743234396119,
    0.852585303015));
#2676 = CARTESIAN_POINT('',(0.28267304635,-0.748393430257,0.856685589997
    ));
#2677 = CARTESIAN_POINT('',(0.289495678492,-0.753077020021,
    0.860617711989));
#2678 = CARTESIAN_POINT('',(0.31777459903,-0.769680268357,0.875497995119
    ));
#2679 = CARTESIAN_POINT('',(0.341570746457,-0.777668229774,0.88499909918
    ));
#2680 = CARTESIAN_POINT('',(0.366852857795,-0.780518065406,
    0.892422666539));
#2681 = CARTESIAN_POINT('',(0.392205095104,-0.777912799307,
    0.897475498771));
#2682 = CARTESIAN_POINT('',(0.416160216048,-0.770094680422,
    0.900000807283));
#2683 = CARTESIAN_POINT('',(0.458856173854,-0.745440312748,
    0.899999192407));
#2684 = CARTESIAN_POINT('',(0.477602151186,-0.728601088247,0.8974722657)
  );
#2685 = CARTESIAN_POINT('',(0.492531699451,-0.707946020893,
    0.892417871069));
#2686 = CARTESIAN_POINT('',(0.502701568343,-0.684624785669,
    0.884992854643));
#2687 = CARTESIAN_POINT('',(0.507678540321,-0.660022072408,
    0.875490469513));
#2688 = CARTESIAN_POINT('',(0.50743475983,-0.627233373971,0.86061020614)
  );
#2689 = CARTESIAN_POINT('',(0.50678932527,-0.618986248217,0.856679330046
    ));
#2690 = CARTESIAN_POINT('',(0.505561189319,-0.610798293307,
    0.852580436691));
#2691 = CARTESIAN_POINT('',(0.503757422585,-0.602720093757,
    0.848332352018));
#2692 = CARTESIAN_POINT('',(0.501390804012,-0.594800963449,
    0.843955923928));
#2693 = CARTESIAN_POINT('',(0.498479820879,-0.587088945624,
    0.839474022277));
#2694 = PCURVE('',#1243,#2695);
#2695 = DEFINITIONAL_REPRESENTATION('',(#2696),#2719);
#2696 = B_SPLINE_CURVE_WITH_KNOTS('',6,(#2697,#2698,#2699,#2700,#2701,
    #2702,#2703,#2704,#2705,#2706,#2707,#2708,#2709,#2710,#2711,#2712,
    #2713,#2714,#2715,#2716,#2717,#2718),.UNSPECIFIED.,.F.,.F.,(7,5,5,5,
    7),(0.,0.125915259474,0.500023885498,0.87413274214,1.),
  .UNSPECIFIED.);
#2697 = CARTESIAN_POINT('',(-8.9E-16,-1.460525977723));
#2698 = CARTESIAN_POINT('',(5.890200345271E-02,-1.456042358147));
#2699 = CARTESIAN_POINT('',(0.117813432005,-1.451664302086));
#2700 = CARTESIAN_POINT('',(0.17673831047,-1.447414696985));
#2701 = CARTESIAN_POINT('',(0.235680171414,-1.443314410003));
#2702 = CARTESIAN_POINT('',(0.294642055152,-1.439382288011));
#2703 = CARTESIAN_POINT('',(0.528876065354,-1.424502004881));
#2704 = CARTESIAN_POINT('',(0.704342606677,-1.41500090082));
#2705 = CARTESIAN_POINT('',(0.880056979489,-1.407577333461));
#2706 = CARTESIAN_POINT('',(1.056005250417,-1.402524501229));
#2707 = CARTESIAN_POINT('',(1.232109305427,-1.399999192717));
#2708 = CARTESIAN_POINT('',(1.584273362919,-1.400000807593));
#2709 = CARTESIAN_POINT('',(1.760377458072,-1.4025277343));
#2710 = CARTESIAN_POINT('',(1.936325711436,-1.407582128931));
#2711 = CARTESIAN_POINT('',(2.112040030484,-1.415007145357));
#2712 = CARTESIAN_POINT('',(2.28750651376,-1.424509530487));
#2713 = CARTESIAN_POINT('',(2.521717975657,-1.43938979386));
#2714 = CARTESIAN_POINT('',(2.580657301618,-1.443320669954));
#2715 = CARTESIAN_POINT('',(2.639576650719,-1.447419563309));
#2716 = CARTESIAN_POINT('',(2.698479073703,-1.451667647982));
#2717 = CARTESIAN_POINT('',(2.757368049269,-1.456044076072));
#2718 = CARTESIAN_POINT('',(2.816247484076,-1.460525977723));
#2719 = ( GEOMETRIC_REPRESENTATION_CONTEXT(2) 
PARAMETRIC_REPRESENTATION_CONTEXT() REPRESENTATION_CONTEXT('2D SPACE',''
  ) );
#2720 = PCURVE('',#1954,#2721);
#2721 = DEFINITIONAL_REPRESENTATION('',(#2722),#2745);
#2722 = B_SPLINE_CURVE_WITH_KNOTS('',6,(#2723,#2724,#2725,#2726,#2727,
    #2728,#2729,#2730,#2731,#2732,#2733,#2734,#2735,#2736,#2737,#2738,
    #2739,#2740,#2741,#2742,#2743,#2744),.UNSPECIFIED.,.F.,.F.,(7,5,5,5,
    7),(0.,0.125915259474,0.500023885498,0.87413274214,1.),
  .UNSPECIFIED.);
#2723 = CARTESIAN_POINT('',(-4.369145540344,-1.460525977723));
#2724 = CARTESIAN_POINT('',(-4.365544296689,-1.456042358147));
#2725 = CARTESIAN_POINT('',(-4.361316785427,-1.451664302086));
#2726 = CARTESIAN_POINT('',(-4.356509713703,-1.447414696985));
#2727 = CARTESIAN_POINT('',(-4.351168540794,-1.443314410003));
#2728 = CARTESIAN_POINT('',(-4.345337478101,-1.439382288011));
#2729 = CARTESIAN_POINT('',(-4.320406866543,-1.424502004881));
#2730 = CARTESIAN_POINT('',(-4.297805835092,-1.41500090082));
#2731 = CARTESIAN_POINT('',(-4.272382174901,-1.407577333461));
#2732 = CARTESIAN_POINT('',(-4.245129746931,-1.402524501229));
#2733 = CARTESIAN_POINT('',(-4.216952514607,-1.399999192717));
#2734 = CARTESIAN_POINT('',(-4.160606265482,-1.400000807593));
#2735 = CARTESIAN_POINT('',(-4.132429485936,-1.4025277343));
#2736 = CARTESIAN_POINT('',(-4.105177981705,-1.407582128931));
#2737 = CARTESIAN_POINT('',(-4.079755732231,-1.415007145357));
#2738 = CARTESIAN_POINT('',(-4.057156644074,-1.424509530487));
#2739 = CARTESIAN_POINT('',(-4.032231801798,-1.43938979386));
#2740 = CARTESIAN_POINT('',(-4.026403713571,-1.443320669954));
#2741 = CARTESIAN_POINT('',(-4.02106519066,-1.447419563309));
#2742 = CARTESIAN_POINT('',(-4.016260393654,-1.451667647982));
#2743 = CARTESIAN_POINT('',(-4.012034733047,-1.456044076072));
#2744 = CARTESIAN_POINT('',(-4.008434869229,-1.460525977723));
#2745 = ( GEOMETRIC_REPRESENTATION_CONTEXT(2) 
PARAMETRIC_REPRESENTATION_CONTEXT() REPRESENTATION_CONTEXT('2D SPACE',''
  ) );
#2746 = ORIENTED_EDGE('',*,*,#2540,.F.);
#2747 = ADVANCED_FACE('',(#2748),#1154,.T.);
#2748 = FACE_BOUND('',#2749,.F.);
#2749 = EDGE_LOOP('',(#2750,#2751,#2774,#2852));
#2750 = ORIENTED_EDGE('',*,*,#1092,.F.);
#2751 = ORIENTED_EDGE('',*,*,#2752,.T.);
#2752 = EDGE_CURVE('',#1008,#2753,#2755,.T.);
#2753 = VERTEX_POINT('',#2754);
#2754 = CARTESIAN_POINT('',(-0.259194030752,-0.725240660967,
    0.839474022277));
#2755 = SURFACE_CURVE('',#2756,(#2760,#2767),.PCURVE_S1.);
#2756 = LINE('',#2757,#2758);
#2757 = CARTESIAN_POINT('',(-0.259194030752,-0.725240660967,2.3));
#2758 = VECTOR('',#2759,1.);
#2759 = DIRECTION('',(0.,0.,-1.));
#2760 = PCURVE('',#1154,#2761);
#2761 = DEFINITIONAL_REPRESENTATION('',(#2762),#2766);
#2762 = LINE('',#2763,#2764);
#2763 = CARTESIAN_POINT('',(-0.,0.));
#2764 = VECTOR('',#2765,1.);
#2765 = DIRECTION('',(-0.,-1.));
#2766 = ( GEOMETRIC_REPRESENTATION_CONTEXT(2) 
PARAMETRIC_REPRESENTATION_CONTEXT() REPRESENTATION_CONTEXT('2D SPACE',''
  ) );
#2767 = PCURVE('',#1061,#2768);
#2768 = DEFINITIONAL_REPRESENTATION('',(#2769),#2773);
#2769 = LINE('',#2770,#2771);
#2770 = CARTESIAN_POINT('',(2.816247484076,0.));
#2771 = VECTOR('',#2772,1.);
#2772 = DIRECTION('',(0.,-1.));
#2773 = ( GEOMETRIC_REPRESENTATION_CONTEXT(2) 
PARAMETRIC_REPRESENTATION_CONTEXT() REPRESENTATION_CONTEXT('2D SPACE',''
  ) );
#2774 = ORIENTED_EDGE('',*,*,#2775,.T.);
#2775 = EDGE_CURVE('',#2753,#2647,#2776,.T.);
#2776 = SURFACE_CURVE('',#2777,(#2800,#2826),.PCURVE_S1.);
#2777 = B_SPLINE_CURVE_WITH_KNOTS('',6,(#2778,#2779,#2780,#2781,#2782,
    #2783,#2784,#2785,#2786,#2787,#2788,#2789,#2790,#2791,#2792,#2793,
    #2794,#2795,#2796,#2797,#2798,#2799),.UNSPECIFIED.,.F.,.F.,(7,5,5,5,
    7),(0.,0.261520512093,0.499736358837,0.737962727258,1.),
  .UNSPECIFIED.);
#2778 = CARTESIAN_POINT('',(-0.259194030752,-0.725240660967,
    0.839474022277));
#2779 = CARTESIAN_POINT('',(-0.242605585794,-0.70498829569,
    0.825240183302));
#2780 = CARTESIAN_POINT('',(-0.224105258889,-0.686275347406,
    0.811541511131));
#2781 = CARTESIAN_POINT('',(-0.203891746389,-0.669356826172,
    0.798634395579));
#2782 = CARTESIAN_POINT('',(-0.182227763963,-0.654455354361,
    0.786812738415));
#2783 = CARTESIAN_POINT('',(-0.15941459327,-0.641722611844,0.77638703809
    ));
#2784 = CARTESIAN_POINT('',(-0.114232879398,-0.621695475089,
    0.759597704482));
#2785 = CARTESIAN_POINT('',(-9.199945900014E-02,-0.614014591131,
    0.752952439801));
#2786 = CARTESIAN_POINT('',(-6.930464606391E-02,-0.608262447013,
    0.747848924668));
#2787 = CARTESIAN_POINT('',(-4.634185084026E-02,-0.604431345888,
    0.744407168885));
#2788 = CARTESIAN_POINT('',(-2.3246679366E-02,-0.602510627822,
    0.742681599764));
#2789 = CARTESIAN_POINT('',(2.294033617109E-02,-0.602489442203,
    0.742662566439));
#2790 = CARTESIAN_POINT('',(4.603765644149E-02,-0.604389140555,
    0.744369251678));
#2791 = CARTESIAN_POINT('',(6.900379164929E-02,-0.608199319999,
    0.74779263196));
#2792 = CARTESIAN_POINT('',(9.170337630068E-02,-0.613930609931,
    0.752878672868));
#2793 = CARTESIAN_POINT('',(0.11394334136,-0.621590929117,0.759507810284
    ));
#2794 = CARTESIAN_POINT('',(0.159188548429,-0.641596567421,
    0.776283815886));
#2795 = CARTESIAN_POINT('',(0.182056224846,-0.654337380675,
    0.786719141087));
#2796 = CARTESIAN_POINT('',(0.203771718803,-0.669256434838,
    0.798557797369));
#2797 = CARTESIAN_POINT('',(0.224031982384,-0.686201228587,
    0.811487252101));
#2798 = CARTESIAN_POINT('',(0.24257277343,-0.704948235998,0.825212028408
    ));
#2799 = CARTESIAN_POINT('',(0.259194030752,-0.725240660967,
    0.839474022277));
#2800 = PCURVE('',#1154,#2801);
#2801 = DEFINITIONAL_REPRESENTATION('',(#2802),#2825);
#2802 = B_SPLINE_CURVE_WITH_KNOTS('',6,(#2803,#2804,#2805,#2806,#2807,
    #2808,#2809,#2810,#2811,#2812,#2813,#2814,#2815,#2816,#2817,#2818,
    #2819,#2820,#2821,#2822,#2823,#2824),.UNSPECIFIED.,.F.,.F.,(7,5,5,5,
    7),(0.,0.261520512093,0.499736358837,0.737962727258,1.),
  .UNSPECIFIED.);
#2803 = CARTESIAN_POINT('',(0.,-1.460525977723));
#2804 = CARTESIAN_POINT('',(-7.813592473002E-02,-1.474759816698));
#2805 = CARTESIAN_POINT('',(-0.156333279312,-1.488458488869));
#2806 = CARTESIAN_POINT('',(-0.234485674061,-1.501365604421));
#2807 = CARTESIAN_POINT('',(-0.312449617712,-1.513187261585));
#2808 = CARTESIAN_POINT('',(-0.390098963782,-1.52361296191));
#2809 = CARTESIAN_POINT('',(-0.5376065275,-1.540402295518));
#2810 = CARTESIAN_POINT('',(-0.607563325897,-1.547047560199));
#2811 = CARTESIAN_POINT('',(-0.677073813411,-1.552151075332));
#2812 = CARTESIAN_POINT('',(-0.746206468145,-1.555592831115));
#2813 = CARTESIAN_POINT('',(-0.815140806712,-1.557318400236));
#2814 = CARTESIAN_POINT('',(-0.952994786388,-1.557337433561));
#2815 = CARTESIAN_POINT('',(-1.02193030738,-1.555630748322));
#2816 = CARTESIAN_POINT('',(-1.091062551009,-1.55220736804));
#2817 = CARTESIAN_POINT('',(-1.160571626361,-1.547121327132));
#2818 = CARTESIAN_POINT('',(-1.230526881364,-1.540492189716));
#2819 = CARTESIAN_POINT('',(-1.378181755424,-1.523716184114));
#2820 = CARTESIAN_POINT('',(-1.455983031078,-1.513280858913));
#2821 = CARTESIAN_POINT('',(-1.534100321375,-1.501442202631));
#2822 = CARTESIAN_POINT('',(-1.612406933742,-1.488512747899));
#2823 = CARTESIAN_POINT('',(-1.690759453309,-1.474787971592));
#2824 = CARTESIAN_POINT('',(-1.769049932879,-1.460525977723));
#2825 = ( GEOMETRIC_REPRESENTATION_CONTEXT(2) 
PARAMETRIC_REPRESENTATION_CONTEXT() REPRESENTATION_CONTEXT('2D SPACE',''
  ) );
#2826 = PCURVE('',#1954,#2827);
#2827 = DEFINITIONAL_REPRESENTATION('',(#2828),#2851);
#2828 = B_SPLINE_CURVE_WITH_KNOTS('',6,(#2829,#2830,#2831,#2832,#2833,
    #2834,#2835,#2836,#2837,#2838,#2839,#2840,#2841,#2842,#2843,#2844,
    #2845,#2846,#2847,#2848,#2849,#2850),.UNSPECIFIED.,.F.,.F.,(7,5,5,5,
    7),(0.,0.261520512093,0.499736358837,0.737962727258,1.),
  .UNSPECIFIED.);
#2829 = CARTESIAN_POINT('',(-5.055632420426,-1.460525977723));
#2830 = CARTESIAN_POINT('',(-5.044199799655,-1.474759816698));
#2831 = CARTESIAN_POINT('',(-5.028877588549,-1.488458488869));
#2832 = CARTESIAN_POINT('',(-5.009302659145,-1.501365604421));
#2833 = CARTESIAN_POINT('',(-4.985197941354,-1.513187261585));
#2834 = CARTESIAN_POINT('',(-4.956633216206,-1.52361296191));
#2835 = CARTESIAN_POINT('',(-4.894744267361,-1.540402295518));
#2836 = CARTESIAN_POINT('',(-4.862061660586,-1.547047560198));
#2837 = CARTESIAN_POINT('',(-4.826660023611,-1.552151075332));
#2838 = CARTESIAN_POINT('',(-4.789301051363,-1.555592831115));
#2839 = CARTESIAN_POINT('',(-4.750972671336,-1.557318400236));
#2840 = CARTESIAN_POINT('',(-4.674313742828,-1.557337433561));
#2841 = CARTESIAN_POINT('',(-4.635975147086,-1.555630748322));
#2842 = CARTESIAN_POINT('',(-4.598597419727,-1.55220736804));
#2843 = CARTESIAN_POINT('',(-4.563169398737,-1.547121327132));
#2844 = CARTESIAN_POINT('',(-4.530454674868,-1.540492189716));
#2845 = CARTESIAN_POINT('',(-4.468427892721,-1.523716184114));
#2846 = CARTESIAN_POINT('',(-4.439770928543,-1.513280858913));
#2847 = CARTESIAN_POINT('',(-4.415591574686,-1.501442202631));
#2848 = CARTESIAN_POINT('',(-4.395961066019,-1.488512747899));
#2849 = CARTESIAN_POINT('',(-4.380600775128,-1.474787971592));
#2850 = CARTESIAN_POINT('',(-4.369145540344,-1.460525977723));
#2851 = ( GEOMETRIC_REPRESENTATION_CONTEXT(2) 
PARAMETRIC_REPRESENTATION_CONTEXT() REPRESENTATION_CONTEXT('2D SPACE',''
  ) );
#2852 = ORIENTED_EDGE('',*,*,#2646,.F.);
#2853 = ADVANCED_FACE('',(#2854),#1061,.F.);
#2854 = FACE_BOUND('',#2855,.F.);
#2855 = EDGE_LOOP('',(#2856,#2857,#2880,#2958));
#2856 = ORIENTED_EDGE('',*,*,#1007,.F.);
#2857 = ORIENTED_EDGE('',*,*,#2858,.T.);
#2858 = EDGE_CURVE('',#911,#2859,#2861,.T.);
#2859 = VERTEX_POINT('',#2860);
#2860 = CARTESIAN_POINT('',(-0.498479820879,-0.587088945624,
    0.839474022277));
#2861 = SURFACE_CURVE('',#2862,(#2866,#2873),.PCURVE_S1.);
#2862 = LINE('',#2863,#2864);
#2863 = CARTESIAN_POINT('',(-0.498479820879,-0.587088945624,2.3));
#2864 = VECTOR('',#2865,1.);
#2865 = DIRECTION('',(0.,0.,-1.));
#2866 = PCURVE('',#1061,#2867);
#2867 = DEFINITIONAL_REPRESENTATION('',(#2868),#2872);
#2868 = LINE('',#2869,#2870);
#2869 = CARTESIAN_POINT('',(0.,0.));
#2870 = VECTOR('',#2871,1.);
#2871 = DIRECTION('',(0.,-1.));
#2872 = ( GEOMETRIC_REPRESENTATION_CONTEXT(2) 
PARAMETRIC_REPRESENTATION_CONTEXT() REPRESENTATION_CONTEXT('2D SPACE',''
  ) );
#2873 = PCURVE('',#972,#2874);
#2874 = DEFINITIONAL_REPRESENTATION('',(#2875),#2879);
#2875 = LINE('',#2876,#2877);
#2876 = CARTESIAN_POINT('',(-1.769049932879,0.));
#2877 = VECTOR('',#2878,1.);
#2878 = DIRECTION('',(-0.,-1.));
#2879 = ( GEOMETRIC_REPRESENTATION_CONTEXT(2) 
PARAMETRIC_REPRESENTATION_CONTEXT() REPRESENTATION_CONTEXT('2D SPACE',''
  ) );
#2880 = ORIENTED_EDGE('',*,*,#2881,.T.);
#2881 = EDGE_CURVE('',#2859,#2753,#2882,.T.);
#2882 = SURFACE_CURVE('',#2883,(#2906,#2932),.PCURVE_S1.);
#2883 = B_SPLINE_CURVE_WITH_KNOTS('',6,(#2884,#2885,#2886,#2887,#2888,
    #2889,#2890,#2891,#2892,#2893,#2894,#2895,#2896,#2897,#2898,#2899,
    #2900,#2901,#2902,#2903,#2904,#2905),.UNSPECIFIED.,.F.,.F.,(7,5,5,5,
    7),(0.,0.125915259474,0.500023885498,0.87413274214,1.),
  .UNSPECIFIED.);
#2884 = CARTESIAN_POINT('',(-0.498479820879,-0.587088945624,
    0.839474022277));
#2885 = CARTESIAN_POINT('',(-0.5013919198,-0.594803919486,0.843957641853
    ));
#2886 = CARTESIAN_POINT('',(-0.503759232247,-0.602726148301,
    0.848335697914));
#2887 = CARTESIAN_POINT('',(-0.505563255051,-0.61080754805,
    0.852585303015));
#2888 = CARTESIAN_POINT('',(-0.506791199453,-0.618998754232,
    0.856685589997));
#2889 = CARTESIAN_POINT('',(-0.507435991099,-0.62724912187,
    0.860617711989));
#2890 = CARTESIAN_POINT('',(-0.507675365673,-0.660041009616,
    0.875497995119));
#2891 = CARTESIAN_POINT('',(-0.502695069472,-0.684643058508,
    0.88499909918));
#2892 = CARTESIAN_POINT('',(-0.492522043856,-0.707962927004,
    0.892422666539));
#2893 = CARTESIAN_POINT('',(-0.477589698577,-0.728615975507,
    0.897475498771));
#2894 = CARTESIAN_POINT('',(-0.458841448541,-0.745452659353,
    0.900000807283));
#2895 = CARTESIAN_POINT('',(-0.416142160918,-0.770101259615,
    0.899999192407));
#2896 = CARTESIAN_POINT('',(-0.392185976054,-0.777916139953,0.8974722657
    ));
#2897 = CARTESIAN_POINT('',(-0.366833388876,-0.78051797434,
    0.892417871069));
#2898 = CARTESIAN_POINT('',(-0.341551672278,-0.777664721542,
    0.884992854643));
#2899 = CARTESIAN_POINT('',(-0.317756611604,-0.769673549078,
    0.875490469513));
#2900 = CARTESIAN_POINT('',(-0.289482656046,-0.753068079761,
    0.86061020614));
#2901 = CARTESIAN_POINT('',(-0.282663152914,-0.748385554159,
    0.856679330046));
#2902 = CARTESIAN_POINT('',(-0.276186243932,-0.743227979771,
    0.852580436691));
#2903 = CARTESIAN_POINT('',(-0.270092201273,-0.737626772182,
    0.848332352018));
#2904 = CARTESIAN_POINT('',(-0.264417342536,-0.731617655223,
    0.843955923928));
#2905 = CARTESIAN_POINT('',(-0.259194030752,-0.725240660967,
    0.839474022277));
#2906 = PCURVE('',#1061,#2907);
#2907 = DEFINITIONAL_REPRESENTATION('',(#2908),#2931);
#2908 = B_SPLINE_CURVE_WITH_KNOTS('',6,(#2909,#2910,#2911,#2912,#2913,
    #2914,#2915,#2916,#2917,#2918,#2919,#2920,#2921,#2922,#2923,#2924,
    #2925,#2926,#2927,#2928,#2929,#2930),.UNSPECIFIED.,.F.,.F.,(7,5,5,5,
    7),(0.,0.125915259474,0.500023885498,0.87413274214,1.),
  .UNSPECIFIED.);
#2909 = CARTESIAN_POINT('',(7.9E-16,-1.460525977723));
#2910 = CARTESIAN_POINT('',(5.890200345271E-02,-1.456042358147));
#2911 = CARTESIAN_POINT('',(0.117813432005,-1.451664302086));
#2912 = CARTESIAN_POINT('',(0.17673831047,-1.447414696985));
#2913 = CARTESIAN_POINT('',(0.235680171414,-1.443314410003));
#2914 = CARTESIAN_POINT('',(0.294642055152,-1.439382288011));
#2915 = CARTESIAN_POINT('',(0.528876065354,-1.424502004881));
#2916 = CARTESIAN_POINT('',(0.704342606677,-1.41500090082));
#2917 = CARTESIAN_POINT('',(0.88005697949,-1.407577333461));
#2918 = CARTESIAN_POINT('',(1.056005250416,-1.402524501229));
#2919 = CARTESIAN_POINT('',(1.232109305427,-1.399999192717));
#2920 = CARTESIAN_POINT('',(1.584273362919,-1.400000807593));
#2921 = CARTESIAN_POINT('',(1.760377458072,-1.4025277343));
#2922 = CARTESIAN_POINT('',(1.936325711435,-1.407582128931));
#2923 = CARTESIAN_POINT('',(2.112040030484,-1.415007145357));
#2924 = CARTESIAN_POINT('',(2.28750651376,-1.424509530487));
#2925 = CARTESIAN_POINT('',(2.521717975657,-1.43938979386));
#2926 = CARTESIAN_POINT('',(2.580657301618,-1.443320669954));
#2927 = CARTESIAN_POINT('',(2.639576650719,-1.447419563309));
#2928 = CARTESIAN_POINT('',(2.698479073703,-1.451667647982));
#2929 = CARTESIAN_POINT('',(2.757368049269,-1.456044076072));
#2930 = CARTESIAN_POINT('',(2.816247484076,-1.460525977723));
#2931 = ( GEOMETRIC_REPRESENTATION_CONTEXT(2) 
PARAMETRIC_REPRESENTATION_CONTEXT() REPRESENTATION_CONTEXT('2D SPACE',''
  ) );
#2932 = PCURVE('',#1954,#2933);
#2933 = DEFINITIONAL_REPRESENTATION('',(#2934),#2957);
#2934 = B_SPLINE_CURVE_WITH_KNOTS('',6,(#2935,#2936,#2937,#2938,#2939,
    #2940,#2941,#2942,#2943,#2944,#2945,#2946,#2947,#2948,#2949,#2950,
    #2951,#2952,#2953,#2954,#2955,#2956),.UNSPECIFIED.,.F.,.F.,(7,5,5,5,
    7),(0.,0.125915259474,0.500023885498,0.87413274214,1.),
  .UNSPECIFIED.);
#2935 = CARTESIAN_POINT('',(-5.41634309154,-1.460525977723));
#2936 = CARTESIAN_POINT('',(-5.412741847885,-1.456042358147));
#2937 = CARTESIAN_POINT('',(-5.408514336623,-1.451664302086));
#2938 = CARTESIAN_POINT('',(-5.4037072649,-1.447414696985));
#2939 = CARTESIAN_POINT('',(-5.39836609199,-1.443314410003));
#2940 = CARTESIAN_POINT('',(-5.392535029298,-1.439382288011));
#2941 = CARTESIAN_POINT('',(-5.367604417739,-1.424502004881));
#2942 = CARTESIAN_POINT('',(-5.345003386288,-1.41500090082));
#2943 = CARTESIAN_POINT('',(-5.319579726098,-1.407577333461));
#2944 = CARTESIAN_POINT('',(-5.292327298127,-1.402524501229));
#2945 = CARTESIAN_POINT('',(-5.264150065804,-1.399999192717));
#2946 = CARTESIAN_POINT('',(-5.207803816679,-1.400000807593));
#2947 = CARTESIAN_POINT('',(-5.179627037133,-1.4025277343));
#2948 = CARTESIAN_POINT('',(-5.152375532901,-1.407582128931));
#2949 = CARTESIAN_POINT('',(-5.126953283427,-1.415007145357));
#2950 = CARTESIAN_POINT('',(-5.104354195271,-1.424509530487));
#2951 = CARTESIAN_POINT('',(-5.079429352994,-1.43938979386));
#2952 = CARTESIAN_POINT('',(-5.073601264768,-1.443320669954));
#2953 = CARTESIAN_POINT('',(-5.068262741857,-1.447419563309));
#2954 = CARTESIAN_POINT('',(-5.063457944851,-1.451667647982));
#2955 = CARTESIAN_POINT('',(-5.059232284243,-1.456044076072));
#2956 = CARTESIAN_POINT('',(-5.055632420426,-1.460525977723));
#2957 = ( GEOMETRIC_REPRESENTATION_CONTEXT(2) 
PARAMETRIC_REPRESENTATION_CONTEXT() REPRESENTATION_CONTEXT('2D SPACE',''
  ) );
#2958 = ORIENTED_EDGE('',*,*,#2752,.F.);
#2959 = ADVANCED_FACE('',(#2960),#972,.T.);
#2960 = FACE_BOUND('',#2961,.F.);
#2961 = EDGE_LOOP('',(#2962,#2963,#2986,#3064));
#2962 = ORIENTED_EDGE('',*,*,#910,.F.);
#2963 = ORIENTED_EDGE('',*,*,#2964,.T.);
#2964 = EDGE_CURVE('',#861,#2965,#2967,.T.);
#2965 = VERTEX_POINT('',#2966);
#2966 = CARTESIAN_POINT('',(-0.757673851631,-0.138151715343,
    0.839474022277));
#2967 = SURFACE_CURVE('',#2968,(#2972,#2979),.PCURVE_S1.);
#2968 = LINE('',#2969,#2970);
#2969 = CARTESIAN_POINT('',(-0.757673851631,-0.138151715343,2.3));
#2970 = VECTOR('',#2971,1.);
#2971 = DIRECTION('',(0.,0.,-1.));
#2972 = PCURVE('',#972,#2973);
#2973 = DEFINITIONAL_REPRESENTATION('',(#2974),#2978);
#2974 = LINE('',#2975,#2976);
#2975 = CARTESIAN_POINT('',(-0.,0.));
#2976 = VECTOR('',#2977,1.);
#2977 = DIRECTION('',(-0.,-1.));
#2978 = ( GEOMETRIC_REPRESENTATION_CONTEXT(2) 
PARAMETRIC_REPRESENTATION_CONTEXT() REPRESENTATION_CONTEXT('2D SPACE',''
  ) );
#2979 = PCURVE('',#815,#2980);
#2980 = DEFINITIONAL_REPRESENTATION('',(#2981),#2985);
#2981 = LINE('',#2982,#2983);
#2982 = CARTESIAN_POINT('',(2.816247484076,0.));
#2983 = VECTOR('',#2984,1.);
#2984 = DIRECTION('',(0.,-1.));
#2985 = ( GEOMETRIC_REPRESENTATION_CONTEXT(2) 
PARAMETRIC_REPRESENTATION_CONTEXT() REPRESENTATION_CONTEXT('2D SPACE',''
  ) );
#2986 = ORIENTED_EDGE('',*,*,#2987,.T.);
#2987 = EDGE_CURVE('',#2965,#2859,#2988,.T.);
#2988 = SURFACE_CURVE('',#2989,(#3012,#3038),.PCURVE_S1.);
#2989 = B_SPLINE_CURVE_WITH_KNOTS('',6,(#2990,#2991,#2992,#2993,#2994,
    #2995,#2996,#2997,#2998,#2999,#3000,#3001,#3002,#3003,#3004,#3005,
    #3006,#3007,#3008,#3009,#3010,#3011),.UNSPECIFIED.,.F.,.F.,(7,5,5,5,
    7),(0.,0.261520512093,0.499736358837,0.737962727257,1.),
  .UNSPECIFIED.);
#2990 = CARTESIAN_POINT('',(-0.757673851631,-0.138151715343,
    0.839474022277));
#2991 = CARTESIAN_POINT('',(-0.731840566336,-0.142391547447,
    0.825240183302));
#2992 = CARTESIAN_POINT('',(-0.706384514289,-0.149056826384,
    0.811541511131));
#2993 = CARTESIAN_POINT('',(-0.681625888856,-0.158102981091,
    0.798634395579));
#2994 = CARTESIAN_POINT('',(-0.657888844501,-0.169413804314,
    0.786812738415));
#2995 = CARTESIAN_POINT('',(-0.635455380675,-0.182804218417,
    0.77638703809));
#2996 = CARTESIAN_POINT('',(-0.595520514544,-0.211919162039,
    0.759597704482));
#2997 = CARTESIAN_POINT('',(-0.577751963714,-0.227333426937,
    0.752952439802));
#2998 = CARTESIAN_POINT('',(-0.561423054313,-0.244111639415,
    0.747848924668));
#2999 = CARTESIAN_POINT('',(-0.546623825803,-0.262082452858,
    0.744407168885));
#3000 = CARTESIAN_POINT('',(-0.533412849427,-0.281123099026,
    0.742681599764));
#3001 = CARTESIAN_POINT('',(-0.510300994374,-0.321111634997,
    0.742662566439));
#3002 = CARTESIAN_POINT('',(-0.500397521271,-0.342064350287,
    0.744369251678));
#3003 = CARTESIAN_POINT('',(-0.492214165859,-0.363858696525,
    0.74779263196));
#3004 = CARTESIAN_POINT('',(-0.485827816211,-0.386382758455,
    0.752878672868));
#3005 = CARTESIAN_POINT('',(-0.481341864697,-0.409473292769,
    0.759507810284));
#3006 = CARTESIAN_POINT('',(-0.476044652153,-0.458659610641,
    0.776283815886));
#3007 = CARTESIAN_POINT('',(-0.475644681887,-0.484834005972,
    0.786719141087));
#3008 = CARTESIAN_POINT('',(-0.477707214815,-0.511099702475,
    0.798557797369));
#3009 = CARTESIAN_POINT('',(-0.482251704873,-0.537118002299,
    0.811487252101));
#3010 = CARTESIAN_POINT('',(-0.489216694013,-0.562548302056,
    0.825212028408));
#3011 = CARTESIAN_POINT('',(-0.498479820879,-0.587088945624,
    0.839474022277));
#3012 = PCURVE('',#972,#3013);
#3013 = DEFINITIONAL_REPRESENTATION('',(#3014),#3037);
#3014 = B_SPLINE_CURVE_WITH_KNOTS('',6,(#3015,#3016,#3017,#3018,#3019,
    #3020,#3021,#3022,#3023,#3024,#3025,#3026,#3027,#3028,#3029,#3030,
    #3031,#3032,#3033,#3034,#3035,#3036),.UNSPECIFIED.,.F.,.F.,(7,5,5,5,
    7),(0.,0.261520512093,0.499736358837,0.737962727257,1.),
  .UNSPECIFIED.);
#3015 = CARTESIAN_POINT('',(0.,-1.460525977723));
#3016 = CARTESIAN_POINT('',(-7.813592473002E-02,-1.474759816698));
#3017 = CARTESIAN_POINT('',(-0.156333279312,-1.488458488869));
#3018 = CARTESIAN_POINT('',(-0.234485674061,-1.501365604421));
#3019 = CARTESIAN_POINT('',(-0.312449617712,-1.513187261585));
#3020 = CARTESIAN_POINT('',(-0.390098963782,-1.52361296191));
#3021 = CARTESIAN_POINT('',(-0.5376065275,-1.540402295518));
#3022 = CARTESIAN_POINT('',(-0.607563325896,-1.547047560198));
#3023 = CARTESIAN_POINT('',(-0.677073813411,-1.552151075332));
#3024 = CARTESIAN_POINT('',(-0.746206468145,-1.555592831115));
#3025 = CARTESIAN_POINT('',(-0.815140806712,-1.557318400236));
#3026 = CARTESIAN_POINT('',(-0.952994786388,-1.557337433561));
#3027 = CARTESIAN_POINT('',(-1.02193030738,-1.555630748322));
#3028 = CARTESIAN_POINT('',(-1.091062551009,-1.55220736804));
#3029 = CARTESIAN_POINT('',(-1.160571626361,-1.547121327132));
#3030 = CARTESIAN_POINT('',(-1.230526881364,-1.540492189716));
#3031 = CARTESIAN_POINT('',(-1.378181755424,-1.523716184114));
#3032 = CARTESIAN_POINT('',(-1.455983031078,-1.513280858913));
#3033 = CARTESIAN_POINT('',(-1.534100321375,-1.501442202631));
#3034 = CARTESIAN_POINT('',(-1.612406933742,-1.488512747899));
#3035 = CARTESIAN_POINT('',(-1.690759453309,-1.474787971592));
#3036 = CARTESIAN_POINT('',(-1.769049932879,-1.460525977723));
#3037 = ( GEOMETRIC_REPRESENTATION_CONTEXT(2) 
PARAMETRIC_REPRESENTATION_CONTEXT() REPRESENTATION_CONTEXT('2D SPACE',''
  ) );
#3038 = PCURVE('',#1954,#3039);
#3039 = DEFINITIONAL_REPRESENTATION('',(#3040),#3063);
#3040 = B_SPLINE_CURVE_WITH_KNOTS('',6,(#3041,#3042,#3043,#3044,#3045,
    #3046,#3047,#3048,#3049,#3050,#3051,#3052,#3053,#3054,#3055,#3056,
    #3057,#3058,#3059,#3060,#3061,#3062),.UNSPECIFIED.,.F.,.F.,(7,5,5,5,
    7),(0.,0.261520512093,0.499736358837,0.737962727257,1.),
  .UNSPECIFIED.);
#3041 = CARTESIAN_POINT('',(-6.102829971622,-1.460525977723));
#3042 = CARTESIAN_POINT('',(-6.091397350852,-1.474759816698));
#3043 = CARTESIAN_POINT('',(-6.076075139746,-1.488458488869));
#3044 = CARTESIAN_POINT('',(-6.056500210342,-1.501365604421));
#3045 = CARTESIAN_POINT('',(-6.03239549255,-1.513187261585));
#3046 = CARTESIAN_POINT('',(-6.003830767403,-1.52361296191));
#3047 = CARTESIAN_POINT('',(-5.941941818558,-1.540402295518));
#3048 = CARTESIAN_POINT('',(-5.909259211783,-1.547047560198));
#3049 = CARTESIAN_POINT('',(-5.873857574807,-1.552151075332));
#3050 = CARTESIAN_POINT('',(-5.83649860256,-1.555592831115));
#3051 = CARTESIAN_POINT('',(-5.798170222533,-1.557318400236));
#3052 = CARTESIAN_POINT('',(-5.721511294025,-1.557337433561));
#3053 = CARTESIAN_POINT('',(-5.683172698283,-1.555630748322));
#3054 = CARTESIAN_POINT('',(-5.645794970923,-1.55220736804));
#3055 = CARTESIAN_POINT('',(-5.610366949934,-1.547121327132));
#3056 = CARTESIAN_POINT('',(-5.577652226064,-1.540492189716));
#3057 = CARTESIAN_POINT('',(-5.515625443918,-1.523716184114));
#3058 = CARTESIAN_POINT('',(-5.48696847974,-1.513280858913));
#3059 = CARTESIAN_POINT('',(-5.462789125883,-1.501442202631));
#3060 = CARTESIAN_POINT('',(-5.443158617216,-1.488512747899));
#3061 = CARTESIAN_POINT('',(-5.427798326324,-1.474787971592));
#3062 = CARTESIAN_POINT('',(-5.41634309154,-1.460525977723));
#3063 = ( GEOMETRIC_REPRESENTATION_CONTEXT(2) 
PARAMETRIC_REPRESENTATION_CONTEXT() REPRESENTATION_CONTEXT('2D SPACE',''
  ) );
#3064 = ORIENTED_EDGE('',*,*,#2858,.F.);
#3065 = ADVANCED_FACE('',(#3066),#815,.F.);
#3066 = FACE_BOUND('',#3067,.F.);
#3067 = EDGE_LOOP('',(#3068,#3069,#3070,#3120,#3168,#3169));
#3068 = ORIENTED_EDGE('',*,*,#781,.F.);
#3069 = ORIENTED_EDGE('',*,*,#1985,.T.);
#3070 = ORIENTED_EDGE('',*,*,#3071,.T.);
#3071 = EDGE_CURVE('',#1901,#3072,#3074,.T.);
#3072 = VERTEX_POINT('',#3073);
#3073 = CARTESIAN_POINT('',(-0.875,0.,0.9));
#3074 = SURFACE_CURVE('',#3075,(#3088,#3104),.PCURVE_S1.);
#3075 = B_SPLINE_CURVE_WITH_KNOTS('',6,(#3076,#3077,#3078,#3079,#3080,
    #3081,#3082,#3083,#3084,#3085,#3086,#3087),.UNSPECIFIED.,.F.,.F.,(7,
    5,7),(0.,0.251830531603,1.),.UNSPECIFIED.);
#3076 = CARTESIAN_POINT('',(-0.757673851631,0.138151715343,
    0.839474022277));
#3077 = CARTESIAN_POINT('',(-0.765811264445,0.136816180056,
    0.843957641853));
#3078 = CARTESIAN_POINT('',(-0.773855772077,0.134905218366,
    0.848335697914));
#3079 = CARTESIAN_POINT('',(-0.78175648096,0.13242684807,0.852585303015)
  );
#3080 = CARTESIAN_POINT('',(-0.789464245803,0.129394676025,
    0.856685589997));
#3081 = CARTESIAN_POINT('',(-0.796931669591,0.125827898151,
    0.860617711989));
#3082 = CARTESIAN_POINT('',(-0.825448600988,0.109640032865,
    0.875497283559));
#3083 = CARTESIAN_POINT('',(-0.844263410208,9.302729528249E-02,
    0.884997884358));
#3084 = CARTESIAN_POINT('',(-0.859372003672,7.255906446623E-02,
    0.892421242767));
#3085 = CARTESIAN_POINT('',(-0.869792129671,4.93027707127E-02,
    0.897474206841));
#3086 = CARTESIAN_POINT('',(-0.875,2.464990082511E-02,0.9));
#3087 = CARTESIAN_POINT('',(-0.875,0.,0.9));
#3088 = PCURVE('',#815,#3089);
#3089 = DEFINITIONAL_REPRESENTATION('',(#3090),#3103);
#3090 = B_SPLINE_CURVE_WITH_KNOTS('',6,(#3091,#3092,#3093,#3094,#3095,
    #3096,#3097,#3098,#3099,#3100,#3101,#3102),.UNSPECIFIED.,.F.,.F.,(7,
    5,7),(0.,0.251830531603,1.),.UNSPECIFIED.);
#3091 = CARTESIAN_POINT('',(0.,-1.460525977723));
#3092 = CARTESIAN_POINT('',(5.890200345271E-02,-1.456042358147));
#3093 = CARTESIAN_POINT('',(0.117813432005,-1.451664302086));
#3094 = CARTESIAN_POINT('',(0.17673831047,-1.447414696985));
#3095 = CARTESIAN_POINT('',(0.235680171414,-1.443314410003));
#3096 = CARTESIAN_POINT('',(0.294642055152,-1.439382288011));
#3097 = CARTESIAN_POINT('',(0.528864864528,-1.424502716441));
#3098 = CARTESIAN_POINT('',(0.704320172258,-1.415002115642));
#3099 = CARTESIAN_POINT('',(0.880023279722,-1.407578757233));
#3100 = CARTESIAN_POINT('',(1.055960260982,-1.402525793159));
#3101 = CARTESIAN_POINT('',(1.232053021858,-1.4));
#3102 = CARTESIAN_POINT('',(1.408123742038,-1.4));
#3103 = ( GEOMETRIC_REPRESENTATION_CONTEXT(2) 
PARAMETRIC_REPRESENTATION_CONTEXT() REPRESENTATION_CONTEXT('2D SPACE',''
  ) );
#3104 = PCURVE('',#1954,#3105);
#3105 = DEFINITIONAL_REPRESENTATION('',(#3106),#3119);
#3106 = B_SPLINE_CURVE_WITH_KNOTS('',6,(#3107,#3108,#3109,#3110,#3111,
    #3112,#3113,#3114,#3115,#3116,#3117,#3118),.UNSPECIFIED.,.F.,.F.,(7,
    5,7),(0.,0.251830531603,1.),.UNSPECIFIED.);
#3107 = CARTESIAN_POINT('',(-0.180355335557,-1.460525977723));
#3108 = CARTESIAN_POINT('',(-0.176754091902,-1.456042358147));
#3109 = CARTESIAN_POINT('',(-0.17252658064,-1.451664302086));
#3110 = CARTESIAN_POINT('',(-0.167719508917,-1.447414696985));
#3111 = CARTESIAN_POINT('',(-0.162378336007,-1.443314410003));
#3112 = CARTESIAN_POINT('',(-0.156547273315,-1.439382288011));
#3113 = CARTESIAN_POINT('',(-0.131617853912,-1.424502716441));
#3114 = CARTESIAN_POINT('',(-0.109018519968,-1.415002115642));
#3115 = CARTESIAN_POINT('',(-8.359684582412E-02,-1.407578757233));
#3116 = CARTESIAN_POINT('',(-5.634651074192E-02,-1.402525793159));
#3117 = CARTESIAN_POINT('',(-2.81713152287E-02,-1.4));
#3118 = CARTESIAN_POINT('',(0.,-1.4));
#3119 = ( GEOMETRIC_REPRESENTATION_CONTEXT(2) 
PARAMETRIC_REPRESENTATION_CONTEXT() REPRESENTATION_CONTEXT('2D SPACE',''
  ) );
#3120 = ORIENTED_EDGE('',*,*,#3121,.T.);
#3121 = EDGE_CURVE('',#3072,#2965,#3122,.T.);
#3122 = SURFACE_CURVE('',#3123,(#3136,#3152),.PCURVE_S1.);
#3123 = B_SPLINE_CURVE_WITH_KNOTS('',6,(#3124,#3125,#3126,#3127,#3128,
    #3129,#3130,#3131,#3132,#3133,#3134,#3135),.UNSPECIFIED.,.F.,.F.,(7,
    5,7),(0.,0.749135540241,1.),.UNSPECIFIED.);
#3124 = CARTESIAN_POINT('',(-0.875,0.,0.9));
#3125 = CARTESIAN_POINT('',(-0.875,-2.468173024241E-02,0.9));
#3126 = CARTESIAN_POINT('',(-0.869778673479,-4.936644473739E-02,
    0.897467679857));
#3127 = CARTESIAN_POINT('',(-0.859331601,-7.264915863634E-02,
    0.892401652605));
#3128 = CARTESIAN_POINT('',(-0.844185326392,-9.313298822124E-02,
    0.884959516271));
#3129 = CARTESIAN_POINT('',(-0.825327061489,-0.109747231088,
    0.875435909364));
#3130 = CARTESIAN_POINT('',(-0.796788385143,-0.125896242727,
    0.86054225436));
#3131 = CARTESIAN_POINT('',(-0.789345941347,-0.129441161683,
    0.856622651347));
#3132 = CARTESIAN_POINT('',(-0.781665534765,-0.132455350272,
    0.852536384417));
#3133 = CARTESIAN_POINT('',(-0.773794033415,-0.13491987518,
    0.848302098507));
#3134 = CARTESIAN_POINT('',(-0.765780031945,-0.136821306023,
    0.843940433109));
#3135 = CARTESIAN_POINT('',(-0.757673851631,-0.138151715343,
    0.839474022277));
#3136 = PCURVE('',#815,#3137);
#3137 = DEFINITIONAL_REPRESENTATION('',(#3138),#3151);
#3138 = B_SPLINE_CURVE_WITH_KNOTS('',6,(#3139,#3140,#3141,#3142,#3143,
    #3144,#3145,#3146,#3147,#3148,#3149,#3150),.UNSPECIFIED.,.F.,.F.,(7,
    5,7),(0.,0.749135540241,1.),.UNSPECIFIED.);
#3139 = CARTESIAN_POINT('',(1.408123742038,-1.4));
#3140 = CARTESIAN_POINT('',(1.584421815198,-1.4));
#3141 = CARTESIAN_POINT('',(1.760742042655,-1.402532320143));
#3142 = CARTESIAN_POINT('',(1.936905819708,-1.407598347395));
#3143 = CARTESIAN_POINT('',(2.112834869237,-1.415040483729));
#3144 = CARTESIAN_POINT('',(2.288515437496,-1.424564090636));
#3145 = CARTESIAN_POINT('',(2.522736533168,-1.43945774564));
#3146 = CARTESIAN_POINT('',(2.581471871281,-1.443377348653));
#3147 = CARTESIAN_POINT('',(2.640187401935,-1.447463615583));
#3148 = CARTESIAN_POINT('',(2.698886148478,-1.451697901493));
#3149 = CARTESIAN_POINT('',(2.757571554548,-1.456059566891));
#3150 = CARTESIAN_POINT('',(2.816247484076,-1.460525977723));
#3151 = ( GEOMETRIC_REPRESENTATION_CONTEXT(2) 
PARAMETRIC_REPRESENTATION_CONTEXT() REPRESENTATION_CONTEXT('2D SPACE',''
  ) );
#3152 = PCURVE('',#1954,#3153);
#3153 = DEFINITIONAL_REPRESENTATION('',(#3154),#3167);
#3154 = B_SPLINE_CURVE_WITH_KNOTS('',6,(#3155,#3156,#3157,#3158,#3159,
    #3160,#3161,#3162,#3163,#3164,#3165,#3166),.UNSPECIFIED.,.F.,.F.,(7,
    5,7),(0.,0.749135540241,1.),.UNSPECIFIED.);
#3155 = CARTESIAN_POINT('',(-6.28318530718,-1.4));
#3156 = CARTESIAN_POINT('',(-6.254977615474,-1.4));
#3157 = CARTESIAN_POINT('',(-6.226766021562,-1.402532320143));
#3158 = CARTESIAN_POINT('',(-6.199482899366,-1.407598347395));
#3159 = CARTESIAN_POINT('',(-6.174035489737,-1.415040483729));
#3160 = CARTESIAN_POINT('',(-6.151421589293,-1.424564090636));
#3161 = CARTESIAN_POINT('',(-6.126526246191,-1.43945774564));
#3162 = CARTESIAN_POINT('',(-6.12072504844,-1.443377348653));
#3163 = CARTESIAN_POINT('',(-6.115410492488,-1.447463615583));
#3164 = CARTESIAN_POINT('',(-6.110626292331,-1.451697901493));
#3165 = CARTESIAN_POINT('',(-6.106417393213,-1.456059566891));
#3166 = CARTESIAN_POINT('',(-6.102829971622,-1.460525977723));
#3167 = ( GEOMETRIC_REPRESENTATION_CONTEXT(2) 
PARAMETRIC_REPRESENTATION_CONTEXT() REPRESENTATION_CONTEXT('2D SPACE',''
  ) );
#3168 = ORIENTED_EDGE('',*,*,#2964,.F.);
#3169 = ORIENTED_EDGE('',*,*,#860,.F.);
#3170 = ADVANCED_FACE('',(#3171,#3174),#1860,.F.);
#3171 = FACE_BOUND('',#3172,.F.);
#3172 = EDGE_LOOP('',(#3173));
#3173 = ORIENTED_EDGE('',*,*,#1845,.T.);
#3174 = FACE_BOUND('',#3175,.F.);
#3175 = EDGE_LOOP('',(#3176));
#3176 = ORIENTED_EDGE('',*,*,#3177,.F.);
#3177 = EDGE_CURVE('',#3178,#3178,#3180,.T.);
#3178 = VERTEX_POINT('',#3179);
#3179 = CARTESIAN_POINT('',(1.1,0.,-0.));
#3180 = SURFACE_CURVE('',#3181,(#3186,#3193),.PCURVE_S1.);
#3181 = CIRCLE('',#3182,1.1);
#3182 = AXIS2_PLACEMENT_3D('',#3183,#3184,#3185);
#3183 = CARTESIAN_POINT('',(0.,0.,-1.E-17));
#3184 = DIRECTION('',(0.,0.,1.));
#3185 = DIRECTION('',(1.,0.,-0.));
#3186 = PCURVE('',#1860,#3187);
#3187 = DEFINITIONAL_REPRESENTATION('',(#3188),#3192);
#3188 = CIRCLE('',#3189,1.1);
#3189 = AXIS2_PLACEMENT_2D('',#3190,#3191);
#3190 = CARTESIAN_POINT('',(0.,0.));
#3191 = DIRECTION('',(1.,0.));
#3192 = ( GEOMETRIC_REPRESENTATION_CONTEXT(2) 
PARAMETRIC_REPRESENTATION_CONTEXT() REPRESENTATION_CONTEXT('2D SPACE',''
  ) );
#3193 = PCURVE('',#3194,#3199);
#3194 = TOROIDAL_SURFACE('',#3195,1.1,0.1);
#3195 = AXIS2_PLACEMENT_3D('',#3196,#3197,#3198);
#3196 = CARTESIAN_POINT('',(0.,0.,-0.1));
#3197 = DIRECTION('',(0.,0.,1.));
#3198 = DIRECTION('',(1.,0.,-0.));
#3199 = DEFINITIONAL_REPRESENTATION('',(#3200),#3204);
#3200 = LINE('',#3201,#3202);
#3201 = CARTESIAN_POINT('',(0.,1.570796326795));
#3202 = VECTOR('',#3203,1.);
#3203 = DIRECTION('',(1.,0.));
#3204 = ( GEOMETRIC_REPRESENTATION_CONTEXT(2) 
PARAMETRIC_REPRESENTATION_CONTEXT() REPRESENTATION_CONTEXT('2D SPACE',''
  ) );
#3205 = ADVANCED_FACE('',(#3206),#1954,.F.);
#3206 = FACE_BOUND('',#3207,.F.);
#3207 = EDGE_LOOP('',(#3208,#3231,#3258,#3259,#3260,#3261,#3262,#3263,
    #3264,#3265,#3266,#3267,#3268,#3269,#3270,#3271));
#3208 = ORIENTED_EDGE('',*,*,#3209,.T.);
#3209 = EDGE_CURVE('',#3072,#3210,#3212,.T.);
#3210 = VERTEX_POINT('',#3211);
#3211 = CARTESIAN_POINT('',(-0.12124355653,0.,0.464818514459));
#3212 = SEAM_CURVE('',#3213,(#3217,#3224),.PCURVE_S1.);
#3213 = LINE('',#3214,#3215);
#3214 = CARTESIAN_POINT('',(-3.299871130596,-8.1E-16,2.3));
#3215 = VECTOR('',#3216,1.);
#3216 = DIRECTION('',(0.866025403784,2.1E-16,-0.5));
#3217 = PCURVE('',#1954,#3218);
#3218 = DEFINITIONAL_REPRESENTATION('',(#3219),#3223);
#3219 = LINE('',#3220,#3221);
#3220 = CARTESIAN_POINT('',(-6.28318530718,0.));
#3221 = VECTOR('',#3222,1.);
#3222 = DIRECTION('',(-0.,-1.));
#3223 = ( GEOMETRIC_REPRESENTATION_CONTEXT(2) 
PARAMETRIC_REPRESENTATION_CONTEXT() REPRESENTATION_CONTEXT('2D SPACE',''
  ) );
#3224 = PCURVE('',#1954,#3225);
#3225 = DEFINITIONAL_REPRESENTATION('',(#3226),#3230);
#3226 = LINE('',#3227,#3228);
#3227 = CARTESIAN_POINT('',(0.,-0.));
#3228 = VECTOR('',#3229,1.);
#3229 = DIRECTION('',(-0.,-1.));
#3230 = ( GEOMETRIC_REPRESENTATION_CONTEXT(2) 
PARAMETRIC_REPRESENTATION_CONTEXT() REPRESENTATION_CONTEXT('2D SPACE',''
  ) );
#3231 = ORIENTED_EDGE('',*,*,#3232,.F.);
#3232 = EDGE_CURVE('',#3210,#3210,#3233,.T.);
#3233 = SURFACE_CURVE('',#3234,(#3239,#3246),.PCURVE_S1.);
#3234 = CIRCLE('',#3235,0.12124355653);
#3235 = AXIS2_PLACEMENT_3D('',#3236,#3237,#3238);
#3236 = CARTESIAN_POINT('',(0.,0.,0.464818514459));
#3237 = DIRECTION('',(0.,0.,-1.));
#3238 = DIRECTION('',(-1.,0.,0.));
#3239 = PCURVE('',#1954,#3240);
#3240 = DEFINITIONAL_REPRESENTATION('',(#3241),#3245);
#3241 = LINE('',#3242,#3243);
#3242 = CARTESIAN_POINT('',(-0.,-1.835181485541));
#3243 = VECTOR('',#3244,1.);
#3244 = DIRECTION('',(-1.,-0.));
#3245 = ( GEOMETRIC_REPRESENTATION_CONTEXT(2) 
PARAMETRIC_REPRESENTATION_CONTEXT() REPRESENTATION_CONTEXT('2D SPACE',''
  ) );
#3246 = PCURVE('',#3247,#3252);
#3247 = PLANE('',#3248);
#3248 = AXIS2_PLACEMENT_3D('',#3249,#3250,#3251);
#3249 = CARTESIAN_POINT('',(0.,0.,0.464818514459));
#3250 = DIRECTION('',(0.,0.,-1.));
#3251 = DIRECTION('',(-1.,0.,0.));
#3252 = DEFINITIONAL_REPRESENTATION('',(#3253),#3257);
#3253 = CIRCLE('',#3254,0.12124355653);
#3254 = AXIS2_PLACEMENT_2D('',#3255,#3256);
#3255 = CARTESIAN_POINT('',(0.,0.));
#3256 = DIRECTION('',(1.,0.));
#3257 = ( GEOMETRIC_REPRESENTATION_CONTEXT(2) 
PARAMETRIC_REPRESENTATION_CONTEXT() REPRESENTATION_CONTEXT('2D SPACE',''
  ) );
#3258 = ORIENTED_EDGE('',*,*,#3209,.F.);
#3259 = ORIENTED_EDGE('',*,*,#3071,.F.);
#3260 = ORIENTED_EDGE('',*,*,#1900,.F.);
#3261 = ORIENTED_EDGE('',*,*,#2033,.F.);
#3262 = ORIENTED_EDGE('',*,*,#2139,.F.);
#3263 = ORIENTED_EDGE('',*,*,#2245,.F.);
#3264 = ORIENTED_EDGE('',*,*,#2351,.F.);
#3265 = ORIENTED_EDGE('',*,*,#2457,.F.);
#3266 = ORIENTED_EDGE('',*,*,#2563,.F.);
#3267 = ORIENTED_EDGE('',*,*,#2669,.F.);
#3268 = ORIENTED_EDGE('',*,*,#2775,.F.);
#3269 = ORIENTED_EDGE('',*,*,#2881,.F.);
#3270 = ORIENTED_EDGE('',*,*,#2987,.F.);
#3271 = ORIENTED_EDGE('',*,*,#3121,.F.);
#3272 = ADVANCED_FACE('',(#3273),#3194,.F.);
#3273 = FACE_BOUND('',#3274,.F.);
#3274 = EDGE_LOOP('',(#3275,#3276,#3300,#3327));
#3275 = ORIENTED_EDGE('',*,*,#3177,.T.);
#3276 = ORIENTED_EDGE('',*,*,#3277,.T.);
#3277 = EDGE_CURVE('',#3178,#3278,#3280,.T.);
#3278 = VERTEX_POINT('',#3279);
#3279 = CARTESIAN_POINT('',(1.,0.,-0.1));
#3280 = SEAM_CURVE('',#3281,(#3286,#3293),.PCURVE_S1.);
#3281 = CIRCLE('',#3282,0.1);
#3282 = AXIS2_PLACEMENT_3D('',#3283,#3284,#3285);
#3283 = CARTESIAN_POINT('',(1.1,0.,-0.1));
#3284 = DIRECTION('',(0.,-1.,0.));
#3285 = DIRECTION('',(0.,0.,1.));
#3286 = PCURVE('',#3194,#3287);
#3287 = DEFINITIONAL_REPRESENTATION('',(#3288),#3292);
#3288 = LINE('',#3289,#3290);
#3289 = CARTESIAN_POINT('',(0.,1.570796326795));
#3290 = VECTOR('',#3291,1.);
#3291 = DIRECTION('',(0.,1.));
#3292 = ( GEOMETRIC_REPRESENTATION_CONTEXT(2) 
PARAMETRIC_REPRESENTATION_CONTEXT() REPRESENTATION_CONTEXT('2D SPACE',''
  ) );
#3293 = PCURVE('',#3194,#3294);
#3294 = DEFINITIONAL_REPRESENTATION('',(#3295),#3299);
#3295 = LINE('',#3296,#3297);
#3296 = CARTESIAN_POINT('',(6.28318530718,1.570796326795));
#3297 = VECTOR('',#3298,1.);
#3298 = DIRECTION('',(0.,1.));
#3299 = ( GEOMETRIC_REPRESENTATION_CONTEXT(2) 
PARAMETRIC_REPRESENTATION_CONTEXT() REPRESENTATION_CONTEXT('2D SPACE',''
  ) );
#3300 = ORIENTED_EDGE('',*,*,#3301,.F.);
#3301 = EDGE_CURVE('',#3278,#3278,#3302,.T.);
#3302 = SURFACE_CURVE('',#3303,(#3308,#3315),.PCURVE_S1.);
#3303 = CIRCLE('',#3304,1.);
#3304 = AXIS2_PLACEMENT_3D('',#3305,#3306,#3307);
#3305 = CARTESIAN_POINT('',(0.,0.,-1.E-01));
#3306 = DIRECTION('',(0.,0.,1.));
#3307 = DIRECTION('',(1.,0.,-0.));
#3308 = PCURVE('',#3194,#3309);
#3309 = DEFINITIONAL_REPRESENTATION('',(#3310),#3314);
#3310 = LINE('',#3311,#3312);
#3311 = CARTESIAN_POINT('',(0.,3.14159265359));
#3312 = VECTOR('',#3313,1.);
#3313 = DIRECTION('',(1.,0.));
#3314 = ( GEOMETRIC_REPRESENTATION_CONTEXT(2) 
PARAMETRIC_REPRESENTATION_CONTEXT() REPRESENTATION_CONTEXT('2D SPACE',''
  ) );
#3315 = PCURVE('',#3316,#3321);
#3316 = CYLINDRICAL_SURFACE('',#3317,1.);
#3317 = AXIS2_PLACEMENT_3D('',#3318,#3319,#3320);
#3318 = CARTESIAN_POINT('',(0.,0.,-1.E-01));
#3319 = DIRECTION('',(-0.,-0.,-1.));
#3320 = DIRECTION('',(1.,0.,0.));
#3321 = DEFINITIONAL_REPRESENTATION('',(#3322),#3326);
#3322 = LINE('',#3323,#3324);
#3323 = CARTESIAN_POINT('',(-0.,0.));
#3324 = VECTOR('',#3325,1.);
#3325 = DIRECTION('',(-1.,0.));
#3326 = ( GEOMETRIC_REPRESENTATION_CONTEXT(2) 
PARAMETRIC_REPRESENTATION_CONTEXT() REPRESENTATION_CONTEXT('2D SPACE',''
  ) );
#3327 = ORIENTED_EDGE('',*,*,#3277,.F.);
#3328 = ADVANCED_FACE('',(#3329),#3247,.F.);
#3329 = FACE_BOUND('',#3330,.F.);
#3330 = EDGE_LOOP('',(#3331));
#3331 = ORIENTED_EDGE('',*,*,#3232,.T.);
#3332 = ADVANCED_FACE('',(#3333),#3316,.T.);
#3333 = FACE_BOUND('',#3334,.F.);
#3334 = EDGE_LOOP('',(#3335,#3336,#3359,#3386));
#3335 = ORIENTED_EDGE('',*,*,#3301,.T.);
#3336 = ORIENTED_EDGE('',*,*,#3337,.T.);
#3337 = EDGE_CURVE('',#3278,#3338,#3340,.T.);
#3338 = VERTEX_POINT('',#3339);
#3339 = CARTESIAN_POINT('',(1.,0.,-4.));
#3340 = SEAM_CURVE('',#3341,(#3345,#3352),.PCURVE_S1.);
#3341 = LINE('',#3342,#3343);
#3342 = CARTESIAN_POINT('',(1.,0.,-1.E-01));
#3343 = VECTOR('',#3344,1.);
#3344 = DIRECTION('',(0.,0.,-1.));
#3345 = PCURVE('',#3316,#3346);
#3346 = DEFINITIONAL_REPRESENTATION('',(#3347),#3351);
#3347 = LINE('',#3348,#3349);
#3348 = CARTESIAN_POINT('',(-0.,0.));
#3349 = VECTOR('',#3350,1.);
#3350 = DIRECTION('',(-0.,1.));
#3351 = ( GEOMETRIC_REPRESENTATION_CONTEXT(2) 
PARAMETRIC_REPRESENTATION_CONTEXT() REPRESENTATION_CONTEXT('2D SPACE',''
  ) );
#3352 = PCURVE('',#3316,#3353);
#3353 = DEFINITIONAL_REPRESENTATION('',(#3354),#3358);
#3354 = LINE('',#3355,#3356);
#3355 = CARTESIAN_POINT('',(-6.28318530718,0.));
#3356 = VECTOR('',#3357,1.);
#3357 = DIRECTION('',(-0.,1.));
#3358 = ( GEOMETRIC_REPRESENTATION_CONTEXT(2) 
PARAMETRIC_REPRESENTATION_CONTEXT() REPRESENTATION_CONTEXT('2D SPACE',''
  ) );
#3359 = ORIENTED_EDGE('',*,*,#3360,.F.);
#3360 = EDGE_CURVE('',#3338,#3338,#3361,.T.);
#3361 = SURFACE_CURVE('',#3362,(#3367,#3374),.PCURVE_S1.);
#3362 = CIRCLE('',#3363,1.);
#3363 = AXIS2_PLACEMENT_3D('',#3364,#3365,#3366);
#3364 = CARTESIAN_POINT('',(0.,0.,-4.));
#3365 = DIRECTION('',(0.,0.,1.));
#3366 = DIRECTION('',(1.,0.,-0.));
#3367 = PCURVE('',#3316,#3368);
#3368 = DEFINITIONAL_REPRESENTATION('',(#3369),#3373);
#3369 = LINE('',#3370,#3371);
#3370 = CARTESIAN_POINT('',(-0.,3.9));
#3371 = VECTOR('',#3372,1.);
#3372 = DIRECTION('',(-1.,0.));
#3373 = ( GEOMETRIC_REPRESENTATION_CONTEXT(2) 
PARAMETRIC_REPRESENTATION_CONTEXT() REPRESENTATION_CONTEXT('2D SPACE',''
  ) );
#3374 = PCURVE('',#3375,#3380);
#3375 = PLANE('',#3376);
#3376 = AXIS2_PLACEMENT_3D('',#3377,#3378,#3379);
#3377 = CARTESIAN_POINT('',(0.,0.,-4.));
#3378 = DIRECTION('',(0.,0.,1.));
#3379 = DIRECTION('',(1.,0.,-0.));
#3380 = DEFINITIONAL_REPRESENTATION('',(#3381),#3385);
#3381 = CIRCLE('',#3382,1.);
#3382 = AXIS2_PLACEMENT_2D('',#3383,#3384);
#3383 = CARTESIAN_POINT('',(0.,0.));
#3384 = DIRECTION('',(1.,0.));
#3385 = ( GEOMETRIC_REPRESENTATION_CONTEXT(2) 
PARAMETRIC_REPRESENTATION_CONTEXT() REPRESENTATION_CONTEXT('2D SPACE',''
  ) );
#3386 = ORIENTED_EDGE('',*,*,#3337,.F.);
#3387 = ADVANCED_FACE('',(#3388),#3375,.F.);
#3388 = FACE_BOUND('',#3389,.F.);
#3389 = EDGE_LOOP('',(#3390));
#3390 = ORIENTED_EDGE('',*,*,#3360,.T.);
#3391 = ( GEOMETRIC_REPRESENTATION_CONTEXT(3) 
GLOBAL_UNCERTAINTY_ASSIGNED_CONTEXT((#3395)) 
GLOBAL_UNIT_ASSIGNED_CONTEXT((#3392,#3393,#3394)) REPRESENTATION_CONTEXT
('Context #1','3D Context with UNIT and UNCERTAINTY') );
#3392 = ( LENGTH_UNIT() NAMED_UNIT(*) SI_UNIT(.MILLI.,.METRE.) );
#3393 = ( NAMED_UNIT(*) PLANE_ANGLE_UNIT() SI_UNIT($,.RADIAN.) );
#3394 = ( NAMED_UNIT(*) SI_UNIT($,.STERADIAN.) SOLID_ANGLE_UNIT() );
#3395 = UNCERTAINTY_MEASURE_WITH_UNIT(LENGTH_MEASURE(1.E-07),#3392,
  'distance_accuracy_value','confusion accuracy');
#3396 = CONTEXT_DEPENDENT_SHAPE_REPRESENTATION(#3397,#3399);
#3397 = ( REPRESENTATION_RELATIONSHIP('','',#562,#10) 
REPRESENTATION_RELATIONSHIP_WITH_TRANSFORMATION(#3398) 
SHAPE_REPRESENTATION_RELATIONSHIP() );
#3398 = ITEM_DEFINED_TRANSFORMATION('','',#11,#19);
#3399 = PRODUCT_DEFINITION_SHAPE('Placement','Placement of an item',
  #3400);
#3400 = NEXT_ASSEMBLY_USAGE_OCCURRENCE('2','M2x4-Screw','',#5,#557,$);
#3401 = PRODUCT_RELATED_PRODUCT_CATEGORY('part',$,(#559));
#3402 = MECHANICAL_DESIGN_GEOMETRIC_PRESENTATION_REPRESENTATION('',(
    #3403),#544);
#3403 = STYLED_ITEM('color',(#3404),#37);
#3404 = PRESENTATION_STYLE_ASSIGNMENT((#3405,#3411));
#3405 = SURFACE_STYLE_USAGE(.BOTH.,#3406);
#3406 = SURFACE_SIDE_STYLE('',(#3407));
#3407 = SURFACE_STYLE_FILL_AREA(#3408);
#3408 = FILL_AREA_STYLE('',(#3409));
#3409 = FILL_AREA_STYLE_COLOUR('',#3410);
#3410 = COLOUR_RGB('',0.23137255388,0.239215688916,0.250980406631);
#3411 = CURVE_STYLE('',#3412,POSITIVE_LENGTH_MEASURE(0.1),#3413);
#3412 = DRAUGHTING_PRE_DEFINED_CURVE_FONT('continuous');
#3413 = COLOUR_RGB('',9.803921802644E-02,9.803921802644E-02,
  9.803921802644E-02);
#3414 = MECHANICAL_DESIGN_GEOMETRIC_PRESENTATION_REPRESENTATION('',(
    #3415),#3391);
#3415 = STYLED_ITEM('color',(#3416),#563);
#3416 = PRESENTATION_STYLE_ASSIGNMENT((#3417,#3423));
#3417 = SURFACE_STYLE_USAGE(.BOTH.,#3418);
#3418 = SURFACE_SIDE_STYLE('',(#3419));
#3419 = SURFACE_STYLE_FILL_AREA(#3420);
#3420 = FILL_AREA_STYLE('',(#3421));
#3421 = FILL_AREA_STYLE_COLOUR('',#3422);
#3422 = DRAUGHTING_PRE_DEFINED_COLOUR('black');
#3423 = CURVE_STYLE('',#3424,POSITIVE_LENGTH_MEASURE(0.1),#3413);
#3424 = DRAUGHTING_PRE_DEFINED_CURVE_FONT('continuous');
ENDSEC;
END-ISO-10303-21;
