ISO-10303-21;
HEADER;
FILE_DESCRIPTION(('FreeCAD Model'),'2;1');
FILE_NAME('Open CASCADE Shape Model','2026-07-29T15:44:25',(''),(''),
  'Open CASCADE STEP processor 7.8','FreeCAD','Unknown');
FILE_SCHEMA(('AUTOMOTIVE_DESIGN { 1 0 10303 214 1 1 1 1 }'));
ENDSEC;
DATA;
#1 = APPLICATION_PROTOCOL_DEFINITION('international standard',
  'automotive_design',2000,#2);
#2 = APPLICATION_CONTEXT(
  'core data for automotive mechanical design processes');
#3 = SHAPE_DEFINITION_REPRESENTATION(#4,#10);
#4 = PRODUCT_DEFINITION_SHAPE('','',#5);
#5 = PRODUCT_DEFINITION('design','',#6,#9);
#6 = PRODUCT_DEFINITION_FORMATION('','',#7);
#7 = PRODUCT('Encoder Cap','Encoder Cap','',(#8));
#8 = PRODUCT_CONTEXT('',#2,'mechanical');
#9 = PRODUCT_DEFINITION_CONTEXT('part definition',#2,'design');
#10 = ADVANCED_BREP_SHAPE_REPRESENTATION('',(#11,#15),#2394);
#11 = AXIS2_PLACEMENT_3D('',#12,#13,#14);
#12 = CARTESIAN_POINT('',(0.,0.,0.));
#13 = DIRECTION('',(0.,0.,1.));
#14 = DIRECTION('',(1.,0.,-0.));
#15 = MANIFOLD_SOLID_BREP('',#16);
#16 = CLOSED_SHELL('',(#17,#108,#167,#206,#210,#265,#324,#363,#418,#1126
    ,#1207,#1791,#1838,#1885,#1932,#1979,#2026,#2053,#2080,#2107,#2134,
    #2161,#2188,#2215,#2242,#2269,#2296,#2343,#2350,#2357,#2364,#2371,
    #2378,#2385));
#17 = ADVANCED_FACE('',(#18),#31,.T.);
#18 = FACE_BOUND('',#19,.T.);
#19 = EDGE_LOOP('',(#20,#49,#76,#77));
#20 = ORIENTED_EDGE('',*,*,#21,.F.);
#21 = EDGE_CURVE('',#22,#24,#26,.T.);
#22 = VERTEX_POINT('',#23);
#23 = CARTESIAN_POINT('',(12.727922061358,-4.5,7.6));
#24 = VERTEX_POINT('',#25);
#25 = CARTESIAN_POINT('',(12.727922061358,-4.5,1.6));
#26 = SEAM_CURVE('',#27,(#30,#42),.PCURVE_S1.);
#27 = B_SPLINE_CURVE_WITH_KNOTS('',1,(#28,#29),.UNSPECIFIED.,.F.,.F.,(2,
    2),(-1.,7.),.PIECEWISE_BEZIER_KNOTS.);
#28 = CARTESIAN_POINT('',(12.727922061358,-4.5,9.6));
#29 = CARTESIAN_POINT('',(12.727922061358,-4.5,1.6));
#30 = PCURVE('',#31,#36);
#31 = CYLINDRICAL_SURFACE('',#32,13.5);
#32 = AXIS2_PLACEMENT_3D('',#33,#34,#35);
#33 = CARTESIAN_POINT('',(-4.440892098501E-16,8.881784197001E-16,8.6));
#34 = DIRECTION('',(8.28360787904E-17,4.828040485296E-16,-1.));
#35 = DIRECTION('',(0.942809041582,-0.333333333333,-8.28360787904E-17));
#36 = DEFINITIONAL_REPRESENTATION('',(#37),#41);
#37 = LINE('',#38,#39);
#38 = CARTESIAN_POINT('',(0.,0.));
#39 = VECTOR('',#40,1.);
#40 = DIRECTION('',(0.,1.));
#41 = ( GEOMETRIC_REPRESENTATION_CONTEXT(2) 
PARAMETRIC_REPRESENTATION_CONTEXT() REPRESENTATION_CONTEXT('2D SPACE',''
  ) );
#42 = PCURVE('',#31,#43);
#43 = DEFINITIONAL_REPRESENTATION('',(#44),#48);
#44 = LINE('',#45,#46);
#45 = CARTESIAN_POINT('',(6.28318530718,0.));
#46 = VECTOR('',#47,1.);
#47 = DIRECTION('',(0.,1.));
#48 = ( GEOMETRIC_REPRESENTATION_CONTEXT(2) 
PARAMETRIC_REPRESENTATION_CONTEXT() REPRESENTATION_CONTEXT('2D SPACE',''
  ) );
#49 = ORIENTED_EDGE('',*,*,#50,.T.);
#50 = EDGE_CURVE('',#22,#22,#51,.T.);
#51 = SURFACE_CURVE('',#52,(#57,#64),.PCURVE_S1.);
#52 = CIRCLE('',#53,13.5);
#53 = AXIS2_PLACEMENT_3D('',#54,#55,#56);
#54 = CARTESIAN_POINT('',(-3.612531310597E-16,1.37098246823E-15,7.6));
#55 = DIRECTION('',(8.28360787904E-17,4.828040485296E-16,-1.));
#56 = DIRECTION('',(0.942809041582,-0.333333333333,-8.28360787904E-17));
#57 = PCURVE('',#31,#58);
#58 = DEFINITIONAL_REPRESENTATION('',(#59),#63);
#59 = LINE('',#60,#61);
#60 = CARTESIAN_POINT('',(0.,1.));
#61 = VECTOR('',#62,1.);
#62 = DIRECTION('',(1.,0.));
#63 = ( GEOMETRIC_REPRESENTATION_CONTEXT(2) 
PARAMETRIC_REPRESENTATION_CONTEXT() REPRESENTATION_CONTEXT('2D SPACE',''
  ) );
#64 = PCURVE('',#65,#70);
#65 = CONICAL_SURFACE('',#66,13.5,0.785398163397);
#66 = AXIS2_PLACEMENT_3D('',#67,#68,#69);
#67 = CARTESIAN_POINT('',(-3.612531310597E-16,1.37098246823E-15,7.6));
#68 = DIRECTION('',(8.28360787904E-17,4.828040485296E-16,-1.));
#69 = DIRECTION('',(0.942809041582,-0.333333333333,-8.28360787904E-17));
#70 = DEFINITIONAL_REPRESENTATION('',(#71),#75);
#71 = LINE('',#72,#73);
#72 = CARTESIAN_POINT('',(0.,-0.));
#73 = VECTOR('',#74,1.);
#74 = DIRECTION('',(1.,-0.));
#75 = ( GEOMETRIC_REPRESENTATION_CONTEXT(2) 
PARAMETRIC_REPRESENTATION_CONTEXT() REPRESENTATION_CONTEXT('2D SPACE',''
  ) );
#76 = ORIENTED_EDGE('',*,*,#21,.T.);
#77 = ORIENTED_EDGE('',*,*,#78,.F.);
#78 = EDGE_CURVE('',#24,#24,#79,.T.);
#79 = SURFACE_CURVE('',#80,(#85,#92),.PCURVE_S1.);
#80 = CIRCLE('',#81,13.5);
#81 = AXIS2_PLACEMENT_3D('',#82,#83,#84);
#82 = CARTESIAN_POINT('',(-1.541629340837E-16,2.577992589554E-15,1.6));
#83 = DIRECTION('',(4.14180393952E-17,2.414020242648E-16,-1.));
#84 = DIRECTION('',(0.942809041582,-0.333333333333,-4.14180393952E-17));
#85 = PCURVE('',#31,#86);
#86 = DEFINITIONAL_REPRESENTATION('',(#87),#91);
#87 = LINE('',#88,#89);
#88 = CARTESIAN_POINT('',(0.,7.));
#89 = VECTOR('',#90,1.);
#90 = DIRECTION('',(1.,0.));
#91 = ( GEOMETRIC_REPRESENTATION_CONTEXT(2) 
PARAMETRIC_REPRESENTATION_CONTEXT() REPRESENTATION_CONTEXT('2D SPACE',''
  ) );
#92 = PCURVE('',#93,#98);
#93 = PLANE('',#94);
#94 = AXIS2_PLACEMENT_3D('',#95,#96,#97);
#95 = CARTESIAN_POINT('',(-9.626906395369E-16,3.516547171337E-15,1.6));
#96 = DIRECTION('',(-4.14180393952E-17,-2.414020242648E-16,1.));
#97 = DIRECTION('',(1.,-3.143584108319E-18,4.14180393952E-17));
#98 = DEFINITIONAL_REPRESENTATION('',(#99),#107);
#99 = ( BOUNDED_CURVE() B_SPLINE_CURVE(2,(#100,#101,#102,#103,#104,#105,
#106),.UNSPECIFIED.,.T.,.F.) B_SPLINE_CURVE_WITH_KNOTS((1,2,2,2,2,1),(
    -2.094395102393,0.,2.094395102393,4.188790204786,6.28318530718,
8.377580409573),.UNSPECIFIED.) CURVE() GEOMETRIC_REPRESENTATION_ITEM() 
RATIONAL_B_SPLINE_CURVE((1.,0.5,1.,0.5,1.,0.5,1.)) REPRESENTATION_ITEM(
  '') );
#100 = CARTESIAN_POINT('',(12.727922061358,-4.5));
#101 = CARTESIAN_POINT('',(4.933693427298,-26.54540768504));
#102 = CARTESIAN_POINT('',(-10.2610753477,-8.772703842524));
#103 = CARTESIAN_POINT('',(-25.45584412271,9.));
#104 = CARTESIAN_POINT('',(-2.466846713649,13.272703842524));
#105 = CARTESIAN_POINT('',(20.522150695418,17.545407685049));
#106 = CARTESIAN_POINT('',(12.727922061358,-4.5));
#107 = ( GEOMETRIC_REPRESENTATION_CONTEXT(2) 
PARAMETRIC_REPRESENTATION_CONTEXT() REPRESENTATION_CONTEXT('2D SPACE',''
  ) );
#108 = ADVANCED_FACE('',(#109),#65,.T.);
#109 = FACE_BOUND('',#110,.F.);
#110 = EDGE_LOOP('',(#111,#134,#135,#136));
#111 = ORIENTED_EDGE('',*,*,#112,.F.);
#112 = EDGE_CURVE('',#22,#113,#115,.T.);
#113 = VERTEX_POINT('',#114);
#114 = CARTESIAN_POINT('',(10.842303978194,-3.833333333333,9.6));
#115 = SEAM_CURVE('',#116,(#120,#127),.PCURVE_S1.);
#116 = LINE('',#117,#118);
#117 = CARTESIAN_POINT('',(12.727922061358,-4.5,7.6));
#118 = VECTOR('',#119,1.);
#119 = DIRECTION('',(-0.666666666667,0.235702260396,0.707106781187));
#120 = PCURVE('',#65,#121);
#121 = DEFINITIONAL_REPRESENTATION('',(#122),#126);
#122 = LINE('',#123,#124);
#123 = CARTESIAN_POINT('',(0.,-0.));
#124 = VECTOR('',#125,1.);
#125 = DIRECTION('',(0.,-1.));
#126 = ( GEOMETRIC_REPRESENTATION_CONTEXT(2) 
PARAMETRIC_REPRESENTATION_CONTEXT() REPRESENTATION_CONTEXT('2D SPACE',''
  ) );
#127 = PCURVE('',#65,#128);
#128 = DEFINITIONAL_REPRESENTATION('',(#129),#133);
#129 = LINE('',#130,#131);
#130 = CARTESIAN_POINT('',(6.28318530718,-0.));
#131 = VECTOR('',#132,1.);
#132 = DIRECTION('',(0.,-1.));
#133 = ( GEOMETRIC_REPRESENTATION_CONTEXT(2) 
PARAMETRIC_REPRESENTATION_CONTEXT() REPRESENTATION_CONTEXT('2D SPACE',''
  ) );
#134 = ORIENTED_EDGE('',*,*,#50,.T.);
#135 = ORIENTED_EDGE('',*,*,#112,.T.);
#136 = ORIENTED_EDGE('',*,*,#137,.F.);
#137 = EDGE_CURVE('',#113,#113,#138,.T.);
#138 = SURFACE_CURVE('',#139,(#144,#151),.PCURVE_S1.);
#139 = CIRCLE('',#140,11.5);
#140 = AXIS2_PLACEMENT_3D('',#141,#142,#143);
#141 = CARTESIAN_POINT('',(-5.269252886405E-16,4.053743711706E-16,9.6));
#142 = DIRECTION('',(8.28360787904E-17,4.828040485296E-16,-1.));
#143 = DIRECTION('',(0.942809041582,-0.333333333333,-8.28360787904E-17)
  );
#144 = PCURVE('',#65,#145);
#145 = DEFINITIONAL_REPRESENTATION('',(#146),#150);
#146 = LINE('',#147,#148);
#147 = CARTESIAN_POINT('',(0.,-2.));
#148 = VECTOR('',#149,1.);
#149 = DIRECTION('',(1.,-0.));
#150 = ( GEOMETRIC_REPRESENTATION_CONTEXT(2) 
PARAMETRIC_REPRESENTATION_CONTEXT() REPRESENTATION_CONTEXT('2D SPACE',''
  ) );
#151 = PCURVE('',#152,#157);
#152 = PLANE('',#153);
#153 = AXIS2_PLACEMENT_3D('',#154,#155,#156);
#154 = CARTESIAN_POINT('',(-1.298338418825E-15,2.252076216549E-15,9.6));
#155 = DIRECTION('',(-8.28360787904E-17,-4.828040485296E-16,1.));
#156 = DIRECTION('',(1.,-3.143584108319E-18,8.28360787904E-17));
#157 = DEFINITIONAL_REPRESENTATION('',(#158),#166);
#158 = ( BOUNDED_CURVE() B_SPLINE_CURVE(2,(#159,#160,#161,#162,#163,#164
,#165),.UNSPECIFIED.,.T.,.F.) B_SPLINE_CURVE_WITH_KNOTS((1,2,2,2,2,1),(
    -2.094395102393,0.,2.094395102393,4.188790204786,6.28318530718,
8.377580409573),.UNSPECIFIED.) CURVE() GEOMETRIC_REPRESENTATION_ITEM() 
RATIONAL_B_SPLINE_CURVE((1.,0.5,1.,0.5,1.,0.5,1.)) REPRESENTATION_ITEM(
  '') );
#159 = CARTESIAN_POINT('',(10.842303978194,-3.833333333333));
#160 = CARTESIAN_POINT('',(4.202775882513,-22.61275469467));
#161 = CARTESIAN_POINT('',(-8.740916036937,-7.473044014002));
#162 = CARTESIAN_POINT('',(-21.68460795638,7.666666666667));
#163 = CARTESIAN_POINT('',(-2.101387941257,11.306377347336));
#164 = CARTESIAN_POINT('',(17.481832073874,14.946088028004));
#165 = CARTESIAN_POINT('',(10.842303978194,-3.833333333333));
#166 = ( GEOMETRIC_REPRESENTATION_CONTEXT(2) 
PARAMETRIC_REPRESENTATION_CONTEXT() REPRESENTATION_CONTEXT('2D SPACE',''
  ) );
#167 = ADVANCED_FACE('',(#168,#171),#93,.F.);
#168 = FACE_BOUND('',#169,.T.);
#169 = EDGE_LOOP('',(#170));
#170 = ORIENTED_EDGE('',*,*,#78,.T.);
#171 = FACE_BOUND('',#172,.F.);
#172 = EDGE_LOOP('',(#173));
#173 = ORIENTED_EDGE('',*,*,#174,.T.);
#174 = EDGE_CURVE('',#175,#175,#177,.T.);
#175 = VERTEX_POINT('',#176);
#176 = CARTESIAN_POINT('',(11.973674828092,-4.233333333333,1.6));
#177 = SURFACE_CURVE('',#178,(#183,#194),.PCURVE_S1.);
#178 = CIRCLE('',#179,12.7);
#179 = AXIS2_PLACEMENT_3D('',#180,#181,#182);
#180 = CARTESIAN_POINT('',(-1.541629340837E-16,2.577992589554E-15,1.6));
#181 = DIRECTION('',(4.14180393952E-17,2.414020242648E-16,-1.));
#182 = DIRECTION('',(0.942809041582,-0.333333333333,-4.14180393952E-17)
  );
#183 = PCURVE('',#93,#184);
#184 = DEFINITIONAL_REPRESENTATION('',(#185),#193);
#185 = ( BOUNDED_CURVE() B_SPLINE_CURVE(2,(#186,#187,#188,#189,#190,#191
,#192),.UNSPECIFIED.,.T.,.F.) B_SPLINE_CURVE_WITH_KNOTS((1,2,2,2,2,1),(
    -2.094395102393,0.,2.094395102393,4.188790204786,6.28318530718,
8.377580409573),.UNSPECIFIED.) CURVE() GEOMETRIC_REPRESENTATION_ITEM() 
RATIONAL_B_SPLINE_CURVE((1.,0.5,1.,0.5,1.,0.5,1.)) REPRESENTATION_ITEM(
  '') );
#186 = CARTESIAN_POINT('',(11.973674828092,-4.233333333333));
#187 = CARTESIAN_POINT('',(4.641326409384,-24.97234648889));
#188 = CARTESIAN_POINT('',(-9.6530116234,-8.252839911115));
#189 = CARTESIAN_POINT('',(-23.94734965618,8.466666666667));
#190 = CARTESIAN_POINT('',(-2.320663204692,12.486173244449));
#191 = CARTESIAN_POINT('',(19.3060232468,16.505679822231));
#192 = CARTESIAN_POINT('',(11.973674828092,-4.233333333333));
#193 = ( GEOMETRIC_REPRESENTATION_CONTEXT(2) 
PARAMETRIC_REPRESENTATION_CONTEXT() REPRESENTATION_CONTEXT('2D SPACE',''
  ) );
#194 = PCURVE('',#195,#200);
#195 = CYLINDRICAL_SURFACE('',#196,12.7);
#196 = AXIS2_PLACEMENT_3D('',#197,#198,#199);
#197 = CARTESIAN_POINT('',(-4.440892098501E-16,8.881784197001E-16,8.6));
#198 = DIRECTION('',(-4.14180393952E-17,-2.414020242648E-16,1.));
#199 = DIRECTION('',(0.942809041582,-0.333333333333,-4.14180393952E-17)
  );
#200 = DEFINITIONAL_REPRESENTATION('',(#201),#205);
#201 = LINE('',#202,#203);
#202 = CARTESIAN_POINT('',(-0.,-7.));
#203 = VECTOR('',#204,1.);
#204 = DIRECTION('',(-1.,0.));
#205 = ( GEOMETRIC_REPRESENTATION_CONTEXT(2) 
PARAMETRIC_REPRESENTATION_CONTEXT() REPRESENTATION_CONTEXT('2D SPACE',''
  ) );
#206 = ADVANCED_FACE('',(#207),#152,.T.);
#207 = FACE_BOUND('',#208,.T.);
#208 = EDGE_LOOP('',(#209));
#209 = ORIENTED_EDGE('',*,*,#137,.F.);
#210 = ADVANCED_FACE('',(#211),#195,.F.);
#211 = FACE_BOUND('',#212,.T.);
#212 = EDGE_LOOP('',(#213,#236,#237,#238));
#213 = ORIENTED_EDGE('',*,*,#214,.T.);
#214 = EDGE_CURVE('',#215,#175,#217,.T.);
#215 = VERTEX_POINT('',#216);
#216 = CARTESIAN_POINT('',(11.973674828092,-4.233333333333,7.6));
#217 = SEAM_CURVE('',#218,(#222,#229),.PCURVE_S1.);
#218 = LINE('',#219,#220);
#219 = CARTESIAN_POINT('',(11.973674828092,-4.233333333333,8.6));
#220 = VECTOR('',#221,1.);
#221 = DIRECTION('',(4.14180393952E-17,2.414020242648E-16,-1.));
#222 = PCURVE('',#195,#223);
#223 = DEFINITIONAL_REPRESENTATION('',(#224),#228);
#224 = LINE('',#225,#226);
#225 = CARTESIAN_POINT('',(-0.,0.));
#226 = VECTOR('',#227,1.);
#227 = DIRECTION('',(-0.,-1.));
#228 = ( GEOMETRIC_REPRESENTATION_CONTEXT(2) 
PARAMETRIC_REPRESENTATION_CONTEXT() REPRESENTATION_CONTEXT('2D SPACE',''
  ) );
#229 = PCURVE('',#195,#230);
#230 = DEFINITIONAL_REPRESENTATION('',(#231),#235);
#231 = LINE('',#232,#233);
#232 = CARTESIAN_POINT('',(-6.28318530718,0.));
#233 = VECTOR('',#234,1.);
#234 = DIRECTION('',(-0.,-1.));
#235 = ( GEOMETRIC_REPRESENTATION_CONTEXT(2) 
PARAMETRIC_REPRESENTATION_CONTEXT() REPRESENTATION_CONTEXT('2D SPACE',''
  ) );
#236 = ORIENTED_EDGE('',*,*,#174,.T.);
#237 = ORIENTED_EDGE('',*,*,#214,.F.);
#238 = ORIENTED_EDGE('',*,*,#239,.F.);
#239 = EDGE_CURVE('',#215,#215,#240,.T.);
#240 = SURFACE_CURVE('',#241,(#246,#253),.PCURVE_S1.);
#241 = CIRCLE('',#242,12.7);
#242 = AXIS2_PLACEMENT_3D('',#243,#244,#245);
#243 = CARTESIAN_POINT('',(-3.612531310597E-16,1.37098246823E-15,7.6));
#244 = DIRECTION('',(8.28360787904E-17,4.828040485296E-16,-1.));
#245 = DIRECTION('',(0.942809041582,-0.333333333333,-8.28360787904E-17)
  );
#246 = PCURVE('',#195,#247);
#247 = DEFINITIONAL_REPRESENTATION('',(#248),#252);
#248 = LINE('',#249,#250);
#249 = CARTESIAN_POINT('',(-0.,-1.));
#250 = VECTOR('',#251,1.);
#251 = DIRECTION('',(-1.,0.));
#252 = ( GEOMETRIC_REPRESENTATION_CONTEXT(2) 
PARAMETRIC_REPRESENTATION_CONTEXT() REPRESENTATION_CONTEXT('2D SPACE',''
  ) );
#253 = PCURVE('',#254,#259);
#254 = CONICAL_SURFACE('',#255,12.7,0.785398163397);
#255 = AXIS2_PLACEMENT_3D('',#256,#257,#258);
#256 = CARTESIAN_POINT('',(-3.612531310597E-16,1.37098246823E-15,7.6));
#257 = DIRECTION('',(8.28360787904E-17,4.828040485296E-16,-1.));
#258 = DIRECTION('',(0.942809041582,-0.333333333333,-8.28360787904E-17)
  );
#259 = DEFINITIONAL_REPRESENTATION('',(#260),#264);
#260 = LINE('',#261,#262);
#261 = CARTESIAN_POINT('',(0.,-0.));
#262 = VECTOR('',#263,1.);
#263 = DIRECTION('',(1.,-0.));
#264 = ( GEOMETRIC_REPRESENTATION_CONTEXT(2) 
PARAMETRIC_REPRESENTATION_CONTEXT() REPRESENTATION_CONTEXT('2D SPACE',''
  ) );
#265 = ADVANCED_FACE('',(#266),#254,.F.);
#266 = FACE_BOUND('',#267,.T.);
#267 = EDGE_LOOP('',(#268,#291,#292,#293));
#268 = ORIENTED_EDGE('',*,*,#269,.F.);
#269 = EDGE_CURVE('',#215,#270,#272,.T.);
#270 = VERTEX_POINT('',#271);
#271 = CARTESIAN_POINT('',(11.03086578651,-3.9,8.6));
#272 = SEAM_CURVE('',#273,(#277,#284),.PCURVE_S1.);
#273 = LINE('',#274,#275);
#274 = CARTESIAN_POINT('',(11.973674828092,-4.233333333333,7.6));
#275 = VECTOR('',#276,1.);
#276 = DIRECTION('',(-0.666666666667,0.235702260396,0.707106781187));
#277 = PCURVE('',#254,#278);
#278 = DEFINITIONAL_REPRESENTATION('',(#279),#283);
#279 = LINE('',#280,#281);
#280 = CARTESIAN_POINT('',(0.,-0.));
#281 = VECTOR('',#282,1.);
#282 = DIRECTION('',(0.,-1.));
#283 = ( GEOMETRIC_REPRESENTATION_CONTEXT(2) 
PARAMETRIC_REPRESENTATION_CONTEXT() REPRESENTATION_CONTEXT('2D SPACE',''
  ) );
#284 = PCURVE('',#254,#285);
#285 = DEFINITIONAL_REPRESENTATION('',(#286),#290);
#286 = LINE('',#287,#288);
#287 = CARTESIAN_POINT('',(6.28318530718,-0.));
#288 = VECTOR('',#289,1.);
#289 = DIRECTION('',(0.,-1.));
#290 = ( GEOMETRIC_REPRESENTATION_CONTEXT(2) 
PARAMETRIC_REPRESENTATION_CONTEXT() REPRESENTATION_CONTEXT('2D SPACE',''
  ) );
#291 = ORIENTED_EDGE('',*,*,#239,.T.);
#292 = ORIENTED_EDGE('',*,*,#269,.T.);
#293 = ORIENTED_EDGE('',*,*,#294,.F.);
#294 = EDGE_CURVE('',#270,#270,#295,.T.);
#295 = SURFACE_CURVE('',#296,(#301,#308),.PCURVE_S1.);
#296 = CIRCLE('',#297,11.7);
#297 = AXIS2_PLACEMENT_3D('',#298,#299,#300);
#298 = CARTESIAN_POINT('',(-4.440892098501E-16,8.881784197001E-16,8.6));
#299 = DIRECTION('',(8.28360787904E-17,4.828040485296E-16,-1.));
#300 = DIRECTION('',(0.942809041582,-0.333333333333,-8.28360787904E-17)
  );
#301 = PCURVE('',#254,#302);
#302 = DEFINITIONAL_REPRESENTATION('',(#303),#307);
#303 = LINE('',#304,#305);
#304 = CARTESIAN_POINT('',(0.,-1.));
#305 = VECTOR('',#306,1.);
#306 = DIRECTION('',(1.,-0.));
#307 = ( GEOMETRIC_REPRESENTATION_CONTEXT(2) 
PARAMETRIC_REPRESENTATION_CONTEXT() REPRESENTATION_CONTEXT('2D SPACE',''
  ) );
#308 = PCURVE('',#309,#314);
#309 = PLANE('',#310);
#310 = AXIS2_PLACEMENT_3D('',#311,#312,#313);
#311 = CARTESIAN_POINT('',(-1.215502340035E-15,2.734880265079E-15,8.6));
#312 = DIRECTION('',(-8.28360787904E-17,-4.828040485296E-16,1.));
#313 = DIRECTION('',(1.,-3.143584108319E-18,8.28360787904E-17));
#314 = DEFINITIONAL_REPRESENTATION('',(#315),#323);
#315 = ( BOUNDED_CURVE() B_SPLINE_CURVE(2,(#316,#317,#318,#319,#320,#321
,#322),.UNSPECIFIED.,.T.,.F.) B_SPLINE_CURVE_WITH_KNOTS((1,2,2,2,2,1),(
    -2.094395102393,0.,2.094395102393,4.188790204786,6.28318530718,
8.377580409573),.UNSPECIFIED.) CURVE() GEOMETRIC_REPRESENTATION_ITEM() 
RATIONAL_B_SPLINE_CURVE((1.,0.5,1.,0.5,1.,0.5,1.)) REPRESENTATION_ITEM(
  '') );
#316 = CARTESIAN_POINT('',(11.03086578651,-3.9));
#317 = CARTESIAN_POINT('',(4.275867636992,-23.0060199937));
#318 = CARTESIAN_POINT('',(-8.892931968014,-7.603009996854));
#319 = CARTESIAN_POINT('',(-22.06173157302,7.8));
#320 = CARTESIAN_POINT('',(-2.137933818496,11.503009996854));
#321 = CARTESIAN_POINT('',(17.785863936029,15.206019993709));
#322 = CARTESIAN_POINT('',(11.03086578651,-3.9));
#323 = ( GEOMETRIC_REPRESENTATION_CONTEXT(2) 
PARAMETRIC_REPRESENTATION_CONTEXT() REPRESENTATION_CONTEXT('2D SPACE',''
  ) );
#324 = ADVANCED_FACE('',(#325,#328),#309,.F.);
#325 = FACE_BOUND('',#326,.F.);
#326 = EDGE_LOOP('',(#327));
#327 = ORIENTED_EDGE('',*,*,#294,.F.);
#328 = FACE_BOUND('',#329,.F.);
#329 = EDGE_LOOP('',(#330));
#330 = ORIENTED_EDGE('',*,*,#331,.T.);
#331 = EDGE_CURVE('',#332,#332,#334,.T.);
#332 = VERTEX_POINT('',#333);
#333 = CARTESIAN_POINT('',(9.899494936612,-3.5,8.6));
#334 = SURFACE_CURVE('',#335,(#340,#351),.PCURVE_S1.);
#335 = CIRCLE('',#336,10.5);
#336 = AXIS2_PLACEMENT_3D('',#337,#338,#339);
#337 = CARTESIAN_POINT('',(-4.440892098501E-16,8.881784197001E-16,8.6));
#338 = DIRECTION('',(6.21270590928E-17,3.621030363972E-16,-1.));
#339 = DIRECTION('',(0.942809041582,-0.333333333333,-6.21270590928E-17)
  );
#340 = PCURVE('',#309,#341);
#341 = DEFINITIONAL_REPRESENTATION('',(#342),#350);
#342 = ( BOUNDED_CURVE() B_SPLINE_CURVE(2,(#343,#344,#345,#346,#347,#348
,#349),.UNSPECIFIED.,.T.,.F.) B_SPLINE_CURVE_WITH_KNOTS((1,2,2,2,2,1),(
    -2.094395102393,0.,2.094395102393,4.188790204786,6.28318530718,
8.377580409573),.UNSPECIFIED.) CURVE() GEOMETRIC_REPRESENTATION_ITEM() 
RATIONAL_B_SPLINE_CURVE((1.,0.5,1.,0.5,1.,0.5,1.)) REPRESENTATION_ITEM(
  '') );
#343 = CARTESIAN_POINT('',(9.899494936612,-3.5));
#344 = CARTESIAN_POINT('',(3.837317110121,-20.64642819948));
#345 = CARTESIAN_POINT('',(-7.980836381551,-6.823214099741));
#346 = CARTESIAN_POINT('',(-19.79898987322,7.));
#347 = CARTESIAN_POINT('',(-1.91865855506,10.323214099741));
#348 = CARTESIAN_POINT('',(15.961672763103,13.646428199482));
#349 = CARTESIAN_POINT('',(9.899494936612,-3.5));
#350 = ( GEOMETRIC_REPRESENTATION_CONTEXT(2) 
PARAMETRIC_REPRESENTATION_CONTEXT() REPRESENTATION_CONTEXT('2D SPACE',''
  ) );
#351 = PCURVE('',#352,#357);
#352 = CYLINDRICAL_SURFACE('',#353,10.5);
#353 = AXIS2_PLACEMENT_3D('',#354,#355,#356);
#354 = CARTESIAN_POINT('',(-4.440892098501E-16,8.881784197001E-16,8.6));
#355 = DIRECTION('',(-6.21270590928E-17,-3.621030363972E-16,1.));
#356 = DIRECTION('',(0.942809041582,-0.333333333333,-6.21270590928E-17)
  );
#357 = DEFINITIONAL_REPRESENTATION('',(#358),#362);
#358 = LINE('',#359,#360);
#359 = CARTESIAN_POINT('',(-0.,0.));
#360 = VECTOR('',#361,1.);
#361 = DIRECTION('',(-1.,0.));
#362 = ( GEOMETRIC_REPRESENTATION_CONTEXT(2) 
PARAMETRIC_REPRESENTATION_CONTEXT() REPRESENTATION_CONTEXT('2D SPACE',''
  ) );
#363 = ADVANCED_FACE('',(#364),#352,.T.);
#364 = FACE_BOUND('',#365,.F.);
#365 = EDGE_LOOP('',(#366,#389,#390,#391));
#366 = ORIENTED_EDGE('',*,*,#367,.F.);
#367 = EDGE_CURVE('',#332,#368,#370,.T.);
#368 = VERTEX_POINT('',#369);
#369 = CARTESIAN_POINT('',(9.899494936612,-3.5,4.5));
#370 = SEAM_CURVE('',#371,(#375,#382),.PCURVE_S1.);
#371 = LINE('',#372,#373);
#372 = CARTESIAN_POINT('',(9.899494936612,-3.5,8.6));
#373 = VECTOR('',#374,1.);
#374 = DIRECTION('',(6.21270590928E-17,3.621030363972E-16,-1.));
#375 = PCURVE('',#352,#376);
#376 = DEFINITIONAL_REPRESENTATION('',(#377),#381);
#377 = LINE('',#378,#379);
#378 = CARTESIAN_POINT('',(-6.28318530718,0.));
#379 = VECTOR('',#380,1.);
#380 = DIRECTION('',(-0.,-1.));
#381 = ( GEOMETRIC_REPRESENTATION_CONTEXT(2) 
PARAMETRIC_REPRESENTATION_CONTEXT() REPRESENTATION_CONTEXT('2D SPACE',''
  ) );
#382 = PCURVE('',#352,#383);
#383 = DEFINITIONAL_REPRESENTATION('',(#384),#388);
#384 = LINE('',#385,#386);
#385 = CARTESIAN_POINT('',(-0.,0.));
#386 = VECTOR('',#387,1.);
#387 = DIRECTION('',(-0.,-1.));
#388 = ( GEOMETRIC_REPRESENTATION_CONTEXT(2) 
PARAMETRIC_REPRESENTATION_CONTEXT() REPRESENTATION_CONTEXT('2D SPACE',''
  ) );
#389 = ORIENTED_EDGE('',*,*,#331,.F.);
#390 = ORIENTED_EDGE('',*,*,#367,.T.);
#391 = ORIENTED_EDGE('',*,*,#392,.F.);
#392 = EDGE_CURVE('',#368,#368,#393,.T.);
#393 = SURFACE_CURVE('',#394,(#399,#406),.PCURVE_S1.);
#394 = CIRCLE('',#395,10.5);
#395 = AXIS2_PLACEMENT_3D('',#396,#397,#398);
#396 = CARTESIAN_POINT('',(-1.893682675696E-16,2.372800868929E-15,4.5));
#397 = DIRECTION('',(-6.21270590928E-17,-3.621030363972E-16,1.));
#398 = DIRECTION('',(0.942809041582,-0.333333333333,-6.21270590928E-17)
  );
#399 = PCURVE('',#352,#400);
#400 = DEFINITIONAL_REPRESENTATION('',(#401),#405);
#401 = LINE('',#402,#403);
#402 = CARTESIAN_POINT('',(-6.28318530718,-4.1));
#403 = VECTOR('',#404,1.);
#404 = DIRECTION('',(1.,-0.));
#405 = ( GEOMETRIC_REPRESENTATION_CONTEXT(2) 
PARAMETRIC_REPRESENTATION_CONTEXT() REPRESENTATION_CONTEXT('2D SPACE',''
  ) );
#406 = PCURVE('',#407,#412);
#407 = PLANE('',#408);
#408 = AXIS2_PLACEMENT_3D('',#409,#410,#411);
#409 = CARTESIAN_POINT('',(5.347209422805E-16,3.674622449228E-15,4.5));
#410 = DIRECTION('',(-6.21270590928E-17,-3.621030363972E-16,1.));
#411 = DIRECTION('',(1.,-6.287168216639E-18,6.21270590928E-17));
#412 = DEFINITIONAL_REPRESENTATION('',(#413),#417);
#413 = CIRCLE('',#414,10.5);
#414 = AXIS2_PLACEMENT_2D('',#415,#416);
#415 = CARTESIAN_POINT('',(-7.240892098501E-16,-1.3018215803E-15));
#416 = DIRECTION('',(0.942809041582,-0.333333333333));
#417 = ( GEOMETRIC_REPRESENTATION_CONTEXT(2) 
PARAMETRIC_REPRESENTATION_CONTEXT() REPRESENTATION_CONTEXT('2D SPACE',''
  ) );
#418 = ADVANCED_FACE('',(#419,#422),#407,.F.);
#419 = FACE_BOUND('',#420,.T.);
#420 = EDGE_LOOP('',(#421));
#421 = ORIENTED_EDGE('',*,*,#392,.F.);
#422 = FACE_BOUND('',#423,.F.);
#423 = EDGE_LOOP('',(#424,#455,#483,#511,#539,#568,#596,#624,#652,#681,
    #709,#737,#765,#794,#822,#850,#878,#907,#935,#963,#991,#1020,#1048,
    #1076,#1104));
#424 = ORIENTED_EDGE('',*,*,#425,.F.);
#425 = EDGE_CURVE('',#426,#428,#430,.T.);
#426 = VERTEX_POINT('',#427);
#427 = CARTESIAN_POINT('',(4.539671806368,-8.345141094701,4.5));
#428 = VERTEX_POINT('',#429);
#429 = CARTESIAN_POINT('',(8.95668589503,-3.166666666667,4.5));
#430 = SURFACE_CURVE('',#431,(#436,#443),.PCURVE_S1.);
#431 = CIRCLE('',#432,9.5);
#432 = AXIS2_PLACEMENT_3D('',#433,#434,#435);
#433 = CARTESIAN_POINT('',(-1.893682675696E-16,2.372800868929E-15,4.5));
#434 = DIRECTION('',(-6.21270590928E-17,-3.621030363972E-16,1.));
#435 = DIRECTION('',(0.942809041582,-0.333333333333,-6.21270590928E-17)
  );
#436 = PCURVE('',#407,#437);
#437 = DEFINITIONAL_REPRESENTATION('',(#438),#442);
#438 = CIRCLE('',#439,9.5);
#439 = AXIS2_PLACEMENT_2D('',#440,#441);
#440 = CARTESIAN_POINT('',(-7.240892098501E-16,-1.3018215803E-15));
#441 = DIRECTION('',(0.942809041582,-0.333333333333));
#442 = ( GEOMETRIC_REPRESENTATION_CONTEXT(2) 
PARAMETRIC_REPRESENTATION_CONTEXT() REPRESENTATION_CONTEXT('2D SPACE',''
  ) );
#443 = PCURVE('',#444,#449);
#444 = CYLINDRICAL_SURFACE('',#445,9.5);
#445 = AXIS2_PLACEMENT_3D('',#446,#447,#448);
#446 = CARTESIAN_POINT('',(-4.440892098501E-16,8.881784197001E-16,8.6));
#447 = DIRECTION('',(-6.21270590928E-17,-3.621030363972E-16,1.));
#448 = DIRECTION('',(0.942809041582,-0.333333333333,-6.21270590928E-17)
  );
#449 = DEFINITIONAL_REPRESENTATION('',(#450),#454);
#450 = LINE('',#451,#452);
#451 = CARTESIAN_POINT('',(-6.28318530718,-4.1));
#452 = VECTOR('',#453,1.);
#453 = DIRECTION('',(1.,-0.));
#454 = ( GEOMETRIC_REPRESENTATION_CONTEXT(2) 
PARAMETRIC_REPRESENTATION_CONTEXT() REPRESENTATION_CONTEXT('2D SPACE',''
  ) );
#455 = ORIENTED_EDGE('',*,*,#456,.T.);
#456 = EDGE_CURVE('',#426,#457,#459,.T.);
#457 = VERTEX_POINT('',#458);
#458 = CARTESIAN_POINT('',(4.114381916836,-7.454653676893,4.5));
#459 = SURFACE_CURVE('',#460,(#464,#471),.PCURVE_S1.);
#460 = LINE('',#461,#462);
#461 = CARTESIAN_POINT('',(2.282783190183,-3.619585736879,4.5));
#462 = VECTOR('',#463,1.);
#463 = DIRECTION('',(-0.430964406271,0.902368927062,9.999199243479E-17)
  );
#464 = PCURVE('',#407,#465);
#465 = DEFINITIONAL_REPRESENTATION('',(#466),#470);
#466 = LINE('',#467,#468);
#467 = CARTESIAN_POINT('',(2.282783190183,-3.619585736879));
#468 = VECTOR('',#469,1.);
#469 = DIRECTION('',(-0.430964406271,0.902368927062));
#470 = ( GEOMETRIC_REPRESENTATION_CONTEXT(2) 
PARAMETRIC_REPRESENTATION_CONTEXT() REPRESENTATION_CONTEXT('2D SPACE',''
  ) );
#471 = PCURVE('',#472,#477);
#472 = PLANE('',#473);
#473 = AXIS2_PLACEMENT_3D('',#474,#475,#476);
#474 = CARTESIAN_POINT('',(4.114381916836,-7.454653676893,8.6));
#475 = DIRECTION('',(-0.902368927062,-0.430964406271,-7.070501591499E-17
    ));
#476 = DIRECTION('',(0.430964406271,-0.902368927062,-9.999199243479E-17)
  );
#477 = DEFINITIONAL_REPRESENTATION('',(#478),#482);
#478 = LINE('',#479,#480);
#479 = CARTESIAN_POINT('',(-4.25,-4.1));
#480 = VECTOR('',#481,1.);
#481 = DIRECTION('',(-1.,1.232595164408E-32));
#482 = ( GEOMETRIC_REPRESENTATION_CONTEXT(2) 
PARAMETRIC_REPRESENTATION_CONTEXT() REPRESENTATION_CONTEXT('2D SPACE',''
  ) );
#483 = ORIENTED_EDGE('',*,*,#484,.T.);
#484 = EDGE_CURVE('',#457,#485,#487,.T.);
#485 = VERTEX_POINT('',#486);
#486 = CARTESIAN_POINT('',(3.212012989774,-7.885618083164,4.5));
#487 = SURFACE_CURVE('',#488,(#492,#499),.PCURVE_S1.);
#488 = LINE('',#489,#490);
#489 = CARTESIAN_POINT('',(3.437605221539,-7.777876981596,4.5));
#490 = VECTOR('',#491,1.);
#491 = DIRECTION('',(-0.902368927062,-0.430964406271,-7.070501591499E-17
    ));
#492 = PCURVE('',#407,#493);
#493 = DEFINITIONAL_REPRESENTATION('',(#494),#498);
#494 = LINE('',#495,#496);
#495 = CARTESIAN_POINT('',(3.437605221539,-7.777876981596));
#496 = VECTOR('',#497,1.);
#497 = DIRECTION('',(-0.902368927062,-0.430964406271));
#498 = ( GEOMETRIC_REPRESENTATION_CONTEXT(2) 
PARAMETRIC_REPRESENTATION_CONTEXT() REPRESENTATION_CONTEXT('2D SPACE',''
  ) );
#499 = PCURVE('',#500,#505);
#500 = PLANE('',#501);
#501 = AXIS2_PLACEMENT_3D('',#502,#503,#504);
#502 = CARTESIAN_POINT('',(3.212012989774,-7.885618083164,8.6));
#503 = DIRECTION('',(0.430964406271,-0.902368927062,-9.999199243479E-17)
  );
#504 = DIRECTION('',(0.902368927062,0.430964406271,7.070501591499E-17));
#505 = DEFINITIONAL_REPRESENTATION('',(#506),#510);
#506 = LINE('',#507,#508);
#507 = CARTESIAN_POINT('',(0.25,-4.1));
#508 = VECTOR('',#509,1.);
#509 = DIRECTION('',(-1.,-1.232595164408E-32));
#510 = ( GEOMETRIC_REPRESENTATION_CONTEXT(2) 
PARAMETRIC_REPRESENTATION_CONTEXT() REPRESENTATION_CONTEXT('2D SPACE',''
  ) );
#511 = ORIENTED_EDGE('',*,*,#512,.T.);
#512 = EDGE_CURVE('',#485,#513,#515,.T.);
#513 = VERTEX_POINT('',#514);
#514 = CARTESIAN_POINT('',(3.637302879306,-8.776105500972,4.5));
#515 = SURFACE_CURVE('',#516,(#520,#527),.PCURVE_S1.);
#516 = LINE('',#517,#518);
#517 = CARTESIAN_POINT('',(1.703637567825,-4.727326838446,4.5));
#518 = VECTOR('',#519,1.);
#519 = DIRECTION('',(0.430964406271,-0.902368927062,-9.999199243479E-17)
  );
#520 = PCURVE('',#407,#521);
#521 = DEFINITIONAL_REPRESENTATION('',(#522),#526);
#522 = LINE('',#523,#524);
#523 = CARTESIAN_POINT('',(1.703637567825,-4.727326838446));
#524 = VECTOR('',#525,1.);
#525 = DIRECTION('',(0.430964406271,-0.902368927062));
#526 = ( GEOMETRIC_REPRESENTATION_CONTEXT(2) 
PARAMETRIC_REPRESENTATION_CONTEXT() REPRESENTATION_CONTEXT('2D SPACE',''
  ) );
#527 = PCURVE('',#528,#533);
#528 = PLANE('',#529);
#529 = AXIS2_PLACEMENT_3D('',#530,#531,#532);
#530 = CARTESIAN_POINT('',(3.85845959918,-9.239171473757,8.6));
#531 = DIRECTION('',(0.902368927062,0.430964406271,7.070501591499E-17));
#532 = DIRECTION('',(-0.430964406271,0.902368927062,9.999199243479E-17)
  );
#533 = DEFINITIONAL_REPRESENTATION('',(#534),#538);
#534 = LINE('',#535,#536);
#535 = CARTESIAN_POINT('',(5.,-4.1));
#536 = VECTOR('',#537,1.);
#537 = DIRECTION('',(-1.,2.465190328816E-32));
#538 = ( GEOMETRIC_REPRESENTATION_CONTEXT(2) 
PARAMETRIC_REPRESENTATION_CONTEXT() REPRESENTATION_CONTEXT('2D SPACE',''
  ) );
#539 = ORIENTED_EDGE('',*,*,#540,.F.);
#540 = EDGE_CURVE('',#541,#513,#543,.T.);
#541 = VERTEX_POINT('',#542);
#542 = CARTESIAN_POINT('',(-2.49809214618,-9.16567158637,4.5));
#543 = SURFACE_CURVE('',#544,(#549,#556),.PCURVE_S1.);
#544 = CIRCLE('',#545,9.5);
#545 = AXIS2_PLACEMENT_3D('',#546,#547,#548);
#546 = CARTESIAN_POINT('',(-1.893682675696E-16,2.372800868929E-15,4.5));
#547 = DIRECTION('',(-6.21270590928E-17,-3.621030363972E-16,1.));
#548 = DIRECTION('',(0.942809041582,-0.333333333333,-6.21270590928E-17)
  );
#549 = PCURVE('',#407,#550);
#550 = DEFINITIONAL_REPRESENTATION('',(#551),#555);
#551 = CIRCLE('',#552,9.5);
#552 = AXIS2_PLACEMENT_2D('',#553,#554);
#553 = CARTESIAN_POINT('',(-7.240892098501E-16,-1.3018215803E-15));
#554 = DIRECTION('',(0.942809041582,-0.333333333333));
#555 = ( GEOMETRIC_REPRESENTATION_CONTEXT(2) 
PARAMETRIC_REPRESENTATION_CONTEXT() REPRESENTATION_CONTEXT('2D SPACE',''
  ) );
#556 = PCURVE('',#557,#562);
#557 = CYLINDRICAL_SURFACE('',#558,9.5);
#558 = AXIS2_PLACEMENT_3D('',#559,#560,#561);
#559 = CARTESIAN_POINT('',(-4.440892098501E-16,8.881784197001E-16,8.6));
#560 = DIRECTION('',(-6.21270590928E-17,-3.621030363972E-16,1.));
#561 = DIRECTION('',(0.942809041582,-0.333333333333,-6.21270590928E-17)
  );
#562 = DEFINITIONAL_REPRESENTATION('',(#563),#567);
#563 = LINE('',#564,#565);
#564 = CARTESIAN_POINT('',(-6.28318530718,-4.1));
#565 = VECTOR('',#566,1.);
#566 = DIRECTION('',(1.,-0.));
#567 = ( GEOMETRIC_REPRESENTATION_CONTEXT(2) 
PARAMETRIC_REPRESENTATION_CONTEXT() REPRESENTATION_CONTEXT('2D SPACE',''
  ) );
#568 = ORIENTED_EDGE('',*,*,#569,.F.);
#569 = EDGE_CURVE('',#570,#541,#572,.T.);
#570 = VERTEX_POINT('',#571);
#571 = CARTESIAN_POINT('',(-1.673367004226,-6.832996624408,4.5));
#572 = SURFACE_CURVE('',#573,(#577,#584),.PCURVE_S1.);
#573 = LINE('',#574,#575);
#574 = CARTESIAN_POINT('',(-1.006700337559,-4.947378541244,4.5));
#575 = VECTOR('',#576,1.);
#576 = DIRECTION('',(-0.333333333333,-0.942809041582,-1.207010121324E-16
    ));
#577 = PCURVE('',#407,#578);
#578 = DEFINITIONAL_REPRESENTATION('',(#579),#583);
#579 = LINE('',#580,#581);
#580 = CARTESIAN_POINT('',(-1.006700337559,-4.947378541244));
#581 = VECTOR('',#582,1.);
#582 = DIRECTION('',(-0.333333333333,-0.942809041582));
#583 = ( GEOMETRIC_REPRESENTATION_CONTEXT(2) 
PARAMETRIC_REPRESENTATION_CONTEXT() REPRESENTATION_CONTEXT('2D SPACE',''
  ) );
#584 = PCURVE('',#585,#590);
#585 = PLANE('',#586);
#586 = AXIS2_PLACEMENT_3D('',#587,#588,#589);
#587 = CARTESIAN_POINT('',(-2.673367004226,-9.661423749154,8.6));
#588 = DIRECTION('',(0.942809041582,-0.333333333333,-2.07090196976E-17)
  );
#589 = DIRECTION('',(0.333333333333,0.942809041582,1.207010121324E-16));
#590 = DEFINITIONAL_REPRESENTATION('',(#591),#595);
#591 = LINE('',#592,#593);
#592 = CARTESIAN_POINT('',(5.,-4.1));
#593 = VECTOR('',#594,1.);
#594 = DIRECTION('',(-1.,0.));
#595 = ( GEOMETRIC_REPRESENTATION_CONTEXT(2) 
PARAMETRIC_REPRESENTATION_CONTEXT() REPRESENTATION_CONTEXT('2D SPACE',''
  ) );
#596 = ORIENTED_EDGE('',*,*,#597,.F.);
#597 = EDGE_CURVE('',#598,#570,#600,.T.);
#598 = VERTEX_POINT('',#599);
#599 = CARTESIAN_POINT('',(-2.993299662441,-6.366329957741,4.5));
#600 = SURFACE_CURVE('',#601,(#605,#612),.PCURVE_S1.);
#601 = LINE('',#602,#603);
#602 = CARTESIAN_POINT('',(-2.00335016878,-6.716329957741,4.5));
#603 = VECTOR('',#604,1.);
#604 = DIRECTION('',(0.942809041582,-0.333333333333,-2.07090196976E-17)
  );
#605 = PCURVE('',#407,#606);
#606 = DEFINITIONAL_REPRESENTATION('',(#607),#611);
#607 = LINE('',#608,#609);
#608 = CARTESIAN_POINT('',(-2.00335016878,-6.716329957741));
#609 = VECTOR('',#610,1.);
#610 = DIRECTION('',(0.942809041582,-0.333333333333));
#611 = ( GEOMETRIC_REPRESENTATION_CONTEXT(2) 
PARAMETRIC_REPRESENTATION_CONTEXT() REPRESENTATION_CONTEXT('2D SPACE',''
  ) );
#612 = PCURVE('',#613,#618);
#613 = PLANE('',#614);
#614 = AXIS2_PLACEMENT_3D('',#615,#616,#617);
#615 = CARTESIAN_POINT('',(-1.673367004226,-6.832996624408,8.6));
#616 = DIRECTION('',(0.333333333333,0.942809041582,1.207010121324E-16));
#617 = DIRECTION('',(-0.942809041582,0.333333333333,2.07090196976E-17));
#618 = DEFINITIONAL_REPRESENTATION('',(#619),#623);
#619 = LINE('',#620,#621);
#620 = CARTESIAN_POINT('',(0.35,-4.1));
#621 = VECTOR('',#622,1.);
#622 = DIRECTION('',(-1.,0.));
#623 = ( GEOMETRIC_REPRESENTATION_CONTEXT(2) 
PARAMETRIC_REPRESENTATION_CONTEXT() REPRESENTATION_CONTEXT('2D SPACE',''
  ) );
#624 = ORIENTED_EDGE('',*,*,#625,.F.);
#625 = EDGE_CURVE('',#626,#598,#628,.T.);
#626 = VERTEX_POINT('',#627);
#627 = CARTESIAN_POINT('',(-3.818024804395,-8.699004919703,4.5));
#628 = SURFACE_CURVE('',#629,(#633,#640),.PCURVE_S1.);
#629 = LINE('',#630,#631);
#630 = CARTESIAN_POINT('',(-1.826632995774,-3.066498312204,4.5));
#631 = VECTOR('',#632,1.);
#632 = DIRECTION('',(0.333333333333,0.942809041582,1.207010121324E-16));
#633 = PCURVE('',#407,#634);
#634 = DEFINITIONAL_REPRESENTATION('',(#635),#639);
#635 = LINE('',#636,#637);
#636 = CARTESIAN_POINT('',(-1.826632995774,-3.066498312204));
#637 = VECTOR('',#638,1.);
#638 = DIRECTION('',(0.333333333333,0.942809041582));
#639 = ( GEOMETRIC_REPRESENTATION_CONTEXT(2) 
PARAMETRIC_REPRESENTATION_CONTEXT() REPRESENTATION_CONTEXT('2D SPACE',''
  ) );
#640 = PCURVE('',#641,#646);
#641 = PLANE('',#642);
#642 = AXIS2_PLACEMENT_3D('',#643,#644,#645);
#643 = CARTESIAN_POINT('',(-2.993299662441,-6.366329957741,8.6));
#644 = DIRECTION('',(-0.942809041582,0.333333333333,2.07090196976E-17));
#645 = DIRECTION('',(-0.333333333333,-0.942809041582,-1.207010121324E-16
    ));
#646 = DEFINITIONAL_REPRESENTATION('',(#647),#651);
#647 = LINE('',#648,#649);
#648 = CARTESIAN_POINT('',(-3.5,-4.1));
#649 = VECTOR('',#650,1.);
#650 = DIRECTION('',(-1.,0.));
#651 = ( GEOMETRIC_REPRESENTATION_CONTEXT(2) 
PARAMETRIC_REPRESENTATION_CONTEXT() REPRESENTATION_CONTEXT('2D SPACE',''
  ) );
#652 = ORIENTED_EDGE('',*,*,#653,.F.);
#653 = EDGE_CURVE('',#654,#626,#656,.T.);
#654 = VERTEX_POINT('',#655);
#655 = CARTESIAN_POINT('',(-8.345141094701,-4.539671806368,4.5));
#656 = SURFACE_CURVE('',#657,(#662,#669),.PCURVE_S1.);
#657 = CIRCLE('',#658,9.5);
#658 = AXIS2_PLACEMENT_3D('',#659,#660,#661);
#659 = CARTESIAN_POINT('',(-1.893682675696E-16,2.372800868929E-15,4.5));
#660 = DIRECTION('',(-6.21270590928E-17,-3.621030363972E-16,1.));
#661 = DIRECTION('',(0.942809041582,-0.333333333333,-6.21270590928E-17)
  );
#662 = PCURVE('',#407,#663);
#663 = DEFINITIONAL_REPRESENTATION('',(#664),#668);
#664 = CIRCLE('',#665,9.5);
#665 = AXIS2_PLACEMENT_2D('',#666,#667);
#666 = CARTESIAN_POINT('',(-7.240892098501E-16,-1.3018215803E-15));
#667 = DIRECTION('',(0.942809041582,-0.333333333333));
#668 = ( GEOMETRIC_REPRESENTATION_CONTEXT(2) 
PARAMETRIC_REPRESENTATION_CONTEXT() REPRESENTATION_CONTEXT('2D SPACE',''
  ) );
#669 = PCURVE('',#670,#675);
#670 = CYLINDRICAL_SURFACE('',#671,9.5);
#671 = AXIS2_PLACEMENT_3D('',#672,#673,#674);
#672 = CARTESIAN_POINT('',(-4.440892098501E-16,8.881784197001E-16,8.6));
#673 = DIRECTION('',(-6.21270590928E-17,-3.621030363972E-16,1.));
#674 = DIRECTION('',(0.942809041582,-0.333333333333,-6.21270590928E-17)
  );
#675 = DEFINITIONAL_REPRESENTATION('',(#676),#680);
#676 = LINE('',#677,#678);
#677 = CARTESIAN_POINT('',(-6.28318530718,-4.1));
#678 = VECTOR('',#679,1.);
#679 = DIRECTION('',(1.,-0.));
#680 = ( GEOMETRIC_REPRESENTATION_CONTEXT(2) 
PARAMETRIC_REPRESENTATION_CONTEXT() REPRESENTATION_CONTEXT('2D SPACE',''
  ) );
#681 = ORIENTED_EDGE('',*,*,#682,.F.);
#682 = EDGE_CURVE('',#683,#654,#685,.T.);
#683 = VERTEX_POINT('',#684);
#684 = CARTESIAN_POINT('',(-7.454653676893,-4.114381916836,4.5));
#685 = SURFACE_CURVE('',#686,(#690,#697),.PCURVE_S1.);
#686 = LINE('',#687,#688);
#687 = CARTESIAN_POINT('',(-4.296362432175,-2.606006494887,4.5));
#688 = VECTOR('',#689,1.);
#689 = DIRECTION('',(-0.902368927062,-0.430964406271,-7.070501591499E-17
    ));
#690 = PCURVE('',#407,#691);
#691 = DEFINITIONAL_REPRESENTATION('',(#692),#696);
#692 = LINE('',#693,#694);
#693 = CARTESIAN_POINT('',(-4.296362432175,-2.606006494887));
#694 = VECTOR('',#695,1.);
#695 = DIRECTION('',(-0.902368927062,-0.430964406271));
#696 = ( GEOMETRIC_REPRESENTATION_CONTEXT(2) 
PARAMETRIC_REPRESENTATION_CONTEXT() REPRESENTATION_CONTEXT('2D SPACE',''
  ) );
#697 = PCURVE('',#698,#703);
#698 = PLANE('',#699);
#699 = AXIS2_PLACEMENT_3D('',#700,#701,#702);
#700 = CARTESIAN_POINT('',(-8.808207067486,-4.760828526243,8.6));
#701 = DIRECTION('',(0.430964406271,-0.902368927062,-9.999199243479E-17)
  );
#702 = DIRECTION('',(0.902368927062,0.430964406271,7.070501591499E-17));
#703 = DEFINITIONAL_REPRESENTATION('',(#704),#708);
#704 = LINE('',#705,#706);
#705 = CARTESIAN_POINT('',(5.,-4.1));
#706 = VECTOR('',#707,1.);
#707 = DIRECTION('',(-1.,-1.232595164408E-32));
#708 = ( GEOMETRIC_REPRESENTATION_CONTEXT(2) 
PARAMETRIC_REPRESENTATION_CONTEXT() REPRESENTATION_CONTEXT('2D SPACE',''
  ) );
#709 = ORIENTED_EDGE('',*,*,#710,.F.);
#710 = EDGE_CURVE('',#711,#683,#713,.T.);
#711 = VERTEX_POINT('',#712);
#712 = CARTESIAN_POINT('',(-7.885618083164,-3.212012989774,4.5));
#713 = SURFACE_CURVE('',#714,(#718,#725),.PCURVE_S1.);
#714 = LINE('',#715,#716);
#715 = CARTESIAN_POINT('',(-7.562394778461,-3.88878968507,4.5));
#716 = VECTOR('',#717,1.);
#717 = DIRECTION('',(0.430964406271,-0.902368927062,-9.999199243479E-17)
  );
#718 = PCURVE('',#407,#719);
#719 = DEFINITIONAL_REPRESENTATION('',(#720),#724);
#720 = LINE('',#721,#722);
#721 = CARTESIAN_POINT('',(-7.562394778461,-3.88878968507));
#722 = VECTOR('',#723,1.);
#723 = DIRECTION('',(0.430964406271,-0.902368927062));
#724 = ( GEOMETRIC_REPRESENTATION_CONTEXT(2) 
PARAMETRIC_REPRESENTATION_CONTEXT() REPRESENTATION_CONTEXT('2D SPACE',''
  ) );
#725 = PCURVE('',#726,#731);
#726 = PLANE('',#727);
#727 = AXIS2_PLACEMENT_3D('',#728,#729,#730);
#728 = CARTESIAN_POINT('',(-7.454653676893,-4.114381916836,8.6));
#729 = DIRECTION('',(0.902368927062,0.430964406271,7.070501591499E-17));
#730 = DIRECTION('',(-0.430964406271,0.902368927062,9.999199243479E-17)
  );
#731 = DEFINITIONAL_REPRESENTATION('',(#732),#736);
#732 = LINE('',#733,#734);
#733 = CARTESIAN_POINT('',(0.25,-4.1));
#734 = VECTOR('',#735,1.);
#735 = DIRECTION('',(-1.,-3.697785493223E-32));
#736 = ( GEOMETRIC_REPRESENTATION_CONTEXT(2) 
PARAMETRIC_REPRESENTATION_CONTEXT() REPRESENTATION_CONTEXT('2D SPACE',''
  ) );
#737 = ORIENTED_EDGE('',*,*,#738,.F.);
#738 = EDGE_CURVE('',#739,#711,#741,.T.);
#739 = VERTEX_POINT('',#740);
#740 = CARTESIAN_POINT('',(-8.776105500972,-3.637302879306,4.5));
#741 = SURFACE_CURVE('',#742,(#746,#753),.PCURVE_S1.);
#742 = LINE('',#743,#744);
#743 = CARTESIAN_POINT('',(-4.05055014315,-1.380414263121,4.5));
#744 = VECTOR('',#745,1.);
#745 = DIRECTION('',(0.902368927062,0.430964406271,7.070501591499E-17));
#746 = PCURVE('',#407,#747);
#747 = DEFINITIONAL_REPRESENTATION('',(#748),#752);
#748 = LINE('',#749,#750);
#749 = CARTESIAN_POINT('',(-4.05055014315,-1.380414263121));
#750 = VECTOR('',#751,1.);
#751 = DIRECTION('',(0.902368927062,0.430964406271));
#752 = ( GEOMETRIC_REPRESENTATION_CONTEXT(2) 
PARAMETRIC_REPRESENTATION_CONTEXT() REPRESENTATION_CONTEXT('2D SPACE',''
  ) );
#753 = PCURVE('',#754,#759);
#754 = PLANE('',#755);
#755 = AXIS2_PLACEMENT_3D('',#756,#757,#758);
#756 = CARTESIAN_POINT('',(-7.885618083164,-3.212012989774,8.6));
#757 = DIRECTION('',(-0.430964406271,0.902368927062,9.999199243479E-17)
  );
#758 = DIRECTION('',(-0.902368927062,-0.430964406271,-7.070501591499E-17
    ));
#759 = DEFINITIONAL_REPRESENTATION('',(#760),#764);
#760 = LINE('',#761,#762);
#761 = CARTESIAN_POINT('',(-4.25,-4.1));
#762 = VECTOR('',#763,1.);
#763 = DIRECTION('',(-1.,1.232595164408E-32));
#764 = ( GEOMETRIC_REPRESENTATION_CONTEXT(2) 
PARAMETRIC_REPRESENTATION_CONTEXT() REPRESENTATION_CONTEXT('2D SPACE',''
  ) );
#765 = ORIENTED_EDGE('',*,*,#766,.F.);
#766 = EDGE_CURVE('',#767,#739,#769,.T.);
#767 = VERTEX_POINT('',#768);
#768 = CARTESIAN_POINT('',(-4.539671806368,8.345141094701,4.5));
#769 = SURFACE_CURVE('',#770,(#775,#782),.PCURVE_S1.);
#770 = CIRCLE('',#771,9.5);
#771 = AXIS2_PLACEMENT_3D('',#772,#773,#774);
#772 = CARTESIAN_POINT('',(-1.893682675696E-16,2.372800868929E-15,4.5));
#773 = DIRECTION('',(-6.21270590928E-17,-3.621030363972E-16,1.));
#774 = DIRECTION('',(0.942809041582,-0.333333333333,-6.21270590928E-17)
  );
#775 = PCURVE('',#407,#776);
#776 = DEFINITIONAL_REPRESENTATION('',(#777),#781);
#777 = CIRCLE('',#778,9.5);
#778 = AXIS2_PLACEMENT_2D('',#779,#780);
#779 = CARTESIAN_POINT('',(-7.240892098501E-16,-1.3018215803E-15));
#780 = DIRECTION('',(0.942809041582,-0.333333333333));
#781 = ( GEOMETRIC_REPRESENTATION_CONTEXT(2) 
PARAMETRIC_REPRESENTATION_CONTEXT() REPRESENTATION_CONTEXT('2D SPACE',''
  ) );
#782 = PCURVE('',#783,#788);
#783 = CYLINDRICAL_SURFACE('',#784,9.5);
#784 = AXIS2_PLACEMENT_3D('',#785,#786,#787);
#785 = CARTESIAN_POINT('',(-4.440892098501E-16,8.881784197001E-16,8.6));
#786 = DIRECTION('',(-6.21270590928E-17,-3.621030363972E-16,1.));
#787 = DIRECTION('',(0.942809041582,-0.333333333333,-6.21270590928E-17)
  );
#788 = DEFINITIONAL_REPRESENTATION('',(#789),#793);
#789 = LINE('',#790,#791);
#790 = CARTESIAN_POINT('',(-6.28318530718,-4.1));
#791 = VECTOR('',#792,1.);
#792 = DIRECTION('',(1.,-0.));
#793 = ( GEOMETRIC_REPRESENTATION_CONTEXT(2) 
PARAMETRIC_REPRESENTATION_CONTEXT() REPRESENTATION_CONTEXT('2D SPACE',''
  ) );
#794 = ORIENTED_EDGE('',*,*,#795,.T.);
#795 = EDGE_CURVE('',#767,#796,#798,.T.);
#796 = VERTEX_POINT('',#797);
#797 = CARTESIAN_POINT('',(-4.114381916836,7.454653676893,4.5));
#798 = SURFACE_CURVE('',#799,(#803,#810),.PCURVE_S1.);
#799 = LINE('',#800,#801);
#800 = CARTESIAN_POINT('',(-2.282783190183,3.619585736879,4.5));
#801 = VECTOR('',#802,1.);
#802 = DIRECTION('',(0.430964406271,-0.902368927062,-9.999199243479E-17)
  );
#803 = PCURVE('',#407,#804);
#804 = DEFINITIONAL_REPRESENTATION('',(#805),#809);
#805 = LINE('',#806,#807);
#806 = CARTESIAN_POINT('',(-2.282783190183,3.619585736879));
#807 = VECTOR('',#808,1.);
#808 = DIRECTION('',(0.430964406271,-0.902368927062));
#809 = ( GEOMETRIC_REPRESENTATION_CONTEXT(2) 
PARAMETRIC_REPRESENTATION_CONTEXT() REPRESENTATION_CONTEXT('2D SPACE',''
  ) );
#810 = PCURVE('',#811,#816);
#811 = PLANE('',#812);
#812 = AXIS2_PLACEMENT_3D('',#813,#814,#815);
#813 = CARTESIAN_POINT('',(-4.114381916836,7.454653676893,8.6));
#814 = DIRECTION('',(0.902368927062,0.430964406271,7.070501591499E-17));
#815 = DIRECTION('',(-0.430964406271,0.902368927062,9.999199243479E-17)
  );
#816 = DEFINITIONAL_REPRESENTATION('',(#817),#821);
#817 = LINE('',#818,#819);
#818 = CARTESIAN_POINT('',(-4.25,-4.1));
#819 = VECTOR('',#820,1.);
#820 = DIRECTION('',(-1.,-1.232595164408E-32));
#821 = ( GEOMETRIC_REPRESENTATION_CONTEXT(2) 
PARAMETRIC_REPRESENTATION_CONTEXT() REPRESENTATION_CONTEXT('2D SPACE',''
  ) );
#822 = ORIENTED_EDGE('',*,*,#823,.T.);
#823 = EDGE_CURVE('',#796,#824,#826,.T.);
#824 = VERTEX_POINT('',#825);
#825 = CARTESIAN_POINT('',(-3.212012989774,7.885618083164,4.5));
#826 = SURFACE_CURVE('',#827,(#831,#838),.PCURVE_S1.);
#827 = LINE('',#828,#829);
#828 = CARTESIAN_POINT('',(-3.437605221539,7.777876981596,4.5));
#829 = VECTOR('',#830,1.);
#830 = DIRECTION('',(0.902368927062,0.430964406271,7.070501591499E-17));
#831 = PCURVE('',#407,#832);
#832 = DEFINITIONAL_REPRESENTATION('',(#833),#837);
#833 = LINE('',#834,#835);
#834 = CARTESIAN_POINT('',(-3.437605221539,7.777876981596));
#835 = VECTOR('',#836,1.);
#836 = DIRECTION('',(0.902368927062,0.430964406271));
#837 = ( GEOMETRIC_REPRESENTATION_CONTEXT(2) 
PARAMETRIC_REPRESENTATION_CONTEXT() REPRESENTATION_CONTEXT('2D SPACE',''
  ) );
#838 = PCURVE('',#839,#844);
#839 = PLANE('',#840);
#840 = AXIS2_PLACEMENT_3D('',#841,#842,#843);
#841 = CARTESIAN_POINT('',(-3.212012989774,7.885618083164,8.6));
#842 = DIRECTION('',(-0.430964406271,0.902368927062,9.999199243479E-17)
  );
#843 = DIRECTION('',(-0.902368927062,-0.430964406271,-7.070501591499E-17
    ));
#844 = DEFINITIONAL_REPRESENTATION('',(#845),#849);
#845 = LINE('',#846,#847);
#846 = CARTESIAN_POINT('',(0.25,-4.1));
#847 = VECTOR('',#848,1.);
#848 = DIRECTION('',(-1.,1.232595164408E-32));
#849 = ( GEOMETRIC_REPRESENTATION_CONTEXT(2) 
PARAMETRIC_REPRESENTATION_CONTEXT() REPRESENTATION_CONTEXT('2D SPACE',''
  ) );
#850 = ORIENTED_EDGE('',*,*,#851,.T.);
#851 = EDGE_CURVE('',#824,#852,#854,.T.);
#852 = VERTEX_POINT('',#853);
#853 = CARTESIAN_POINT('',(-3.637302879306,8.776105500972,4.5));
#854 = SURFACE_CURVE('',#855,(#859,#866),.PCURVE_S1.);
#855 = LINE('',#856,#857);
#856 = CARTESIAN_POINT('',(-1.703637567825,4.727326838446,4.5));
#857 = VECTOR('',#858,1.);
#858 = DIRECTION('',(-0.430964406271,0.902368927062,9.999199243479E-17)
  );
#859 = PCURVE('',#407,#860);
#860 = DEFINITIONAL_REPRESENTATION('',(#861),#865);
#861 = LINE('',#862,#863);
#862 = CARTESIAN_POINT('',(-1.703637567825,4.727326838446));
#863 = VECTOR('',#864,1.);
#864 = DIRECTION('',(-0.430964406271,0.902368927062));
#865 = ( GEOMETRIC_REPRESENTATION_CONTEXT(2) 
PARAMETRIC_REPRESENTATION_CONTEXT() REPRESENTATION_CONTEXT('2D SPACE',''
  ) );
#866 = PCURVE('',#867,#872);
#867 = PLANE('',#868);
#868 = AXIS2_PLACEMENT_3D('',#869,#870,#871);
#869 = CARTESIAN_POINT('',(-3.85845959918,9.239171473757,8.6));
#870 = DIRECTION('',(-0.902368927062,-0.430964406271,-7.070501591499E-17
    ));
#871 = DIRECTION('',(0.430964406271,-0.902368927062,-9.999199243479E-17)
  );
#872 = DEFINITIONAL_REPRESENTATION('',(#873),#877);
#873 = LINE('',#874,#875);
#874 = CARTESIAN_POINT('',(5.,-4.1));
#875 = VECTOR('',#876,1.);
#876 = DIRECTION('',(-1.,-2.465190328816E-32));
#877 = ( GEOMETRIC_REPRESENTATION_CONTEXT(2) 
PARAMETRIC_REPRESENTATION_CONTEXT() REPRESENTATION_CONTEXT('2D SPACE',''
  ) );
#878 = ORIENTED_EDGE('',*,*,#879,.F.);
#879 = EDGE_CURVE('',#880,#852,#882,.T.);
#880 = VERTEX_POINT('',#881);
#881 = CARTESIAN_POINT('',(2.49809214618,9.16567158637,4.5));
#882 = SURFACE_CURVE('',#883,(#888,#895),.PCURVE_S1.);
#883 = CIRCLE('',#884,9.5);
#884 = AXIS2_PLACEMENT_3D('',#885,#886,#887);
#885 = CARTESIAN_POINT('',(-1.893682675696E-16,2.372800868929E-15,4.5));
#886 = DIRECTION('',(-6.21270590928E-17,-3.621030363972E-16,1.));
#887 = DIRECTION('',(0.942809041582,-0.333333333333,-6.21270590928E-17)
  );
#888 = PCURVE('',#407,#889);
#889 = DEFINITIONAL_REPRESENTATION('',(#890),#894);
#890 = CIRCLE('',#891,9.5);
#891 = AXIS2_PLACEMENT_2D('',#892,#893);
#892 = CARTESIAN_POINT('',(-7.240892098501E-16,-1.3018215803E-15));
#893 = DIRECTION('',(0.942809041582,-0.333333333333));
#894 = ( GEOMETRIC_REPRESENTATION_CONTEXT(2) 
PARAMETRIC_REPRESENTATION_CONTEXT() REPRESENTATION_CONTEXT('2D SPACE',''
  ) );
#895 = PCURVE('',#896,#901);
#896 = CYLINDRICAL_SURFACE('',#897,9.5);
#897 = AXIS2_PLACEMENT_3D('',#898,#899,#900);
#898 = CARTESIAN_POINT('',(-4.440892098501E-16,8.881784197001E-16,8.6));
#899 = DIRECTION('',(-6.21270590928E-17,-3.621030363972E-16,1.));
#900 = DIRECTION('',(0.942809041582,-0.333333333333,-6.21270590928E-17)
  );
#901 = DEFINITIONAL_REPRESENTATION('',(#902),#906);
#902 = LINE('',#903,#904);
#903 = CARTESIAN_POINT('',(-6.28318530718,-4.1));
#904 = VECTOR('',#905,1.);
#905 = DIRECTION('',(1.,-0.));
#906 = ( GEOMETRIC_REPRESENTATION_CONTEXT(2) 
PARAMETRIC_REPRESENTATION_CONTEXT() REPRESENTATION_CONTEXT('2D SPACE',''
  ) );
#907 = ORIENTED_EDGE('',*,*,#908,.T.);
#908 = EDGE_CURVE('',#880,#909,#911,.T.);
#909 = VERTEX_POINT('',#910);
#910 = CARTESIAN_POINT('',(1.673367004226,6.832996624408,4.5));
#911 = SURFACE_CURVE('',#912,(#916,#923),.PCURVE_S1.);
#912 = LINE('',#913,#914);
#913 = CARTESIAN_POINT('',(0.506700337559,3.533164978871,4.5));
#914 = VECTOR('',#915,1.);
#915 = DIRECTION('',(-0.333333333333,-0.942809041582,-1.207010121324E-16
    ));
#916 = PCURVE('',#407,#917);
#917 = DEFINITIONAL_REPRESENTATION('',(#918),#922);
#918 = LINE('',#919,#920);
#919 = CARTESIAN_POINT('',(0.506700337559,3.533164978871));
#920 = VECTOR('',#921,1.);
#921 = DIRECTION('',(-0.333333333333,-0.942809041582));
#922 = ( GEOMETRIC_REPRESENTATION_CONTEXT(2) 
PARAMETRIC_REPRESENTATION_CONTEXT() REPRESENTATION_CONTEXT('2D SPACE',''
  ) );
#923 = PCURVE('',#924,#929);
#924 = PLANE('',#925);
#925 = AXIS2_PLACEMENT_3D('',#926,#927,#928);
#926 = CARTESIAN_POINT('',(1.673367004226,6.832996624408,8.6));
#927 = DIRECTION('',(0.942809041582,-0.333333333333,-2.07090196976E-17)
  );
#928 = DIRECTION('',(0.333333333333,0.942809041582,1.207010121324E-16));
#929 = DEFINITIONAL_REPRESENTATION('',(#930),#934);
#930 = LINE('',#931,#932);
#931 = CARTESIAN_POINT('',(-3.5,-4.1));
#932 = VECTOR('',#933,1.);
#933 = DIRECTION('',(-1.,0.));
#934 = ( GEOMETRIC_REPRESENTATION_CONTEXT(2) 
PARAMETRIC_REPRESENTATION_CONTEXT() REPRESENTATION_CONTEXT('2D SPACE',''
  ) );
#935 = ORIENTED_EDGE('',*,*,#936,.T.);
#936 = EDGE_CURVE('',#909,#937,#939,.T.);
#937 = VERTEX_POINT('',#938);
#938 = CARTESIAN_POINT('',(2.993299662441,6.366329957741,4.5));
#939 = SURFACE_CURVE('',#940,(#944,#951),.PCURVE_S1.);
#940 = LINE('',#941,#942);
#941 = CARTESIAN_POINT('',(2.663316497887,6.482996624408,4.5));
#942 = VECTOR('',#943,1.);
#943 = DIRECTION('',(0.942809041582,-0.333333333333,-2.07090196976E-17)
  );
#944 = PCURVE('',#407,#945);
#945 = DEFINITIONAL_REPRESENTATION('',(#946),#950);
#946 = LINE('',#947,#948);
#947 = CARTESIAN_POINT('',(2.663316497887,6.482996624408));
#948 = VECTOR('',#949,1.);
#949 = DIRECTION('',(0.942809041582,-0.333333333333));
#950 = ( GEOMETRIC_REPRESENTATION_CONTEXT(2) 
PARAMETRIC_REPRESENTATION_CONTEXT() REPRESENTATION_CONTEXT('2D SPACE',''
  ) );
#951 = PCURVE('',#952,#957);
#952 = PLANE('',#953);
#953 = AXIS2_PLACEMENT_3D('',#954,#955,#956);
#954 = CARTESIAN_POINT('',(2.993299662441,6.366329957741,8.6));
#955 = DIRECTION('',(0.333333333333,0.942809041582,1.207010121324E-16));
#956 = DIRECTION('',(-0.942809041582,0.333333333333,2.07090196976E-17));
#957 = DEFINITIONAL_REPRESENTATION('',(#958),#962);
#958 = LINE('',#959,#960);
#959 = CARTESIAN_POINT('',(0.35,-4.1));
#960 = VECTOR('',#961,1.);
#961 = DIRECTION('',(-1.,0.));
#962 = ( GEOMETRIC_REPRESENTATION_CONTEXT(2) 
PARAMETRIC_REPRESENTATION_CONTEXT() REPRESENTATION_CONTEXT('2D SPACE',''
  ) );
#963 = ORIENTED_EDGE('',*,*,#964,.T.);
#964 = EDGE_CURVE('',#937,#965,#967,.T.);
#965 = VERTEX_POINT('',#966);
#966 = CARTESIAN_POINT('',(3.818024804395,8.699004919704,4.5));
#967 = SURFACE_CURVE('',#968,(#972,#979),.PCURVE_S1.);
#968 = LINE('',#969,#970);
#969 = CARTESIAN_POINT('',(2.326632995774,4.480711874577,4.5));
#970 = VECTOR('',#971,1.);
#971 = DIRECTION('',(0.333333333333,0.942809041582,1.207010121324E-16));
#972 = PCURVE('',#407,#973);
#973 = DEFINITIONAL_REPRESENTATION('',(#974),#978);
#974 = LINE('',#975,#976);
#975 = CARTESIAN_POINT('',(2.326632995774,4.480711874577));
#976 = VECTOR('',#977,1.);
#977 = DIRECTION('',(0.333333333333,0.942809041582));
#978 = ( GEOMETRIC_REPRESENTATION_CONTEXT(2) 
PARAMETRIC_REPRESENTATION_CONTEXT() REPRESENTATION_CONTEXT('2D SPACE',''
  ) );
#979 = PCURVE('',#980,#985);
#980 = PLANE('',#981);
#981 = AXIS2_PLACEMENT_3D('',#982,#983,#984);
#982 = CARTESIAN_POINT('',(3.993299662441,9.194757082487,8.6));
#983 = DIRECTION('',(-0.942809041582,0.333333333333,2.07090196976E-17));
#984 = DIRECTION('',(-0.333333333333,-0.942809041582,-1.207010121324E-16
    ));
#985 = DEFINITIONAL_REPRESENTATION('',(#986),#990);
#986 = LINE('',#987,#988);
#987 = CARTESIAN_POINT('',(5.,-4.1));
#988 = VECTOR('',#989,1.);
#989 = DIRECTION('',(-1.,0.));
#990 = ( GEOMETRIC_REPRESENTATION_CONTEXT(2) 
PARAMETRIC_REPRESENTATION_CONTEXT() REPRESENTATION_CONTEXT('2D SPACE',''
  ) );
#991 = ORIENTED_EDGE('',*,*,#992,.F.);
#992 = EDGE_CURVE('',#993,#965,#995,.T.);
#993 = VERTEX_POINT('',#994);
#994 = CARTESIAN_POINT('',(8.345141094701,4.539671806368,4.5));
#995 = SURFACE_CURVE('',#996,(#1001,#1008),.PCURVE_S1.);
#996 = CIRCLE('',#997,9.5);
#997 = AXIS2_PLACEMENT_3D('',#998,#999,#1000);
#998 = CARTESIAN_POINT('',(-1.893682675696E-16,2.372800868929E-15,4.5));
#999 = DIRECTION('',(-6.21270590928E-17,-3.621030363972E-16,1.));
#1000 = DIRECTION('',(0.942809041582,-0.333333333333,-6.21270590928E-17)
  );
#1001 = PCURVE('',#407,#1002);
#1002 = DEFINITIONAL_REPRESENTATION('',(#1003),#1007);
#1003 = CIRCLE('',#1004,9.5);
#1004 = AXIS2_PLACEMENT_2D('',#1005,#1006);
#1005 = CARTESIAN_POINT('',(-7.240892098501E-16,-1.3018215803E-15));
#1006 = DIRECTION('',(0.942809041582,-0.333333333333));
#1007 = ( GEOMETRIC_REPRESENTATION_CONTEXT(2) 
PARAMETRIC_REPRESENTATION_CONTEXT() REPRESENTATION_CONTEXT('2D SPACE',''
  ) );
#1008 = PCURVE('',#1009,#1014);
#1009 = CYLINDRICAL_SURFACE('',#1010,9.5);
#1010 = AXIS2_PLACEMENT_3D('',#1011,#1012,#1013);
#1011 = CARTESIAN_POINT('',(-4.440892098501E-16,8.881784197001E-16,8.6)
  );
#1012 = DIRECTION('',(-6.21270590928E-17,-3.621030363972E-16,1.));
#1013 = DIRECTION('',(0.942809041582,-0.333333333333,-6.21270590928E-17)
  );
#1014 = DEFINITIONAL_REPRESENTATION('',(#1015),#1019);
#1015 = LINE('',#1016,#1017);
#1016 = CARTESIAN_POINT('',(-6.28318530718,-4.1));
#1017 = VECTOR('',#1018,1.);
#1018 = DIRECTION('',(1.,-0.));
#1019 = ( GEOMETRIC_REPRESENTATION_CONTEXT(2) 
PARAMETRIC_REPRESENTATION_CONTEXT() REPRESENTATION_CONTEXT('2D SPACE',''
  ) );
#1020 = ORIENTED_EDGE('',*,*,#1021,.F.);
#1021 = EDGE_CURVE('',#1022,#993,#1024,.T.);
#1022 = VERTEX_POINT('',#1023);
#1023 = CARTESIAN_POINT('',(7.454653676893,4.114381916836,4.5));
#1024 = SURFACE_CURVE('',#1025,(#1029,#1036),.PCURVE_S1.);
#1025 = LINE('',#1026,#1027);
#1026 = CARTESIAN_POINT('',(4.296362432175,2.606006494887,4.5));
#1027 = VECTOR('',#1028,1.);
#1028 = DIRECTION('',(0.902368927062,0.430964406271,7.070501591499E-17)
  );
#1029 = PCURVE('',#407,#1030);
#1030 = DEFINITIONAL_REPRESENTATION('',(#1031),#1035);
#1031 = LINE('',#1032,#1033);
#1032 = CARTESIAN_POINT('',(4.296362432175,2.606006494887));
#1033 = VECTOR('',#1034,1.);
#1034 = DIRECTION('',(0.902368927062,0.430964406271));
#1035 = ( GEOMETRIC_REPRESENTATION_CONTEXT(2) 
PARAMETRIC_REPRESENTATION_CONTEXT() REPRESENTATION_CONTEXT('2D SPACE',''
  ) );
#1036 = PCURVE('',#1037,#1042);
#1037 = PLANE('',#1038);
#1038 = AXIS2_PLACEMENT_3D('',#1039,#1040,#1041);
#1039 = CARTESIAN_POINT('',(8.808207067486,4.760828526243,8.6));
#1040 = DIRECTION('',(-0.430964406271,0.902368927062,9.999199243479E-17)
  );
#1041 = DIRECTION('',(-0.902368927062,-0.430964406271,
    -7.070501591499E-17));
#1042 = DEFINITIONAL_REPRESENTATION('',(#1043),#1047);
#1043 = LINE('',#1044,#1045);
#1044 = CARTESIAN_POINT('',(5.,-4.1));
#1045 = VECTOR('',#1046,1.);
#1046 = DIRECTION('',(-1.,1.232595164408E-32));
#1047 = ( GEOMETRIC_REPRESENTATION_CONTEXT(2) 
PARAMETRIC_REPRESENTATION_CONTEXT() REPRESENTATION_CONTEXT('2D SPACE',''
  ) );
#1048 = ORIENTED_EDGE('',*,*,#1049,.F.);
#1049 = EDGE_CURVE('',#1050,#1022,#1052,.T.);
#1050 = VERTEX_POINT('',#1051);
#1051 = CARTESIAN_POINT('',(7.885618083164,3.212012989774,4.5));
#1052 = SURFACE_CURVE('',#1053,(#1057,#1064),.PCURVE_S1.);
#1053 = LINE('',#1054,#1055);
#1054 = CARTESIAN_POINT('',(7.562394778461,3.88878968507,4.5));
#1055 = VECTOR('',#1056,1.);
#1056 = DIRECTION('',(-0.430964406271,0.902368927062,9.999199243479E-17)
  );
#1057 = PCURVE('',#407,#1058);
#1058 = DEFINITIONAL_REPRESENTATION('',(#1059),#1063);
#1059 = LINE('',#1060,#1061);
#1060 = CARTESIAN_POINT('',(7.562394778461,3.88878968507));
#1061 = VECTOR('',#1062,1.);
#1062 = DIRECTION('',(-0.430964406271,0.902368927062));
#1063 = ( GEOMETRIC_REPRESENTATION_CONTEXT(2) 
PARAMETRIC_REPRESENTATION_CONTEXT() REPRESENTATION_CONTEXT('2D SPACE',''
  ) );
#1064 = PCURVE('',#1065,#1070);
#1065 = PLANE('',#1066);
#1066 = AXIS2_PLACEMENT_3D('',#1067,#1068,#1069);
#1067 = CARTESIAN_POINT('',(7.454653676893,4.114381916836,8.6));
#1068 = DIRECTION('',(-0.902368927062,-0.430964406271,
    -7.070501591499E-17));
#1069 = DIRECTION('',(0.430964406271,-0.902368927062,-9.999199243479E-17
    ));
#1070 = DEFINITIONAL_REPRESENTATION('',(#1071),#1075);
#1071 = LINE('',#1072,#1073);
#1072 = CARTESIAN_POINT('',(0.25,-4.1));
#1073 = VECTOR('',#1074,1.);
#1074 = DIRECTION('',(-1.,3.697785493223E-32));
#1075 = ( GEOMETRIC_REPRESENTATION_CONTEXT(2) 
PARAMETRIC_REPRESENTATION_CONTEXT() REPRESENTATION_CONTEXT('2D SPACE',''
  ) );
#1076 = ORIENTED_EDGE('',*,*,#1077,.F.);
#1077 = EDGE_CURVE('',#1078,#1050,#1080,.T.);
#1078 = VERTEX_POINT('',#1079);
#1079 = CARTESIAN_POINT('',(8.776105500972,3.637302879306,4.5));
#1080 = SURFACE_CURVE('',#1081,(#1085,#1092),.PCURVE_S1.);
#1081 = LINE('',#1082,#1083);
#1082 = CARTESIAN_POINT('',(4.05055014315,1.380414263121,4.5));
#1083 = VECTOR('',#1084,1.);
#1084 = DIRECTION('',(-0.902368927062,-0.430964406271,
    -7.070501591499E-17));
#1085 = PCURVE('',#407,#1086);
#1086 = DEFINITIONAL_REPRESENTATION('',(#1087),#1091);
#1087 = LINE('',#1088,#1089);
#1088 = CARTESIAN_POINT('',(4.05055014315,1.380414263121));
#1089 = VECTOR('',#1090,1.);
#1090 = DIRECTION('',(-0.902368927062,-0.430964406271));
#1091 = ( GEOMETRIC_REPRESENTATION_CONTEXT(2) 
PARAMETRIC_REPRESENTATION_CONTEXT() REPRESENTATION_CONTEXT('2D SPACE',''
  ) );
#1092 = PCURVE('',#1093,#1098);
#1093 = PLANE('',#1094);
#1094 = AXIS2_PLACEMENT_3D('',#1095,#1096,#1097);
#1095 = CARTESIAN_POINT('',(7.885618083164,3.212012989774,8.6));
#1096 = DIRECTION('',(0.430964406271,-0.902368927062,-9.999199243479E-17
    ));
#1097 = DIRECTION('',(0.902368927062,0.430964406271,7.070501591499E-17)
  );
#1098 = DEFINITIONAL_REPRESENTATION('',(#1099),#1103);
#1099 = LINE('',#1100,#1101);
#1100 = CARTESIAN_POINT('',(-4.25,-4.1));
#1101 = VECTOR('',#1102,1.);
#1102 = DIRECTION('',(-1.,-1.232595164408E-32));
#1103 = ( GEOMETRIC_REPRESENTATION_CONTEXT(2) 
PARAMETRIC_REPRESENTATION_CONTEXT() REPRESENTATION_CONTEXT('2D SPACE',''
  ) );
#1104 = ORIENTED_EDGE('',*,*,#1105,.F.);
#1105 = EDGE_CURVE('',#428,#1078,#1106,.T.);
#1106 = SURFACE_CURVE('',#1107,(#1112,#1119),.PCURVE_S1.);
#1107 = CIRCLE('',#1108,9.5);
#1108 = AXIS2_PLACEMENT_3D('',#1109,#1110,#1111);
#1109 = CARTESIAN_POINT('',(-1.893682675696E-16,2.372800868929E-15,4.5)
  );
#1110 = DIRECTION('',(-6.21270590928E-17,-3.621030363972E-16,1.));
#1111 = DIRECTION('',(0.942809041582,-0.333333333333,-6.21270590928E-17)
  );
#1112 = PCURVE('',#407,#1113);
#1113 = DEFINITIONAL_REPRESENTATION('',(#1114),#1118);
#1114 = CIRCLE('',#1115,9.5);
#1115 = AXIS2_PLACEMENT_2D('',#1116,#1117);
#1116 = CARTESIAN_POINT('',(-7.240892098501E-16,-1.3018215803E-15));
#1117 = DIRECTION('',(0.942809041582,-0.333333333333));
#1118 = ( GEOMETRIC_REPRESENTATION_CONTEXT(2) 
PARAMETRIC_REPRESENTATION_CONTEXT() REPRESENTATION_CONTEXT('2D SPACE',''
  ) );
#1119 = PCURVE('',#444,#1120);
#1120 = DEFINITIONAL_REPRESENTATION('',(#1121),#1125);
#1121 = LINE('',#1122,#1123);
#1122 = CARTESIAN_POINT('',(-0.,-4.1));
#1123 = VECTOR('',#1124,1.);
#1124 = DIRECTION('',(1.,-0.));
#1125 = ( GEOMETRIC_REPRESENTATION_CONTEXT(2) 
PARAMETRIC_REPRESENTATION_CONTEXT() REPRESENTATION_CONTEXT('2D SPACE',''
  ) );
#1126 = ADVANCED_FACE('',(#1127),#557,.F.);
#1127 = FACE_BOUND('',#1128,.T.);
#1128 = EDGE_LOOP('',(#1129,#1164,#1185,#1186));
#1129 = ORIENTED_EDGE('',*,*,#1130,.F.);
#1130 = EDGE_CURVE('',#1131,#1133,#1135,.T.);
#1131 = VERTEX_POINT('',#1132);
#1132 = CARTESIAN_POINT('',(3.637302879306,-8.776105500972,8.6));
#1133 = VERTEX_POINT('',#1134);
#1134 = CARTESIAN_POINT('',(-2.49809214618,-9.16567158637,8.6));
#1135 = SURFACE_CURVE('',#1136,(#1141,#1148),.PCURVE_S1.);
#1136 = CIRCLE('',#1137,9.5);
#1137 = AXIS2_PLACEMENT_3D('',#1138,#1139,#1140);
#1138 = CARTESIAN_POINT('',(-4.440892098501E-16,8.881784197001E-16,8.6)
  );
#1139 = DIRECTION('',(6.21270590928E-17,3.621030363972E-16,-1.));
#1140 = DIRECTION('',(0.942809041582,-0.333333333333,-6.21270590928E-17)
  );
#1141 = PCURVE('',#557,#1142);
#1142 = DEFINITIONAL_REPRESENTATION('',(#1143),#1147);
#1143 = LINE('',#1144,#1145);
#1144 = CARTESIAN_POINT('',(-0.,0.));
#1145 = VECTOR('',#1146,1.);
#1146 = DIRECTION('',(-1.,0.));
#1147 = ( GEOMETRIC_REPRESENTATION_CONTEXT(2) 
PARAMETRIC_REPRESENTATION_CONTEXT() REPRESENTATION_CONTEXT('2D SPACE',''
  ) );
#1148 = PCURVE('',#1149,#1154);
#1149 = PLANE('',#1150);
#1150 = AXIS2_PLACEMENT_3D('',#1151,#1152,#1153);
#1151 = CARTESIAN_POINT('',(-1.215502340035E-15,2.734880265079E-15,8.6)
  );
#1152 = DIRECTION('',(-8.28360787904E-17,-4.828040485296E-16,1.));
#1153 = DIRECTION('',(1.,-3.143584108319E-18,8.28360787904E-17));
#1154 = DEFINITIONAL_REPRESENTATION('',(#1155),#1163);
#1155 = ( BOUNDED_CURVE() B_SPLINE_CURVE(2,(#1156,#1157,#1158,#1159,
#1160,#1161,#1162),.UNSPECIFIED.,.T.,.F.) B_SPLINE_CURVE_WITH_KNOTS((1,2
    ,2,2,2,1),(-2.094395102393,0.,2.094395102393,4.188790204786,
6.28318530718,8.377580409573),.UNSPECIFIED.) CURVE() 
GEOMETRIC_REPRESENTATION_ITEM() RATIONAL_B_SPLINE_CURVE((1.,0.5,1.,0.5,
1.,0.5,1.)) REPRESENTATION_ITEM('') );
#1156 = CARTESIAN_POINT('',(8.95668589503,-3.166666666667));
#1157 = CARTESIAN_POINT('',(3.471858337728,-18.68010170429));
#1158 = CARTESIAN_POINT('',(-7.220756726166,-6.17338418548));
#1159 = CARTESIAN_POINT('',(-17.91337179005,6.333333333333));
#1160 = CARTESIAN_POINT('',(-1.735929168864,9.340050852147));
#1161 = CARTESIAN_POINT('',(14.441513452331,12.34676837096));
#1162 = CARTESIAN_POINT('',(8.95668589503,-3.166666666667));
#1163 = ( GEOMETRIC_REPRESENTATION_CONTEXT(2) 
PARAMETRIC_REPRESENTATION_CONTEXT() REPRESENTATION_CONTEXT('2D SPACE',''
  ) );
#1164 = ORIENTED_EDGE('',*,*,#1165,.F.);
#1165 = EDGE_CURVE('',#513,#1131,#1166,.T.);
#1166 = SURFACE_CURVE('',#1167,(#1171,#1178),.PCURVE_S1.);
#1167 = LINE('',#1168,#1169);
#1168 = CARTESIAN_POINT('',(3.637302879306,-8.776105500972,8.6));
#1169 = VECTOR('',#1170,1.);
#1170 = DIRECTION('',(-6.21270590928E-17,-3.621030363972E-16,1.));
#1171 = PCURVE('',#557,#1172);
#1172 = DEFINITIONAL_REPRESENTATION('',(#1173),#1177);
#1173 = LINE('',#1174,#1175);
#1174 = CARTESIAN_POINT('',(-0.838054071659,7.070501591499E-17));
#1175 = VECTOR('',#1176,1.);
#1176 = DIRECTION('',(-0.,1.));
#1177 = ( GEOMETRIC_REPRESENTATION_CONTEXT(2) 
PARAMETRIC_REPRESENTATION_CONTEXT() REPRESENTATION_CONTEXT('2D SPACE',''
  ) );
#1178 = PCURVE('',#528,#1179);
#1179 = DEFINITIONAL_REPRESENTATION('',(#1180),#1184);
#1180 = LINE('',#1181,#1182);
#1181 = CARTESIAN_POINT('',(0.513167019495,-1.827669432131E-15));
#1182 = VECTOR('',#1183,1.);
#1183 = DIRECTION('',(-1.999839848696E-16,1.));
#1184 = ( GEOMETRIC_REPRESENTATION_CONTEXT(2) 
PARAMETRIC_REPRESENTATION_CONTEXT() REPRESENTATION_CONTEXT('2D SPACE',''
  ) );
#1185 = ORIENTED_EDGE('',*,*,#540,.F.);
#1186 = ORIENTED_EDGE('',*,*,#1187,.T.);
#1187 = EDGE_CURVE('',#541,#1133,#1188,.T.);
#1188 = SURFACE_CURVE('',#1189,(#1193,#1200),.PCURVE_S1.);
#1189 = LINE('',#1190,#1191);
#1190 = CARTESIAN_POINT('',(-2.49809214618,-9.16567158637,8.6));
#1191 = VECTOR('',#1192,1.);
#1192 = DIRECTION('',(-6.21270590928E-17,-3.621030363972E-16,1.));
#1193 = PCURVE('',#557,#1194);
#1194 = DEFINITIONAL_REPRESENTATION('',(#1195),#1199);
#1195 = LINE('',#1196,#1197);
#1196 = CARTESIAN_POINT('',(-1.497045276449,2.899262757664E-17));
#1197 = VECTOR('',#1198,1.);
#1198 = DIRECTION('',(-0.,1.));
#1199 = ( GEOMETRIC_REPRESENTATION_CONTEXT(2) 
PARAMETRIC_REPRESENTATION_CONTEXT() REPRESENTATION_CONTEXT('2D SPACE',''
  ) );
#1200 = PCURVE('',#585,#1201);
#1201 = DEFINITIONAL_REPRESENTATION('',(#1202),#1206);
#1202 = LINE('',#1203,#1204);
#1203 = CARTESIAN_POINT('',(0.525824574138,-1.839824397703E-15));
#1204 = VECTOR('',#1205,1.);
#1205 = DIRECTION('',(-2.414020242648E-16,1.));
#1206 = ( GEOMETRIC_REPRESENTATION_CONTEXT(2) 
PARAMETRIC_REPRESENTATION_CONTEXT() REPRESENTATION_CONTEXT('2D SPACE',''
  ) );
#1207 = ADVANCED_FACE('',(#1208),#1149,.F.);
#1208 = FACE_BOUND('',#1209,.F.);
#1209 = EDGE_LOOP('',(#1210,#1240,#1268,#1291,#1314,#1337,#1365,#1388,
    #1411,#1434,#1462,#1485,#1508,#1531,#1559,#1582,#1605,#1628,#1656,
    #1679,#1702,#1723,#1724,#1747,#1770));
#1210 = ORIENTED_EDGE('',*,*,#1211,.F.);
#1211 = EDGE_CURVE('',#1212,#1214,#1216,.T.);
#1212 = VERTEX_POINT('',#1213);
#1213 = CARTESIAN_POINT('',(8.95668589503,-3.166666666667,8.6));
#1214 = VERTEX_POINT('',#1215);
#1215 = CARTESIAN_POINT('',(4.539671806368,-8.345141094701,8.6));
#1216 = SURFACE_CURVE('',#1217,(#1222,#1233),.PCURVE_S1.);
#1217 = CIRCLE('',#1218,9.5);
#1218 = AXIS2_PLACEMENT_3D('',#1219,#1220,#1221);
#1219 = CARTESIAN_POINT('',(-4.440892098501E-16,8.881784197001E-16,8.6)
  );
#1220 = DIRECTION('',(6.21270590928E-17,3.621030363972E-16,-1.));
#1221 = DIRECTION('',(0.942809041582,-0.333333333333,-6.21270590928E-17)
  );
#1222 = PCURVE('',#1149,#1223);
#1223 = DEFINITIONAL_REPRESENTATION('',(#1224),#1232);
#1224 = ( BOUNDED_CURVE() B_SPLINE_CURVE(2,(#1225,#1226,#1227,#1228,
#1229,#1230,#1231),.UNSPECIFIED.,.T.,.F.) B_SPLINE_CURVE_WITH_KNOTS((1,2
    ,2,2,2,1),(-2.094395102393,0.,2.094395102393,4.188790204786,
6.28318530718,8.377580409573),.UNSPECIFIED.) CURVE() 
GEOMETRIC_REPRESENTATION_ITEM() RATIONAL_B_SPLINE_CURVE((1.,0.5,1.,0.5,
1.,0.5,1.)) REPRESENTATION_ITEM('') );
#1225 = CARTESIAN_POINT('',(8.95668589503,-3.166666666667));
#1226 = CARTESIAN_POINT('',(3.471858337728,-18.68010170429));
#1227 = CARTESIAN_POINT('',(-7.220756726166,-6.17338418548));
#1228 = CARTESIAN_POINT('',(-17.91337179005,6.333333333333));
#1229 = CARTESIAN_POINT('',(-1.735929168864,9.340050852147));
#1230 = CARTESIAN_POINT('',(14.441513452331,12.34676837096));
#1231 = CARTESIAN_POINT('',(8.95668589503,-3.166666666667));
#1232 = ( GEOMETRIC_REPRESENTATION_CONTEXT(2) 
PARAMETRIC_REPRESENTATION_CONTEXT() REPRESENTATION_CONTEXT('2D SPACE',''
  ) );
#1233 = PCURVE('',#444,#1234);
#1234 = DEFINITIONAL_REPRESENTATION('',(#1235),#1239);
#1235 = LINE('',#1236,#1237);
#1236 = CARTESIAN_POINT('',(-0.,-5.105167507777E-48));
#1237 = VECTOR('',#1238,1.);
#1238 = DIRECTION('',(-1.,5.382935811957E-31));
#1239 = ( GEOMETRIC_REPRESENTATION_CONTEXT(2) 
PARAMETRIC_REPRESENTATION_CONTEXT() REPRESENTATION_CONTEXT('2D SPACE',''
  ) );
#1240 = ORIENTED_EDGE('',*,*,#1241,.F.);
#1241 = EDGE_CURVE('',#1242,#1212,#1244,.T.);
#1242 = VERTEX_POINT('',#1243);
#1243 = CARTESIAN_POINT('',(8.776105500972,3.637302879306,8.6));
#1244 = SURFACE_CURVE('',#1245,(#1250,#1261),.PCURVE_S1.);
#1245 = CIRCLE('',#1246,9.5);
#1246 = AXIS2_PLACEMENT_3D('',#1247,#1248,#1249);
#1247 = CARTESIAN_POINT('',(-4.440892098501E-16,8.881784197001E-16,8.6)
  );
#1248 = DIRECTION('',(6.21270590928E-17,3.621030363972E-16,-1.));
#1249 = DIRECTION('',(0.942809041582,-0.333333333333,-6.21270590928E-17)
  );
#1250 = PCURVE('',#1149,#1251);
#1251 = DEFINITIONAL_REPRESENTATION('',(#1252),#1260);
#1252 = ( BOUNDED_CURVE() B_SPLINE_CURVE(2,(#1253,#1254,#1255,#1256,
#1257,#1258,#1259),.UNSPECIFIED.,.T.,.F.) B_SPLINE_CURVE_WITH_KNOTS((1,2
    ,2,2,2,1),(-2.094395102393,0.,2.094395102393,4.188790204786,
6.28318530718,8.377580409573),.UNSPECIFIED.) CURVE() 
GEOMETRIC_REPRESENTATION_ITEM() RATIONAL_B_SPLINE_CURVE((1.,0.5,1.,0.5,
1.,0.5,1.)) REPRESENTATION_ITEM('') );
#1253 = CARTESIAN_POINT('',(8.95668589503,-3.166666666667));
#1254 = CARTESIAN_POINT('',(3.471858337728,-18.68010170429));
#1255 = CARTESIAN_POINT('',(-7.220756726166,-6.17338418548));
#1256 = CARTESIAN_POINT('',(-17.91337179005,6.333333333333));
#1257 = CARTESIAN_POINT('',(-1.735929168864,9.340050852147));
#1258 = CARTESIAN_POINT('',(14.441513452331,12.34676837096));
#1259 = CARTESIAN_POINT('',(8.95668589503,-3.166666666667));
#1260 = ( GEOMETRIC_REPRESENTATION_CONTEXT(2) 
PARAMETRIC_REPRESENTATION_CONTEXT() REPRESENTATION_CONTEXT('2D SPACE',''
  ) );
#1261 = PCURVE('',#444,#1262);
#1262 = DEFINITIONAL_REPRESENTATION('',(#1263),#1267);
#1263 = LINE('',#1264,#1265);
#1264 = CARTESIAN_POINT('',(6.28318530718,-3.382198320318E-30));
#1265 = VECTOR('',#1266,1.);
#1266 = DIRECTION('',(-1.,5.382935811957E-31));
#1267 = ( GEOMETRIC_REPRESENTATION_CONTEXT(2) 
PARAMETRIC_REPRESENTATION_CONTEXT() REPRESENTATION_CONTEXT('2D SPACE',''
  ) );
#1268 = ORIENTED_EDGE('',*,*,#1269,.F.);
#1269 = EDGE_CURVE('',#1270,#1242,#1272,.T.);
#1270 = VERTEX_POINT('',#1271);
#1271 = CARTESIAN_POINT('',(7.885618083164,3.212012989774,8.6));
#1272 = SURFACE_CURVE('',#1273,(#1277,#1284),.PCURVE_S1.);
#1273 = LINE('',#1274,#1275);
#1274 = CARTESIAN_POINT('',(7.885618083164,3.212012989774,8.6));
#1275 = VECTOR('',#1276,1.);
#1276 = DIRECTION('',(0.902368927062,0.430964406271,7.070501591499E-17)
  );
#1277 = PCURVE('',#1149,#1278);
#1278 = DEFINITIONAL_REPRESENTATION('',(#1279),#1283);
#1279 = LINE('',#1280,#1281);
#1280 = CARTESIAN_POINT('',(7.885618083164,3.212012989774));
#1281 = VECTOR('',#1282,1.);
#1282 = DIRECTION('',(0.902368927062,0.430964406271));
#1283 = ( GEOMETRIC_REPRESENTATION_CONTEXT(2) 
PARAMETRIC_REPRESENTATION_CONTEXT() REPRESENTATION_CONTEXT('2D SPACE',''
  ) );
#1284 = PCURVE('',#1093,#1285);
#1285 = DEFINITIONAL_REPRESENTATION('',(#1286),#1290);
#1286 = LINE('',#1287,#1288);
#1287 = CARTESIAN_POINT('',(9.92851250279E-16,-7.199532149453E-32));
#1288 = VECTOR('',#1289,1.);
#1289 = DIRECTION('',(1.,1.232595164408E-32));
#1290 = ( GEOMETRIC_REPRESENTATION_CONTEXT(2) 
PARAMETRIC_REPRESENTATION_CONTEXT() REPRESENTATION_CONTEXT('2D SPACE',''
  ) );
#1291 = ORIENTED_EDGE('',*,*,#1292,.F.);
#1292 = EDGE_CURVE('',#1293,#1270,#1295,.T.);
#1293 = VERTEX_POINT('',#1294);
#1294 = CARTESIAN_POINT('',(7.454653676893,4.114381916836,8.6));
#1295 = SURFACE_CURVE('',#1296,(#1300,#1307),.PCURVE_S1.);
#1296 = LINE('',#1297,#1298);
#1297 = CARTESIAN_POINT('',(7.454653676893,4.114381916836,8.6));
#1298 = VECTOR('',#1299,1.);
#1299 = DIRECTION('',(0.430964406271,-0.902368927062,-9.999199243479E-17
    ));
#1300 = PCURVE('',#1149,#1301);
#1301 = DEFINITIONAL_REPRESENTATION('',(#1302),#1306);
#1302 = LINE('',#1303,#1304);
#1303 = CARTESIAN_POINT('',(7.454653676893,4.114381916836));
#1304 = VECTOR('',#1305,1.);
#1305 = DIRECTION('',(0.430964406271,-0.902368927062));
#1306 = ( GEOMETRIC_REPRESENTATION_CONTEXT(2) 
PARAMETRIC_REPRESENTATION_CONTEXT() REPRESENTATION_CONTEXT('2D SPACE',''
  ) );
#1307 = PCURVE('',#1065,#1308);
#1308 = DEFINITIONAL_REPRESENTATION('',(#1309),#1313);
#1309 = LINE('',#1310,#1311);
#1310 = CARTESIAN_POINT('',(0.,0.));
#1311 = VECTOR('',#1312,1.);
#1312 = DIRECTION('',(1.,-3.697785493223E-32));
#1313 = ( GEOMETRIC_REPRESENTATION_CONTEXT(2) 
PARAMETRIC_REPRESENTATION_CONTEXT() REPRESENTATION_CONTEXT('2D SPACE',''
  ) );
#1314 = ORIENTED_EDGE('',*,*,#1315,.F.);
#1315 = EDGE_CURVE('',#1316,#1293,#1318,.T.);
#1316 = VERTEX_POINT('',#1317);
#1317 = CARTESIAN_POINT('',(8.345141094701,4.539671806368,8.6));
#1318 = SURFACE_CURVE('',#1319,(#1323,#1330),.PCURVE_S1.);
#1319 = LINE('',#1320,#1321);
#1320 = CARTESIAN_POINT('',(8.808207067486,4.760828526243,8.6));
#1321 = VECTOR('',#1322,1.);
#1322 = DIRECTION('',(-0.902368927062,-0.430964406271,
    -7.070501591499E-17));
#1323 = PCURVE('',#1149,#1324);
#1324 = DEFINITIONAL_REPRESENTATION('',(#1325),#1329);
#1325 = LINE('',#1326,#1327);
#1326 = CARTESIAN_POINT('',(8.808207067486,4.760828526243));
#1327 = VECTOR('',#1328,1.);
#1328 = DIRECTION('',(-0.902368927062,-0.430964406271));
#1329 = ( GEOMETRIC_REPRESENTATION_CONTEXT(2) 
PARAMETRIC_REPRESENTATION_CONTEXT() REPRESENTATION_CONTEXT('2D SPACE',''
  ) );
#1330 = PCURVE('',#1037,#1331);
#1331 = DEFINITIONAL_REPRESENTATION('',(#1332),#1336);
#1332 = LINE('',#1333,#1334);
#1333 = CARTESIAN_POINT('',(-0.,0.));
#1334 = VECTOR('',#1335,1.);
#1335 = DIRECTION('',(1.,-1.232595164408E-32));
#1336 = ( GEOMETRIC_REPRESENTATION_CONTEXT(2) 
PARAMETRIC_REPRESENTATION_CONTEXT() REPRESENTATION_CONTEXT('2D SPACE',''
  ) );
#1337 = ORIENTED_EDGE('',*,*,#1338,.F.);
#1338 = EDGE_CURVE('',#1339,#1316,#1341,.T.);
#1339 = VERTEX_POINT('',#1340);
#1340 = CARTESIAN_POINT('',(3.818024804395,8.699004919704,8.6));
#1341 = SURFACE_CURVE('',#1342,(#1347,#1358),.PCURVE_S1.);
#1342 = CIRCLE('',#1343,9.5);
#1343 = AXIS2_PLACEMENT_3D('',#1344,#1345,#1346);
#1344 = CARTESIAN_POINT('',(-4.440892098501E-16,8.881784197001E-16,8.6)
  );
#1345 = DIRECTION('',(6.21270590928E-17,3.621030363972E-16,-1.));
#1346 = DIRECTION('',(0.942809041582,-0.333333333333,-6.21270590928E-17)
  );
#1347 = PCURVE('',#1149,#1348);
#1348 = DEFINITIONAL_REPRESENTATION('',(#1349),#1357);
#1349 = ( BOUNDED_CURVE() B_SPLINE_CURVE(2,(#1350,#1351,#1352,#1353,
#1354,#1355,#1356),.UNSPECIFIED.,.T.,.F.) B_SPLINE_CURVE_WITH_KNOTS((1,2
    ,2,2,2,1),(-2.094395102393,0.,2.094395102393,4.188790204786,
6.28318530718,8.377580409573),.UNSPECIFIED.) CURVE() 
GEOMETRIC_REPRESENTATION_ITEM() RATIONAL_B_SPLINE_CURVE((1.,0.5,1.,0.5,
1.,0.5,1.)) REPRESENTATION_ITEM('') );
#1350 = CARTESIAN_POINT('',(8.95668589503,-3.166666666667));
#1351 = CARTESIAN_POINT('',(3.471858337728,-18.68010170429));
#1352 = CARTESIAN_POINT('',(-7.220756726166,-6.17338418548));
#1353 = CARTESIAN_POINT('',(-17.91337179005,6.333333333333));
#1354 = CARTESIAN_POINT('',(-1.735929168864,9.340050852147));
#1355 = CARTESIAN_POINT('',(14.441513452331,12.34676837096));
#1356 = CARTESIAN_POINT('',(8.95668589503,-3.166666666667));
#1357 = ( GEOMETRIC_REPRESENTATION_CONTEXT(2) 
PARAMETRIC_REPRESENTATION_CONTEXT() REPRESENTATION_CONTEXT('2D SPACE',''
  ) );
#1358 = PCURVE('',#1009,#1359);
#1359 = DEFINITIONAL_REPRESENTATION('',(#1360),#1364);
#1360 = LINE('',#1361,#1362);
#1361 = CARTESIAN_POINT('',(-0.,0.));
#1362 = VECTOR('',#1363,1.);
#1363 = DIRECTION('',(-1.,0.));
#1364 = ( GEOMETRIC_REPRESENTATION_CONTEXT(2) 
PARAMETRIC_REPRESENTATION_CONTEXT() REPRESENTATION_CONTEXT('2D SPACE',''
  ) );
#1365 = ORIENTED_EDGE('',*,*,#1366,.T.);
#1366 = EDGE_CURVE('',#1339,#1367,#1369,.T.);
#1367 = VERTEX_POINT('',#1368);
#1368 = CARTESIAN_POINT('',(2.993299662441,6.366329957741,8.6));
#1369 = SURFACE_CURVE('',#1370,(#1374,#1381),.PCURVE_S1.);
#1370 = LINE('',#1371,#1372);
#1371 = CARTESIAN_POINT('',(3.993299662441,9.194757082487,8.6));
#1372 = VECTOR('',#1373,1.);
#1373 = DIRECTION('',(-0.333333333333,-0.942809041582,
    -1.207010121324E-16));
#1374 = PCURVE('',#1149,#1375);
#1375 = DEFINITIONAL_REPRESENTATION('',(#1376),#1380);
#1376 = LINE('',#1377,#1378);
#1377 = CARTESIAN_POINT('',(3.993299662441,9.194757082487));
#1378 = VECTOR('',#1379,1.);
#1379 = DIRECTION('',(-0.333333333333,-0.942809041582));
#1380 = ( GEOMETRIC_REPRESENTATION_CONTEXT(2) 
PARAMETRIC_REPRESENTATION_CONTEXT() REPRESENTATION_CONTEXT('2D SPACE',''
  ) );
#1381 = PCURVE('',#980,#1382);
#1382 = DEFINITIONAL_REPRESENTATION('',(#1383),#1387);
#1383 = LINE('',#1384,#1385);
#1384 = CARTESIAN_POINT('',(1.822795025879E-15,2.236047206182E-31));
#1385 = VECTOR('',#1386,1.);
#1386 = DIRECTION('',(1.,0.));
#1387 = ( GEOMETRIC_REPRESENTATION_CONTEXT(2) 
PARAMETRIC_REPRESENTATION_CONTEXT() REPRESENTATION_CONTEXT('2D SPACE',''
  ) );
#1388 = ORIENTED_EDGE('',*,*,#1389,.T.);
#1389 = EDGE_CURVE('',#1367,#1390,#1392,.T.);
#1390 = VERTEX_POINT('',#1391);
#1391 = CARTESIAN_POINT('',(1.673367004226,6.832996624408,8.6));
#1392 = SURFACE_CURVE('',#1393,(#1397,#1404),.PCURVE_S1.);
#1393 = LINE('',#1394,#1395);
#1394 = CARTESIAN_POINT('',(2.993299662441,6.366329957741,8.6));
#1395 = VECTOR('',#1396,1.);
#1396 = DIRECTION('',(-0.942809041582,0.333333333333,2.07090196976E-17)
  );
#1397 = PCURVE('',#1149,#1398);
#1398 = DEFINITIONAL_REPRESENTATION('',(#1399),#1403);
#1399 = LINE('',#1400,#1401);
#1400 = CARTESIAN_POINT('',(2.993299662441,6.366329957741));
#1401 = VECTOR('',#1402,1.);
#1402 = DIRECTION('',(-0.942809041582,0.333333333333));
#1403 = ( GEOMETRIC_REPRESENTATION_CONTEXT(2) 
PARAMETRIC_REPRESENTATION_CONTEXT() REPRESENTATION_CONTEXT('2D SPACE',''
  ) );
#1404 = PCURVE('',#952,#1405);
#1405 = DEFINITIONAL_REPRESENTATION('',(#1406),#1410);
#1406 = LINE('',#1407,#1408);
#1407 = CARTESIAN_POINT('',(0.,0.));
#1408 = VECTOR('',#1409,1.);
#1409 = DIRECTION('',(1.,0.));
#1410 = ( GEOMETRIC_REPRESENTATION_CONTEXT(2) 
PARAMETRIC_REPRESENTATION_CONTEXT() REPRESENTATION_CONTEXT('2D SPACE',''
  ) );
#1411 = ORIENTED_EDGE('',*,*,#1412,.T.);
#1412 = EDGE_CURVE('',#1390,#1413,#1415,.T.);
#1413 = VERTEX_POINT('',#1414);
#1414 = CARTESIAN_POINT('',(2.49809214618,9.16567158637,8.6));
#1415 = SURFACE_CURVE('',#1416,(#1420,#1427),.PCURVE_S1.);
#1416 = LINE('',#1417,#1418);
#1417 = CARTESIAN_POINT('',(1.673367004226,6.832996624408,8.6));
#1418 = VECTOR('',#1419,1.);
#1419 = DIRECTION('',(0.333333333333,0.942809041582,1.207010121324E-16)
  );
#1420 = PCURVE('',#1149,#1421);
#1421 = DEFINITIONAL_REPRESENTATION('',(#1422),#1426);
#1422 = LINE('',#1423,#1424);
#1423 = CARTESIAN_POINT('',(1.673367004226,6.832996624408));
#1424 = VECTOR('',#1425,1.);
#1425 = DIRECTION('',(0.333333333333,0.942809041582));
#1426 = ( GEOMETRIC_REPRESENTATION_CONTEXT(2) 
PARAMETRIC_REPRESENTATION_CONTEXT() REPRESENTATION_CONTEXT('2D SPACE',''
  ) );
#1427 = PCURVE('',#924,#1428);
#1428 = DEFINITIONAL_REPRESENTATION('',(#1429),#1433);
#1429 = LINE('',#1430,#1431);
#1430 = CARTESIAN_POINT('',(0.,0.));
#1431 = VECTOR('',#1432,1.);
#1432 = DIRECTION('',(1.,0.));
#1433 = ( GEOMETRIC_REPRESENTATION_CONTEXT(2) 
PARAMETRIC_REPRESENTATION_CONTEXT() REPRESENTATION_CONTEXT('2D SPACE',''
  ) );
#1434 = ORIENTED_EDGE('',*,*,#1435,.F.);
#1435 = EDGE_CURVE('',#1436,#1413,#1438,.T.);
#1436 = VERTEX_POINT('',#1437);
#1437 = CARTESIAN_POINT('',(-3.637302879306,8.776105500972,8.6));
#1438 = SURFACE_CURVE('',#1439,(#1444,#1455),.PCURVE_S1.);
#1439 = CIRCLE('',#1440,9.5);
#1440 = AXIS2_PLACEMENT_3D('',#1441,#1442,#1443);
#1441 = CARTESIAN_POINT('',(-4.440892098501E-16,8.881784197001E-16,8.6)
  );
#1442 = DIRECTION('',(6.21270590928E-17,3.621030363972E-16,-1.));
#1443 = DIRECTION('',(0.942809041582,-0.333333333333,-6.21270590928E-17)
  );
#1444 = PCURVE('',#1149,#1445);
#1445 = DEFINITIONAL_REPRESENTATION('',(#1446),#1454);
#1446 = ( BOUNDED_CURVE() B_SPLINE_CURVE(2,(#1447,#1448,#1449,#1450,
#1451,#1452,#1453),.UNSPECIFIED.,.T.,.F.) B_SPLINE_CURVE_WITH_KNOTS((1,2
    ,2,2,2,1),(-2.094395102393,0.,2.094395102393,4.188790204786,
6.28318530718,8.377580409573),.UNSPECIFIED.) CURVE() 
GEOMETRIC_REPRESENTATION_ITEM() RATIONAL_B_SPLINE_CURVE((1.,0.5,1.,0.5,
1.,0.5,1.)) REPRESENTATION_ITEM('') );
#1447 = CARTESIAN_POINT('',(8.95668589503,-3.166666666667));
#1448 = CARTESIAN_POINT('',(3.471858337728,-18.68010170429));
#1449 = CARTESIAN_POINT('',(-7.220756726166,-6.17338418548));
#1450 = CARTESIAN_POINT('',(-17.91337179005,6.333333333333));
#1451 = CARTESIAN_POINT('',(-1.735929168864,9.340050852147));
#1452 = CARTESIAN_POINT('',(14.441513452331,12.34676837096));
#1453 = CARTESIAN_POINT('',(8.95668589503,-3.166666666667));
#1454 = ( GEOMETRIC_REPRESENTATION_CONTEXT(2) 
PARAMETRIC_REPRESENTATION_CONTEXT() REPRESENTATION_CONTEXT('2D SPACE',''
  ) );
#1455 = PCURVE('',#896,#1456);
#1456 = DEFINITIONAL_REPRESENTATION('',(#1457),#1461);
#1457 = LINE('',#1458,#1459);
#1458 = CARTESIAN_POINT('',(-0.,0.));
#1459 = VECTOR('',#1460,1.);
#1460 = DIRECTION('',(-1.,0.));
#1461 = ( GEOMETRIC_REPRESENTATION_CONTEXT(2) 
PARAMETRIC_REPRESENTATION_CONTEXT() REPRESENTATION_CONTEXT('2D SPACE',''
  ) );
#1462 = ORIENTED_EDGE('',*,*,#1463,.T.);
#1463 = EDGE_CURVE('',#1436,#1464,#1466,.T.);
#1464 = VERTEX_POINT('',#1465);
#1465 = CARTESIAN_POINT('',(-3.212012989774,7.885618083164,8.6));
#1466 = SURFACE_CURVE('',#1467,(#1471,#1478),.PCURVE_S1.);
#1467 = LINE('',#1468,#1469);
#1468 = CARTESIAN_POINT('',(-3.85845959918,9.239171473757,8.6));
#1469 = VECTOR('',#1470,1.);
#1470 = DIRECTION('',(0.430964406271,-0.902368927062,-9.999199243479E-17
    ));
#1471 = PCURVE('',#1149,#1472);
#1472 = DEFINITIONAL_REPRESENTATION('',(#1473),#1477);
#1473 = LINE('',#1474,#1475);
#1474 = CARTESIAN_POINT('',(-3.85845959918,9.239171473757));
#1475 = VECTOR('',#1476,1.);
#1476 = DIRECTION('',(0.430964406271,-0.902368927062));
#1477 = ( GEOMETRIC_REPRESENTATION_CONTEXT(2) 
PARAMETRIC_REPRESENTATION_CONTEXT() REPRESENTATION_CONTEXT('2D SPACE',''
  ) );
#1478 = PCURVE('',#867,#1479);
#1479 = DEFINITIONAL_REPRESENTATION('',(#1480),#1484);
#1480 = LINE('',#1481,#1482);
#1481 = CARTESIAN_POINT('',(1.985702500558E-15,1.960147640353E-31));
#1482 = VECTOR('',#1483,1.);
#1483 = DIRECTION('',(1.,1.232595164408E-32));
#1484 = ( GEOMETRIC_REPRESENTATION_CONTEXT(2) 
PARAMETRIC_REPRESENTATION_CONTEXT() REPRESENTATION_CONTEXT('2D SPACE',''
  ) );
#1485 = ORIENTED_EDGE('',*,*,#1486,.T.);
#1486 = EDGE_CURVE('',#1464,#1487,#1489,.T.);
#1487 = VERTEX_POINT('',#1488);
#1488 = CARTESIAN_POINT('',(-4.114381916836,7.454653676893,8.6));
#1489 = SURFACE_CURVE('',#1490,(#1494,#1501),.PCURVE_S1.);
#1490 = LINE('',#1491,#1492);
#1491 = CARTESIAN_POINT('',(-3.212012989774,7.885618083164,8.6));
#1492 = VECTOR('',#1493,1.);
#1493 = DIRECTION('',(-0.902368927062,-0.430964406271,
    -7.070501591499E-17));
#1494 = PCURVE('',#1149,#1495);
#1495 = DEFINITIONAL_REPRESENTATION('',(#1496),#1500);
#1496 = LINE('',#1497,#1498);
#1497 = CARTESIAN_POINT('',(-3.212012989774,7.885618083164));
#1498 = VECTOR('',#1499,1.);
#1499 = DIRECTION('',(-0.902368927062,-0.430964406271));
#1500 = ( GEOMETRIC_REPRESENTATION_CONTEXT(2) 
PARAMETRIC_REPRESENTATION_CONTEXT() REPRESENTATION_CONTEXT('2D SPACE',''
  ) );
#1501 = PCURVE('',#839,#1502);
#1502 = DEFINITIONAL_REPRESENTATION('',(#1503),#1507);
#1503 = LINE('',#1504,#1505);
#1504 = CARTESIAN_POINT('',(-0.,0.));
#1505 = VECTOR('',#1506,1.);
#1506 = DIRECTION('',(1.,0.));
#1507 = ( GEOMETRIC_REPRESENTATION_CONTEXT(2) 
PARAMETRIC_REPRESENTATION_CONTEXT() REPRESENTATION_CONTEXT('2D SPACE',''
  ) );
#1508 = ORIENTED_EDGE('',*,*,#1509,.T.);
#1509 = EDGE_CURVE('',#1487,#1510,#1512,.T.);
#1510 = VERTEX_POINT('',#1511);
#1511 = CARTESIAN_POINT('',(-4.539671806368,8.345141094701,8.6));
#1512 = SURFACE_CURVE('',#1513,(#1517,#1524),.PCURVE_S1.);
#1513 = LINE('',#1514,#1515);
#1514 = CARTESIAN_POINT('',(-4.114381916836,7.454653676893,8.6));
#1515 = VECTOR('',#1516,1.);
#1516 = DIRECTION('',(-0.430964406271,0.902368927062,9.999199243479E-17)
  );
#1517 = PCURVE('',#1149,#1518);
#1518 = DEFINITIONAL_REPRESENTATION('',(#1519),#1523);
#1519 = LINE('',#1520,#1521);
#1520 = CARTESIAN_POINT('',(-4.114381916836,7.454653676893));
#1521 = VECTOR('',#1522,1.);
#1522 = DIRECTION('',(-0.430964406271,0.902368927062));
#1523 = ( GEOMETRIC_REPRESENTATION_CONTEXT(2) 
PARAMETRIC_REPRESENTATION_CONTEXT() REPRESENTATION_CONTEXT('2D SPACE',''
  ) );
#1524 = PCURVE('',#811,#1525);
#1525 = DEFINITIONAL_REPRESENTATION('',(#1526),#1530);
#1526 = LINE('',#1527,#1528);
#1527 = CARTESIAN_POINT('',(0.,0.));
#1528 = VECTOR('',#1529,1.);
#1529 = DIRECTION('',(1.,0.));
#1530 = ( GEOMETRIC_REPRESENTATION_CONTEXT(2) 
PARAMETRIC_REPRESENTATION_CONTEXT() REPRESENTATION_CONTEXT('2D SPACE',''
  ) );
#1531 = ORIENTED_EDGE('',*,*,#1532,.F.);
#1532 = EDGE_CURVE('',#1533,#1510,#1535,.T.);
#1533 = VERTEX_POINT('',#1534);
#1534 = CARTESIAN_POINT('',(-8.776105500972,-3.637302879306,8.6));
#1535 = SURFACE_CURVE('',#1536,(#1541,#1552),.PCURVE_S1.);
#1536 = CIRCLE('',#1537,9.5);
#1537 = AXIS2_PLACEMENT_3D('',#1538,#1539,#1540);
#1538 = CARTESIAN_POINT('',(-4.440892098501E-16,8.881784197001E-16,8.6)
  );
#1539 = DIRECTION('',(6.21270590928E-17,3.621030363972E-16,-1.));
#1540 = DIRECTION('',(0.942809041582,-0.333333333333,-6.21270590928E-17)
  );
#1541 = PCURVE('',#1149,#1542);
#1542 = DEFINITIONAL_REPRESENTATION('',(#1543),#1551);
#1543 = ( BOUNDED_CURVE() B_SPLINE_CURVE(2,(#1544,#1545,#1546,#1547,
#1548,#1549,#1550),.UNSPECIFIED.,.T.,.F.) B_SPLINE_CURVE_WITH_KNOTS((1,2
    ,2,2,2,1),(-2.094395102393,0.,2.094395102393,4.188790204786,
6.28318530718,8.377580409573),.UNSPECIFIED.) CURVE() 
GEOMETRIC_REPRESENTATION_ITEM() RATIONAL_B_SPLINE_CURVE((1.,0.5,1.,0.5,
1.,0.5,1.)) REPRESENTATION_ITEM('') );
#1544 = CARTESIAN_POINT('',(8.95668589503,-3.166666666667));
#1545 = CARTESIAN_POINT('',(3.471858337728,-18.68010170429));
#1546 = CARTESIAN_POINT('',(-7.220756726166,-6.17338418548));
#1547 = CARTESIAN_POINT('',(-17.91337179005,6.333333333333));
#1548 = CARTESIAN_POINT('',(-1.735929168864,9.340050852147));
#1549 = CARTESIAN_POINT('',(14.441513452331,12.34676837096));
#1550 = CARTESIAN_POINT('',(8.95668589503,-3.166666666667));
#1551 = ( GEOMETRIC_REPRESENTATION_CONTEXT(2) 
PARAMETRIC_REPRESENTATION_CONTEXT() REPRESENTATION_CONTEXT('2D SPACE',''
  ) );
#1552 = PCURVE('',#783,#1553);
#1553 = DEFINITIONAL_REPRESENTATION('',(#1554),#1558);
#1554 = LINE('',#1555,#1556);
#1555 = CARTESIAN_POINT('',(-0.,0.));
#1556 = VECTOR('',#1557,1.);
#1557 = DIRECTION('',(-1.,0.));
#1558 = ( GEOMETRIC_REPRESENTATION_CONTEXT(2) 
PARAMETRIC_REPRESENTATION_CONTEXT() REPRESENTATION_CONTEXT('2D SPACE',''
  ) );
#1559 = ORIENTED_EDGE('',*,*,#1560,.F.);
#1560 = EDGE_CURVE('',#1561,#1533,#1563,.T.);
#1561 = VERTEX_POINT('',#1562);
#1562 = CARTESIAN_POINT('',(-7.885618083164,-3.212012989774,8.6));
#1563 = SURFACE_CURVE('',#1564,(#1568,#1575),.PCURVE_S1.);
#1564 = LINE('',#1565,#1566);
#1565 = CARTESIAN_POINT('',(-7.885618083164,-3.212012989774,8.6));
#1566 = VECTOR('',#1567,1.);
#1567 = DIRECTION('',(-0.902368927062,-0.430964406271,
    -7.070501591499E-17));
#1568 = PCURVE('',#1149,#1569);
#1569 = DEFINITIONAL_REPRESENTATION('',(#1570),#1574);
#1570 = LINE('',#1571,#1572);
#1571 = CARTESIAN_POINT('',(-7.885618083164,-3.212012989774));
#1572 = VECTOR('',#1573,1.);
#1573 = DIRECTION('',(-0.902368927062,-0.430964406271));
#1574 = ( GEOMETRIC_REPRESENTATION_CONTEXT(2) 
PARAMETRIC_REPRESENTATION_CONTEXT() REPRESENTATION_CONTEXT('2D SPACE',''
  ) );
#1575 = PCURVE('',#754,#1576);
#1576 = DEFINITIONAL_REPRESENTATION('',(#1577),#1581);
#1577 = LINE('',#1578,#1579);
#1578 = CARTESIAN_POINT('',(-9.92851250279E-16,-7.199532149453E-32));
#1579 = VECTOR('',#1580,1.);
#1580 = DIRECTION('',(1.,-1.232595164408E-32));
#1581 = ( GEOMETRIC_REPRESENTATION_CONTEXT(2) 
PARAMETRIC_REPRESENTATION_CONTEXT() REPRESENTATION_CONTEXT('2D SPACE',''
  ) );
#1582 = ORIENTED_EDGE('',*,*,#1583,.F.);
#1583 = EDGE_CURVE('',#1584,#1561,#1586,.T.);
#1584 = VERTEX_POINT('',#1585);
#1585 = CARTESIAN_POINT('',(-7.454653676893,-4.114381916836,8.6));
#1586 = SURFACE_CURVE('',#1587,(#1591,#1598),.PCURVE_S1.);
#1587 = LINE('',#1588,#1589);
#1588 = CARTESIAN_POINT('',(-7.454653676893,-4.114381916836,8.6));
#1589 = VECTOR('',#1590,1.);
#1590 = DIRECTION('',(-0.430964406271,0.902368927062,9.999199243479E-17)
  );
#1591 = PCURVE('',#1149,#1592);
#1592 = DEFINITIONAL_REPRESENTATION('',(#1593),#1597);
#1593 = LINE('',#1594,#1595);
#1594 = CARTESIAN_POINT('',(-7.454653676893,-4.114381916836));
#1595 = VECTOR('',#1596,1.);
#1596 = DIRECTION('',(-0.430964406271,0.902368927062));
#1597 = ( GEOMETRIC_REPRESENTATION_CONTEXT(2) 
PARAMETRIC_REPRESENTATION_CONTEXT() REPRESENTATION_CONTEXT('2D SPACE',''
  ) );
#1598 = PCURVE('',#726,#1599);
#1599 = DEFINITIONAL_REPRESENTATION('',(#1600),#1604);
#1600 = LINE('',#1601,#1602);
#1601 = CARTESIAN_POINT('',(0.,0.));
#1602 = VECTOR('',#1603,1.);
#1603 = DIRECTION('',(1.,3.697785493223E-32));
#1604 = ( GEOMETRIC_REPRESENTATION_CONTEXT(2) 
PARAMETRIC_REPRESENTATION_CONTEXT() REPRESENTATION_CONTEXT('2D SPACE',''
  ) );
#1605 = ORIENTED_EDGE('',*,*,#1606,.F.);
#1606 = EDGE_CURVE('',#1607,#1584,#1609,.T.);
#1607 = VERTEX_POINT('',#1608);
#1608 = CARTESIAN_POINT('',(-8.345141094701,-4.539671806368,8.6));
#1609 = SURFACE_CURVE('',#1610,(#1614,#1621),.PCURVE_S1.);
#1610 = LINE('',#1611,#1612);
#1611 = CARTESIAN_POINT('',(-8.808207067486,-4.760828526243,8.6));
#1612 = VECTOR('',#1613,1.);
#1613 = DIRECTION('',(0.902368927062,0.430964406271,7.070501591499E-17)
  );
#1614 = PCURVE('',#1149,#1615);
#1615 = DEFINITIONAL_REPRESENTATION('',(#1616),#1620);
#1616 = LINE('',#1617,#1618);
#1617 = CARTESIAN_POINT('',(-8.808207067486,-4.760828526243));
#1618 = VECTOR('',#1619,1.);
#1619 = DIRECTION('',(0.902368927062,0.430964406271));
#1620 = ( GEOMETRIC_REPRESENTATION_CONTEXT(2) 
PARAMETRIC_REPRESENTATION_CONTEXT() REPRESENTATION_CONTEXT('2D SPACE',''
  ) );
#1621 = PCURVE('',#698,#1622);
#1622 = DEFINITIONAL_REPRESENTATION('',(#1623),#1627);
#1623 = LINE('',#1624,#1625);
#1624 = CARTESIAN_POINT('',(0.,0.));
#1625 = VECTOR('',#1626,1.);
#1626 = DIRECTION('',(1.,1.232595164408E-32));
#1627 = ( GEOMETRIC_REPRESENTATION_CONTEXT(2) 
PARAMETRIC_REPRESENTATION_CONTEXT() REPRESENTATION_CONTEXT('2D SPACE',''
  ) );
#1628 = ORIENTED_EDGE('',*,*,#1629,.F.);
#1629 = EDGE_CURVE('',#1630,#1607,#1632,.T.);
#1630 = VERTEX_POINT('',#1631);
#1631 = CARTESIAN_POINT('',(-3.818024804395,-8.699004919704,8.6));
#1632 = SURFACE_CURVE('',#1633,(#1638,#1649),.PCURVE_S1.);
#1633 = CIRCLE('',#1634,9.5);
#1634 = AXIS2_PLACEMENT_3D('',#1635,#1636,#1637);
#1635 = CARTESIAN_POINT('',(-4.440892098501E-16,8.881784197001E-16,8.6)
  );
#1636 = DIRECTION('',(6.21270590928E-17,3.621030363972E-16,-1.));
#1637 = DIRECTION('',(0.942809041582,-0.333333333333,-6.21270590928E-17)
  );
#1638 = PCURVE('',#1149,#1639);
#1639 = DEFINITIONAL_REPRESENTATION('',(#1640),#1648);
#1640 = ( BOUNDED_CURVE() B_SPLINE_CURVE(2,(#1641,#1642,#1643,#1644,
#1645,#1646,#1647),.UNSPECIFIED.,.T.,.F.) B_SPLINE_CURVE_WITH_KNOTS((1,2
    ,2,2,2,1),(-2.094395102393,0.,2.094395102393,4.188790204786,
6.28318530718,8.377580409573),.UNSPECIFIED.) CURVE() 
GEOMETRIC_REPRESENTATION_ITEM() RATIONAL_B_SPLINE_CURVE((1.,0.5,1.,0.5,
1.,0.5,1.)) REPRESENTATION_ITEM('') );
#1641 = CARTESIAN_POINT('',(8.95668589503,-3.166666666667));
#1642 = CARTESIAN_POINT('',(3.471858337728,-18.68010170429));
#1643 = CARTESIAN_POINT('',(-7.220756726166,-6.17338418548));
#1644 = CARTESIAN_POINT('',(-17.91337179005,6.333333333333));
#1645 = CARTESIAN_POINT('',(-1.735929168864,9.340050852147));
#1646 = CARTESIAN_POINT('',(14.441513452331,12.34676837096));
#1647 = CARTESIAN_POINT('',(8.95668589503,-3.166666666667));
#1648 = ( GEOMETRIC_REPRESENTATION_CONTEXT(2) 
PARAMETRIC_REPRESENTATION_CONTEXT() REPRESENTATION_CONTEXT('2D SPACE',''
  ) );
#1649 = PCURVE('',#670,#1650);
#1650 = DEFINITIONAL_REPRESENTATION('',(#1651),#1655);
#1651 = LINE('',#1652,#1653);
#1652 = CARTESIAN_POINT('',(-0.,0.));
#1653 = VECTOR('',#1654,1.);
#1654 = DIRECTION('',(-1.,0.));
#1655 = ( GEOMETRIC_REPRESENTATION_CONTEXT(2) 
PARAMETRIC_REPRESENTATION_CONTEXT() REPRESENTATION_CONTEXT('2D SPACE',''
  ) );
#1656 = ORIENTED_EDGE('',*,*,#1657,.F.);
#1657 = EDGE_CURVE('',#1658,#1630,#1660,.T.);
#1658 = VERTEX_POINT('',#1659);
#1659 = CARTESIAN_POINT('',(-2.993299662441,-6.366329957741,8.6));
#1660 = SURFACE_CURVE('',#1661,(#1665,#1672),.PCURVE_S1.);
#1661 = LINE('',#1662,#1663);
#1662 = CARTESIAN_POINT('',(-2.993299662441,-6.366329957741,8.6));
#1663 = VECTOR('',#1664,1.);
#1664 = DIRECTION('',(-0.333333333333,-0.942809041582,
    -1.207010121324E-16));
#1665 = PCURVE('',#1149,#1666);
#1666 = DEFINITIONAL_REPRESENTATION('',(#1667),#1671);
#1667 = LINE('',#1668,#1669);
#1668 = CARTESIAN_POINT('',(-2.993299662441,-6.366329957741));
#1669 = VECTOR('',#1670,1.);
#1670 = DIRECTION('',(-0.333333333333,-0.942809041582));
#1671 = ( GEOMETRIC_REPRESENTATION_CONTEXT(2) 
PARAMETRIC_REPRESENTATION_CONTEXT() REPRESENTATION_CONTEXT('2D SPACE',''
  ) );
#1672 = PCURVE('',#641,#1673);
#1673 = DEFINITIONAL_REPRESENTATION('',(#1674),#1678);
#1674 = LINE('',#1675,#1676);
#1675 = CARTESIAN_POINT('',(-0.,0.));
#1676 = VECTOR('',#1677,1.);
#1677 = DIRECTION('',(1.,0.));
#1678 = ( GEOMETRIC_REPRESENTATION_CONTEXT(2) 
PARAMETRIC_REPRESENTATION_CONTEXT() REPRESENTATION_CONTEXT('2D SPACE',''
  ) );
#1679 = ORIENTED_EDGE('',*,*,#1680,.F.);
#1680 = EDGE_CURVE('',#1681,#1658,#1683,.T.);
#1681 = VERTEX_POINT('',#1682);
#1682 = CARTESIAN_POINT('',(-1.673367004226,-6.832996624408,8.6));
#1683 = SURFACE_CURVE('',#1684,(#1688,#1695),.PCURVE_S1.);
#1684 = LINE('',#1685,#1686);
#1685 = CARTESIAN_POINT('',(-1.673367004226,-6.832996624408,8.6));
#1686 = VECTOR('',#1687,1.);
#1687 = DIRECTION('',(-0.942809041582,0.333333333333,2.07090196976E-17)
  );
#1688 = PCURVE('',#1149,#1689);
#1689 = DEFINITIONAL_REPRESENTATION('',(#1690),#1694);
#1690 = LINE('',#1691,#1692);
#1691 = CARTESIAN_POINT('',(-1.673367004226,-6.832996624408));
#1692 = VECTOR('',#1693,1.);
#1693 = DIRECTION('',(-0.942809041582,0.333333333333));
#1694 = ( GEOMETRIC_REPRESENTATION_CONTEXT(2) 
PARAMETRIC_REPRESENTATION_CONTEXT() REPRESENTATION_CONTEXT('2D SPACE',''
  ) );
#1695 = PCURVE('',#613,#1696);
#1696 = DEFINITIONAL_REPRESENTATION('',(#1697),#1701);
#1697 = LINE('',#1698,#1699);
#1698 = CARTESIAN_POINT('',(0.,0.));
#1699 = VECTOR('',#1700,1.);
#1700 = DIRECTION('',(1.,0.));
#1701 = ( GEOMETRIC_REPRESENTATION_CONTEXT(2) 
PARAMETRIC_REPRESENTATION_CONTEXT() REPRESENTATION_CONTEXT('2D SPACE',''
  ) );
#1702 = ORIENTED_EDGE('',*,*,#1703,.F.);
#1703 = EDGE_CURVE('',#1133,#1681,#1704,.T.);
#1704 = SURFACE_CURVE('',#1705,(#1709,#1716),.PCURVE_S1.);
#1705 = LINE('',#1706,#1707);
#1706 = CARTESIAN_POINT('',(-2.673367004226,-9.661423749154,8.6));
#1707 = VECTOR('',#1708,1.);
#1708 = DIRECTION('',(0.333333333333,0.942809041582,1.207010121324E-16)
  );
#1709 = PCURVE('',#1149,#1710);
#1710 = DEFINITIONAL_REPRESENTATION('',(#1711),#1715);
#1711 = LINE('',#1712,#1713);
#1712 = CARTESIAN_POINT('',(-2.673367004226,-9.661423749154));
#1713 = VECTOR('',#1714,1.);
#1714 = DIRECTION('',(0.333333333333,0.942809041582));
#1715 = ( GEOMETRIC_REPRESENTATION_CONTEXT(2) 
PARAMETRIC_REPRESENTATION_CONTEXT() REPRESENTATION_CONTEXT('2D SPACE',''
  ) );
#1716 = PCURVE('',#585,#1717);
#1717 = DEFINITIONAL_REPRESENTATION('',(#1718),#1722);
#1718 = LINE('',#1719,#1720);
#1719 = CARTESIAN_POINT('',(-1.822795025879E-15,2.236047206182E-31));
#1720 = VECTOR('',#1721,1.);
#1721 = DIRECTION('',(1.,0.));
#1722 = ( GEOMETRIC_REPRESENTATION_CONTEXT(2) 
PARAMETRIC_REPRESENTATION_CONTEXT() REPRESENTATION_CONTEXT('2D SPACE',''
  ) );
#1723 = ORIENTED_EDGE('',*,*,#1130,.F.);
#1724 = ORIENTED_EDGE('',*,*,#1725,.T.);
#1725 = EDGE_CURVE('',#1131,#1726,#1728,.T.);
#1726 = VERTEX_POINT('',#1727);
#1727 = CARTESIAN_POINT('',(3.212012989774,-7.885618083164,8.6));
#1728 = SURFACE_CURVE('',#1729,(#1733,#1740),.PCURVE_S1.);
#1729 = LINE('',#1730,#1731);
#1730 = CARTESIAN_POINT('',(3.85845959918,-9.239171473757,8.6));
#1731 = VECTOR('',#1732,1.);
#1732 = DIRECTION('',(-0.430964406271,0.902368927062,9.999199243479E-17)
  );
#1733 = PCURVE('',#1149,#1734);
#1734 = DEFINITIONAL_REPRESENTATION('',(#1735),#1739);
#1735 = LINE('',#1736,#1737);
#1736 = CARTESIAN_POINT('',(3.85845959918,-9.239171473757));
#1737 = VECTOR('',#1738,1.);
#1738 = DIRECTION('',(-0.430964406271,0.902368927062));
#1739 = ( GEOMETRIC_REPRESENTATION_CONTEXT(2) 
PARAMETRIC_REPRESENTATION_CONTEXT() REPRESENTATION_CONTEXT('2D SPACE',''
  ) );
#1740 = PCURVE('',#528,#1741);
#1741 = DEFINITIONAL_REPRESENTATION('',(#1742),#1746);
#1742 = LINE('',#1743,#1744);
#1743 = CARTESIAN_POINT('',(-1.985702500558E-15,1.960147640353E-31));
#1744 = VECTOR('',#1745,1.);
#1745 = DIRECTION('',(1.,-1.232595164408E-32));
#1746 = ( GEOMETRIC_REPRESENTATION_CONTEXT(2) 
PARAMETRIC_REPRESENTATION_CONTEXT() REPRESENTATION_CONTEXT('2D SPACE',''
  ) );
#1747 = ORIENTED_EDGE('',*,*,#1748,.T.);
#1748 = EDGE_CURVE('',#1726,#1749,#1751,.T.);
#1749 = VERTEX_POINT('',#1750);
#1750 = CARTESIAN_POINT('',(4.114381916836,-7.454653676893,8.6));
#1751 = SURFACE_CURVE('',#1752,(#1756,#1763),.PCURVE_S1.);
#1752 = LINE('',#1753,#1754);
#1753 = CARTESIAN_POINT('',(3.212012989774,-7.885618083164,8.6));
#1754 = VECTOR('',#1755,1.);
#1755 = DIRECTION('',(0.902368927062,0.430964406271,7.070501591499E-17)
  );
#1756 = PCURVE('',#1149,#1757);
#1757 = DEFINITIONAL_REPRESENTATION('',(#1758),#1762);
#1758 = LINE('',#1759,#1760);
#1759 = CARTESIAN_POINT('',(3.212012989774,-7.885618083164));
#1760 = VECTOR('',#1761,1.);
#1761 = DIRECTION('',(0.902368927062,0.430964406271));
#1762 = ( GEOMETRIC_REPRESENTATION_CONTEXT(2) 
PARAMETRIC_REPRESENTATION_CONTEXT() REPRESENTATION_CONTEXT('2D SPACE',''
  ) );
#1763 = PCURVE('',#500,#1764);
#1764 = DEFINITIONAL_REPRESENTATION('',(#1765),#1769);
#1765 = LINE('',#1766,#1767);
#1766 = CARTESIAN_POINT('',(0.,0.));
#1767 = VECTOR('',#1768,1.);
#1768 = DIRECTION('',(1.,0.));
#1769 = ( GEOMETRIC_REPRESENTATION_CONTEXT(2) 
PARAMETRIC_REPRESENTATION_CONTEXT() REPRESENTATION_CONTEXT('2D SPACE',''
  ) );
#1770 = ORIENTED_EDGE('',*,*,#1771,.T.);
#1771 = EDGE_CURVE('',#1749,#1214,#1772,.T.);
#1772 = SURFACE_CURVE('',#1773,(#1777,#1784),.PCURVE_S1.);
#1773 = LINE('',#1774,#1775);
#1774 = CARTESIAN_POINT('',(4.114381916836,-7.454653676893,8.6));
#1775 = VECTOR('',#1776,1.);
#1776 = DIRECTION('',(0.430964406271,-0.902368927062,-9.999199243479E-17
    ));
#1777 = PCURVE('',#1149,#1778);
#1778 = DEFINITIONAL_REPRESENTATION('',(#1779),#1783);
#1779 = LINE('',#1780,#1781);
#1780 = CARTESIAN_POINT('',(4.114381916836,-7.454653676893));
#1781 = VECTOR('',#1782,1.);
#1782 = DIRECTION('',(0.430964406271,-0.902368927062));
#1783 = ( GEOMETRIC_REPRESENTATION_CONTEXT(2) 
PARAMETRIC_REPRESENTATION_CONTEXT() REPRESENTATION_CONTEXT('2D SPACE',''
  ) );
#1784 = PCURVE('',#472,#1785);
#1785 = DEFINITIONAL_REPRESENTATION('',(#1786),#1790);
#1786 = LINE('',#1787,#1788);
#1787 = CARTESIAN_POINT('',(0.,0.));
#1788 = VECTOR('',#1789,1.);
#1789 = DIRECTION('',(1.,0.));
#1790 = ( GEOMETRIC_REPRESENTATION_CONTEXT(2) 
PARAMETRIC_REPRESENTATION_CONTEXT() REPRESENTATION_CONTEXT('2D SPACE',''
  ) );
#1791 = ADVANCED_FACE('',(#1792),#670,.F.);
#1792 = FACE_BOUND('',#1793,.T.);
#1793 = EDGE_LOOP('',(#1794,#1795,#1816,#1817));
#1794 = ORIENTED_EDGE('',*,*,#1629,.F.);
#1795 = ORIENTED_EDGE('',*,*,#1796,.F.);
#1796 = EDGE_CURVE('',#626,#1630,#1797,.T.);
#1797 = SURFACE_CURVE('',#1798,(#1802,#1809),.PCURVE_S1.);
#1798 = LINE('',#1799,#1800);
#1799 = CARTESIAN_POINT('',(-3.818024804395,-8.699004919704,8.6));
#1800 = VECTOR('',#1801,1.);
#1801 = DIRECTION('',(-6.21270590928E-17,-3.621030363972E-16,1.));
#1802 = PCURVE('',#670,#1803);
#1803 = DEFINITIONAL_REPRESENTATION('',(#1804),#1808);
#1804 = LINE('',#1805,#1806);
#1805 = CARTESIAN_POINT('',(-1.644547377141,-2.899262757664E-17));
#1806 = VECTOR('',#1807,1.);
#1807 = DIRECTION('',(-0.,1.));
#1808 = ( GEOMETRIC_REPRESENTATION_CONTEXT(2) 
PARAMETRIC_REPRESENTATION_CONTEXT() REPRESENTATION_CONTEXT('2D SPACE',''
  ) );
#1809 = PCURVE('',#641,#1810);
#1810 = DEFINITIONAL_REPRESENTATION('',(#1811),#1815);
#1811 = LINE('',#1812,#1813);
#1812 = CARTESIAN_POINT('',(2.474175425862,-3.254078200706E-15));
#1813 = VECTOR('',#1814,1.);
#1814 = DIRECTION('',(2.414020242648E-16,1.));
#1815 = ( GEOMETRIC_REPRESENTATION_CONTEXT(2) 
PARAMETRIC_REPRESENTATION_CONTEXT() REPRESENTATION_CONTEXT('2D SPACE',''
  ) );
#1816 = ORIENTED_EDGE('',*,*,#653,.F.);
#1817 = ORIENTED_EDGE('',*,*,#1818,.T.);
#1818 = EDGE_CURVE('',#654,#1607,#1819,.T.);
#1819 = SURFACE_CURVE('',#1820,(#1824,#1831),.PCURVE_S1.);
#1820 = LINE('',#1821,#1822);
#1821 = CARTESIAN_POINT('',(-8.345141094701,-4.539671806368,8.6));
#1822 = VECTOR('',#1823,1.);
#1823 = DIRECTION('',(-6.21270590928E-17,-3.621030363972E-16,1.));
#1824 = PCURVE('',#670,#1825);
#1825 = DEFINITIONAL_REPRESENTATION('',(#1826),#1830);
#1826 = LINE('',#1827,#1828);
#1827 = CARTESIAN_POINT('',(-2.303538581931,9.999199243479E-17));
#1828 = VECTOR('',#1829,1.);
#1829 = DIRECTION('',(-0.,1.));
#1830 = ( GEOMETRIC_REPRESENTATION_CONTEXT(2) 
PARAMETRIC_REPRESENTATION_CONTEXT() REPRESENTATION_CONTEXT('2D SPACE',''
  ) );
#1831 = PCURVE('',#698,#1832);
#1832 = DEFINITIONAL_REPRESENTATION('',(#1833),#1837);
#1833 = LINE('',#1834,#1835);
#1834 = CARTESIAN_POINT('',(0.513167019495,-1.812640321681E-15));
#1835 = VECTOR('',#1836,1.);
#1836 = DIRECTION('',(-1.4141003183E-16,1.));
#1837 = ( GEOMETRIC_REPRESENTATION_CONTEXT(2) 
PARAMETRIC_REPRESENTATION_CONTEXT() REPRESENTATION_CONTEXT('2D SPACE',''
  ) );
#1838 = ADVANCED_FACE('',(#1839),#783,.F.);
#1839 = FACE_BOUND('',#1840,.T.);
#1840 = EDGE_LOOP('',(#1841,#1842,#1863,#1864));
#1841 = ORIENTED_EDGE('',*,*,#1532,.F.);
#1842 = ORIENTED_EDGE('',*,*,#1843,.F.);
#1843 = EDGE_CURVE('',#739,#1533,#1844,.T.);
#1844 = SURFACE_CURVE('',#1845,(#1849,#1856),.PCURVE_S1.);
#1845 = LINE('',#1846,#1847);
#1846 = CARTESIAN_POINT('',(-8.776105500972,-3.637302879306,8.6));
#1847 = VECTOR('',#1848,1.);
#1848 = DIRECTION('',(-6.21270590928E-17,-3.621030363972E-16,1.));
#1849 = PCURVE('',#783,#1850);
#1850 = DEFINITIONAL_REPRESENTATION('',(#1851),#1855);
#1851 = LINE('',#1852,#1853);
#1852 = CARTESIAN_POINT('',(-2.408850398454,-9.999199243479E-17));
#1853 = VECTOR('',#1854,1.);
#1854 = DIRECTION('',(-0.,1.));
#1855 = ( GEOMETRIC_REPRESENTATION_CONTEXT(2) 
PARAMETRIC_REPRESENTATION_CONTEXT() REPRESENTATION_CONTEXT('2D SPACE',''
  ) );
#1856 = PCURVE('',#754,#1857);
#1857 = DEFINITIONAL_REPRESENTATION('',(#1858),#1862);
#1858 = LINE('',#1859,#1860);
#1859 = CARTESIAN_POINT('',(0.986832980505,-1.706582797808E-15));
#1860 = VECTOR('',#1861,1.);
#1861 = DIRECTION('',(1.4141003183E-16,1.));
#1862 = ( GEOMETRIC_REPRESENTATION_CONTEXT(2) 
PARAMETRIC_REPRESENTATION_CONTEXT() REPRESENTATION_CONTEXT('2D SPACE',''
  ) );
#1863 = ORIENTED_EDGE('',*,*,#766,.F.);
#1864 = ORIENTED_EDGE('',*,*,#1865,.T.);
#1865 = EDGE_CURVE('',#767,#1510,#1866,.T.);
#1866 = SURFACE_CURVE('',#1867,(#1871,#1878),.PCURVE_S1.);
#1867 = LINE('',#1868,#1869);
#1868 = CARTESIAN_POINT('',(-4.539671806368,8.345141094701,8.6));
#1869 = VECTOR('',#1870,1.);
#1870 = DIRECTION('',(-6.21270590928E-17,-3.621030363972E-16,1.));
#1871 = PCURVE('',#783,#1872);
#1872 = DEFINITIONAL_REPRESENTATION('',(#1873),#1877);
#1873 = LINE('',#1874,#1875);
#1874 = CARTESIAN_POINT('',(-3.874334908726,7.070501591499E-17));
#1875 = VECTOR('',#1876,1.);
#1876 = DIRECTION('',(-0.,1.));
#1877 = ( GEOMETRIC_REPRESENTATION_CONTEXT(2) 
PARAMETRIC_REPRESENTATION_CONTEXT() REPRESENTATION_CONTEXT('2D SPACE',''
  ) );
#1878 = PCURVE('',#811,#1879);
#1879 = DEFINITIONAL_REPRESENTATION('',(#1880),#1884);
#1880 = LINE('',#1881,#1882);
#1881 = CARTESIAN_POINT('',(0.986832980505,3.454038282879E-15));
#1882 = VECTOR('',#1883,1.);
#1883 = DIRECTION('',(-1.999839848696E-16,1.));
#1884 = ( GEOMETRIC_REPRESENTATION_CONTEXT(2) 
PARAMETRIC_REPRESENTATION_CONTEXT() REPRESENTATION_CONTEXT('2D SPACE',''
  ) );
#1885 = ADVANCED_FACE('',(#1886),#896,.F.);
#1886 = FACE_BOUND('',#1887,.T.);
#1887 = EDGE_LOOP('',(#1888,#1909,#1910,#1931));
#1888 = ORIENTED_EDGE('',*,*,#1889,.T.);
#1889 = EDGE_CURVE('',#880,#1413,#1890,.T.);
#1890 = SURFACE_CURVE('',#1891,(#1895,#1902),.PCURVE_S1.);
#1891 = LINE('',#1892,#1893);
#1892 = CARTESIAN_POINT('',(2.49809214618,9.16567158637,8.6));
#1893 = VECTOR('',#1894,1.);
#1894 = DIRECTION('',(-6.21270590928E-17,-3.621030363972E-16,1.));
#1895 = PCURVE('',#896,#1896);
#1896 = DEFINITIONAL_REPRESENTATION('',(#1897),#1901);
#1897 = LINE('',#1898,#1899);
#1898 = CARTESIAN_POINT('',(-4.638637930039,-2.899262757664E-17));
#1899 = VECTOR('',#1900,1.);
#1900 = DIRECTION('',(-0.,1.));
#1901 = ( GEOMETRIC_REPRESENTATION_CONTEXT(2) 
PARAMETRIC_REPRESENTATION_CONTEXT() REPRESENTATION_CONTEXT('2D SPACE',''
  ) );
#1902 = PCURVE('',#924,#1903);
#1903 = DEFINITIONAL_REPRESENTATION('',(#1904),#1908);
#1904 = LINE('',#1905,#1906);
#1905 = CARTESIAN_POINT('',(2.474175425862,3.254078200706E-15));
#1906 = VECTOR('',#1907,1.);
#1907 = DIRECTION('',(-2.414020242648E-16,1.));
#1908 = ( GEOMETRIC_REPRESENTATION_CONTEXT(2) 
PARAMETRIC_REPRESENTATION_CONTEXT() REPRESENTATION_CONTEXT('2D SPACE',''
  ) );
#1909 = ORIENTED_EDGE('',*,*,#1435,.F.);
#1910 = ORIENTED_EDGE('',*,*,#1911,.F.);
#1911 = EDGE_CURVE('',#852,#1436,#1912,.T.);
#1912 = SURFACE_CURVE('',#1913,(#1917,#1924),.PCURVE_S1.);
#1913 = LINE('',#1914,#1915);
#1914 = CARTESIAN_POINT('',(-3.637302879306,8.776105500972,8.6));
#1915 = VECTOR('',#1916,1.);
#1916 = DIRECTION('',(-6.21270590928E-17,-3.621030363972E-16,1.));
#1917 = PCURVE('',#896,#1918);
#1918 = DEFINITIONAL_REPRESENTATION('',(#1919),#1923);
#1919 = LINE('',#1920,#1921);
#1920 = CARTESIAN_POINT('',(-3.979646725249,-7.070501591499E-17));
#1921 = VECTOR('',#1922,1.);
#1922 = DIRECTION('',(-0.,1.));
#1923 = ( GEOMETRIC_REPRESENTATION_CONTEXT(2) 
PARAMETRIC_REPRESENTATION_CONTEXT() REPRESENTATION_CONTEXT('2D SPACE',''
  ) );
#1924 = PCURVE('',#867,#1925);
#1925 = DEFINITIONAL_REPRESENTATION('',(#1926),#1930);
#1926 = LINE('',#1927,#1928);
#1927 = CARTESIAN_POINT('',(0.513167019495,1.827669432131E-15));
#1928 = VECTOR('',#1929,1.);
#1929 = DIRECTION('',(1.999839848696E-16,1.));
#1930 = ( GEOMETRIC_REPRESENTATION_CONTEXT(2) 
PARAMETRIC_REPRESENTATION_CONTEXT() REPRESENTATION_CONTEXT('2D SPACE',''
  ) );
#1931 = ORIENTED_EDGE('',*,*,#879,.F.);
#1932 = ADVANCED_FACE('',(#1933),#1009,.F.);
#1933 = FACE_BOUND('',#1934,.T.);
#1934 = EDGE_LOOP('',(#1935,#1956,#1957,#1978));
#1935 = ORIENTED_EDGE('',*,*,#1936,.T.);
#1936 = EDGE_CURVE('',#993,#1316,#1937,.T.);
#1937 = SURFACE_CURVE('',#1938,(#1942,#1949),.PCURVE_S1.);
#1938 = LINE('',#1939,#1940);
#1939 = CARTESIAN_POINT('',(8.345141094701,4.539671806368,8.6));
#1940 = VECTOR('',#1941,1.);
#1941 = DIRECTION('',(-6.21270590928E-17,-3.621030363972E-16,1.));
#1942 = PCURVE('',#1009,#1943);
#1943 = DEFINITIONAL_REPRESENTATION('',(#1944),#1948);
#1944 = LINE('',#1945,#1946);
#1945 = CARTESIAN_POINT('',(-5.445131235521,-9.999199243479E-17));
#1946 = VECTOR('',#1947,1.);
#1947 = DIRECTION('',(-0.,1.));
#1948 = ( GEOMETRIC_REPRESENTATION_CONTEXT(2) 
PARAMETRIC_REPRESENTATION_CONTEXT() REPRESENTATION_CONTEXT('2D SPACE',''
  ) );
#1949 = PCURVE('',#1037,#1950);
#1950 = DEFINITIONAL_REPRESENTATION('',(#1951),#1955);
#1951 = LINE('',#1952,#1953);
#1952 = CARTESIAN_POINT('',(0.513167019495,1.812640321681E-15));
#1953 = VECTOR('',#1954,1.);
#1954 = DIRECTION('',(1.4141003183E-16,1.));
#1955 = ( GEOMETRIC_REPRESENTATION_CONTEXT(2) 
PARAMETRIC_REPRESENTATION_CONTEXT() REPRESENTATION_CONTEXT('2D SPACE',''
  ) );
#1956 = ORIENTED_EDGE('',*,*,#1338,.F.);
#1957 = ORIENTED_EDGE('',*,*,#1958,.F.);
#1958 = EDGE_CURVE('',#965,#1339,#1959,.T.);
#1959 = SURFACE_CURVE('',#1960,(#1964,#1971),.PCURVE_S1.);
#1960 = LINE('',#1961,#1962);
#1961 = CARTESIAN_POINT('',(3.818024804395,8.699004919704,8.6));
#1962 = VECTOR('',#1963,1.);
#1963 = DIRECTION('',(-6.21270590928E-17,-3.621030363972E-16,1.));
#1964 = PCURVE('',#1009,#1965);
#1965 = DEFINITIONAL_REPRESENTATION('',(#1966),#1970);
#1966 = LINE('',#1967,#1968);
#1967 = CARTESIAN_POINT('',(-4.78614003073,2.899262757664E-17));
#1968 = VECTOR('',#1969,1.);
#1969 = DIRECTION('',(-0.,1.));
#1970 = ( GEOMETRIC_REPRESENTATION_CONTEXT(2) 
PARAMETRIC_REPRESENTATION_CONTEXT() REPRESENTATION_CONTEXT('2D SPACE',''
  ) );
#1971 = PCURVE('',#980,#1972);
#1972 = DEFINITIONAL_REPRESENTATION('',(#1973),#1977);
#1973 = LINE('',#1974,#1975);
#1974 = CARTESIAN_POINT('',(0.525824574138,1.839824397703E-15));
#1975 = VECTOR('',#1976,1.);
#1976 = DIRECTION('',(2.414020242648E-16,1.));
#1977 = ( GEOMETRIC_REPRESENTATION_CONTEXT(2) 
PARAMETRIC_REPRESENTATION_CONTEXT() REPRESENTATION_CONTEXT('2D SPACE',''
  ) );
#1978 = ORIENTED_EDGE('',*,*,#992,.F.);
#1979 = ADVANCED_FACE('',(#1980),#1093,.T.);
#1980 = FACE_BOUND('',#1981,.T.);
#1981 = EDGE_LOOP('',(#1982,#1983,#2004,#2005));
#1982 = ORIENTED_EDGE('',*,*,#1269,.F.);
#1983 = ORIENTED_EDGE('',*,*,#1984,.T.);
#1984 = EDGE_CURVE('',#1270,#1050,#1985,.T.);
#1985 = SURFACE_CURVE('',#1986,(#1990,#1997),.PCURVE_S1.);
#1986 = LINE('',#1987,#1988);
#1987 = CARTESIAN_POINT('',(7.885618083164,3.212012989774,8.6));
#1988 = VECTOR('',#1989,1.);
#1989 = DIRECTION('',(2.07090196976E-17,1.207010121324E-16,-1.));
#1990 = PCURVE('',#1093,#1991);
#1991 = DEFINITIONAL_REPRESENTATION('',(#1992),#1996);
#1992 = LINE('',#1993,#1994);
#1993 = CARTESIAN_POINT('',(0.,0.));
#1994 = VECTOR('',#1995,1.);
#1995 = DIRECTION('',(-1.232595164408E-32,-1.));
#1996 = ( GEOMETRIC_REPRESENTATION_CONTEXT(2) 
PARAMETRIC_REPRESENTATION_CONTEXT() REPRESENTATION_CONTEXT('2D SPACE',''
  ) );
#1997 = PCURVE('',#1065,#1998);
#1998 = DEFINITIONAL_REPRESENTATION('',(#1999),#2003);
#1999 = LINE('',#2000,#2001);
#2000 = CARTESIAN_POINT('',(1.,9.999199243479E-17));
#2001 = VECTOR('',#2002,1.);
#2002 = DIRECTION('',(1.232595164408E-32,-1.));
#2003 = ( GEOMETRIC_REPRESENTATION_CONTEXT(2) 
PARAMETRIC_REPRESENTATION_CONTEXT() REPRESENTATION_CONTEXT('2D SPACE',''
  ) );
#2004 = ORIENTED_EDGE('',*,*,#1077,.F.);
#2005 = ORIENTED_EDGE('',*,*,#2006,.T.);
#2006 = EDGE_CURVE('',#1078,#1242,#2007,.T.);
#2007 = SURFACE_CURVE('',#2008,(#2012,#2019),.PCURVE_S1.);
#2008 = LINE('',#2009,#2010);
#2009 = CARTESIAN_POINT('',(8.776105500972,3.637302879306,8.6));
#2010 = VECTOR('',#2011,1.);
#2011 = DIRECTION('',(-6.21270590928E-17,-3.621030363972E-16,1.));
#2012 = PCURVE('',#1093,#2013);
#2013 = DEFINITIONAL_REPRESENTATION('',(#2014),#2018);
#2014 = LINE('',#2015,#2016);
#2015 = CARTESIAN_POINT('',(0.986832980505,1.706582797808E-15));
#2016 = VECTOR('',#2017,1.);
#2017 = DIRECTION('',(-1.4141003183E-16,1.));
#2018 = ( GEOMETRIC_REPRESENTATION_CONTEXT(2) 
PARAMETRIC_REPRESENTATION_CONTEXT() REPRESENTATION_CONTEXT('2D SPACE',''
  ) );
#2019 = PCURVE('',#444,#2020);
#2020 = DEFINITIONAL_REPRESENTATION('',(#2021),#2025);
#2021 = LINE('',#2022,#2023);
#2022 = CARTESIAN_POINT('',(0.732742255136,-0.));
#2023 = VECTOR('',#2024,1.);
#2024 = DIRECTION('',(-0.,1.));
#2025 = ( GEOMETRIC_REPRESENTATION_CONTEXT(2) 
PARAMETRIC_REPRESENTATION_CONTEXT() REPRESENTATION_CONTEXT('2D SPACE',''
  ) );
#2026 = ADVANCED_FACE('',(#2027),#1037,.T.);
#2027 = FACE_BOUND('',#2028,.T.);
#2028 = EDGE_LOOP('',(#2029,#2030,#2031,#2032));
#2029 = ORIENTED_EDGE('',*,*,#1315,.F.);
#2030 = ORIENTED_EDGE('',*,*,#1936,.F.);
#2031 = ORIENTED_EDGE('',*,*,#1021,.F.);
#2032 = ORIENTED_EDGE('',*,*,#2033,.F.);
#2033 = EDGE_CURVE('',#1293,#1022,#2034,.T.);
#2034 = SURFACE_CURVE('',#2035,(#2039,#2046),.PCURVE_S1.);
#2035 = LINE('',#2036,#2037);
#2036 = CARTESIAN_POINT('',(7.454653676893,4.114381916836,8.6));
#2037 = VECTOR('',#2038,1.);
#2038 = DIRECTION('',(2.07090196976E-17,1.207010121324E-16,-1.));
#2039 = PCURVE('',#1037,#2040);
#2040 = DEFINITIONAL_REPRESENTATION('',(#2041),#2045);
#2041 = LINE('',#2042,#2043);
#2042 = CARTESIAN_POINT('',(1.5,1.060575238725E-16));
#2043 = VECTOR('',#2044,1.);
#2044 = DIRECTION('',(1.232595164408E-32,-1.));
#2045 = ( GEOMETRIC_REPRESENTATION_CONTEXT(2) 
PARAMETRIC_REPRESENTATION_CONTEXT() REPRESENTATION_CONTEXT('2D SPACE',''
  ) );
#2046 = PCURVE('',#1065,#2047);
#2047 = DEFINITIONAL_REPRESENTATION('',(#2048),#2052);
#2048 = LINE('',#2049,#2050);
#2049 = CARTESIAN_POINT('',(0.,0.));
#2050 = VECTOR('',#2051,1.);
#2051 = DIRECTION('',(1.232595164408E-32,-1.));
#2052 = ( GEOMETRIC_REPRESENTATION_CONTEXT(2) 
PARAMETRIC_REPRESENTATION_CONTEXT() REPRESENTATION_CONTEXT('2D SPACE',''
  ) );
#2053 = ADVANCED_FACE('',(#2054),#980,.F.);
#2054 = FACE_BOUND('',#2055,.F.);
#2055 = EDGE_LOOP('',(#2056,#2057,#2058,#2059));
#2056 = ORIENTED_EDGE('',*,*,#1366,.F.);
#2057 = ORIENTED_EDGE('',*,*,#1958,.F.);
#2058 = ORIENTED_EDGE('',*,*,#964,.F.);
#2059 = ORIENTED_EDGE('',*,*,#2060,.F.);
#2060 = EDGE_CURVE('',#1367,#937,#2061,.T.);
#2061 = SURFACE_CURVE('',#2062,(#2066,#2073),.PCURVE_S1.);
#2062 = LINE('',#2063,#2064);
#2063 = CARTESIAN_POINT('',(2.993299662441,6.366329957741,8.6));
#2064 = VECTOR('',#2065,1.);
#2065 = DIRECTION('',(2.07090196976E-17,1.207010121324E-16,-1.));
#2066 = PCURVE('',#980,#2067);
#2067 = DEFINITIONAL_REPRESENTATION('',(#2068),#2072);
#2068 = LINE('',#2069,#2070);
#2069 = CARTESIAN_POINT('',(3.,-1.414253803003E-15));
#2070 = VECTOR('',#2071,1.);
#2071 = DIRECTION('',(0.,-1.));
#2072 = ( GEOMETRIC_REPRESENTATION_CONTEXT(2) 
PARAMETRIC_REPRESENTATION_CONTEXT() REPRESENTATION_CONTEXT('2D SPACE',''
  ) );
#2073 = PCURVE('',#952,#2074);
#2074 = DEFINITIONAL_REPRESENTATION('',(#2075),#2079);
#2075 = LINE('',#2076,#2077);
#2076 = CARTESIAN_POINT('',(0.,0.));
#2077 = VECTOR('',#2078,1.);
#2078 = DIRECTION('',(0.,-1.));
#2079 = ( GEOMETRIC_REPRESENTATION_CONTEXT(2) 
PARAMETRIC_REPRESENTATION_CONTEXT() REPRESENTATION_CONTEXT('2D SPACE',''
  ) );
#2080 = ADVANCED_FACE('',(#2081),#924,.F.);
#2081 = FACE_BOUND('',#2082,.F.);
#2082 = EDGE_LOOP('',(#2083,#2084,#2105,#2106));
#2083 = ORIENTED_EDGE('',*,*,#1412,.F.);
#2084 = ORIENTED_EDGE('',*,*,#2085,.T.);
#2085 = EDGE_CURVE('',#1390,#909,#2086,.T.);
#2086 = SURFACE_CURVE('',#2087,(#2091,#2098),.PCURVE_S1.);
#2087 = LINE('',#2088,#2089);
#2088 = CARTESIAN_POINT('',(1.673367004226,6.832996624408,8.6));
#2089 = VECTOR('',#2090,1.);
#2090 = DIRECTION('',(2.07090196976E-17,1.207010121324E-16,-1.));
#2091 = PCURVE('',#924,#2092);
#2092 = DEFINITIONAL_REPRESENTATION('',(#2093),#2097);
#2093 = LINE('',#2094,#2095);
#2094 = CARTESIAN_POINT('',(0.,0.));
#2095 = VECTOR('',#2096,1.);
#2096 = DIRECTION('',(0.,-1.));
#2097 = ( GEOMETRIC_REPRESENTATION_CONTEXT(2) 
PARAMETRIC_REPRESENTATION_CONTEXT() REPRESENTATION_CONTEXT('2D SPACE',''
  ) );
#2098 = PCURVE('',#952,#2099);
#2099 = DEFINITIONAL_REPRESENTATION('',(#2100),#2104);
#2100 = LINE('',#2101,#2102);
#2101 = CARTESIAN_POINT('',(1.4,-2.899262757664E-17));
#2102 = VECTOR('',#2103,1.);
#2103 = DIRECTION('',(0.,-1.));
#2104 = ( GEOMETRIC_REPRESENTATION_CONTEXT(2) 
PARAMETRIC_REPRESENTATION_CONTEXT() REPRESENTATION_CONTEXT('2D SPACE',''
  ) );
#2105 = ORIENTED_EDGE('',*,*,#908,.F.);
#2106 = ORIENTED_EDGE('',*,*,#1889,.T.);
#2107 = ADVANCED_FACE('',(#2108),#867,.F.);
#2108 = FACE_BOUND('',#2109,.F.);
#2109 = EDGE_LOOP('',(#2110,#2111,#2112,#2113));
#2110 = ORIENTED_EDGE('',*,*,#1463,.F.);
#2111 = ORIENTED_EDGE('',*,*,#1911,.F.);
#2112 = ORIENTED_EDGE('',*,*,#851,.F.);
#2113 = ORIENTED_EDGE('',*,*,#2114,.F.);
#2114 = EDGE_CURVE('',#1464,#824,#2115,.T.);
#2115 = SURFACE_CURVE('',#2116,(#2120,#2127),.PCURVE_S1.);
#2116 = LINE('',#2117,#2118);
#2117 = CARTESIAN_POINT('',(-3.212012989774,7.885618083164,8.6));
#2118 = VECTOR('',#2119,1.);
#2119 = DIRECTION('',(2.07090196976E-17,1.207010121324E-16,-1.));
#2120 = PCURVE('',#867,#2121);
#2121 = DEFINITIONAL_REPRESENTATION('',(#2122),#2126);
#2122 = LINE('',#2123,#2124);
#2123 = CARTESIAN_POINT('',(1.5,-1.626368850748E-15));
#2124 = VECTOR('',#2125,1.);
#2125 = DIRECTION('',(0.,-1.));
#2126 = ( GEOMETRIC_REPRESENTATION_CONTEXT(2) 
PARAMETRIC_REPRESENTATION_CONTEXT() REPRESENTATION_CONTEXT('2D SPACE',''
  ) );
#2127 = PCURVE('',#839,#2128);
#2128 = DEFINITIONAL_REPRESENTATION('',(#2129),#2133);
#2129 = LINE('',#2130,#2131);
#2130 = CARTESIAN_POINT('',(-0.,0.));
#2131 = VECTOR('',#2132,1.);
#2132 = DIRECTION('',(2.465190328816E-32,-1.));
#2133 = ( GEOMETRIC_REPRESENTATION_CONTEXT(2) 
PARAMETRIC_REPRESENTATION_CONTEXT() REPRESENTATION_CONTEXT('2D SPACE',''
  ) );
#2134 = ADVANCED_FACE('',(#2135),#811,.F.);
#2135 = FACE_BOUND('',#2136,.F.);
#2136 = EDGE_LOOP('',(#2137,#2138,#2159,#2160));
#2137 = ORIENTED_EDGE('',*,*,#1509,.F.);
#2138 = ORIENTED_EDGE('',*,*,#2139,.T.);
#2139 = EDGE_CURVE('',#1487,#796,#2140,.T.);
#2140 = SURFACE_CURVE('',#2141,(#2145,#2152),.PCURVE_S1.);
#2141 = LINE('',#2142,#2143);
#2142 = CARTESIAN_POINT('',(-4.114381916836,7.454653676893,8.6));
#2143 = VECTOR('',#2144,1.);
#2144 = DIRECTION('',(2.07090196976E-17,1.207010121324E-16,-1.));
#2145 = PCURVE('',#811,#2146);
#2146 = DEFINITIONAL_REPRESENTATION('',(#2147),#2151);
#2147 = LINE('',#2148,#2149);
#2148 = CARTESIAN_POINT('',(0.,0.));
#2149 = VECTOR('',#2150,1.);
#2150 = DIRECTION('',(0.,-1.));
#2151 = ( GEOMETRIC_REPRESENTATION_CONTEXT(2) 
PARAMETRIC_REPRESENTATION_CONTEXT() REPRESENTATION_CONTEXT('2D SPACE',''
  ) );
#2152 = PCURVE('',#839,#2153);
#2153 = DEFINITIONAL_REPRESENTATION('',(#2154),#2158);
#2154 = LINE('',#2155,#2156);
#2155 = CARTESIAN_POINT('',(1.,7.070501591499E-17));
#2156 = VECTOR('',#2157,1.);
#2157 = DIRECTION('',(2.465190328816E-32,-1.));
#2158 = ( GEOMETRIC_REPRESENTATION_CONTEXT(2) 
PARAMETRIC_REPRESENTATION_CONTEXT() REPRESENTATION_CONTEXT('2D SPACE',''
  ) );
#2159 = ORIENTED_EDGE('',*,*,#795,.F.);
#2160 = ORIENTED_EDGE('',*,*,#1865,.T.);
#2161 = ADVANCED_FACE('',(#2162),#754,.T.);
#2162 = FACE_BOUND('',#2163,.T.);
#2163 = EDGE_LOOP('',(#2164,#2165,#2186,#2187));
#2164 = ORIENTED_EDGE('',*,*,#1560,.F.);
#2165 = ORIENTED_EDGE('',*,*,#2166,.T.);
#2166 = EDGE_CURVE('',#1561,#711,#2167,.T.);
#2167 = SURFACE_CURVE('',#2168,(#2172,#2179),.PCURVE_S1.);
#2168 = LINE('',#2169,#2170);
#2169 = CARTESIAN_POINT('',(-7.885618083164,-3.212012989774,8.6));
#2170 = VECTOR('',#2171,1.);
#2171 = DIRECTION('',(2.07090196976E-17,1.207010121324E-16,-1.));
#2172 = PCURVE('',#754,#2173);
#2173 = DEFINITIONAL_REPRESENTATION('',(#2174),#2178);
#2174 = LINE('',#2175,#2176);
#2175 = CARTESIAN_POINT('',(-0.,0.));
#2176 = VECTOR('',#2177,1.);
#2177 = DIRECTION('',(1.232595164408E-32,-1.));
#2178 = ( GEOMETRIC_REPRESENTATION_CONTEXT(2) 
PARAMETRIC_REPRESENTATION_CONTEXT() REPRESENTATION_CONTEXT('2D SPACE',''
  ) );
#2179 = PCURVE('',#726,#2180);
#2180 = DEFINITIONAL_REPRESENTATION('',(#2181),#2185);
#2181 = LINE('',#2182,#2183);
#2182 = CARTESIAN_POINT('',(1.,-9.999199243479E-17));
#2183 = VECTOR('',#2184,1.);
#2184 = DIRECTION('',(-1.232595164408E-32,-1.));
#2185 = ( GEOMETRIC_REPRESENTATION_CONTEXT(2) 
PARAMETRIC_REPRESENTATION_CONTEXT() REPRESENTATION_CONTEXT('2D SPACE',''
  ) );
#2186 = ORIENTED_EDGE('',*,*,#738,.F.);
#2187 = ORIENTED_EDGE('',*,*,#1843,.T.);
#2188 = ADVANCED_FACE('',(#2189),#698,.T.);
#2189 = FACE_BOUND('',#2190,.T.);
#2190 = EDGE_LOOP('',(#2191,#2192,#2193,#2194));
#2191 = ORIENTED_EDGE('',*,*,#1606,.F.);
#2192 = ORIENTED_EDGE('',*,*,#1818,.F.);
#2193 = ORIENTED_EDGE('',*,*,#682,.F.);
#2194 = ORIENTED_EDGE('',*,*,#2195,.F.);
#2195 = EDGE_CURVE('',#1584,#683,#2196,.T.);
#2196 = SURFACE_CURVE('',#2197,(#2201,#2208),.PCURVE_S1.);
#2197 = LINE('',#2198,#2199);
#2198 = CARTESIAN_POINT('',(-7.454653676893,-4.114381916836,8.6));
#2199 = VECTOR('',#2200,1.);
#2200 = DIRECTION('',(2.07090196976E-17,1.207010121324E-16,-1.));
#2201 = PCURVE('',#698,#2202);
#2202 = DEFINITIONAL_REPRESENTATION('',(#2203),#2207);
#2203 = LINE('',#2204,#2205);
#2204 = CARTESIAN_POINT('',(1.5,-1.060575238725E-16));
#2205 = VECTOR('',#2206,1.);
#2206 = DIRECTION('',(-1.232595164408E-32,-1.));
#2207 = ( GEOMETRIC_REPRESENTATION_CONTEXT(2) 
PARAMETRIC_REPRESENTATION_CONTEXT() REPRESENTATION_CONTEXT('2D SPACE',''
  ) );
#2208 = PCURVE('',#726,#2209);
#2209 = DEFINITIONAL_REPRESENTATION('',(#2210),#2214);
#2210 = LINE('',#2211,#2212);
#2211 = CARTESIAN_POINT('',(0.,0.));
#2212 = VECTOR('',#2213,1.);
#2213 = DIRECTION('',(-1.232595164408E-32,-1.));
#2214 = ( GEOMETRIC_REPRESENTATION_CONTEXT(2) 
PARAMETRIC_REPRESENTATION_CONTEXT() REPRESENTATION_CONTEXT('2D SPACE',''
  ) );
#2215 = ADVANCED_FACE('',(#2216),#641,.T.);
#2216 = FACE_BOUND('',#2217,.T.);
#2217 = EDGE_LOOP('',(#2218,#2219,#2240,#2241));
#2218 = ORIENTED_EDGE('',*,*,#1657,.F.);
#2219 = ORIENTED_EDGE('',*,*,#2220,.T.);
#2220 = EDGE_CURVE('',#1658,#598,#2221,.T.);
#2221 = SURFACE_CURVE('',#2222,(#2226,#2233),.PCURVE_S1.);
#2222 = LINE('',#2223,#2224);
#2223 = CARTESIAN_POINT('',(-2.993299662441,-6.366329957741,8.6));
#2224 = VECTOR('',#2225,1.);
#2225 = DIRECTION('',(2.07090196976E-17,1.207010121324E-16,-1.));
#2226 = PCURVE('',#641,#2227);
#2227 = DEFINITIONAL_REPRESENTATION('',(#2228),#2232);
#2228 = LINE('',#2229,#2230);
#2229 = CARTESIAN_POINT('',(-0.,0.));
#2230 = VECTOR('',#2231,1.);
#2231 = DIRECTION('',(0.,-1.));
#2232 = ( GEOMETRIC_REPRESENTATION_CONTEXT(2) 
PARAMETRIC_REPRESENTATION_CONTEXT() REPRESENTATION_CONTEXT('2D SPACE',''
  ) );
#2233 = PCURVE('',#613,#2234);
#2234 = DEFINITIONAL_REPRESENTATION('',(#2235),#2239);
#2235 = LINE('',#2236,#2237);
#2236 = CARTESIAN_POINT('',(1.4,-2.899262757664E-17));
#2237 = VECTOR('',#2238,1.);
#2238 = DIRECTION('',(0.,-1.));
#2239 = ( GEOMETRIC_REPRESENTATION_CONTEXT(2) 
PARAMETRIC_REPRESENTATION_CONTEXT() REPRESENTATION_CONTEXT('2D SPACE',''
  ) );
#2240 = ORIENTED_EDGE('',*,*,#625,.F.);
#2241 = ORIENTED_EDGE('',*,*,#1796,.T.);
#2242 = ADVANCED_FACE('',(#2243),#585,.T.);
#2243 = FACE_BOUND('',#2244,.T.);
#2244 = EDGE_LOOP('',(#2245,#2246,#2247,#2248));
#2245 = ORIENTED_EDGE('',*,*,#1703,.F.);
#2246 = ORIENTED_EDGE('',*,*,#1187,.F.);
#2247 = ORIENTED_EDGE('',*,*,#569,.F.);
#2248 = ORIENTED_EDGE('',*,*,#2249,.F.);
#2249 = EDGE_CURVE('',#1681,#570,#2250,.T.);
#2250 = SURFACE_CURVE('',#2251,(#2255,#2262),.PCURVE_S1.);
#2251 = LINE('',#2252,#2253);
#2252 = CARTESIAN_POINT('',(-1.673367004226,-6.832996624408,8.6));
#2253 = VECTOR('',#2254,1.);
#2254 = DIRECTION('',(2.07090196976E-17,1.207010121324E-16,-1.));
#2255 = PCURVE('',#585,#2256);
#2256 = DEFINITIONAL_REPRESENTATION('',(#2257),#2261);
#2257 = LINE('',#2258,#2259);
#2258 = CARTESIAN_POINT('',(3.,1.414253803003E-15));
#2259 = VECTOR('',#2260,1.);
#2260 = DIRECTION('',(0.,-1.));
#2261 = ( GEOMETRIC_REPRESENTATION_CONTEXT(2) 
PARAMETRIC_REPRESENTATION_CONTEXT() REPRESENTATION_CONTEXT('2D SPACE',''
  ) );
#2262 = PCURVE('',#613,#2263);
#2263 = DEFINITIONAL_REPRESENTATION('',(#2264),#2268);
#2264 = LINE('',#2265,#2266);
#2265 = CARTESIAN_POINT('',(0.,0.));
#2266 = VECTOR('',#2267,1.);
#2267 = DIRECTION('',(0.,-1.));
#2268 = ( GEOMETRIC_REPRESENTATION_CONTEXT(2) 
PARAMETRIC_REPRESENTATION_CONTEXT() REPRESENTATION_CONTEXT('2D SPACE',''
  ) );
#2269 = ADVANCED_FACE('',(#2270),#528,.F.);
#2270 = FACE_BOUND('',#2271,.F.);
#2271 = EDGE_LOOP('',(#2272,#2273,#2274,#2275));
#2272 = ORIENTED_EDGE('',*,*,#1725,.F.);
#2273 = ORIENTED_EDGE('',*,*,#1165,.F.);
#2274 = ORIENTED_EDGE('',*,*,#512,.F.);
#2275 = ORIENTED_EDGE('',*,*,#2276,.F.);
#2276 = EDGE_CURVE('',#1726,#485,#2277,.T.);
#2277 = SURFACE_CURVE('',#2278,(#2282,#2289),.PCURVE_S1.);
#2278 = LINE('',#2279,#2280);
#2279 = CARTESIAN_POINT('',(3.212012989774,-7.885618083164,8.6));
#2280 = VECTOR('',#2281,1.);
#2281 = DIRECTION('',(2.07090196976E-17,1.207010121324E-16,-1.));
#2282 = PCURVE('',#528,#2283);
#2283 = DEFINITIONAL_REPRESENTATION('',(#2284),#2288);
#2284 = LINE('',#2285,#2286);
#2285 = CARTESIAN_POINT('',(1.5,1.626368850748E-15));
#2286 = VECTOR('',#2287,1.);
#2287 = DIRECTION('',(0.,-1.));
#2288 = ( GEOMETRIC_REPRESENTATION_CONTEXT(2) 
PARAMETRIC_REPRESENTATION_CONTEXT() REPRESENTATION_CONTEXT('2D SPACE',''
  ) );
#2289 = PCURVE('',#500,#2290);
#2290 = DEFINITIONAL_REPRESENTATION('',(#2291),#2295);
#2291 = LINE('',#2292,#2293);
#2292 = CARTESIAN_POINT('',(0.,0.));
#2293 = VECTOR('',#2294,1.);
#2294 = DIRECTION('',(-2.465190328816E-32,-1.));
#2295 = ( GEOMETRIC_REPRESENTATION_CONTEXT(2) 
PARAMETRIC_REPRESENTATION_CONTEXT() REPRESENTATION_CONTEXT('2D SPACE',''
  ) );
#2296 = ADVANCED_FACE('',(#2297),#472,.F.);
#2297 = FACE_BOUND('',#2298,.F.);
#2298 = EDGE_LOOP('',(#2299,#2300,#2321,#2322));
#2299 = ORIENTED_EDGE('',*,*,#1771,.F.);
#2300 = ORIENTED_EDGE('',*,*,#2301,.T.);
#2301 = EDGE_CURVE('',#1749,#457,#2302,.T.);
#2302 = SURFACE_CURVE('',#2303,(#2307,#2314),.PCURVE_S1.);
#2303 = LINE('',#2304,#2305);
#2304 = CARTESIAN_POINT('',(4.114381916836,-7.454653676893,8.6));
#2305 = VECTOR('',#2306,1.);
#2306 = DIRECTION('',(2.07090196976E-17,1.207010121324E-16,-1.));
#2307 = PCURVE('',#472,#2308);
#2308 = DEFINITIONAL_REPRESENTATION('',(#2309),#2313);
#2309 = LINE('',#2310,#2311);
#2310 = CARTESIAN_POINT('',(0.,0.));
#2311 = VECTOR('',#2312,1.);
#2312 = DIRECTION('',(0.,-1.));
#2313 = ( GEOMETRIC_REPRESENTATION_CONTEXT(2) 
PARAMETRIC_REPRESENTATION_CONTEXT() REPRESENTATION_CONTEXT('2D SPACE',''
  ) );
#2314 = PCURVE('',#500,#2315);
#2315 = DEFINITIONAL_REPRESENTATION('',(#2316),#2320);
#2316 = LINE('',#2317,#2318);
#2317 = CARTESIAN_POINT('',(1.,-7.070501591499E-17));
#2318 = VECTOR('',#2319,1.);
#2319 = DIRECTION('',(-2.465190328816E-32,-1.));
#2320 = ( GEOMETRIC_REPRESENTATION_CONTEXT(2) 
PARAMETRIC_REPRESENTATION_CONTEXT() REPRESENTATION_CONTEXT('2D SPACE',''
  ) );
#2321 = ORIENTED_EDGE('',*,*,#456,.F.);
#2322 = ORIENTED_EDGE('',*,*,#2323,.T.);
#2323 = EDGE_CURVE('',#426,#1214,#2324,.T.);
#2324 = SURFACE_CURVE('',#2325,(#2329,#2336),.PCURVE_S1.);
#2325 = LINE('',#2326,#2327);
#2326 = CARTESIAN_POINT('',(4.539671806368,-8.345141094701,8.6));
#2327 = VECTOR('',#2328,1.);
#2328 = DIRECTION('',(-6.21270590928E-17,-3.621030363972E-16,1.));
#2329 = PCURVE('',#472,#2330);
#2330 = DEFINITIONAL_REPRESENTATION('',(#2331),#2335);
#2331 = LINE('',#2332,#2333);
#2332 = CARTESIAN_POINT('',(0.986832980505,-3.454038282879E-15));
#2333 = VECTOR('',#2334,1.);
#2334 = DIRECTION('',(1.999839848696E-16,1.));
#2335 = ( GEOMETRIC_REPRESENTATION_CONTEXT(2) 
PARAMETRIC_REPRESENTATION_CONTEXT() REPRESENTATION_CONTEXT('2D SPACE',''
  ) );
#2336 = PCURVE('',#444,#2337);
#2337 = DEFINITIONAL_REPRESENTATION('',(#2338),#2342);
#2338 = LINE('',#2339,#2340);
#2339 = CARTESIAN_POINT('',(-0.732742255136,0.));
#2340 = VECTOR('',#2341,1.);
#2341 = DIRECTION('',(-0.,1.));
#2342 = ( GEOMETRIC_REPRESENTATION_CONTEXT(2) 
PARAMETRIC_REPRESENTATION_CONTEXT() REPRESENTATION_CONTEXT('2D SPACE',''
  ) );
#2343 = ADVANCED_FACE('',(#2344),#1065,.T.);
#2344 = FACE_BOUND('',#2345,.T.);
#2345 = EDGE_LOOP('',(#2346,#2347,#2348,#2349));
#2346 = ORIENTED_EDGE('',*,*,#1292,.F.);
#2347 = ORIENTED_EDGE('',*,*,#2033,.T.);
#2348 = ORIENTED_EDGE('',*,*,#1049,.F.);
#2349 = ORIENTED_EDGE('',*,*,#1984,.F.);
#2350 = ADVANCED_FACE('',(#2351),#500,.F.);
#2351 = FACE_BOUND('',#2352,.F.);
#2352 = EDGE_LOOP('',(#2353,#2354,#2355,#2356));
#2353 = ORIENTED_EDGE('',*,*,#1748,.F.);
#2354 = ORIENTED_EDGE('',*,*,#2276,.T.);
#2355 = ORIENTED_EDGE('',*,*,#484,.F.);
#2356 = ORIENTED_EDGE('',*,*,#2301,.F.);
#2357 = ADVANCED_FACE('',(#2358),#613,.T.);
#2358 = FACE_BOUND('',#2359,.T.);
#2359 = EDGE_LOOP('',(#2360,#2361,#2362,#2363));
#2360 = ORIENTED_EDGE('',*,*,#1680,.F.);
#2361 = ORIENTED_EDGE('',*,*,#2249,.T.);
#2362 = ORIENTED_EDGE('',*,*,#597,.F.);
#2363 = ORIENTED_EDGE('',*,*,#2220,.F.);
#2364 = ADVANCED_FACE('',(#2365),#726,.T.);
#2365 = FACE_BOUND('',#2366,.T.);
#2366 = EDGE_LOOP('',(#2367,#2368,#2369,#2370));
#2367 = ORIENTED_EDGE('',*,*,#1583,.F.);
#2368 = ORIENTED_EDGE('',*,*,#2195,.T.);
#2369 = ORIENTED_EDGE('',*,*,#710,.F.);
#2370 = ORIENTED_EDGE('',*,*,#2166,.F.);
#2371 = ADVANCED_FACE('',(#2372),#839,.F.);
#2372 = FACE_BOUND('',#2373,.F.);
#2373 = EDGE_LOOP('',(#2374,#2375,#2376,#2377));
#2374 = ORIENTED_EDGE('',*,*,#1486,.F.);
#2375 = ORIENTED_EDGE('',*,*,#2114,.T.);
#2376 = ORIENTED_EDGE('',*,*,#823,.F.);
#2377 = ORIENTED_EDGE('',*,*,#2139,.F.);
#2378 = ADVANCED_FACE('',(#2379),#952,.F.);
#2379 = FACE_BOUND('',#2380,.F.);
#2380 = EDGE_LOOP('',(#2381,#2382,#2383,#2384));
#2381 = ORIENTED_EDGE('',*,*,#1389,.F.);
#2382 = ORIENTED_EDGE('',*,*,#2060,.T.);
#2383 = ORIENTED_EDGE('',*,*,#936,.F.);
#2384 = ORIENTED_EDGE('',*,*,#2085,.F.);
#2385 = ADVANCED_FACE('',(#2386),#444,.F.);
#2386 = FACE_BOUND('',#2387,.T.);
#2387 = EDGE_LOOP('',(#2388,#2389,#2390,#2391,#2392,#2393));
#2388 = ORIENTED_EDGE('',*,*,#425,.F.);
#2389 = ORIENTED_EDGE('',*,*,#2323,.T.);
#2390 = ORIENTED_EDGE('',*,*,#1211,.F.);
#2391 = ORIENTED_EDGE('',*,*,#1241,.F.);
#2392 = ORIENTED_EDGE('',*,*,#2006,.F.);
#2393 = ORIENTED_EDGE('',*,*,#1105,.F.);
#2394 = ( GEOMETRIC_REPRESENTATION_CONTEXT(3) 
GLOBAL_UNCERTAINTY_ASSIGNED_CONTEXT((#2398)) 
GLOBAL_UNIT_ASSIGNED_CONTEXT((#2395,#2396,#2397)) REPRESENTATION_CONTEXT
('Context #1','3D Context with UNIT and UNCERTAINTY') );
#2395 = ( LENGTH_UNIT() NAMED_UNIT(*) SI_UNIT(.MILLI.,.METRE.) );
#2396 = ( NAMED_UNIT(*) PLANE_ANGLE_UNIT() SI_UNIT($,.RADIAN.) );
#2397 = ( NAMED_UNIT(*) SI_UNIT($,.STERADIAN.) SOLID_ANGLE_UNIT() );
#2398 = UNCERTAINTY_MEASURE_WITH_UNIT(LENGTH_MEASURE(5.E-07),#2395,
  'distance_accuracy_value','confusion accuracy');
#2399 = PRODUCT_RELATED_PRODUCT_CATEGORY('part',$,(#7));
#2400 = MECHANICAL_DESIGN_GEOMETRIC_PRESENTATION_REPRESENTATION('',(
    #2401),#2394);
#2401 = STYLED_ITEM('color',(#2402),#15);
#2402 = PRESENTATION_STYLE_ASSIGNMENT((#2403,#2409));
#2403 = SURFACE_STYLE_USAGE(.BOTH.,#2404);
#2404 = SURFACE_SIDE_STYLE('',(#2405));
#2405 = SURFACE_STYLE_FILL_AREA(#2406);
#2406 = FILL_AREA_STYLE('',(#2407));
#2407 = FILL_AREA_STYLE_COLOUR('',#2408);
#2408 = COLOUR_RGB('',0.23137255388,0.243137258719,0.254901970902);
#2409 = CURVE_STYLE('',#2410,POSITIVE_LENGTH_MEASURE(0.1),#2411);
#2410 = DRAUGHTING_PRE_DEFINED_CURVE_FONT('continuous');
#2411 = COLOUR_RGB('',9.803921802644E-02,9.803921802644E-02,
  9.803921802644E-02);
ENDSEC;
END-ISO-10303-21;
