ISO-10303-21;
HEADER;
FILE_DESCRIPTION(('FreeCAD Model'),'2;1');
FILE_NAME('Open CASCADE Shape Model','2026-07-28T09:57:11',(''),(''),
  'Open CASCADE STEP processor 7.8','FreeCAD','Unknown');
FILE_SCHEMA(('AUTOMOTIVE_DESIGN { 1 0 10303 214 1 1 1 1 }'));
ENDSEC;
DATA;
#1 = APPLICATION_PROTOCOL_DEFINITION('international standard',
  'automotive_design',2000,#2);
#2 = APPLICATION_CONTEXT(
  'core data for automotive mechanical design processes');
#3 = SHAPE_DEFINITION_REPRESENTATION(#4,#10);
#4 = PRODUCT_DEFINITION_SHAPE('','',#5);
#5 = PRODUCT_DEFINITION('design','',#6,#9);
#6 = PRODUCT_DEFINITION_FORMATION('','',#7);
#7 = PRODUCT('Keycaps','Keycaps','',(#8));
#8 = PRODUCT_CONTEXT('',#2,'mechanical');
#9 = PRODUCT_DEFINITION_CONTEXT('part definition',#2,'design');
#10 = ADVANCED_BREP_SHAPE_REPRESENTATION('',(#11,#15),#4859);
#11 = AXIS2_PLACEMENT_3D('',#12,#13,#14);
#12 = CARTESIAN_POINT('',(0.,0.,0.));
#13 = DIRECTION('',(0.,0.,1.));
#14 = DIRECTION('',(1.,0.,-0.));
#15 = MANIFOLD_SOLID_BREP('',#16);
#16 = CLOSED_SHELL('',(#17,#532,#608,#658,#712,#761,#810,#864,#914,#963,
    #1012,#1062,#1116,#1165,#1214,#1268,#1318,#1345,#1404,#1423,#2277,
    #2507,#2554,#2601,#2806,#3011,#3058,#3105,#3285,#3363,#3417,#3468,
    #3541,#3573,#3627,#3678,#3710,#3967,#4043,#4112,#4166,#4235,#4289,
    #4358,#4412,#4459,#4532,#4581,#4628,#4677,#4724,#4773,#4820,#4848));
#17 = ADVANCED_FACE('',(#18,#497),#32,.F.);
#18 = FACE_BOUND('',#19,.F.);
#19 = EDGE_LOOP('',(#20,#55,#84,#112,#145,#173,#202,#230,#263,#291,#320,
    #348,#381,#409,#438,#466));
#20 = ORIENTED_EDGE('',*,*,#21,.T.);
#21 = EDGE_CURVE('',#22,#24,#26,.T.);
#22 = VERTEX_POINT('',#23);
#23 = CARTESIAN_POINT('',(0.65,2.154065922854,-5.5));
#24 = VERTEX_POINT('',#25);
#25 = CARTESIAN_POINT('',(0.65,0.95,-5.5));
#26 = SURFACE_CURVE('',#27,(#31,#43),.PCURVE_S1.);
#27 = LINE('',#28,#29);
#28 = CARTESIAN_POINT('',(0.65,2.154065922854,-5.5));
#29 = VECTOR('',#30,1.);
#30 = DIRECTION('',(0.,-1.,0.));
#31 = PCURVE('',#32,#37);
#32 = PLANE('',#33);
#33 = AXIS2_PLACEMENT_3D('',#34,#35,#36);
#34 = CARTESIAN_POINT('',(-1.1E-16,3.4E-16,-5.5));
#35 = DIRECTION('',(0.,0.,1.));
#36 = DIRECTION('',(1.,0.,0.));
#37 = DEFINITIONAL_REPRESENTATION('',(#38),#42);
#38 = LINE('',#39,#40);
#39 = CARTESIAN_POINT('',(0.65,2.154065922854));
#40 = VECTOR('',#41,1.);
#41 = DIRECTION('',(0.,-1.));
#42 = ( GEOMETRIC_REPRESENTATION_CONTEXT(2) 
PARAMETRIC_REPRESENTATION_CONTEXT() REPRESENTATION_CONTEXT('2D SPACE',''
  ) );
#43 = PCURVE('',#44,#49);
#44 = PLANE('',#45);
#45 = AXIS2_PLACEMENT_3D('',#46,#47,#48);
#46 = CARTESIAN_POINT('',(0.65,2.154065922854,-5.5));
#47 = DIRECTION('',(1.,0.,0.));
#48 = DIRECTION('',(0.,-1.,0.));
#49 = DEFINITIONAL_REPRESENTATION('',(#50),#54);
#50 = LINE('',#51,#52);
#51 = CARTESIAN_POINT('',(0.,0.));
#52 = VECTOR('',#53,1.);
#53 = DIRECTION('',(1.,0.));
#54 = ( GEOMETRIC_REPRESENTATION_CONTEXT(2) 
PARAMETRIC_REPRESENTATION_CONTEXT() REPRESENTATION_CONTEXT('2D SPACE',''
  ) );
#55 = ORIENTED_EDGE('',*,*,#56,.T.);
#56 = EDGE_CURVE('',#24,#57,#59,.T.);
#57 = VERTEX_POINT('',#58);
#58 = CARTESIAN_POINT('',(0.95,0.65,-5.5));
#59 = SURFACE_CURVE('',#60,(#65,#72),.PCURVE_S1.);
#60 = CIRCLE('',#61,0.3);
#61 = AXIS2_PLACEMENT_3D('',#62,#63,#64);
#62 = CARTESIAN_POINT('',(0.95,0.95,-5.5));
#63 = DIRECTION('',(-0.,0.,1.));
#64 = DIRECTION('',(0.,-1.,0.));
#65 = PCURVE('',#32,#66);
#66 = DEFINITIONAL_REPRESENTATION('',(#67),#71);
#67 = CIRCLE('',#68,0.3);
#68 = AXIS2_PLACEMENT_2D('',#69,#70);
#69 = CARTESIAN_POINT('',(0.95,0.95));
#70 = DIRECTION('',(0.,-1.));
#71 = ( GEOMETRIC_REPRESENTATION_CONTEXT(2) 
PARAMETRIC_REPRESENTATION_CONTEXT() REPRESENTATION_CONTEXT('2D SPACE',''
  ) );
#72 = PCURVE('',#73,#78);
#73 = CYLINDRICAL_SURFACE('',#74,0.3);
#74 = AXIS2_PLACEMENT_3D('',#75,#76,#77);
#75 = CARTESIAN_POINT('',(0.95,0.95,-5.5));
#76 = DIRECTION('',(0.,0.,1.));
#77 = DIRECTION('',(-1.,0.,0.));
#78 = DEFINITIONAL_REPRESENTATION('',(#79),#83);
#79 = LINE('',#80,#81);
#80 = CARTESIAN_POINT('',(-4.712388980385,-3.55E-15));
#81 = VECTOR('',#82,1.);
#82 = DIRECTION('',(1.,0.));
#83 = ( GEOMETRIC_REPRESENTATION_CONTEXT(2) 
PARAMETRIC_REPRESENTATION_CONTEXT() REPRESENTATION_CONTEXT('2D SPACE',''
  ) );
#84 = ORIENTED_EDGE('',*,*,#85,.T.);
#85 = EDGE_CURVE('',#57,#86,#88,.T.);
#86 = VERTEX_POINT('',#87);
#87 = CARTESIAN_POINT('',(2.154065922854,0.65,-5.5));
#88 = SURFACE_CURVE('',#89,(#93,#100),.PCURVE_S1.);
#89 = LINE('',#90,#91);
#90 = CARTESIAN_POINT('',(0.65,0.65,-5.5));
#91 = VECTOR('',#92,1.);
#92 = DIRECTION('',(1.,0.,0.));
#93 = PCURVE('',#32,#94);
#94 = DEFINITIONAL_REPRESENTATION('',(#95),#99);
#95 = LINE('',#96,#97);
#96 = CARTESIAN_POINT('',(0.65,0.65));
#97 = VECTOR('',#98,1.);
#98 = DIRECTION('',(1.,0.));
#99 = ( GEOMETRIC_REPRESENTATION_CONTEXT(2) 
PARAMETRIC_REPRESENTATION_CONTEXT() REPRESENTATION_CONTEXT('2D SPACE',''
  ) );
#100 = PCURVE('',#101,#106);
#101 = PLANE('',#102);
#102 = AXIS2_PLACEMENT_3D('',#103,#104,#105);
#103 = CARTESIAN_POINT('',(0.65,0.65,-5.5));
#104 = DIRECTION('',(0.,1.,0.));
#105 = DIRECTION('',(1.,0.,0.));
#106 = DEFINITIONAL_REPRESENTATION('',(#107),#111);
#107 = LINE('',#108,#109);
#108 = CARTESIAN_POINT('',(0.,0.));
#109 = VECTOR('',#110,1.);
#110 = DIRECTION('',(1.,0.));
#111 = ( GEOMETRIC_REPRESENTATION_CONTEXT(2) 
PARAMETRIC_REPRESENTATION_CONTEXT() REPRESENTATION_CONTEXT('2D SPACE',''
  ) );
#112 = ORIENTED_EDGE('',*,*,#113,.T.);
#113 = EDGE_CURVE('',#86,#114,#116,.T.);
#114 = VERTEX_POINT('',#115);
#115 = CARTESIAN_POINT('',(2.154065922854,-0.65,-5.5));
#116 = SURFACE_CURVE('',#117,(#122,#133),.PCURVE_S1.);
#117 = CIRCLE('',#118,2.25);
#118 = AXIS2_PLACEMENT_3D('',#119,#120,#121);
#119 = CARTESIAN_POINT('',(0.,0.,-5.5));
#120 = DIRECTION('',(0.,0.,-1.));
#121 = DIRECTION('',(-1.,0.,0.));
#122 = PCURVE('',#32,#123);
#123 = DEFINITIONAL_REPRESENTATION('',(#124),#132);
#124 = ( BOUNDED_CURVE() B_SPLINE_CURVE(2,(#125,#126,#127,#128,#129,#130
,#131),.UNSPECIFIED.,.T.,.F.) B_SPLINE_CURVE_WITH_KNOTS((1,2,2,2,2,1),(
    -2.094395102393,0.,2.094395102393,4.188790204786,6.28318530718,
8.377580409573),.UNSPECIFIED.) CURVE() GEOMETRIC_REPRESENTATION_ITEM() 
RATIONAL_B_SPLINE_CURVE((1.,0.5,1.,0.5,1.,0.5,1.)) REPRESENTATION_ITEM(
  '') );
#125 = CARTESIAN_POINT('',(-2.25,-3.4E-16));
#126 = CARTESIAN_POINT('',(-2.25,3.89711431703));
#127 = CARTESIAN_POINT('',(1.125,1.948557158515));
#128 = CARTESIAN_POINT('',(4.5,2.110910596163E-16));
#129 = CARTESIAN_POINT('',(1.125,-1.948557158515));
#130 = CARTESIAN_POINT('',(-2.25,-3.89711431703));
#131 = CARTESIAN_POINT('',(-2.25,-3.4E-16));
#132 = ( GEOMETRIC_REPRESENTATION_CONTEXT(2) 
PARAMETRIC_REPRESENTATION_CONTEXT() REPRESENTATION_CONTEXT('2D SPACE',''
  ) );
#133 = PCURVE('',#134,#139);
#134 = CYLINDRICAL_SURFACE('',#135,2.25);
#135 = AXIS2_PLACEMENT_3D('',#136,#137,#138);
#136 = CARTESIAN_POINT('',(0.,0.,-5.5));
#137 = DIRECTION('',(0.,0.,-1.));
#138 = DIRECTION('',(-1.,0.,0.));
#139 = DEFINITIONAL_REPRESENTATION('',(#140),#144);
#140 = LINE('',#141,#142);
#141 = CARTESIAN_POINT('',(0.,0.));
#142 = VECTOR('',#143,1.);
#143 = DIRECTION('',(1.,0.));
#144 = ( GEOMETRIC_REPRESENTATION_CONTEXT(2) 
PARAMETRIC_REPRESENTATION_CONTEXT() REPRESENTATION_CONTEXT('2D SPACE',''
  ) );
#145 = ORIENTED_EDGE('',*,*,#146,.F.);
#146 = EDGE_CURVE('',#147,#114,#149,.T.);
#147 = VERTEX_POINT('',#148);
#148 = CARTESIAN_POINT('',(0.95,-0.65,-5.5));
#149 = SURFACE_CURVE('',#150,(#154,#161),.PCURVE_S1.);
#150 = LINE('',#151,#152);
#151 = CARTESIAN_POINT('',(0.65,-0.65,-5.5));
#152 = VECTOR('',#153,1.);
#153 = DIRECTION('',(1.,0.,0.));
#154 = PCURVE('',#32,#155);
#155 = DEFINITIONAL_REPRESENTATION('',(#156),#160);
#156 = LINE('',#157,#158);
#157 = CARTESIAN_POINT('',(0.65,-0.65));
#158 = VECTOR('',#159,1.);
#159 = DIRECTION('',(1.,0.));
#160 = ( GEOMETRIC_REPRESENTATION_CONTEXT(2) 
PARAMETRIC_REPRESENTATION_CONTEXT() REPRESENTATION_CONTEXT('2D SPACE',''
  ) );
#161 = PCURVE('',#162,#167);
#162 = PLANE('',#163);
#163 = AXIS2_PLACEMENT_3D('',#164,#165,#166);
#164 = CARTESIAN_POINT('',(0.65,-0.65,-5.5));
#165 = DIRECTION('',(0.,1.,0.));
#166 = DIRECTION('',(1.,0.,0.));
#167 = DEFINITIONAL_REPRESENTATION('',(#168),#172);
#168 = LINE('',#169,#170);
#169 = CARTESIAN_POINT('',(0.,0.));
#170 = VECTOR('',#171,1.);
#171 = DIRECTION('',(1.,0.));
#172 = ( GEOMETRIC_REPRESENTATION_CONTEXT(2) 
PARAMETRIC_REPRESENTATION_CONTEXT() REPRESENTATION_CONTEXT('2D SPACE',''
  ) );
#173 = ORIENTED_EDGE('',*,*,#174,.T.);
#174 = EDGE_CURVE('',#147,#175,#177,.T.);
#175 = VERTEX_POINT('',#176);
#176 = CARTESIAN_POINT('',(0.65,-0.95,-5.5));
#177 = SURFACE_CURVE('',#178,(#183,#190),.PCURVE_S1.);
#178 = CIRCLE('',#179,0.3);
#179 = AXIS2_PLACEMENT_3D('',#180,#181,#182);
#180 = CARTESIAN_POINT('',(0.95,-0.95,-5.5));
#181 = DIRECTION('',(-0.,0.,1.));
#182 = DIRECTION('',(0.,-1.,0.));
#183 = PCURVE('',#32,#184);
#184 = DEFINITIONAL_REPRESENTATION('',(#185),#189);
#185 = CIRCLE('',#186,0.3);
#186 = AXIS2_PLACEMENT_2D('',#187,#188);
#187 = CARTESIAN_POINT('',(0.95,-0.95));
#188 = DIRECTION('',(0.,-1.));
#189 = ( GEOMETRIC_REPRESENTATION_CONTEXT(2) 
PARAMETRIC_REPRESENTATION_CONTEXT() REPRESENTATION_CONTEXT('2D SPACE',''
  ) );
#190 = PCURVE('',#191,#196);
#191 = CYLINDRICAL_SURFACE('',#192,0.3);
#192 = AXIS2_PLACEMENT_3D('',#193,#194,#195);
#193 = CARTESIAN_POINT('',(0.95,-0.95,-5.5));
#194 = DIRECTION('',(0.,0.,1.));
#195 = DIRECTION('',(0.,1.,0.));
#196 = DEFINITIONAL_REPRESENTATION('',(#197),#201);
#197 = LINE('',#198,#199);
#198 = CARTESIAN_POINT('',(-3.14159265359,-3.55E-15));
#199 = VECTOR('',#200,1.);
#200 = DIRECTION('',(1.,0.));
#201 = ( GEOMETRIC_REPRESENTATION_CONTEXT(2) 
PARAMETRIC_REPRESENTATION_CONTEXT() REPRESENTATION_CONTEXT('2D SPACE',''
  ) );
#202 = ORIENTED_EDGE('',*,*,#203,.F.);
#203 = EDGE_CURVE('',#204,#175,#206,.T.);
#204 = VERTEX_POINT('',#205);
#205 = CARTESIAN_POINT('',(0.65,-2.154065922854,-5.5));
#206 = SURFACE_CURVE('',#207,(#211,#218),.PCURVE_S1.);
#207 = LINE('',#208,#209);
#208 = CARTESIAN_POINT('',(0.65,-2.154065922854,-5.5));
#209 = VECTOR('',#210,1.);
#210 = DIRECTION('',(7.E-17,1.,0.));
#211 = PCURVE('',#32,#212);
#212 = DEFINITIONAL_REPRESENTATION('',(#213),#217);
#213 = LINE('',#214,#215);
#214 = CARTESIAN_POINT('',(0.65,-2.154065922854));
#215 = VECTOR('',#216,1.);
#216 = DIRECTION('',(7.E-17,1.));
#217 = ( GEOMETRIC_REPRESENTATION_CONTEXT(2) 
PARAMETRIC_REPRESENTATION_CONTEXT() REPRESENTATION_CONTEXT('2D SPACE',''
  ) );
#218 = PCURVE('',#219,#224);
#219 = PLANE('',#220);
#220 = AXIS2_PLACEMENT_3D('',#221,#222,#223);
#221 = CARTESIAN_POINT('',(0.65,-2.154065922854,-5.5));
#222 = DIRECTION('',(-1.,7.E-17,0.));
#223 = DIRECTION('',(7.E-17,1.,0.));
#224 = DEFINITIONAL_REPRESENTATION('',(#225),#229);
#225 = LINE('',#226,#227);
#226 = CARTESIAN_POINT('',(0.,0.));
#227 = VECTOR('',#228,1.);
#228 = DIRECTION('',(1.,0.));
#229 = ( GEOMETRIC_REPRESENTATION_CONTEXT(2) 
PARAMETRIC_REPRESENTATION_CONTEXT() REPRESENTATION_CONTEXT('2D SPACE',''
  ) );
#230 = ORIENTED_EDGE('',*,*,#231,.T.);
#231 = EDGE_CURVE('',#204,#232,#234,.T.);
#232 = VERTEX_POINT('',#233);
#233 = CARTESIAN_POINT('',(-0.65,-2.154065922854,-5.5));
#234 = SURFACE_CURVE('',#235,(#240,#251),.PCURVE_S1.);
#235 = CIRCLE('',#236,2.25);
#236 = AXIS2_PLACEMENT_3D('',#237,#238,#239);
#237 = CARTESIAN_POINT('',(0.,0.,-5.5));
#238 = DIRECTION('',(0.,0.,-1.));
#239 = DIRECTION('',(-1.,0.,0.));
#240 = PCURVE('',#32,#241);
#241 = DEFINITIONAL_REPRESENTATION('',(#242),#250);
#242 = ( BOUNDED_CURVE() B_SPLINE_CURVE(2,(#243,#244,#245,#246,#247,#248
,#249),.UNSPECIFIED.,.T.,.F.) B_SPLINE_CURVE_WITH_KNOTS((1,2,2,2,2,1),(
    -2.094395102393,0.,2.094395102393,4.188790204786,6.28318530718,
8.377580409573),.UNSPECIFIED.) CURVE() GEOMETRIC_REPRESENTATION_ITEM() 
RATIONAL_B_SPLINE_CURVE((1.,0.5,1.,0.5,1.,0.5,1.)) REPRESENTATION_ITEM(
  '') );
#243 = CARTESIAN_POINT('',(-2.25,-3.4E-16));
#244 = CARTESIAN_POINT('',(-2.25,3.89711431703));
#245 = CARTESIAN_POINT('',(1.125,1.948557158515));
#246 = CARTESIAN_POINT('',(4.5,2.110910596163E-16));
#247 = CARTESIAN_POINT('',(1.125,-1.948557158515));
#248 = CARTESIAN_POINT('',(-2.25,-3.89711431703));
#249 = CARTESIAN_POINT('',(-2.25,-3.4E-16));
#250 = ( GEOMETRIC_REPRESENTATION_CONTEXT(2) 
PARAMETRIC_REPRESENTATION_CONTEXT() REPRESENTATION_CONTEXT('2D SPACE',''
  ) );
#251 = PCURVE('',#252,#257);
#252 = CYLINDRICAL_SURFACE('',#253,2.25);
#253 = AXIS2_PLACEMENT_3D('',#254,#255,#256);
#254 = CARTESIAN_POINT('',(0.,0.,-5.5));
#255 = DIRECTION('',(0.,0.,-1.));
#256 = DIRECTION('',(-1.,0.,0.));
#257 = DEFINITIONAL_REPRESENTATION('',(#258),#262);
#258 = LINE('',#259,#260);
#259 = CARTESIAN_POINT('',(0.,0.));
#260 = VECTOR('',#261,1.);
#261 = DIRECTION('',(1.,0.));
#262 = ( GEOMETRIC_REPRESENTATION_CONTEXT(2) 
PARAMETRIC_REPRESENTATION_CONTEXT() REPRESENTATION_CONTEXT('2D SPACE',''
  ) );
#263 = ORIENTED_EDGE('',*,*,#264,.T.);
#264 = EDGE_CURVE('',#232,#265,#267,.T.);
#265 = VERTEX_POINT('',#266);
#266 = CARTESIAN_POINT('',(-0.65,-0.95,-5.5));
#267 = SURFACE_CURVE('',#268,(#272,#279),.PCURVE_S1.);
#268 = LINE('',#269,#270);
#269 = CARTESIAN_POINT('',(-0.65,-2.154065922854,-5.5));
#270 = VECTOR('',#271,1.);
#271 = DIRECTION('',(-5.9E-16,1.,0.));
#272 = PCURVE('',#32,#273);
#273 = DEFINITIONAL_REPRESENTATION('',(#274),#278);
#274 = LINE('',#275,#276);
#275 = CARTESIAN_POINT('',(-0.65,-2.154065922854));
#276 = VECTOR('',#277,1.);
#277 = DIRECTION('',(-5.9E-16,1.));
#278 = ( GEOMETRIC_REPRESENTATION_CONTEXT(2) 
PARAMETRIC_REPRESENTATION_CONTEXT() REPRESENTATION_CONTEXT('2D SPACE',''
  ) );
#279 = PCURVE('',#280,#285);
#280 = PLANE('',#281);
#281 = AXIS2_PLACEMENT_3D('',#282,#283,#284);
#282 = CARTESIAN_POINT('',(-0.65,-2.154065922854,-5.5));
#283 = DIRECTION('',(-1.,-5.9E-16,-0.));
#284 = DIRECTION('',(-5.9E-16,1.,0.));
#285 = DEFINITIONAL_REPRESENTATION('',(#286),#290);
#286 = LINE('',#287,#288);
#287 = CARTESIAN_POINT('',(0.,0.));
#288 = VECTOR('',#289,1.);
#289 = DIRECTION('',(1.,0.));
#290 = ( GEOMETRIC_REPRESENTATION_CONTEXT(2) 
PARAMETRIC_REPRESENTATION_CONTEXT() REPRESENTATION_CONTEXT('2D SPACE',''
  ) );
#291 = ORIENTED_EDGE('',*,*,#292,.T.);
#292 = EDGE_CURVE('',#265,#293,#295,.T.);
#293 = VERTEX_POINT('',#294);
#294 = CARTESIAN_POINT('',(-0.95,-0.65,-5.5));
#295 = SURFACE_CURVE('',#296,(#301,#308),.PCURVE_S1.);
#296 = CIRCLE('',#297,0.3);
#297 = AXIS2_PLACEMENT_3D('',#298,#299,#300);
#298 = CARTESIAN_POINT('',(-0.95,-0.95,-5.5));
#299 = DIRECTION('',(-0.,0.,1.));
#300 = DIRECTION('',(0.,-1.,0.));
#301 = PCURVE('',#32,#302);
#302 = DEFINITIONAL_REPRESENTATION('',(#303),#307);
#303 = CIRCLE('',#304,0.3);
#304 = AXIS2_PLACEMENT_2D('',#305,#306);
#305 = CARTESIAN_POINT('',(-0.95,-0.95));
#306 = DIRECTION('',(0.,-1.));
#307 = ( GEOMETRIC_REPRESENTATION_CONTEXT(2) 
PARAMETRIC_REPRESENTATION_CONTEXT() REPRESENTATION_CONTEXT('2D SPACE',''
  ) );
#308 = PCURVE('',#309,#314);
#309 = CYLINDRICAL_SURFACE('',#310,0.3);
#310 = AXIS2_PLACEMENT_3D('',#311,#312,#313);
#311 = CARTESIAN_POINT('',(-0.95,-0.95,-5.5));
#312 = DIRECTION('',(0.,0.,1.));
#313 = DIRECTION('',(1.,5.9E-16,0.));
#314 = DEFINITIONAL_REPRESENTATION('',(#315),#319);
#315 = LINE('',#316,#317);
#316 = CARTESIAN_POINT('',(-1.570796326795,-3.55E-15));
#317 = VECTOR('',#318,1.);
#318 = DIRECTION('',(1.,0.));
#319 = ( GEOMETRIC_REPRESENTATION_CONTEXT(2) 
PARAMETRIC_REPRESENTATION_CONTEXT() REPRESENTATION_CONTEXT('2D SPACE',''
  ) );
#320 = ORIENTED_EDGE('',*,*,#321,.T.);
#321 = EDGE_CURVE('',#293,#322,#324,.T.);
#322 = VERTEX_POINT('',#323);
#323 = CARTESIAN_POINT('',(-2.154065922854,-0.65,-5.5));
#324 = SURFACE_CURVE('',#325,(#329,#336),.PCURVE_S1.);
#325 = LINE('',#326,#327);
#326 = CARTESIAN_POINT('',(-0.65,-0.65,-5.5));
#327 = VECTOR('',#328,1.);
#328 = DIRECTION('',(-1.,-4.4E-16,0.));
#329 = PCURVE('',#32,#330);
#330 = DEFINITIONAL_REPRESENTATION('',(#331),#335);
#331 = LINE('',#332,#333);
#332 = CARTESIAN_POINT('',(-0.65,-0.65));
#333 = VECTOR('',#334,1.);
#334 = DIRECTION('',(-1.,-4.4E-16));
#335 = ( GEOMETRIC_REPRESENTATION_CONTEXT(2) 
PARAMETRIC_REPRESENTATION_CONTEXT() REPRESENTATION_CONTEXT('2D SPACE',''
  ) );
#336 = PCURVE('',#337,#342);
#337 = PLANE('',#338);
#338 = AXIS2_PLACEMENT_3D('',#339,#340,#341);
#339 = CARTESIAN_POINT('',(-0.65,-0.65,-5.5));
#340 = DIRECTION('',(4.4E-16,-1.,0.));
#341 = DIRECTION('',(-1.,-4.4E-16,0.));
#342 = DEFINITIONAL_REPRESENTATION('',(#343),#347);
#343 = LINE('',#344,#345);
#344 = CARTESIAN_POINT('',(0.,0.));
#345 = VECTOR('',#346,1.);
#346 = DIRECTION('',(1.,-0.));
#347 = ( GEOMETRIC_REPRESENTATION_CONTEXT(2) 
PARAMETRIC_REPRESENTATION_CONTEXT() REPRESENTATION_CONTEXT('2D SPACE',''
  ) );
#348 = ORIENTED_EDGE('',*,*,#349,.T.);
#349 = EDGE_CURVE('',#322,#350,#352,.T.);
#350 = VERTEX_POINT('',#351);
#351 = CARTESIAN_POINT('',(-2.154065922854,0.65,-5.5));
#352 = SURFACE_CURVE('',#353,(#358,#369),.PCURVE_S1.);
#353 = CIRCLE('',#354,2.25);
#354 = AXIS2_PLACEMENT_3D('',#355,#356,#357);
#355 = CARTESIAN_POINT('',(0.,0.,-5.5));
#356 = DIRECTION('',(0.,0.,-1.));
#357 = DIRECTION('',(-1.,0.,0.));
#358 = PCURVE('',#32,#359);
#359 = DEFINITIONAL_REPRESENTATION('',(#360),#368);
#360 = ( BOUNDED_CURVE() B_SPLINE_CURVE(2,(#361,#362,#363,#364,#365,#366
,#367),.UNSPECIFIED.,.T.,.F.) B_SPLINE_CURVE_WITH_KNOTS((1,2,2,2,2,1),(
    -2.094395102393,0.,2.094395102393,4.188790204786,6.28318530718,
8.377580409573),.UNSPECIFIED.) CURVE() GEOMETRIC_REPRESENTATION_ITEM() 
RATIONAL_B_SPLINE_CURVE((1.,0.5,1.,0.5,1.,0.5,1.)) REPRESENTATION_ITEM(
  '') );
#361 = CARTESIAN_POINT('',(-2.25,-3.4E-16));
#362 = CARTESIAN_POINT('',(-2.25,3.89711431703));
#363 = CARTESIAN_POINT('',(1.125,1.948557158515));
#364 = CARTESIAN_POINT('',(4.5,2.110910596163E-16));
#365 = CARTESIAN_POINT('',(1.125,-1.948557158515));
#366 = CARTESIAN_POINT('',(-2.25,-3.89711431703));
#367 = CARTESIAN_POINT('',(-2.25,-3.4E-16));
#368 = ( GEOMETRIC_REPRESENTATION_CONTEXT(2) 
PARAMETRIC_REPRESENTATION_CONTEXT() REPRESENTATION_CONTEXT('2D SPACE',''
  ) );
#369 = PCURVE('',#370,#375);
#370 = CYLINDRICAL_SURFACE('',#371,2.25);
#371 = AXIS2_PLACEMENT_3D('',#372,#373,#374);
#372 = CARTESIAN_POINT('',(0.,0.,-5.5));
#373 = DIRECTION('',(0.,0.,-1.));
#374 = DIRECTION('',(-1.,0.,0.));
#375 = DEFINITIONAL_REPRESENTATION('',(#376),#380);
#376 = LINE('',#377,#378);
#377 = CARTESIAN_POINT('',(0.,0.));
#378 = VECTOR('',#379,1.);
#379 = DIRECTION('',(1.,0.));
#380 = ( GEOMETRIC_REPRESENTATION_CONTEXT(2) 
PARAMETRIC_REPRESENTATION_CONTEXT() REPRESENTATION_CONTEXT('2D SPACE',''
  ) );
#381 = ORIENTED_EDGE('',*,*,#382,.F.);
#382 = EDGE_CURVE('',#383,#350,#385,.T.);
#383 = VERTEX_POINT('',#384);
#384 = CARTESIAN_POINT('',(-0.95,0.65,-5.5));
#385 = SURFACE_CURVE('',#386,(#390,#397),.PCURVE_S1.);
#386 = LINE('',#387,#388);
#387 = CARTESIAN_POINT('',(-0.65,0.65,-5.5));
#388 = VECTOR('',#389,1.);
#389 = DIRECTION('',(-1.,0.,0.));
#390 = PCURVE('',#32,#391);
#391 = DEFINITIONAL_REPRESENTATION('',(#392),#396);
#392 = LINE('',#393,#394);
#393 = CARTESIAN_POINT('',(-0.65,0.65));
#394 = VECTOR('',#395,1.);
#395 = DIRECTION('',(-1.,0.));
#396 = ( GEOMETRIC_REPRESENTATION_CONTEXT(2) 
PARAMETRIC_REPRESENTATION_CONTEXT() REPRESENTATION_CONTEXT('2D SPACE',''
  ) );
#397 = PCURVE('',#398,#403);
#398 = PLANE('',#399);
#399 = AXIS2_PLACEMENT_3D('',#400,#401,#402);
#400 = CARTESIAN_POINT('',(-0.65,0.65,-5.5));
#401 = DIRECTION('',(-0.,-1.,-0.));
#402 = DIRECTION('',(-1.,0.,0.));
#403 = DEFINITIONAL_REPRESENTATION('',(#404),#408);
#404 = LINE('',#405,#406);
#405 = CARTESIAN_POINT('',(0.,0.));
#406 = VECTOR('',#407,1.);
#407 = DIRECTION('',(1.,0.));
#408 = ( GEOMETRIC_REPRESENTATION_CONTEXT(2) 
PARAMETRIC_REPRESENTATION_CONTEXT() REPRESENTATION_CONTEXT('2D SPACE',''
  ) );
#409 = ORIENTED_EDGE('',*,*,#410,.T.);
#410 = EDGE_CURVE('',#383,#411,#413,.T.);
#411 = VERTEX_POINT('',#412);
#412 = CARTESIAN_POINT('',(-0.65,0.95,-5.5));
#413 = SURFACE_CURVE('',#414,(#419,#426),.PCURVE_S1.);
#414 = CIRCLE('',#415,0.3);
#415 = AXIS2_PLACEMENT_3D('',#416,#417,#418);
#416 = CARTESIAN_POINT('',(-0.95,0.95,-5.5));
#417 = DIRECTION('',(-0.,0.,1.));
#418 = DIRECTION('',(0.,-1.,0.));
#419 = PCURVE('',#32,#420);
#420 = DEFINITIONAL_REPRESENTATION('',(#421),#425);
#421 = CIRCLE('',#422,0.3);
#422 = AXIS2_PLACEMENT_2D('',#423,#424);
#423 = CARTESIAN_POINT('',(-0.95,0.95));
#424 = DIRECTION('',(0.,-1.));
#425 = ( GEOMETRIC_REPRESENTATION_CONTEXT(2) 
PARAMETRIC_REPRESENTATION_CONTEXT() REPRESENTATION_CONTEXT('2D SPACE',''
  ) );
#426 = PCURVE('',#427,#432);
#427 = CYLINDRICAL_SURFACE('',#428,0.3);
#428 = AXIS2_PLACEMENT_3D('',#429,#430,#431);
#429 = CARTESIAN_POINT('',(-0.95,0.95,-5.5));
#430 = DIRECTION('',(0.,0.,1.));
#431 = DIRECTION('',(0.,-1.,0.));
#432 = DEFINITIONAL_REPRESENTATION('',(#433),#437);
#433 = LINE('',#434,#435);
#434 = CARTESIAN_POINT('',(0.,-3.55E-15));
#435 = VECTOR('',#436,1.);
#436 = DIRECTION('',(1.,0.));
#437 = ( GEOMETRIC_REPRESENTATION_CONTEXT(2) 
PARAMETRIC_REPRESENTATION_CONTEXT() REPRESENTATION_CONTEXT('2D SPACE',''
  ) );
#438 = ORIENTED_EDGE('',*,*,#439,.F.);
#439 = EDGE_CURVE('',#440,#411,#442,.T.);
#440 = VERTEX_POINT('',#441);
#441 = CARTESIAN_POINT('',(-0.65,2.154065922854,-5.5));
#442 = SURFACE_CURVE('',#443,(#447,#454),.PCURVE_S1.);
#443 = LINE('',#444,#445);
#444 = CARTESIAN_POINT('',(-0.65,2.154065922854,-5.5));
#445 = VECTOR('',#446,1.);
#446 = DIRECTION('',(0.,-1.,0.));
#447 = PCURVE('',#32,#448);
#448 = DEFINITIONAL_REPRESENTATION('',(#449),#453);
#449 = LINE('',#450,#451);
#450 = CARTESIAN_POINT('',(-0.65,2.154065922854));
#451 = VECTOR('',#452,1.);
#452 = DIRECTION('',(0.,-1.));
#453 = ( GEOMETRIC_REPRESENTATION_CONTEXT(2) 
PARAMETRIC_REPRESENTATION_CONTEXT() REPRESENTATION_CONTEXT('2D SPACE',''
  ) );
#454 = PCURVE('',#455,#460);
#455 = PLANE('',#456);
#456 = AXIS2_PLACEMENT_3D('',#457,#458,#459);
#457 = CARTESIAN_POINT('',(-0.65,2.154065922854,-5.5));
#458 = DIRECTION('',(1.,0.,0.));
#459 = DIRECTION('',(0.,-1.,0.));
#460 = DEFINITIONAL_REPRESENTATION('',(#461),#465);
#461 = LINE('',#462,#463);
#462 = CARTESIAN_POINT('',(0.,0.));
#463 = VECTOR('',#464,1.);
#464 = DIRECTION('',(1.,0.));
#465 = ( GEOMETRIC_REPRESENTATION_CONTEXT(2) 
PARAMETRIC_REPRESENTATION_CONTEXT() REPRESENTATION_CONTEXT('2D SPACE',''
  ) );
#466 = ORIENTED_EDGE('',*,*,#467,.T.);
#467 = EDGE_CURVE('',#440,#22,#468,.T.);
#468 = SURFACE_CURVE('',#469,(#474,#485),.PCURVE_S1.);
#469 = CIRCLE('',#470,2.25);
#470 = AXIS2_PLACEMENT_3D('',#471,#472,#473);
#471 = CARTESIAN_POINT('',(0.,0.,-5.5));
#472 = DIRECTION('',(0.,0.,-1.));
#473 = DIRECTION('',(-1.,0.,0.));
#474 = PCURVE('',#32,#475);
#475 = DEFINITIONAL_REPRESENTATION('',(#476),#484);
#476 = ( BOUNDED_CURVE() B_SPLINE_CURVE(2,(#477,#478,#479,#480,#481,#482
,#483),.UNSPECIFIED.,.T.,.F.) B_SPLINE_CURVE_WITH_KNOTS((1,2,2,2,2,1),(
    -2.094395102393,0.,2.094395102393,4.188790204786,6.28318530718,
8.377580409573),.UNSPECIFIED.) CURVE() GEOMETRIC_REPRESENTATION_ITEM() 
RATIONAL_B_SPLINE_CURVE((1.,0.5,1.,0.5,1.,0.5,1.)) REPRESENTATION_ITEM(
  '') );
#477 = CARTESIAN_POINT('',(-2.25,-3.4E-16));
#478 = CARTESIAN_POINT('',(-2.25,3.89711431703));
#479 = CARTESIAN_POINT('',(1.125,1.948557158515));
#480 = CARTESIAN_POINT('',(4.5,2.110910596163E-16));
#481 = CARTESIAN_POINT('',(1.125,-1.948557158515));
#482 = CARTESIAN_POINT('',(-2.25,-3.89711431703));
#483 = CARTESIAN_POINT('',(-2.25,-3.4E-16));
#484 = ( GEOMETRIC_REPRESENTATION_CONTEXT(2) 
PARAMETRIC_REPRESENTATION_CONTEXT() REPRESENTATION_CONTEXT('2D SPACE',''
  ) );
#485 = PCURVE('',#486,#491);
#486 = CYLINDRICAL_SURFACE('',#487,2.25);
#487 = AXIS2_PLACEMENT_3D('',#488,#489,#490);
#488 = CARTESIAN_POINT('',(0.,0.,-5.5));
#489 = DIRECTION('',(0.,0.,-1.));
#490 = DIRECTION('',(-1.,0.,0.));
#491 = DEFINITIONAL_REPRESENTATION('',(#492),#496);
#492 = LINE('',#493,#494);
#493 = CARTESIAN_POINT('',(0.,0.));
#494 = VECTOR('',#495,1.);
#495 = DIRECTION('',(1.,0.));
#496 = ( GEOMETRIC_REPRESENTATION_CONTEXT(2) 
PARAMETRIC_REPRESENTATION_CONTEXT() REPRESENTATION_CONTEXT('2D SPACE',''
  ) );
#497 = FACE_BOUND('',#498,.T.);
#498 = EDGE_LOOP('',(#499));
#499 = ORIENTED_EDGE('',*,*,#500,.T.);
#500 = EDGE_CURVE('',#501,#501,#503,.T.);
#501 = VERTEX_POINT('',#502);
#502 = CARTESIAN_POINT('',(-2.65,0.,-5.5));
#503 = SURFACE_CURVE('',#504,(#509,#520),.PCURVE_S1.);
#504 = CIRCLE('',#505,2.65);
#505 = AXIS2_PLACEMENT_3D('',#506,#507,#508);
#506 = CARTESIAN_POINT('',(0.,0.,-5.5));
#507 = DIRECTION('',(0.,0.,-1.));
#508 = DIRECTION('',(-1.,0.,0.));
#509 = PCURVE('',#32,#510);
#510 = DEFINITIONAL_REPRESENTATION('',(#511),#519);
#511 = ( BOUNDED_CURVE() B_SPLINE_CURVE(2,(#512,#513,#514,#515,#516,#517
,#518),.UNSPECIFIED.,.T.,.F.) B_SPLINE_CURVE_WITH_KNOTS((1,2,2,2,2,1),(
    -2.094395102393,0.,2.094395102393,4.188790204786,6.28318530718,
8.377580409573),.UNSPECIFIED.) CURVE() GEOMETRIC_REPRESENTATION_ITEM() 
RATIONAL_B_SPLINE_CURVE((1.,0.5,1.,0.5,1.,0.5,1.)) REPRESENTATION_ITEM(
  '') );
#512 = CARTESIAN_POINT('',(-2.65,-3.4E-16));
#513 = CARTESIAN_POINT('',(-2.65,4.589934640058));
#514 = CARTESIAN_POINT('',(1.325,2.294967320029));
#515 = CARTESIAN_POINT('',(5.3,3.090628035481E-16));
#516 = CARTESIAN_POINT('',(1.325,-2.294967320029));
#517 = CARTESIAN_POINT('',(-2.65,-4.589934640058));
#518 = CARTESIAN_POINT('',(-2.65,-3.4E-16));
#519 = ( GEOMETRIC_REPRESENTATION_CONTEXT(2) 
PARAMETRIC_REPRESENTATION_CONTEXT() REPRESENTATION_CONTEXT('2D SPACE',''
  ) );
#520 = PCURVE('',#521,#526);
#521 = CYLINDRICAL_SURFACE('',#522,2.65);
#522 = AXIS2_PLACEMENT_3D('',#523,#524,#525);
#523 = CARTESIAN_POINT('',(0.,0.,-5.5));
#524 = DIRECTION('',(0.,0.,-1.));
#525 = DIRECTION('',(-1.,0.,0.));
#526 = DEFINITIONAL_REPRESENTATION('',(#527),#531);
#527 = LINE('',#528,#529);
#528 = CARTESIAN_POINT('',(0.,0.));
#529 = VECTOR('',#530,1.);
#530 = DIRECTION('',(1.,0.));
#531 = ( GEOMETRIC_REPRESENTATION_CONTEXT(2) 
PARAMETRIC_REPRESENTATION_CONTEXT() REPRESENTATION_CONTEXT('2D SPACE',''
  ) );
#532 = ADVANCED_FACE('',(#533),#44,.F.);
#533 = FACE_BOUND('',#534,.F.);
#534 = EDGE_LOOP('',(#535,#536,#559,#587));
#535 = ORIENTED_EDGE('',*,*,#21,.F.);
#536 = ORIENTED_EDGE('',*,*,#537,.T.);
#537 = EDGE_CURVE('',#22,#538,#540,.T.);
#538 = VERTEX_POINT('',#539);
#539 = CARTESIAN_POINT('',(0.65,2.154065922854,-1.));
#540 = SURFACE_CURVE('',#541,(#545,#552),.PCURVE_S1.);
#541 = LINE('',#542,#543);
#542 = CARTESIAN_POINT('',(0.65,2.154065922854,-5.5));
#543 = VECTOR('',#544,1.);
#544 = DIRECTION('',(0.,0.,1.));
#545 = PCURVE('',#44,#546);
#546 = DEFINITIONAL_REPRESENTATION('',(#547),#551);
#547 = LINE('',#548,#549);
#548 = CARTESIAN_POINT('',(4.440892098501E-16,0.));
#549 = VECTOR('',#550,1.);
#550 = DIRECTION('',(0.,-1.));
#551 = ( GEOMETRIC_REPRESENTATION_CONTEXT(2) 
PARAMETRIC_REPRESENTATION_CONTEXT() REPRESENTATION_CONTEXT('2D SPACE',''
  ) );
#552 = PCURVE('',#486,#553);
#553 = DEFINITIONAL_REPRESENTATION('',(#554),#558);
#554 = LINE('',#555,#556);
#555 = CARTESIAN_POINT('',(1.863862365119,0.));
#556 = VECTOR('',#557,1.);
#557 = DIRECTION('',(0.,-1.));
#558 = ( GEOMETRIC_REPRESENTATION_CONTEXT(2) 
PARAMETRIC_REPRESENTATION_CONTEXT() REPRESENTATION_CONTEXT('2D SPACE',''
  ) );
#559 = ORIENTED_EDGE('',*,*,#560,.T.);
#560 = EDGE_CURVE('',#538,#561,#563,.T.);
#561 = VERTEX_POINT('',#562);
#562 = CARTESIAN_POINT('',(0.65,0.95,-1.));
#563 = SURFACE_CURVE('',#564,(#568,#575),.PCURVE_S1.);
#564 = LINE('',#565,#566);
#565 = CARTESIAN_POINT('',(0.65,1.077032961427,-1.));
#566 = VECTOR('',#567,1.);
#567 = DIRECTION('',(0.,-1.,0.));
#568 = PCURVE('',#44,#569);
#569 = DEFINITIONAL_REPRESENTATION('',(#570),#574);
#570 = LINE('',#571,#572);
#571 = CARTESIAN_POINT('',(1.077032961427,-4.5));
#572 = VECTOR('',#573,1.);
#573 = DIRECTION('',(1.,0.));
#574 = ( GEOMETRIC_REPRESENTATION_CONTEXT(2) 
PARAMETRIC_REPRESENTATION_CONTEXT() REPRESENTATION_CONTEXT('2D SPACE',''
  ) );
#575 = PCURVE('',#576,#581);
#576 = PLANE('',#577);
#577 = AXIS2_PLACEMENT_3D('',#578,#579,#580);
#578 = CARTESIAN_POINT('',(5.E-17,-6.6E-16,-1.));
#579 = DIRECTION('',(0.,0.,1.));
#580 = DIRECTION('',(1.,0.,0.));
#581 = DEFINITIONAL_REPRESENTATION('',(#582),#586);
#582 = LINE('',#583,#584);
#583 = CARTESIAN_POINT('',(0.65,1.077032961427));
#584 = VECTOR('',#585,1.);
#585 = DIRECTION('',(0.,-1.));
#586 = ( GEOMETRIC_REPRESENTATION_CONTEXT(2) 
PARAMETRIC_REPRESENTATION_CONTEXT() REPRESENTATION_CONTEXT('2D SPACE',''
  ) );
#587 = ORIENTED_EDGE('',*,*,#588,.F.);
#588 = EDGE_CURVE('',#24,#561,#589,.T.);
#589 = SURFACE_CURVE('',#590,(#594,#601),.PCURVE_S1.);
#590 = LINE('',#591,#592);
#591 = CARTESIAN_POINT('',(0.65,0.95,-5.5));
#592 = VECTOR('',#593,1.);
#593 = DIRECTION('',(0.,0.,1.));
#594 = PCURVE('',#44,#595);
#595 = DEFINITIONAL_REPRESENTATION('',(#596),#600);
#596 = LINE('',#597,#598);
#597 = CARTESIAN_POINT('',(1.204065922854,0.));
#598 = VECTOR('',#599,1.);
#599 = DIRECTION('',(0.,-1.));
#600 = ( GEOMETRIC_REPRESENTATION_CONTEXT(2) 
PARAMETRIC_REPRESENTATION_CONTEXT() REPRESENTATION_CONTEXT('2D SPACE',''
  ) );
#601 = PCURVE('',#73,#602);
#602 = DEFINITIONAL_REPRESENTATION('',(#603),#607);
#603 = LINE('',#604,#605);
#604 = CARTESIAN_POINT('',(0.,0.));
#605 = VECTOR('',#606,1.);
#606 = DIRECTION('',(0.,1.));
#607 = ( GEOMETRIC_REPRESENTATION_CONTEXT(2) 
PARAMETRIC_REPRESENTATION_CONTEXT() REPRESENTATION_CONTEXT('2D SPACE',''
  ) );
#608 = ADVANCED_FACE('',(#609),#73,.T.);
#609 = FACE_BOUND('',#610,.T.);
#610 = EDGE_LOOP('',(#611,#612,#635,#657));
#611 = ORIENTED_EDGE('',*,*,#56,.T.);
#612 = ORIENTED_EDGE('',*,*,#613,.T.);
#613 = EDGE_CURVE('',#57,#614,#616,.T.);
#614 = VERTEX_POINT('',#615);
#615 = CARTESIAN_POINT('',(0.95,0.65,-1.));
#616 = SURFACE_CURVE('',#617,(#621,#628),.PCURVE_S1.);
#617 = LINE('',#618,#619);
#618 = CARTESIAN_POINT('',(0.95,0.65,-5.5));
#619 = VECTOR('',#620,1.);
#620 = DIRECTION('',(0.,0.,1.));
#621 = PCURVE('',#73,#622);
#622 = DEFINITIONAL_REPRESENTATION('',(#623),#627);
#623 = LINE('',#624,#625);
#624 = CARTESIAN_POINT('',(1.570796326795,0.));
#625 = VECTOR('',#626,1.);
#626 = DIRECTION('',(0.,1.));
#627 = ( GEOMETRIC_REPRESENTATION_CONTEXT(2) 
PARAMETRIC_REPRESENTATION_CONTEXT() REPRESENTATION_CONTEXT('2D SPACE',''
  ) );
#628 = PCURVE('',#101,#629);
#629 = DEFINITIONAL_REPRESENTATION('',(#630),#634);
#630 = LINE('',#631,#632);
#631 = CARTESIAN_POINT('',(0.3,0.));
#632 = VECTOR('',#633,1.);
#633 = DIRECTION('',(0.,-1.));
#634 = ( GEOMETRIC_REPRESENTATION_CONTEXT(2) 
PARAMETRIC_REPRESENTATION_CONTEXT() REPRESENTATION_CONTEXT('2D SPACE',''
  ) );
#635 = ORIENTED_EDGE('',*,*,#636,.F.);
#636 = EDGE_CURVE('',#561,#614,#637,.T.);
#637 = SURFACE_CURVE('',#638,(#643,#650),.PCURVE_S1.);
#638 = CIRCLE('',#639,0.3);
#639 = AXIS2_PLACEMENT_3D('',#640,#641,#642);
#640 = CARTESIAN_POINT('',(0.95,0.95,-1.));
#641 = DIRECTION('',(-0.,0.,1.));
#642 = DIRECTION('',(0.,-1.,0.));
#643 = PCURVE('',#73,#644);
#644 = DEFINITIONAL_REPRESENTATION('',(#645),#649);
#645 = LINE('',#646,#647);
#646 = CARTESIAN_POINT('',(-4.712388980385,4.5));
#647 = VECTOR('',#648,1.);
#648 = DIRECTION('',(1.,0.));
#649 = ( GEOMETRIC_REPRESENTATION_CONTEXT(2) 
PARAMETRIC_REPRESENTATION_CONTEXT() REPRESENTATION_CONTEXT('2D SPACE',''
  ) );
#650 = PCURVE('',#576,#651);
#651 = DEFINITIONAL_REPRESENTATION('',(#652),#656);
#652 = CIRCLE('',#653,0.3);
#653 = AXIS2_PLACEMENT_2D('',#654,#655);
#654 = CARTESIAN_POINT('',(0.95,0.95));
#655 = DIRECTION('',(0.,-1.));
#656 = ( GEOMETRIC_REPRESENTATION_CONTEXT(2) 
PARAMETRIC_REPRESENTATION_CONTEXT() REPRESENTATION_CONTEXT('2D SPACE',''
  ) );
#657 = ORIENTED_EDGE('',*,*,#588,.F.);
#658 = ADVANCED_FACE('',(#659),#486,.F.);
#659 = FACE_BOUND('',#660,.F.);
#660 = EDGE_LOOP('',(#661,#662,#685,#711));
#661 = ORIENTED_EDGE('',*,*,#467,.F.);
#662 = ORIENTED_EDGE('',*,*,#663,.T.);
#663 = EDGE_CURVE('',#440,#664,#666,.T.);
#664 = VERTEX_POINT('',#665);
#665 = CARTESIAN_POINT('',(-0.65,2.154065922854,-1.));
#666 = SURFACE_CURVE('',#667,(#671,#678),.PCURVE_S1.);
#667 = LINE('',#668,#669);
#668 = CARTESIAN_POINT('',(-0.65,2.154065922854,-5.5));
#669 = VECTOR('',#670,1.);
#670 = DIRECTION('',(0.,0.,1.));
#671 = PCURVE('',#486,#672);
#672 = DEFINITIONAL_REPRESENTATION('',(#673),#677);
#673 = LINE('',#674,#675);
#674 = CARTESIAN_POINT('',(1.277730288471,0.));
#675 = VECTOR('',#676,1.);
#676 = DIRECTION('',(0.,-1.));
#677 = ( GEOMETRIC_REPRESENTATION_CONTEXT(2) 
PARAMETRIC_REPRESENTATION_CONTEXT() REPRESENTATION_CONTEXT('2D SPACE',''
  ) );
#678 = PCURVE('',#455,#679);
#679 = DEFINITIONAL_REPRESENTATION('',(#680),#684);
#680 = LINE('',#681,#682);
#681 = CARTESIAN_POINT('',(0.,0.));
#682 = VECTOR('',#683,1.);
#683 = DIRECTION('',(0.,-1.));
#684 = ( GEOMETRIC_REPRESENTATION_CONTEXT(2) 
PARAMETRIC_REPRESENTATION_CONTEXT() REPRESENTATION_CONTEXT('2D SPACE',''
  ) );
#685 = ORIENTED_EDGE('',*,*,#686,.T.);
#686 = EDGE_CURVE('',#664,#538,#687,.T.);
#687 = SURFACE_CURVE('',#688,(#693,#700),.PCURVE_S1.);
#688 = CIRCLE('',#689,2.25);
#689 = AXIS2_PLACEMENT_3D('',#690,#691,#692);
#690 = CARTESIAN_POINT('',(0.,0.,-1.));
#691 = DIRECTION('',(0.,0.,-1.));
#692 = DIRECTION('',(-1.,0.,0.));
#693 = PCURVE('',#486,#694);
#694 = DEFINITIONAL_REPRESENTATION('',(#695),#699);
#695 = LINE('',#696,#697);
#696 = CARTESIAN_POINT('',(0.,-4.5));
#697 = VECTOR('',#698,1.);
#698 = DIRECTION('',(1.,0.));
#699 = ( GEOMETRIC_REPRESENTATION_CONTEXT(2) 
PARAMETRIC_REPRESENTATION_CONTEXT() REPRESENTATION_CONTEXT('2D SPACE',''
  ) );
#700 = PCURVE('',#576,#701);
#701 = DEFINITIONAL_REPRESENTATION('',(#702),#710);
#702 = ( BOUNDED_CURVE() B_SPLINE_CURVE(2,(#703,#704,#705,#706,#707,#708
,#709),.UNSPECIFIED.,.T.,.F.) B_SPLINE_CURVE_WITH_KNOTS((1,2,2,2,2,1),(
    -2.094395102393,0.,2.094395102393,4.188790204786,6.28318530718,
8.377580409573),.UNSPECIFIED.) CURVE() GEOMETRIC_REPRESENTATION_ITEM() 
RATIONAL_B_SPLINE_CURVE((1.,0.5,1.,0.5,1.,0.5,1.)) REPRESENTATION_ITEM(
  '') );
#703 = CARTESIAN_POINT('',(-2.25,6.6E-16));
#704 = CARTESIAN_POINT('',(-2.25,3.89711431703));
#705 = CARTESIAN_POINT('',(1.125,1.948557158515));
#706 = CARTESIAN_POINT('',(4.5,1.211091059616E-15));
#707 = CARTESIAN_POINT('',(1.125,-1.948557158515));
#708 = CARTESIAN_POINT('',(-2.25,-3.89711431703));
#709 = CARTESIAN_POINT('',(-2.25,6.6E-16));
#710 = ( GEOMETRIC_REPRESENTATION_CONTEXT(2) 
PARAMETRIC_REPRESENTATION_CONTEXT() REPRESENTATION_CONTEXT('2D SPACE',''
  ) );
#711 = ORIENTED_EDGE('',*,*,#537,.F.);
#712 = ADVANCED_FACE('',(#713),#101,.F.);
#713 = FACE_BOUND('',#714,.F.);
#714 = EDGE_LOOP('',(#715,#716,#717,#740));
#715 = ORIENTED_EDGE('',*,*,#85,.F.);
#716 = ORIENTED_EDGE('',*,*,#613,.T.);
#717 = ORIENTED_EDGE('',*,*,#718,.T.);
#718 = EDGE_CURVE('',#614,#719,#721,.T.);
#719 = VERTEX_POINT('',#720);
#720 = CARTESIAN_POINT('',(2.154065922854,0.65,-1.));
#721 = SURFACE_CURVE('',#722,(#726,#733),.PCURVE_S1.);
#722 = LINE('',#723,#724);
#723 = CARTESIAN_POINT('',(0.325,0.65,-1.));
#724 = VECTOR('',#725,1.);
#725 = DIRECTION('',(1.,0.,0.));
#726 = PCURVE('',#101,#727);
#727 = DEFINITIONAL_REPRESENTATION('',(#728),#732);
#728 = LINE('',#729,#730);
#729 = CARTESIAN_POINT('',(-0.325,-4.5));
#730 = VECTOR('',#731,1.);
#731 = DIRECTION('',(1.,0.));
#732 = ( GEOMETRIC_REPRESENTATION_CONTEXT(2) 
PARAMETRIC_REPRESENTATION_CONTEXT() REPRESENTATION_CONTEXT('2D SPACE',''
  ) );
#733 = PCURVE('',#576,#734);
#734 = DEFINITIONAL_REPRESENTATION('',(#735),#739);
#735 = LINE('',#736,#737);
#736 = CARTESIAN_POINT('',(0.325,0.65));
#737 = VECTOR('',#738,1.);
#738 = DIRECTION('',(1.,0.));
#739 = ( GEOMETRIC_REPRESENTATION_CONTEXT(2) 
PARAMETRIC_REPRESENTATION_CONTEXT() REPRESENTATION_CONTEXT('2D SPACE',''
  ) );
#740 = ORIENTED_EDGE('',*,*,#741,.F.);
#741 = EDGE_CURVE('',#86,#719,#742,.T.);
#742 = SURFACE_CURVE('',#743,(#747,#754),.PCURVE_S1.);
#743 = LINE('',#744,#745);
#744 = CARTESIAN_POINT('',(2.154065922854,0.65,-5.5));
#745 = VECTOR('',#746,1.);
#746 = DIRECTION('',(0.,0.,1.));
#747 = PCURVE('',#101,#748);
#748 = DEFINITIONAL_REPRESENTATION('',(#749),#753);
#749 = LINE('',#750,#751);
#750 = CARTESIAN_POINT('',(1.504065922854,0.));
#751 = VECTOR('',#752,1.);
#752 = DIRECTION('',(0.,-1.));
#753 = ( GEOMETRIC_REPRESENTATION_CONTEXT(2) 
PARAMETRIC_REPRESENTATION_CONTEXT() REPRESENTATION_CONTEXT('2D SPACE',''
  ) );
#754 = PCURVE('',#134,#755);
#755 = DEFINITIONAL_REPRESENTATION('',(#756),#760);
#756 = LINE('',#757,#758);
#757 = CARTESIAN_POINT('',(2.848526615266,0.));
#758 = VECTOR('',#759,1.);
#759 = DIRECTION('',(0.,-1.));
#760 = ( GEOMETRIC_REPRESENTATION_CONTEXT(2) 
PARAMETRIC_REPRESENTATION_CONTEXT() REPRESENTATION_CONTEXT('2D SPACE',''
  ) );
#761 = ADVANCED_FACE('',(#762),#455,.T.);
#762 = FACE_BOUND('',#763,.T.);
#763 = EDGE_LOOP('',(#764,#765,#766,#789));
#764 = ORIENTED_EDGE('',*,*,#439,.F.);
#765 = ORIENTED_EDGE('',*,*,#663,.T.);
#766 = ORIENTED_EDGE('',*,*,#767,.T.);
#767 = EDGE_CURVE('',#664,#768,#770,.T.);
#768 = VERTEX_POINT('',#769);
#769 = CARTESIAN_POINT('',(-0.65,0.95,-1.));
#770 = SURFACE_CURVE('',#771,(#775,#782),.PCURVE_S1.);
#771 = LINE('',#772,#773);
#772 = CARTESIAN_POINT('',(-0.65,1.077032961427,-1.));
#773 = VECTOR('',#774,1.);
#774 = DIRECTION('',(0.,-1.,0.));
#775 = PCURVE('',#455,#776);
#776 = DEFINITIONAL_REPRESENTATION('',(#777),#781);
#777 = LINE('',#778,#779);
#778 = CARTESIAN_POINT('',(1.077032961427,-4.5));
#779 = VECTOR('',#780,1.);
#780 = DIRECTION('',(1.,0.));
#781 = ( GEOMETRIC_REPRESENTATION_CONTEXT(2) 
PARAMETRIC_REPRESENTATION_CONTEXT() REPRESENTATION_CONTEXT('2D SPACE',''
  ) );
#782 = PCURVE('',#576,#783);
#783 = DEFINITIONAL_REPRESENTATION('',(#784),#788);
#784 = LINE('',#785,#786);
#785 = CARTESIAN_POINT('',(-0.65,1.077032961427));
#786 = VECTOR('',#787,1.);
#787 = DIRECTION('',(0.,-1.));
#788 = ( GEOMETRIC_REPRESENTATION_CONTEXT(2) 
PARAMETRIC_REPRESENTATION_CONTEXT() REPRESENTATION_CONTEXT('2D SPACE',''
  ) );
#789 = ORIENTED_EDGE('',*,*,#790,.F.);
#790 = EDGE_CURVE('',#411,#768,#791,.T.);
#791 = SURFACE_CURVE('',#792,(#796,#803),.PCURVE_S1.);
#792 = LINE('',#793,#794);
#793 = CARTESIAN_POINT('',(-0.65,0.95,-5.5));
#794 = VECTOR('',#795,1.);
#795 = DIRECTION('',(0.,0.,1.));
#796 = PCURVE('',#455,#797);
#797 = DEFINITIONAL_REPRESENTATION('',(#798),#802);
#798 = LINE('',#799,#800);
#799 = CARTESIAN_POINT('',(1.204065922854,0.));
#800 = VECTOR('',#801,1.);
#801 = DIRECTION('',(0.,-1.));
#802 = ( GEOMETRIC_REPRESENTATION_CONTEXT(2) 
PARAMETRIC_REPRESENTATION_CONTEXT() REPRESENTATION_CONTEXT('2D SPACE',''
  ) );
#803 = PCURVE('',#427,#804);
#804 = DEFINITIONAL_REPRESENTATION('',(#805),#809);
#805 = LINE('',#806,#807);
#806 = CARTESIAN_POINT('',(1.570796326795,0.));
#807 = VECTOR('',#808,1.);
#808 = DIRECTION('',(0.,1.));
#809 = ( GEOMETRIC_REPRESENTATION_CONTEXT(2) 
PARAMETRIC_REPRESENTATION_CONTEXT() REPRESENTATION_CONTEXT('2D SPACE',''
  ) );
#810 = ADVANCED_FACE('',(#811),#134,.F.);
#811 = FACE_BOUND('',#812,.F.);
#812 = EDGE_LOOP('',(#813,#814,#815,#843));
#813 = ORIENTED_EDGE('',*,*,#113,.F.);
#814 = ORIENTED_EDGE('',*,*,#741,.T.);
#815 = ORIENTED_EDGE('',*,*,#816,.T.);
#816 = EDGE_CURVE('',#719,#817,#819,.T.);
#817 = VERTEX_POINT('',#818);
#818 = CARTESIAN_POINT('',(2.154065922854,-0.65,-1.));
#819 = SURFACE_CURVE('',#820,(#825,#832),.PCURVE_S1.);
#820 = CIRCLE('',#821,2.25);
#821 = AXIS2_PLACEMENT_3D('',#822,#823,#824);
#822 = CARTESIAN_POINT('',(0.,0.,-1.));
#823 = DIRECTION('',(0.,0.,-1.));
#824 = DIRECTION('',(-1.,0.,0.));
#825 = PCURVE('',#134,#826);
#826 = DEFINITIONAL_REPRESENTATION('',(#827),#831);
#827 = LINE('',#828,#829);
#828 = CARTESIAN_POINT('',(0.,-4.5));
#829 = VECTOR('',#830,1.);
#830 = DIRECTION('',(1.,0.));
#831 = ( GEOMETRIC_REPRESENTATION_CONTEXT(2) 
PARAMETRIC_REPRESENTATION_CONTEXT() REPRESENTATION_CONTEXT('2D SPACE',''
  ) );
#832 = PCURVE('',#576,#833);
#833 = DEFINITIONAL_REPRESENTATION('',(#834),#842);
#834 = ( BOUNDED_CURVE() B_SPLINE_CURVE(2,(#835,#836,#837,#838,#839,#840
,#841),.UNSPECIFIED.,.T.,.F.) B_SPLINE_CURVE_WITH_KNOTS((1,2,2,2,2,1),(
    -2.094395102393,0.,2.094395102393,4.188790204786,6.28318530718,
8.377580409573),.UNSPECIFIED.) CURVE() GEOMETRIC_REPRESENTATION_ITEM() 
RATIONAL_B_SPLINE_CURVE((1.,0.5,1.,0.5,1.,0.5,1.)) REPRESENTATION_ITEM(
  '') );
#835 = CARTESIAN_POINT('',(-2.25,6.6E-16));
#836 = CARTESIAN_POINT('',(-2.25,3.89711431703));
#837 = CARTESIAN_POINT('',(1.125,1.948557158515));
#838 = CARTESIAN_POINT('',(4.5,1.211091059616E-15));
#839 = CARTESIAN_POINT('',(1.125,-1.948557158515));
#840 = CARTESIAN_POINT('',(-2.25,-3.89711431703));
#841 = CARTESIAN_POINT('',(-2.25,6.6E-16));
#842 = ( GEOMETRIC_REPRESENTATION_CONTEXT(2) 
PARAMETRIC_REPRESENTATION_CONTEXT() REPRESENTATION_CONTEXT('2D SPACE',''
  ) );
#843 = ORIENTED_EDGE('',*,*,#844,.F.);
#844 = EDGE_CURVE('',#114,#817,#845,.T.);
#845 = SURFACE_CURVE('',#846,(#850,#857),.PCURVE_S1.);
#846 = LINE('',#847,#848);
#847 = CARTESIAN_POINT('',(2.154065922854,-0.65,-5.5));
#848 = VECTOR('',#849,1.);
#849 = DIRECTION('',(0.,0.,1.));
#850 = PCURVE('',#134,#851);
#851 = DEFINITIONAL_REPRESENTATION('',(#852),#856);
#852 = LINE('',#853,#854);
#853 = CARTESIAN_POINT('',(3.434658691914,0.));
#854 = VECTOR('',#855,1.);
#855 = DIRECTION('',(0.,-1.));
#856 = ( GEOMETRIC_REPRESENTATION_CONTEXT(2) 
PARAMETRIC_REPRESENTATION_CONTEXT() REPRESENTATION_CONTEXT('2D SPACE',''
  ) );
#857 = PCURVE('',#162,#858);
#858 = DEFINITIONAL_REPRESENTATION('',(#859),#863);
#859 = LINE('',#860,#861);
#860 = CARTESIAN_POINT('',(1.504065922854,0.));
#861 = VECTOR('',#862,1.);
#862 = DIRECTION('',(0.,-1.));
#863 = ( GEOMETRIC_REPRESENTATION_CONTEXT(2) 
PARAMETRIC_REPRESENTATION_CONTEXT() REPRESENTATION_CONTEXT('2D SPACE',''
  ) );
#864 = ADVANCED_FACE('',(#865),#427,.T.);
#865 = FACE_BOUND('',#866,.T.);
#866 = EDGE_LOOP('',(#867,#868,#869,#893));
#867 = ORIENTED_EDGE('',*,*,#410,.T.);
#868 = ORIENTED_EDGE('',*,*,#790,.T.);
#869 = ORIENTED_EDGE('',*,*,#870,.F.);
#870 = EDGE_CURVE('',#871,#768,#873,.T.);
#871 = VERTEX_POINT('',#872);
#872 = CARTESIAN_POINT('',(-0.95,0.65,-1.));
#873 = SURFACE_CURVE('',#874,(#879,#886),.PCURVE_S1.);
#874 = CIRCLE('',#875,0.3);
#875 = AXIS2_PLACEMENT_3D('',#876,#877,#878);
#876 = CARTESIAN_POINT('',(-0.95,0.95,-1.));
#877 = DIRECTION('',(-0.,0.,1.));
#878 = DIRECTION('',(0.,-1.,0.));
#879 = PCURVE('',#427,#880);
#880 = DEFINITIONAL_REPRESENTATION('',(#881),#885);
#881 = LINE('',#882,#883);
#882 = CARTESIAN_POINT('',(0.,4.5));
#883 = VECTOR('',#884,1.);
#884 = DIRECTION('',(1.,0.));
#885 = ( GEOMETRIC_REPRESENTATION_CONTEXT(2) 
PARAMETRIC_REPRESENTATION_CONTEXT() REPRESENTATION_CONTEXT('2D SPACE',''
  ) );
#886 = PCURVE('',#576,#887);
#887 = DEFINITIONAL_REPRESENTATION('',(#888),#892);
#888 = CIRCLE('',#889,0.3);
#889 = AXIS2_PLACEMENT_2D('',#890,#891);
#890 = CARTESIAN_POINT('',(-0.95,0.95));
#891 = DIRECTION('',(0.,-1.));
#892 = ( GEOMETRIC_REPRESENTATION_CONTEXT(2) 
PARAMETRIC_REPRESENTATION_CONTEXT() REPRESENTATION_CONTEXT('2D SPACE',''
  ) );
#893 = ORIENTED_EDGE('',*,*,#894,.F.);
#894 = EDGE_CURVE('',#383,#871,#895,.T.);
#895 = SURFACE_CURVE('',#896,(#900,#907),.PCURVE_S1.);
#896 = LINE('',#897,#898);
#897 = CARTESIAN_POINT('',(-0.95,0.65,-5.5));
#898 = VECTOR('',#899,1.);
#899 = DIRECTION('',(0.,0.,1.));
#900 = PCURVE('',#427,#901);
#901 = DEFINITIONAL_REPRESENTATION('',(#902),#906);
#902 = LINE('',#903,#904);
#903 = CARTESIAN_POINT('',(0.,0.));
#904 = VECTOR('',#905,1.);
#905 = DIRECTION('',(0.,1.));
#906 = ( GEOMETRIC_REPRESENTATION_CONTEXT(2) 
PARAMETRIC_REPRESENTATION_CONTEXT() REPRESENTATION_CONTEXT('2D SPACE',''
  ) );
#907 = PCURVE('',#398,#908);
#908 = DEFINITIONAL_REPRESENTATION('',(#909),#913);
#909 = LINE('',#910,#911);
#910 = CARTESIAN_POINT('',(0.3,0.));
#911 = VECTOR('',#912,1.);
#912 = DIRECTION('',(0.,-1.));
#913 = ( GEOMETRIC_REPRESENTATION_CONTEXT(2) 
PARAMETRIC_REPRESENTATION_CONTEXT() REPRESENTATION_CONTEXT('2D SPACE',''
  ) );
#914 = ADVANCED_FACE('',(#915),#162,.T.);
#915 = FACE_BOUND('',#916,.T.);
#916 = EDGE_LOOP('',(#917,#918,#941,#962));
#917 = ORIENTED_EDGE('',*,*,#146,.F.);
#918 = ORIENTED_EDGE('',*,*,#919,.T.);
#919 = EDGE_CURVE('',#147,#920,#922,.T.);
#920 = VERTEX_POINT('',#921);
#921 = CARTESIAN_POINT('',(0.95,-0.65,-1.));
#922 = SURFACE_CURVE('',#923,(#927,#934),.PCURVE_S1.);
#923 = LINE('',#924,#925);
#924 = CARTESIAN_POINT('',(0.95,-0.65,-5.5));
#925 = VECTOR('',#926,1.);
#926 = DIRECTION('',(0.,0.,1.));
#927 = PCURVE('',#162,#928);
#928 = DEFINITIONAL_REPRESENTATION('',(#929),#933);
#929 = LINE('',#930,#931);
#930 = CARTESIAN_POINT('',(0.3,0.));
#931 = VECTOR('',#932,1.);
#932 = DIRECTION('',(0.,-1.));
#933 = ( GEOMETRIC_REPRESENTATION_CONTEXT(2) 
PARAMETRIC_REPRESENTATION_CONTEXT() REPRESENTATION_CONTEXT('2D SPACE',''
  ) );
#934 = PCURVE('',#191,#935);
#935 = DEFINITIONAL_REPRESENTATION('',(#936),#940);
#936 = LINE('',#937,#938);
#937 = CARTESIAN_POINT('',(0.,0.));
#938 = VECTOR('',#939,1.);
#939 = DIRECTION('',(0.,1.));
#940 = ( GEOMETRIC_REPRESENTATION_CONTEXT(2) 
PARAMETRIC_REPRESENTATION_CONTEXT() REPRESENTATION_CONTEXT('2D SPACE',''
  ) );
#941 = ORIENTED_EDGE('',*,*,#942,.T.);
#942 = EDGE_CURVE('',#920,#817,#943,.T.);
#943 = SURFACE_CURVE('',#944,(#948,#955),.PCURVE_S1.);
#944 = LINE('',#945,#946);
#945 = CARTESIAN_POINT('',(0.325,-0.65,-1.));
#946 = VECTOR('',#947,1.);
#947 = DIRECTION('',(1.,0.,0.));
#948 = PCURVE('',#162,#949);
#949 = DEFINITIONAL_REPRESENTATION('',(#950),#954);
#950 = LINE('',#951,#952);
#951 = CARTESIAN_POINT('',(-0.325,-4.5));
#952 = VECTOR('',#953,1.);
#953 = DIRECTION('',(1.,0.));
#954 = ( GEOMETRIC_REPRESENTATION_CONTEXT(2) 
PARAMETRIC_REPRESENTATION_CONTEXT() REPRESENTATION_CONTEXT('2D SPACE',''
  ) );
#955 = PCURVE('',#576,#956);
#956 = DEFINITIONAL_REPRESENTATION('',(#957),#961);
#957 = LINE('',#958,#959);
#958 = CARTESIAN_POINT('',(0.325,-0.65));
#959 = VECTOR('',#960,1.);
#960 = DIRECTION('',(1.,0.));
#961 = ( GEOMETRIC_REPRESENTATION_CONTEXT(2) 
PARAMETRIC_REPRESENTATION_CONTEXT() REPRESENTATION_CONTEXT('2D SPACE',''
  ) );
#962 = ORIENTED_EDGE('',*,*,#844,.F.);
#963 = ADVANCED_FACE('',(#964),#398,.T.);
#964 = FACE_BOUND('',#965,.T.);
#965 = EDGE_LOOP('',(#966,#967,#968,#991));
#966 = ORIENTED_EDGE('',*,*,#382,.F.);
#967 = ORIENTED_EDGE('',*,*,#894,.T.);
#968 = ORIENTED_EDGE('',*,*,#969,.T.);
#969 = EDGE_CURVE('',#871,#970,#972,.T.);
#970 = VERTEX_POINT('',#971);
#971 = CARTESIAN_POINT('',(-2.154065922854,0.65,-1.));
#972 = SURFACE_CURVE('',#973,(#977,#984),.PCURVE_S1.);
#973 = LINE('',#974,#975);
#974 = CARTESIAN_POINT('',(-0.325,0.65,-1.));
#975 = VECTOR('',#976,1.);
#976 = DIRECTION('',(-1.,0.,0.));
#977 = PCURVE('',#398,#978);
#978 = DEFINITIONAL_REPRESENTATION('',(#979),#983);
#979 = LINE('',#980,#981);
#980 = CARTESIAN_POINT('',(-0.325,-4.5));
#981 = VECTOR('',#982,1.);
#982 = DIRECTION('',(1.,0.));
#983 = ( GEOMETRIC_REPRESENTATION_CONTEXT(2) 
PARAMETRIC_REPRESENTATION_CONTEXT() REPRESENTATION_CONTEXT('2D SPACE',''
  ) );
#984 = PCURVE('',#576,#985);
#985 = DEFINITIONAL_REPRESENTATION('',(#986),#990);
#986 = LINE('',#987,#988);
#987 = CARTESIAN_POINT('',(-0.325,0.65));
#988 = VECTOR('',#989,1.);
#989 = DIRECTION('',(-1.,0.));
#990 = ( GEOMETRIC_REPRESENTATION_CONTEXT(2) 
PARAMETRIC_REPRESENTATION_CONTEXT() REPRESENTATION_CONTEXT('2D SPACE',''
  ) );
#991 = ORIENTED_EDGE('',*,*,#992,.F.);
#992 = EDGE_CURVE('',#350,#970,#993,.T.);
#993 = SURFACE_CURVE('',#994,(#998,#1005),.PCURVE_S1.);
#994 = LINE('',#995,#996);
#995 = CARTESIAN_POINT('',(-2.154065922854,0.65,-5.5));
#996 = VECTOR('',#997,1.);
#997 = DIRECTION('',(0.,0.,1.));
#998 = PCURVE('',#398,#999);
#999 = DEFINITIONAL_REPRESENTATION('',(#1000),#1004);
#1000 = LINE('',#1001,#1002);
#1001 = CARTESIAN_POINT('',(1.504065922854,0.));
#1002 = VECTOR('',#1003,1.);
#1003 = DIRECTION('',(0.,-1.));
#1004 = ( GEOMETRIC_REPRESENTATION_CONTEXT(2) 
PARAMETRIC_REPRESENTATION_CONTEXT() REPRESENTATION_CONTEXT('2D SPACE',''
  ) );
#1005 = PCURVE('',#370,#1006);
#1006 = DEFINITIONAL_REPRESENTATION('',(#1007),#1011);
#1007 = LINE('',#1008,#1009);
#1008 = CARTESIAN_POINT('',(6.576251345504,0.));
#1009 = VECTOR('',#1010,1.);
#1010 = DIRECTION('',(0.,-1.));
#1011 = ( GEOMETRIC_REPRESENTATION_CONTEXT(2) 
PARAMETRIC_REPRESENTATION_CONTEXT() REPRESENTATION_CONTEXT('2D SPACE',''
  ) );
#1012 = ADVANCED_FACE('',(#1013),#191,.T.);
#1013 = FACE_BOUND('',#1014,.T.);
#1014 = EDGE_LOOP('',(#1015,#1016,#1039,#1061));
#1015 = ORIENTED_EDGE('',*,*,#174,.T.);
#1016 = ORIENTED_EDGE('',*,*,#1017,.T.);
#1017 = EDGE_CURVE('',#175,#1018,#1020,.T.);
#1018 = VERTEX_POINT('',#1019);
#1019 = CARTESIAN_POINT('',(0.65,-0.95,-1.));
#1020 = SURFACE_CURVE('',#1021,(#1025,#1032),.PCURVE_S1.);
#1021 = LINE('',#1022,#1023);
#1022 = CARTESIAN_POINT('',(0.65,-0.95,-5.5));
#1023 = VECTOR('',#1024,1.);
#1024 = DIRECTION('',(0.,0.,1.));
#1025 = PCURVE('',#191,#1026);
#1026 = DEFINITIONAL_REPRESENTATION('',(#1027),#1031);
#1027 = LINE('',#1028,#1029);
#1028 = CARTESIAN_POINT('',(1.570796326795,0.));
#1029 = VECTOR('',#1030,1.);
#1030 = DIRECTION('',(0.,1.));
#1031 = ( GEOMETRIC_REPRESENTATION_CONTEXT(2) 
PARAMETRIC_REPRESENTATION_CONTEXT() REPRESENTATION_CONTEXT('2D SPACE',''
  ) );
#1032 = PCURVE('',#219,#1033);
#1033 = DEFINITIONAL_REPRESENTATION('',(#1034),#1038);
#1034 = LINE('',#1035,#1036);
#1035 = CARTESIAN_POINT('',(1.204065922854,0.));
#1036 = VECTOR('',#1037,1.);
#1037 = DIRECTION('',(0.,-1.));
#1038 = ( GEOMETRIC_REPRESENTATION_CONTEXT(2) 
PARAMETRIC_REPRESENTATION_CONTEXT() REPRESENTATION_CONTEXT('2D SPACE',''
  ) );
#1039 = ORIENTED_EDGE('',*,*,#1040,.F.);
#1040 = EDGE_CURVE('',#920,#1018,#1041,.T.);
#1041 = SURFACE_CURVE('',#1042,(#1047,#1054),.PCURVE_S1.);
#1042 = CIRCLE('',#1043,0.3);
#1043 = AXIS2_PLACEMENT_3D('',#1044,#1045,#1046);
#1044 = CARTESIAN_POINT('',(0.95,-0.95,-1.));
#1045 = DIRECTION('',(-0.,0.,1.));
#1046 = DIRECTION('',(0.,-1.,0.));
#1047 = PCURVE('',#191,#1048);
#1048 = DEFINITIONAL_REPRESENTATION('',(#1049),#1053);
#1049 = LINE('',#1050,#1051);
#1050 = CARTESIAN_POINT('',(-3.14159265359,4.5));
#1051 = VECTOR('',#1052,1.);
#1052 = DIRECTION('',(1.,0.));
#1053 = ( GEOMETRIC_REPRESENTATION_CONTEXT(2) 
PARAMETRIC_REPRESENTATION_CONTEXT() REPRESENTATION_CONTEXT('2D SPACE',''
  ) );
#1054 = PCURVE('',#576,#1055);
#1055 = DEFINITIONAL_REPRESENTATION('',(#1056),#1060);
#1056 = CIRCLE('',#1057,0.3);
#1057 = AXIS2_PLACEMENT_2D('',#1058,#1059);
#1058 = CARTESIAN_POINT('',(0.95,-0.95));
#1059 = DIRECTION('',(0.,-1.));
#1060 = ( GEOMETRIC_REPRESENTATION_CONTEXT(2) 
PARAMETRIC_REPRESENTATION_CONTEXT() REPRESENTATION_CONTEXT('2D SPACE',''
  ) );
#1061 = ORIENTED_EDGE('',*,*,#919,.F.);
#1062 = ADVANCED_FACE('',(#1063),#370,.F.);
#1063 = FACE_BOUND('',#1064,.F.);
#1064 = EDGE_LOOP('',(#1065,#1066,#1089,#1115));
#1065 = ORIENTED_EDGE('',*,*,#349,.F.);
#1066 = ORIENTED_EDGE('',*,*,#1067,.T.);
#1067 = EDGE_CURVE('',#322,#1068,#1070,.T.);
#1068 = VERTEX_POINT('',#1069);
#1069 = CARTESIAN_POINT('',(-2.154065922854,-0.65,-1.));
#1070 = SURFACE_CURVE('',#1071,(#1075,#1082),.PCURVE_S1.);
#1071 = LINE('',#1072,#1073);
#1072 = CARTESIAN_POINT('',(-2.154065922854,-0.65,-5.5));
#1073 = VECTOR('',#1074,1.);
#1074 = DIRECTION('',(0.,0.,1.));
#1075 = PCURVE('',#370,#1076);
#1076 = DEFINITIONAL_REPRESENTATION('',(#1077),#1081);
#1077 = LINE('',#1078,#1079);
#1078 = CARTESIAN_POINT('',(5.990119268856,0.));
#1079 = VECTOR('',#1080,1.);
#1080 = DIRECTION('',(0.,-1.));
#1081 = ( GEOMETRIC_REPRESENTATION_CONTEXT(2) 
PARAMETRIC_REPRESENTATION_CONTEXT() REPRESENTATION_CONTEXT('2D SPACE',''
  ) );
#1082 = PCURVE('',#337,#1083);
#1083 = DEFINITIONAL_REPRESENTATION('',(#1084),#1088);
#1084 = LINE('',#1085,#1086);
#1085 = CARTESIAN_POINT('',(1.504065922854,-0.));
#1086 = VECTOR('',#1087,1.);
#1087 = DIRECTION('',(0.,-1.));
#1088 = ( GEOMETRIC_REPRESENTATION_CONTEXT(2) 
PARAMETRIC_REPRESENTATION_CONTEXT() REPRESENTATION_CONTEXT('2D SPACE',''
  ) );
#1089 = ORIENTED_EDGE('',*,*,#1090,.T.);
#1090 = EDGE_CURVE('',#1068,#970,#1091,.T.);
#1091 = SURFACE_CURVE('',#1092,(#1097,#1104),.PCURVE_S1.);
#1092 = CIRCLE('',#1093,2.25);
#1093 = AXIS2_PLACEMENT_3D('',#1094,#1095,#1096);
#1094 = CARTESIAN_POINT('',(0.,0.,-1.));
#1095 = DIRECTION('',(0.,0.,-1.));
#1096 = DIRECTION('',(-1.,0.,0.));
#1097 = PCURVE('',#370,#1098);
#1098 = DEFINITIONAL_REPRESENTATION('',(#1099),#1103);
#1099 = LINE('',#1100,#1101);
#1100 = CARTESIAN_POINT('',(0.,-4.5));
#1101 = VECTOR('',#1102,1.);
#1102 = DIRECTION('',(1.,0.));
#1103 = ( GEOMETRIC_REPRESENTATION_CONTEXT(2) 
PARAMETRIC_REPRESENTATION_CONTEXT() REPRESENTATION_CONTEXT('2D SPACE',''
  ) );
#1104 = PCURVE('',#576,#1105);
#1105 = DEFINITIONAL_REPRESENTATION('',(#1106),#1114);
#1106 = ( BOUNDED_CURVE() B_SPLINE_CURVE(2,(#1107,#1108,#1109,#1110,
#1111,#1112,#1113),.UNSPECIFIED.,.T.,.F.) B_SPLINE_CURVE_WITH_KNOTS((1,2
    ,2,2,2,1),(-2.094395102393,0.,2.094395102393,4.188790204786,
6.28318530718,8.377580409573),.UNSPECIFIED.) CURVE() 
GEOMETRIC_REPRESENTATION_ITEM() RATIONAL_B_SPLINE_CURVE((1.,0.5,1.,0.5,
1.,0.5,1.)) REPRESENTATION_ITEM('') );
#1107 = CARTESIAN_POINT('',(-2.25,6.6E-16));
#1108 = CARTESIAN_POINT('',(-2.25,3.89711431703));
#1109 = CARTESIAN_POINT('',(1.125,1.948557158515));
#1110 = CARTESIAN_POINT('',(4.5,1.211091059616E-15));
#1111 = CARTESIAN_POINT('',(1.125,-1.948557158515));
#1112 = CARTESIAN_POINT('',(-2.25,-3.89711431703));
#1113 = CARTESIAN_POINT('',(-2.25,6.6E-16));
#1114 = ( GEOMETRIC_REPRESENTATION_CONTEXT(2) 
PARAMETRIC_REPRESENTATION_CONTEXT() REPRESENTATION_CONTEXT('2D SPACE',''
  ) );
#1115 = ORIENTED_EDGE('',*,*,#992,.F.);
#1116 = ADVANCED_FACE('',(#1117),#219,.T.);
#1117 = FACE_BOUND('',#1118,.T.);
#1118 = EDGE_LOOP('',(#1119,#1120,#1143,#1164));
#1119 = ORIENTED_EDGE('',*,*,#203,.F.);
#1120 = ORIENTED_EDGE('',*,*,#1121,.T.);
#1121 = EDGE_CURVE('',#204,#1122,#1124,.T.);
#1122 = VERTEX_POINT('',#1123);
#1123 = CARTESIAN_POINT('',(0.65,-2.154065922854,-1.));
#1124 = SURFACE_CURVE('',#1125,(#1129,#1136),.PCURVE_S1.);
#1125 = LINE('',#1126,#1127);
#1126 = CARTESIAN_POINT('',(0.65,-2.154065922854,-5.5));
#1127 = VECTOR('',#1128,1.);
#1128 = DIRECTION('',(0.,0.,1.));
#1129 = PCURVE('',#219,#1130);
#1130 = DEFINITIONAL_REPRESENTATION('',(#1131),#1135);
#1131 = LINE('',#1132,#1133);
#1132 = CARTESIAN_POINT('',(0.,0.));
#1133 = VECTOR('',#1134,1.);
#1134 = DIRECTION('',(0.,-1.));
#1135 = ( GEOMETRIC_REPRESENTATION_CONTEXT(2) 
PARAMETRIC_REPRESENTATION_CONTEXT() REPRESENTATION_CONTEXT('2D SPACE',''
  ) );
#1136 = PCURVE('',#252,#1137);
#1137 = DEFINITIONAL_REPRESENTATION('',(#1138),#1142);
#1138 = LINE('',#1139,#1140);
#1139 = CARTESIAN_POINT('',(4.419322942061,0.));
#1140 = VECTOR('',#1141,1.);
#1141 = DIRECTION('',(0.,-1.));
#1142 = ( GEOMETRIC_REPRESENTATION_CONTEXT(2) 
PARAMETRIC_REPRESENTATION_CONTEXT() REPRESENTATION_CONTEXT('2D SPACE',''
  ) );
#1143 = ORIENTED_EDGE('',*,*,#1144,.T.);
#1144 = EDGE_CURVE('',#1122,#1018,#1145,.T.);
#1145 = SURFACE_CURVE('',#1146,(#1150,#1157),.PCURVE_S1.);
#1146 = LINE('',#1147,#1148);
#1147 = CARTESIAN_POINT('',(0.65,-1.077032961427,-1.));
#1148 = VECTOR('',#1149,1.);
#1149 = DIRECTION('',(7.E-17,1.,0.));
#1150 = PCURVE('',#219,#1151);
#1151 = DEFINITIONAL_REPRESENTATION('',(#1152),#1156);
#1152 = LINE('',#1153,#1154);
#1153 = CARTESIAN_POINT('',(1.077032961427,-4.5));
#1154 = VECTOR('',#1155,1.);
#1155 = DIRECTION('',(1.,0.));
#1156 = ( GEOMETRIC_REPRESENTATION_CONTEXT(2) 
PARAMETRIC_REPRESENTATION_CONTEXT() REPRESENTATION_CONTEXT('2D SPACE',''
  ) );
#1157 = PCURVE('',#576,#1158);
#1158 = DEFINITIONAL_REPRESENTATION('',(#1159),#1163);
#1159 = LINE('',#1160,#1161);
#1160 = CARTESIAN_POINT('',(0.65,-1.077032961427));
#1161 = VECTOR('',#1162,1.);
#1162 = DIRECTION('',(7.E-17,1.));
#1163 = ( GEOMETRIC_REPRESENTATION_CONTEXT(2) 
PARAMETRIC_REPRESENTATION_CONTEXT() REPRESENTATION_CONTEXT('2D SPACE',''
  ) );
#1164 = ORIENTED_EDGE('',*,*,#1017,.F.);
#1165 = ADVANCED_FACE('',(#1166),#337,.F.);
#1166 = FACE_BOUND('',#1167,.F.);
#1167 = EDGE_LOOP('',(#1168,#1169,#1192,#1213));
#1168 = ORIENTED_EDGE('',*,*,#321,.F.);
#1169 = ORIENTED_EDGE('',*,*,#1170,.T.);
#1170 = EDGE_CURVE('',#293,#1171,#1173,.T.);
#1171 = VERTEX_POINT('',#1172);
#1172 = CARTESIAN_POINT('',(-0.95,-0.65,-1.));
#1173 = SURFACE_CURVE('',#1174,(#1178,#1185),.PCURVE_S1.);
#1174 = LINE('',#1175,#1176);
#1175 = CARTESIAN_POINT('',(-0.95,-0.65,-5.5));
#1176 = VECTOR('',#1177,1.);
#1177 = DIRECTION('',(0.,0.,1.));
#1178 = PCURVE('',#337,#1179);
#1179 = DEFINITIONAL_REPRESENTATION('',(#1180),#1184);
#1180 = LINE('',#1181,#1182);
#1181 = CARTESIAN_POINT('',(0.3,-0.));
#1182 = VECTOR('',#1183,1.);
#1183 = DIRECTION('',(0.,-1.));
#1184 = ( GEOMETRIC_REPRESENTATION_CONTEXT(2) 
PARAMETRIC_REPRESENTATION_CONTEXT() REPRESENTATION_CONTEXT('2D SPACE',''
  ) );
#1185 = PCURVE('',#309,#1186);
#1186 = DEFINITIONAL_REPRESENTATION('',(#1187),#1191);
#1187 = LINE('',#1188,#1189);
#1188 = CARTESIAN_POINT('',(1.570796326795,0.));
#1189 = VECTOR('',#1190,1.);
#1190 = DIRECTION('',(0.,1.));
#1191 = ( GEOMETRIC_REPRESENTATION_CONTEXT(2) 
PARAMETRIC_REPRESENTATION_CONTEXT() REPRESENTATION_CONTEXT('2D SPACE',''
  ) );
#1192 = ORIENTED_EDGE('',*,*,#1193,.T.);
#1193 = EDGE_CURVE('',#1171,#1068,#1194,.T.);
#1194 = SURFACE_CURVE('',#1195,(#1199,#1206),.PCURVE_S1.);
#1195 = LINE('',#1196,#1197);
#1196 = CARTESIAN_POINT('',(-0.325,-0.65,-1.));
#1197 = VECTOR('',#1198,1.);
#1198 = DIRECTION('',(-1.,-4.4E-16,0.));
#1199 = PCURVE('',#337,#1200);
#1200 = DEFINITIONAL_REPRESENTATION('',(#1201),#1205);
#1201 = LINE('',#1202,#1203);
#1202 = CARTESIAN_POINT('',(-0.325,-4.5));
#1203 = VECTOR('',#1204,1.);
#1204 = DIRECTION('',(1.,-0.));
#1205 = ( GEOMETRIC_REPRESENTATION_CONTEXT(2) 
PARAMETRIC_REPRESENTATION_CONTEXT() REPRESENTATION_CONTEXT('2D SPACE',''
  ) );
#1206 = PCURVE('',#576,#1207);
#1207 = DEFINITIONAL_REPRESENTATION('',(#1208),#1212);
#1208 = LINE('',#1209,#1210);
#1209 = CARTESIAN_POINT('',(-0.325,-0.65));
#1210 = VECTOR('',#1211,1.);
#1211 = DIRECTION('',(-1.,-4.4E-16));
#1212 = ( GEOMETRIC_REPRESENTATION_CONTEXT(2) 
PARAMETRIC_REPRESENTATION_CONTEXT() REPRESENTATION_CONTEXT('2D SPACE',''
  ) );
#1213 = ORIENTED_EDGE('',*,*,#1067,.F.);
#1214 = ADVANCED_FACE('',(#1215),#252,.F.);
#1215 = FACE_BOUND('',#1216,.F.);
#1216 = EDGE_LOOP('',(#1217,#1218,#1219,#1247));
#1217 = ORIENTED_EDGE('',*,*,#231,.F.);
#1218 = ORIENTED_EDGE('',*,*,#1121,.T.);
#1219 = ORIENTED_EDGE('',*,*,#1220,.T.);
#1220 = EDGE_CURVE('',#1122,#1221,#1223,.T.);
#1221 = VERTEX_POINT('',#1222);
#1222 = CARTESIAN_POINT('',(-0.65,-2.154065922854,-1.));
#1223 = SURFACE_CURVE('',#1224,(#1229,#1236),.PCURVE_S1.);
#1224 = CIRCLE('',#1225,2.25);
#1225 = AXIS2_PLACEMENT_3D('',#1226,#1227,#1228);
#1226 = CARTESIAN_POINT('',(0.,0.,-1.));
#1227 = DIRECTION('',(0.,0.,-1.));
#1228 = DIRECTION('',(-1.,0.,0.));
#1229 = PCURVE('',#252,#1230);
#1230 = DEFINITIONAL_REPRESENTATION('',(#1231),#1235);
#1231 = LINE('',#1232,#1233);
#1232 = CARTESIAN_POINT('',(0.,-4.5));
#1233 = VECTOR('',#1234,1.);
#1234 = DIRECTION('',(1.,0.));
#1235 = ( GEOMETRIC_REPRESENTATION_CONTEXT(2) 
PARAMETRIC_REPRESENTATION_CONTEXT() REPRESENTATION_CONTEXT('2D SPACE',''
  ) );
#1236 = PCURVE('',#576,#1237);
#1237 = DEFINITIONAL_REPRESENTATION('',(#1238),#1246);
#1238 = ( BOUNDED_CURVE() B_SPLINE_CURVE(2,(#1239,#1240,#1241,#1242,
#1243,#1244,#1245),.UNSPECIFIED.,.T.,.F.) B_SPLINE_CURVE_WITH_KNOTS((1,2
    ,2,2,2,1),(-2.094395102393,0.,2.094395102393,4.188790204786,
6.28318530718,8.377580409573),.UNSPECIFIED.) CURVE() 
GEOMETRIC_REPRESENTATION_ITEM() RATIONAL_B_SPLINE_CURVE((1.,0.5,1.,0.5,
1.,0.5,1.)) REPRESENTATION_ITEM('') );
#1239 = CARTESIAN_POINT('',(-2.25,6.6E-16));
#1240 = CARTESIAN_POINT('',(-2.25,3.89711431703));
#1241 = CARTESIAN_POINT('',(1.125,1.948557158515));
#1242 = CARTESIAN_POINT('',(4.5,1.211091059616E-15));
#1243 = CARTESIAN_POINT('',(1.125,-1.948557158515));
#1244 = CARTESIAN_POINT('',(-2.25,-3.89711431703));
#1245 = CARTESIAN_POINT('',(-2.25,6.6E-16));
#1246 = ( GEOMETRIC_REPRESENTATION_CONTEXT(2) 
PARAMETRIC_REPRESENTATION_CONTEXT() REPRESENTATION_CONTEXT('2D SPACE',''
  ) );
#1247 = ORIENTED_EDGE('',*,*,#1248,.F.);
#1248 = EDGE_CURVE('',#232,#1221,#1249,.T.);
#1249 = SURFACE_CURVE('',#1250,(#1254,#1261),.PCURVE_S1.);
#1250 = LINE('',#1251,#1252);
#1251 = CARTESIAN_POINT('',(-0.65,-2.154065922854,-5.5));
#1252 = VECTOR('',#1253,1.);
#1253 = DIRECTION('',(0.,0.,1.));
#1254 = PCURVE('',#252,#1255);
#1255 = DEFINITIONAL_REPRESENTATION('',(#1256),#1260);
#1256 = LINE('',#1257,#1258);
#1257 = CARTESIAN_POINT('',(5.005455018709,0.));
#1258 = VECTOR('',#1259,1.);
#1259 = DIRECTION('',(0.,-1.));
#1260 = ( GEOMETRIC_REPRESENTATION_CONTEXT(2) 
PARAMETRIC_REPRESENTATION_CONTEXT() REPRESENTATION_CONTEXT('2D SPACE',''
  ) );
#1261 = PCURVE('',#280,#1262);
#1262 = DEFINITIONAL_REPRESENTATION('',(#1263),#1267);
#1263 = LINE('',#1264,#1265);
#1264 = CARTESIAN_POINT('',(0.,0.));
#1265 = VECTOR('',#1266,1.);
#1266 = DIRECTION('',(0.,-1.));
#1267 = ( GEOMETRIC_REPRESENTATION_CONTEXT(2) 
PARAMETRIC_REPRESENTATION_CONTEXT() REPRESENTATION_CONTEXT('2D SPACE',''
  ) );
#1268 = ADVANCED_FACE('',(#1269),#309,.T.);
#1269 = FACE_BOUND('',#1270,.T.);
#1270 = EDGE_LOOP('',(#1271,#1272,#1273,#1297));
#1271 = ORIENTED_EDGE('',*,*,#292,.T.);
#1272 = ORIENTED_EDGE('',*,*,#1170,.T.);
#1273 = ORIENTED_EDGE('',*,*,#1274,.F.);
#1274 = EDGE_CURVE('',#1275,#1171,#1277,.T.);
#1275 = VERTEX_POINT('',#1276);
#1276 = CARTESIAN_POINT('',(-0.65,-0.95,-1.));
#1277 = SURFACE_CURVE('',#1278,(#1283,#1290),.PCURVE_S1.);
#1278 = CIRCLE('',#1279,0.3);
#1279 = AXIS2_PLACEMENT_3D('',#1280,#1281,#1282);
#1280 = CARTESIAN_POINT('',(-0.95,-0.95,-1.));
#1281 = DIRECTION('',(-0.,0.,1.));
#1282 = DIRECTION('',(0.,-1.,0.));
#1283 = PCURVE('',#309,#1284);
#1284 = DEFINITIONAL_REPRESENTATION('',(#1285),#1289);
#1285 = LINE('',#1286,#1287);
#1286 = CARTESIAN_POINT('',(-1.570796326795,4.5));
#1287 = VECTOR('',#1288,1.);
#1288 = DIRECTION('',(1.,0.));
#1289 = ( GEOMETRIC_REPRESENTATION_CONTEXT(2) 
PARAMETRIC_REPRESENTATION_CONTEXT() REPRESENTATION_CONTEXT('2D SPACE',''
  ) );
#1290 = PCURVE('',#576,#1291);
#1291 = DEFINITIONAL_REPRESENTATION('',(#1292),#1296);
#1292 = CIRCLE('',#1293,0.3);
#1293 = AXIS2_PLACEMENT_2D('',#1294,#1295);
#1294 = CARTESIAN_POINT('',(-0.95,-0.95));
#1295 = DIRECTION('',(0.,-1.));
#1296 = ( GEOMETRIC_REPRESENTATION_CONTEXT(2) 
PARAMETRIC_REPRESENTATION_CONTEXT() REPRESENTATION_CONTEXT('2D SPACE',''
  ) );
#1297 = ORIENTED_EDGE('',*,*,#1298,.F.);
#1298 = EDGE_CURVE('',#265,#1275,#1299,.T.);
#1299 = SURFACE_CURVE('',#1300,(#1304,#1311),.PCURVE_S1.);
#1300 = LINE('',#1301,#1302);
#1301 = CARTESIAN_POINT('',(-0.65,-0.95,-5.5));
#1302 = VECTOR('',#1303,1.);
#1303 = DIRECTION('',(0.,0.,1.));
#1304 = PCURVE('',#309,#1305);
#1305 = DEFINITIONAL_REPRESENTATION('',(#1306),#1310);
#1306 = LINE('',#1307,#1308);
#1307 = CARTESIAN_POINT('',(0.,0.));
#1308 = VECTOR('',#1309,1.);
#1309 = DIRECTION('',(0.,1.));
#1310 = ( GEOMETRIC_REPRESENTATION_CONTEXT(2) 
PARAMETRIC_REPRESENTATION_CONTEXT() REPRESENTATION_CONTEXT('2D SPACE',''
  ) );
#1311 = PCURVE('',#280,#1312);
#1312 = DEFINITIONAL_REPRESENTATION('',(#1313),#1317);
#1313 = LINE('',#1314,#1315);
#1314 = CARTESIAN_POINT('',(1.204065922854,0.));
#1315 = VECTOR('',#1316,1.);
#1316 = DIRECTION('',(0.,-1.));
#1317 = ( GEOMETRIC_REPRESENTATION_CONTEXT(2) 
PARAMETRIC_REPRESENTATION_CONTEXT() REPRESENTATION_CONTEXT('2D SPACE',''
  ) );
#1318 = ADVANCED_FACE('',(#1319),#280,.F.);
#1319 = FACE_BOUND('',#1320,.F.);
#1320 = EDGE_LOOP('',(#1321,#1322,#1323,#1344));
#1321 = ORIENTED_EDGE('',*,*,#264,.F.);
#1322 = ORIENTED_EDGE('',*,*,#1248,.T.);
#1323 = ORIENTED_EDGE('',*,*,#1324,.T.);
#1324 = EDGE_CURVE('',#1221,#1275,#1325,.T.);
#1325 = SURFACE_CURVE('',#1326,(#1330,#1337),.PCURVE_S1.);
#1326 = LINE('',#1327,#1328);
#1327 = CARTESIAN_POINT('',(-0.65,-1.077032961427,-1.));
#1328 = VECTOR('',#1329,1.);
#1329 = DIRECTION('',(-5.9E-16,1.,0.));
#1330 = PCURVE('',#280,#1331);
#1331 = DEFINITIONAL_REPRESENTATION('',(#1332),#1336);
#1332 = LINE('',#1333,#1334);
#1333 = CARTESIAN_POINT('',(1.077032961427,-4.5));
#1334 = VECTOR('',#1335,1.);
#1335 = DIRECTION('',(1.,0.));
#1336 = ( GEOMETRIC_REPRESENTATION_CONTEXT(2) 
PARAMETRIC_REPRESENTATION_CONTEXT() REPRESENTATION_CONTEXT('2D SPACE',''
  ) );
#1337 = PCURVE('',#576,#1338);
#1338 = DEFINITIONAL_REPRESENTATION('',(#1339),#1343);
#1339 = LINE('',#1340,#1341);
#1340 = CARTESIAN_POINT('',(-0.65,-1.077032961427));
#1341 = VECTOR('',#1342,1.);
#1342 = DIRECTION('',(-5.9E-16,1.));
#1343 = ( GEOMETRIC_REPRESENTATION_CONTEXT(2) 
PARAMETRIC_REPRESENTATION_CONTEXT() REPRESENTATION_CONTEXT('2D SPACE',''
  ) );
#1344 = ORIENTED_EDGE('',*,*,#1298,.F.);
#1345 = ADVANCED_FACE('',(#1346),#521,.T.);
#1346 = FACE_BOUND('',#1347,.T.);
#1347 = EDGE_LOOP('',(#1348,#1371,#1372,#1373));
#1348 = ORIENTED_EDGE('',*,*,#1349,.F.);
#1349 = EDGE_CURVE('',#501,#1350,#1352,.T.);
#1350 = VERTEX_POINT('',#1351);
#1351 = CARTESIAN_POINT('',(-2.65,0.,-1.));
#1352 = SEAM_CURVE('',#1353,(#1357,#1364),.PCURVE_S1.);
#1353 = LINE('',#1354,#1355);
#1354 = CARTESIAN_POINT('',(-2.65,0.,-5.5));
#1355 = VECTOR('',#1356,1.);
#1356 = DIRECTION('',(0.,0.,1.));
#1357 = PCURVE('',#521,#1358);
#1358 = DEFINITIONAL_REPRESENTATION('',(#1359),#1363);
#1359 = LINE('',#1360,#1361);
#1360 = CARTESIAN_POINT('',(6.28318530718,0.));
#1361 = VECTOR('',#1362,1.);
#1362 = DIRECTION('',(0.,-1.));
#1363 = ( GEOMETRIC_REPRESENTATION_CONTEXT(2) 
PARAMETRIC_REPRESENTATION_CONTEXT() REPRESENTATION_CONTEXT('2D SPACE',''
  ) );
#1364 = PCURVE('',#521,#1365);
#1365 = DEFINITIONAL_REPRESENTATION('',(#1366),#1370);
#1366 = LINE('',#1367,#1368);
#1367 = CARTESIAN_POINT('',(0.,0.));
#1368 = VECTOR('',#1369,1.);
#1369 = DIRECTION('',(0.,-1.));
#1370 = ( GEOMETRIC_REPRESENTATION_CONTEXT(2) 
PARAMETRIC_REPRESENTATION_CONTEXT() REPRESENTATION_CONTEXT('2D SPACE',''
  ) );
#1371 = ORIENTED_EDGE('',*,*,#500,.F.);
#1372 = ORIENTED_EDGE('',*,*,#1349,.T.);
#1373 = ORIENTED_EDGE('',*,*,#1374,.T.);
#1374 = EDGE_CURVE('',#1350,#1350,#1375,.T.);
#1375 = SURFACE_CURVE('',#1376,(#1381,#1388),.PCURVE_S1.);
#1376 = CIRCLE('',#1377,2.65);
#1377 = AXIS2_PLACEMENT_3D('',#1378,#1379,#1380);
#1378 = CARTESIAN_POINT('',(0.,0.,-1.));
#1379 = DIRECTION('',(0.,0.,-1.));
#1380 = DIRECTION('',(-1.,0.,0.));
#1381 = PCURVE('',#521,#1382);
#1382 = DEFINITIONAL_REPRESENTATION('',(#1383),#1387);
#1383 = LINE('',#1384,#1385);
#1384 = CARTESIAN_POINT('',(0.,-4.5));
#1385 = VECTOR('',#1386,1.);
#1386 = DIRECTION('',(1.,0.));
#1387 = ( GEOMETRIC_REPRESENTATION_CONTEXT(2) 
PARAMETRIC_REPRESENTATION_CONTEXT() REPRESENTATION_CONTEXT('2D SPACE',''
  ) );
#1388 = PCURVE('',#1389,#1394);
#1389 = PLANE('',#1390);
#1390 = AXIS2_PLACEMENT_3D('',#1391,#1392,#1393);
#1391 = CARTESIAN_POINT('',(5.E-17,-6.6E-16,-1.));
#1392 = DIRECTION('',(0.,0.,1.));
#1393 = DIRECTION('',(1.,0.,0.));
#1394 = DEFINITIONAL_REPRESENTATION('',(#1395),#1403);
#1395 = ( BOUNDED_CURVE() B_SPLINE_CURVE(2,(#1396,#1397,#1398,#1399,
#1400,#1401,#1402),.UNSPECIFIED.,.T.,.F.) B_SPLINE_CURVE_WITH_KNOTS((1,2
    ,2,2,2,1),(-2.094395102393,0.,2.094395102393,4.188790204786,
6.28318530718,8.377580409573),.UNSPECIFIED.) CURVE() 
GEOMETRIC_REPRESENTATION_ITEM() RATIONAL_B_SPLINE_CURVE((1.,0.5,1.,0.5,
1.,0.5,1.)) REPRESENTATION_ITEM('') );
#1396 = CARTESIAN_POINT('',(-2.65,6.6E-16));
#1397 = CARTESIAN_POINT('',(-2.65,4.589934640058));
#1398 = CARTESIAN_POINT('',(1.325,2.294967320029));
#1399 = CARTESIAN_POINT('',(5.3,1.309062803548E-15));
#1400 = CARTESIAN_POINT('',(1.325,-2.294967320029));
#1401 = CARTESIAN_POINT('',(-2.65,-4.589934640058));
#1402 = CARTESIAN_POINT('',(-2.65,6.6E-16));
#1403 = ( GEOMETRIC_REPRESENTATION_CONTEXT(2) 
PARAMETRIC_REPRESENTATION_CONTEXT() REPRESENTATION_CONTEXT('2D SPACE',''
  ) );
#1404 = ADVANCED_FACE('',(#1405),#576,.F.);
#1405 = FACE_BOUND('',#1406,.F.);
#1406 = EDGE_LOOP('',(#1407,#1408,#1409,#1410,#1411,#1412,#1413,#1414,
    #1415,#1416,#1417,#1418,#1419,#1420,#1421,#1422));
#1407 = ORIENTED_EDGE('',*,*,#560,.F.);
#1408 = ORIENTED_EDGE('',*,*,#686,.F.);
#1409 = ORIENTED_EDGE('',*,*,#767,.T.);
#1410 = ORIENTED_EDGE('',*,*,#870,.F.);
#1411 = ORIENTED_EDGE('',*,*,#969,.T.);
#1412 = ORIENTED_EDGE('',*,*,#1090,.F.);
#1413 = ORIENTED_EDGE('',*,*,#1193,.F.);
#1414 = ORIENTED_EDGE('',*,*,#1274,.F.);
#1415 = ORIENTED_EDGE('',*,*,#1324,.F.);
#1416 = ORIENTED_EDGE('',*,*,#1220,.F.);
#1417 = ORIENTED_EDGE('',*,*,#1144,.T.);
#1418 = ORIENTED_EDGE('',*,*,#1040,.F.);
#1419 = ORIENTED_EDGE('',*,*,#942,.T.);
#1420 = ORIENTED_EDGE('',*,*,#816,.F.);
#1421 = ORIENTED_EDGE('',*,*,#718,.F.);
#1422 = ORIENTED_EDGE('',*,*,#636,.F.);
#1423 = ADVANCED_FACE('',(#1424,#2274),#1389,.F.);
#1424 = FACE_BOUND('',#1425,.F.);
#1425 = EDGE_LOOP('',(#1426,#1612,#1640,#1824,#1852,#2036,#2064,#2248));
#1426 = ORIENTED_EDGE('',*,*,#1427,.F.);
#1427 = EDGE_CURVE('',#1428,#1430,#1432,.T.);
#1428 = VERTEX_POINT('',#1429);
#1429 = CARTESIAN_POINT('',(7.085786437627,-6.292893218813,-1.));
#1430 = VERTEX_POINT('',#1431);
#1431 = CARTESIAN_POINT('',(6.292893218813,-7.085786437627,-1.));
#1432 = SURFACE_CURVE('',#1433,(#1484,#1538),.PCURVE_S1.);
#1433 = B_SPLINE_CURVE_WITH_KNOTS('',7,(#1434,#1435,#1436,#1437,#1438,
    #1439,#1440,#1441,#1442,#1443,#1444,#1445,#1446,#1447,#1448,#1449,
    #1450,#1451,#1452,#1453,#1454,#1455,#1456,#1457,#1458,#1459,#1460,
    #1461,#1462,#1463,#1464,#1465,#1466,#1467,#1468,#1469,#1470,#1471,
    #1472,#1473,#1474,#1475,#1476,#1477,#1478,#1479,#1480,#1481,#1482,
    #1483),.UNSPECIFIED.,.F.,.F.,(8,6,6,6,6,6,6,6,8),(0.,
    6.829911697796E-02,0.131596136741,0.1934589259,0.500014485411,
    0.807217626109,0.869054432496,0.932317588142,1.),.UNSPECIFIED.);
#1434 = CARTESIAN_POINT('',(7.085786437627,-6.292893218813,-1.));
#1435 = CARTESIAN_POINT('',(7.085786437627,-6.300597033786,-1.));
#1436 = CARTESIAN_POINT('',(7.085628831465,-6.308800403712,-1.));
#1437 = CARTESIAN_POINT('',(7.085290858966,-6.317444845155,-1.));
#1438 = CARTESIAN_POINT('',(7.084755388705,-6.326477387405,-1.));
#1439 = CARTESIAN_POINT('',(7.084009749231,-6.335850734057,-1.));
#1440 = CARTESIAN_POINT('',(7.083044560274,-6.345523424585,-1.));
#1441 = CARTESIAN_POINT('',(7.080747867201,-6.364668831694,-1.));
#1442 = CARTESIAN_POINT('',(7.079448440686,-6.37410366682,-1.));
#1443 = CARTESIAN_POINT('',(7.077948653051,-6.383735744599,-1.));
#1444 = CARTESIAN_POINT('',(7.076244607664,-6.393539375071,-1.));
#1445 = CARTESIAN_POINT('',(7.07433376645,-6.403491652558,-1.));
#1446 = CARTESIAN_POINT('',(7.07221457371,-6.413572173222,-1.));
#1447 = CARTESIAN_POINT('',(7.067610346907,-6.433722426336,-1.));
#1448 = CARTESIAN_POINT('',(7.065134671645,-6.443786927267,-1.));
#1449 = CARTESIAN_POINT('',(7.062458417044,-6.453939387916,-1.));
#1450 = CARTESIAN_POINT('',(7.059581414871,-6.464164295877,-1.));
#1451 = CARTESIAN_POINT('',(7.05650396578,-6.474447493836,-1.));
#1452 = CARTESIAN_POINT('',(7.053226839309,-6.484776179563,-1.));
#1453 = CARTESIAN_POINT('',(7.032528417945,-6.546490476383,-1.));
#1454 = CARTESIAN_POINT('',(7.010440082077,-6.598647543408,-1.));
#1455 = CARTESIAN_POINT('',(6.983615338579,-6.650236105551,-1.));
#1456 = CARTESIAN_POINT('',(6.952365840643,-6.70040143223,-1.));
#1457 = CARTESIAN_POINT('',(6.917044495856,-6.748431391689,-1.));
#1458 = CARTESIAN_POINT('',(6.878064675509,-6.793767712142,-1.));
#1459 = CARTESIAN_POINT('',(6.793649200682,-6.878179608539,-1.));
#1460 = CARTESIAN_POINT('',(6.748208881535,-6.917232948838,-1.));
#1461 = CARTESIAN_POINT('',(6.700064819582,-6.952611207747,-1.));
#1462 = CARTESIAN_POINT('',(6.649778880725,-6.983898480421,-1.));
#1463 = CARTESIAN_POINT('',(6.598068633346,-7.010739920463,-1.));
#1464 = CARTESIAN_POINT('',(6.545795209806,-7.032822042696,-1.));
#1465 = CARTESIAN_POINT('',(6.48399004711,-7.053477771731,-1.));
#1466 = CARTESIAN_POINT('',(6.473668550089,-7.056740539055,-1.));
#1467 = CARTESIAN_POINT('',(6.46339318392,-7.059803749395,-1.));
#1468 = CARTESIAN_POINT('',(6.453176785327,-7.06266665081,-1.));
#1469 = CARTESIAN_POINT('',(6.44303355214,-7.065328963306,-1.));
#1470 = CARTESIAN_POINT('',(6.432979043291,-7.067790878831,-1.));
#1471 = CARTESIAN_POINT('',(6.412851830386,-7.072367424018,-1.));
#1472 = CARTESIAN_POINT('',(6.402784372544,-7.074472753222,-1.));
#1473 = CARTESIAN_POINT('',(6.392846039221,-7.076370028384,-1.));
#1474 = CARTESIAN_POINT('',(6.383057293955,-7.078060839583,-1.));
#1475 = CARTESIAN_POINT('',(6.373441111731,-7.079547765862,-1.));
#1476 = CARTESIAN_POINT('',(6.364023260808,-7.08083475361,-1.));
#1477 = CARTESIAN_POINT('',(6.344999892377,-7.083096569857,-1.));
#1478 = CARTESIAN_POINT('',(6.335427947581,-7.084043232043,-1.));
#1479 = CARTESIAN_POINT('',(6.326151440708,-7.084774625722,-1.));
#1480 = CARTESIAN_POINT('',(6.317210862422,-7.08529996718,-1.));
#1481 = CARTESIAN_POINT('',(6.308652342142,-7.085631664553,-1.));
#1482 = CARTESIAN_POINT('',(6.300527486666,-7.085786437627,-1.));
#1483 = CARTESIAN_POINT('',(6.292893218813,-7.085786437627,-1.));
#1484 = PCURVE('',#1389,#1485);
#1485 = DEFINITIONAL_REPRESENTATION('',(#1486),#1537);
#1486 = B_SPLINE_CURVE_WITH_KNOTS('',7,(#1487,#1488,#1489,#1490,#1491,
    #1492,#1493,#1494,#1495,#1496,#1497,#1498,#1499,#1500,#1501,#1502,
    #1503,#1504,#1505,#1506,#1507,#1508,#1509,#1510,#1511,#1512,#1513,
    #1514,#1515,#1516,#1517,#1518,#1519,#1520,#1521,#1522,#1523,#1524,
    #1525,#1526,#1527,#1528,#1529,#1530,#1531,#1532,#1533,#1534,#1535,
    #1536),.UNSPECIFIED.,.F.,.F.,(8,6,6,6,6,6,6,6,8),(0.,
    6.829911697796E-02,0.131596136741,0.1934589259,0.500014485411,
    0.807217626109,0.869054432496,0.932317588142,1.),.UNSPECIFIED.);
#1487 = CARTESIAN_POINT('',(7.085786437627,-6.292893218813));
#1488 = CARTESIAN_POINT('',(7.085786437627,-6.300597033786));
#1489 = CARTESIAN_POINT('',(7.085628831465,-6.308800403712));
#1490 = CARTESIAN_POINT('',(7.085290858966,-6.317444845155));
#1491 = CARTESIAN_POINT('',(7.084755388705,-6.326477387405));
#1492 = CARTESIAN_POINT('',(7.084009749231,-6.335850734057));
#1493 = CARTESIAN_POINT('',(7.083044560274,-6.345523424585));
#1494 = CARTESIAN_POINT('',(7.080747867201,-6.364668831694));
#1495 = CARTESIAN_POINT('',(7.079448440686,-6.37410366682));
#1496 = CARTESIAN_POINT('',(7.077948653051,-6.383735744599));
#1497 = CARTESIAN_POINT('',(7.076244607664,-6.393539375071));
#1498 = CARTESIAN_POINT('',(7.07433376645,-6.403491652558));
#1499 = CARTESIAN_POINT('',(7.07221457371,-6.413572173222));
#1500 = CARTESIAN_POINT('',(7.067610346907,-6.433722426336));
#1501 = CARTESIAN_POINT('',(7.065134671645,-6.443786927267));
#1502 = CARTESIAN_POINT('',(7.062458417044,-6.453939387916));
#1503 = CARTESIAN_POINT('',(7.059581414871,-6.464164295877));
#1504 = CARTESIAN_POINT('',(7.05650396578,-6.474447493836));
#1505 = CARTESIAN_POINT('',(7.053226839309,-6.484776179563));
#1506 = CARTESIAN_POINT('',(7.032528417945,-6.546490476383));
#1507 = CARTESIAN_POINT('',(7.010440082077,-6.598647543408));
#1508 = CARTESIAN_POINT('',(6.983615338579,-6.650236105551));
#1509 = CARTESIAN_POINT('',(6.952365840643,-6.70040143223));
#1510 = CARTESIAN_POINT('',(6.917044495856,-6.748431391689));
#1511 = CARTESIAN_POINT('',(6.878064675509,-6.793767712142));
#1512 = CARTESIAN_POINT('',(6.793649200682,-6.878179608539));
#1513 = CARTESIAN_POINT('',(6.748208881535,-6.917232948838));
#1514 = CARTESIAN_POINT('',(6.700064819582,-6.952611207747));
#1515 = CARTESIAN_POINT('',(6.649778880725,-6.983898480421));
#1516 = CARTESIAN_POINT('',(6.598068633346,-7.010739920463));
#1517 = CARTESIAN_POINT('',(6.545795209806,-7.032822042696));
#1518 = CARTESIAN_POINT('',(6.48399004711,-7.053477771731));
#1519 = CARTESIAN_POINT('',(6.473668550089,-7.056740539055));
#1520 = CARTESIAN_POINT('',(6.46339318392,-7.059803749395));
#1521 = CARTESIAN_POINT('',(6.453176785327,-7.06266665081));
#1522 = CARTESIAN_POINT('',(6.44303355214,-7.065328963306));
#1523 = CARTESIAN_POINT('',(6.432979043291,-7.067790878831));
#1524 = CARTESIAN_POINT('',(6.412851830386,-7.072367424018));
#1525 = CARTESIAN_POINT('',(6.402784372544,-7.074472753222));
#1526 = CARTESIAN_POINT('',(6.392846039221,-7.076370028384));
#1527 = CARTESIAN_POINT('',(6.383057293955,-7.078060839583));
#1528 = CARTESIAN_POINT('',(6.373441111731,-7.079547765862));
#1529 = CARTESIAN_POINT('',(6.364023260808,-7.08083475361));
#1530 = CARTESIAN_POINT('',(6.344999892377,-7.083096569857));
#1531 = CARTESIAN_POINT('',(6.335427947581,-7.084043232043));
#1532 = CARTESIAN_POINT('',(6.326151440708,-7.084774625722));
#1533 = CARTESIAN_POINT('',(6.317210862422,-7.08529996718));
#1534 = CARTESIAN_POINT('',(6.308652342142,-7.085631664553));
#1535 = CARTESIAN_POINT('',(6.300527486666,-7.085786437627));
#1536 = CARTESIAN_POINT('',(6.292893218813,-7.085786437627));
#1537 = ( GEOMETRIC_REPRESENTATION_CONTEXT(2) 
PARAMETRIC_REPRESENTATION_CONTEXT() REPRESENTATION_CONTEXT('2D SPACE',''
  ) );
#1538 = PCURVE('',#1539,#1559);
#1539 = OFFSET_SURFACE('',#1540,1.,.F.);
#1540 = B_SPLINE_SURFACE_WITH_KNOTS('',8,1,(
    (#1541,#1542)
    ,(#1543,#1544)
    ,(#1545,#1546)
    ,(#1547,#1548)
    ,(#1549,#1550)
    ,(#1551,#1552)
    ,(#1553,#1554)
    ,(#1555,#1556)
    ,(#1557,#1558
    )),.UNSPECIFIED.,.F.,.F.,.F.,(9,9),(2,2),(1.570796326795,
    3.14159265359),(0.,1.),.PIECEWISE_BEZIER_KNOTS.);
#1541 = CARTESIAN_POINT('',(6.,-7.5,0.));
#1542 = CARTESIAN_POINT('',(7.5,-9.,-1.5));
#1543 = CARTESIAN_POINT('',(6.294524311274,-7.5,0.));
#1544 = CARTESIAN_POINT('',(7.794524311274,-9.,-1.5));
#1545 = CARTESIAN_POINT('',(6.589048715256,-7.433908816558,0.));
#1546 = CARTESIAN_POINT('',(8.089048715256,-8.933908816558,-1.5));
#1547 = CARTESIAN_POINT('',(6.866269851502,-7.301727098807,0.));
#1548 = CARTESIAN_POINT('',(8.366269851502,-8.801727098807,-1.5));
#1549 = CARTESIAN_POINT('',(7.10888813367,-7.10888813367,0.));
#1550 = CARTESIAN_POINT('',(8.60888813367,-8.60888813367,-1.5));
#1551 = CARTESIAN_POINT('',(7.301727098807,-6.866269851503,0.));
#1552 = CARTESIAN_POINT('',(8.801727098807,-8.366269851502,-1.5));
#1553 = CARTESIAN_POINT('',(7.433908816558,-6.589048715256,0.));
#1554 = CARTESIAN_POINT('',(8.933908816558,-8.089048715257,-1.5));
#1555 = CARTESIAN_POINT('',(7.5,-6.294524311274,0.));
#1556 = CARTESIAN_POINT('',(9.,-7.794524311274,-1.5));
#1557 = CARTESIAN_POINT('',(7.5,-6.,0.));
#1558 = CARTESIAN_POINT('',(9.,-7.5,-1.5));
#1559 = DEFINITIONAL_REPRESENTATION('',(#1560),#1611);
#1560 = B_SPLINE_CURVE_WITH_KNOTS('',7,(#1561,#1562,#1563,#1564,#1565,
    #1566,#1567,#1568,#1569,#1570,#1571,#1572,#1573,#1574,#1575,#1576,
    #1577,#1578,#1579,#1580,#1581,#1582,#1583,#1584,#1585,#1586,#1587,
    #1588,#1589,#1590,#1591,#1592,#1593,#1594,#1595,#1596,#1597,#1598,
    #1599,#1600,#1601,#1602,#1603,#1604,#1605,#1606,#1607,#1608,#1609,
    #1610),.UNSPECIFIED.,.F.,.F.,(8,6,6,6,6,6,6,6,8),(0.,
    6.829911697796E-02,0.131596136741,0.1934589259,0.500014485411,
    0.807217626109,0.869054432496,0.932317588142,1.),.UNSPECIFIED.);
#1561 = CARTESIAN_POINT('',(3.14159265359,0.195262145876));
#1562 = CARTESIAN_POINT('',(3.124057621013,0.191129093899));
#1563 = CARTESIAN_POINT('',(3.106684716333,0.187245647951));
#1564 = CARTESIAN_POINT('',(3.089474895756,0.183593027066));
#1565 = CARTESIAN_POINT('',(3.072426685783,0.180153799635));
#1566 = CARTESIAN_POINT('',(3.055536283608,0.176911879908));
#1567 = CARTESIAN_POINT('',(3.038797657503,0.173852524508));
#1568 = CARTESIAN_POINT('',(3.006823023861,0.168283805788));
#1569 = CARTESIAN_POINT('',(2.9915677643,0.165750738811));
#1570 = CARTESIAN_POINT('',(2.976430994371,0.163352531412));
#1571 = CARTESIAN_POINT('',(2.96140699674,0.161079778091));
#1572 = CARTESIAN_POINT('',(2.946490093508,0.158924103904));
#1573 = CARTESIAN_POINT('',(2.931674528821,0.156878003923));
#1574 = CARTESIAN_POINT('',(2.902567714794,0.153035394686));
#1575 = CARTESIAN_POINT('',(2.888272451051,0.151234272277));
#1576 = CARTESIAN_POINT('',(2.87406330821,0.149525131495));
#1577 = CARTESIAN_POINT('',(2.859935274429,0.147902358842));
#1578 = CARTESIAN_POINT('',(2.845883578074,0.146360911306));
#1579 = CARTESIAN_POINT('',(2.831903687717,0.144896316355));
#1580 = CARTESIAN_POINT('',(2.749049770079,0.136608501601));
#1581 = CARTESIAN_POINT('',(2.681802133814,0.13150599023));
#1582 = CARTESIAN_POINT('',(2.615657254734,0.127702356976));
#1583 = CARTESIAN_POINT('',(2.550289844362,0.124987675841));
#1584 = CARTESIAN_POINT('',(2.48541685515,0.123218982144));
#1585 = CARTESIAN_POINT('',(2.420798591992,0.122335364217));
#1586 = CARTESIAN_POINT('',(2.291411479556,0.122335861819));
#1587 = CARTESIAN_POINT('',(2.226656709028,0.123223711672));
#1588 = CARTESIAN_POINT('',(2.161645385979,0.125000423162));
#1589 = CARTESIAN_POINT('',(2.096136361073,0.127727388975));
#1590 = CARTESIAN_POINT('',(2.029844543346,0.131548969978));
#1591 = CARTESIAN_POINT('',(1.962442496548,0.136676791043));
#1592 = CARTESIAN_POINT('',(1.879422147319,0.145007170759));
#1593 = CARTESIAN_POINT('',(1.865443459867,0.146476128508));
#1594 = CARTESIAN_POINT('',(1.851392783634,0.148022111473));
#1595 = CARTESIAN_POINT('',(1.837265581964,0.149649608528));
#1596 = CARTESIAN_POINT('',(1.823057078972,0.151363680856));
#1597 = CARTESIAN_POINT('',(1.808762259539,0.153169961953));
#1598 = CARTESIAN_POINT('',(1.779657637615,0.157023287659));
#1599 = CARTESIAN_POINT('',(1.764843835882,0.159074933127));
#1600 = CARTESIAN_POINT('',(1.749928510913,0.161236411075));
#1601 = CARTESIAN_POINT('',(1.734905910462,0.163515249603));
#1602 = CARTESIAN_POINT('',(1.719770366454,0.165919848173));
#1603 = CARTESIAN_POINT('',(1.704516178198,0.168459637922));
#1604 = CARTESIAN_POINT('',(1.67268453307,0.174018449278));
#1605 = CARTESIAN_POINT('',(1.65609021935,0.177058365414));
#1606 = CARTESIAN_POINT('',(1.639346654212,0.180278085114));
#1607 = CARTESIAN_POINT('',(1.622448005384,0.183691995819));
#1608 = CARTESIAN_POINT('',(1.605390607281,0.187315778011));
#1609 = CARTESIAN_POINT('',(1.588173059748,0.191166405525));
#1610 = CARTESIAN_POINT('',(1.570796326795,0.195262145876));
#1611 = ( GEOMETRIC_REPRESENTATION_CONTEXT(2) 
PARAMETRIC_REPRESENTATION_CONTEXT() REPRESENTATION_CONTEXT('2D SPACE',''
  ) );
#1612 = ORIENTED_EDGE('',*,*,#1613,.T.);
#1613 = EDGE_CURVE('',#1428,#1614,#1616,.T.);
#1614 = VERTEX_POINT('',#1615);
#1615 = CARTESIAN_POINT('',(7.085786437627,6.292893218813,-1.));
#1616 = SURFACE_CURVE('',#1617,(#1621,#1628),.PCURVE_S1.);
#1617 = LINE('',#1618,#1619);
#1618 = CARTESIAN_POINT('',(7.085786437627,-9.5E-16,-1.));
#1619 = VECTOR('',#1620,1.);
#1620 = DIRECTION('',(0.,1.,0.));
#1621 = PCURVE('',#1389,#1622);
#1622 = DEFINITIONAL_REPRESENTATION('',(#1623),#1627);
#1623 = LINE('',#1624,#1625);
#1624 = CARTESIAN_POINT('',(7.085786437627,-2.9E-16));
#1625 = VECTOR('',#1626,1.);
#1626 = DIRECTION('',(0.,1.));
#1627 = ( GEOMETRIC_REPRESENTATION_CONTEXT(2) 
PARAMETRIC_REPRESENTATION_CONTEXT() REPRESENTATION_CONTEXT('2D SPACE',''
  ) );
#1628 = PCURVE('',#1629,#1634);
#1629 = PLANE('',#1630);
#1630 = AXIS2_PLACEMENT_3D('',#1631,#1632,#1633);
#1631 = CARTESIAN_POINT('',(7.542893218813,-1.24E-15,-1.457106781187));
#1632 = DIRECTION('',(-0.707106781187,0.,-0.707106781187));
#1633 = DIRECTION('',(2.E-17,1.,-2.E-17));
#1634 = DEFINITIONAL_REPRESENTATION('',(#1635),#1639);
#1635 = LINE('',#1636,#1637);
#1636 = CARTESIAN_POINT('',(2.717157287525E-16,-0.646446609407));
#1637 = VECTOR('',#1638,1.);
#1638 = DIRECTION('',(1.,-2.828427124746E-17));
#1639 = ( GEOMETRIC_REPRESENTATION_CONTEXT(2) 
PARAMETRIC_REPRESENTATION_CONTEXT() REPRESENTATION_CONTEXT('2D SPACE',''
  ) );
#1640 = ORIENTED_EDGE('',*,*,#1641,.F.);
#1641 = EDGE_CURVE('',#1642,#1614,#1644,.T.);
#1642 = VERTEX_POINT('',#1643);
#1643 = CARTESIAN_POINT('',(6.292893218813,7.085786437627,-1.));
#1644 = SURFACE_CURVE('',#1645,(#1696,#1750),.PCURVE_S1.);
#1645 = B_SPLINE_CURVE_WITH_KNOTS('',7,(#1646,#1647,#1648,#1649,#1650,
    #1651,#1652,#1653,#1654,#1655,#1656,#1657,#1658,#1659,#1660,#1661,
    #1662,#1663,#1664,#1665,#1666,#1667,#1668,#1669,#1670,#1671,#1672,
    #1673,#1674,#1675,#1676,#1677,#1678,#1679,#1680,#1681,#1682,#1683,
    #1684,#1685,#1686,#1687,#1688,#1689,#1690,#1691,#1692,#1693,#1694,
    #1695),.UNSPECIFIED.,.F.,.F.,(8,6,6,6,6,6,6,6,8),(0.,
    6.8299116978E-02,0.131596136741,0.1934589259,0.500014485411,
    0.807217626109,0.869054432496,0.932317588142,1.),.UNSPECIFIED.);
#1646 = CARTESIAN_POINT('',(6.292893218813,7.085786437627,-1.));
#1647 = CARTESIAN_POINT('',(6.300597033786,7.085786437627,-1.));
#1648 = CARTESIAN_POINT('',(6.308800403712,7.085628831465,-1.));
#1649 = CARTESIAN_POINT('',(6.317444845155,7.085290858966,-1.));
#1650 = CARTESIAN_POINT('',(6.326477387405,7.084755388705,-1.));
#1651 = CARTESIAN_POINT('',(6.335850734057,7.084009749231,-1.));
#1652 = CARTESIAN_POINT('',(6.345523424585,7.083044560274,-1.));
#1653 = CARTESIAN_POINT('',(6.364668831694,7.080747867201,-1.));
#1654 = CARTESIAN_POINT('',(6.37410366682,7.079448440686,-1.));
#1655 = CARTESIAN_POINT('',(6.383735744599,7.077948653051,-1.));
#1656 = CARTESIAN_POINT('',(6.393539375071,7.076244607664,-1.));
#1657 = CARTESIAN_POINT('',(6.403491652558,7.07433376645,-1.));
#1658 = CARTESIAN_POINT('',(6.413572173222,7.07221457371,-1.));
#1659 = CARTESIAN_POINT('',(6.433722426336,7.067610346907,-1.));
#1660 = CARTESIAN_POINT('',(6.443786927267,7.065134671645,-1.));
#1661 = CARTESIAN_POINT('',(6.453939387916,7.062458417044,-1.));
#1662 = CARTESIAN_POINT('',(6.464164295877,7.059581414871,-1.));
#1663 = CARTESIAN_POINT('',(6.474447493836,7.05650396578,-1.));
#1664 = CARTESIAN_POINT('',(6.484776179563,7.053226839309,-1.));
#1665 = CARTESIAN_POINT('',(6.546490476383,7.032528417945,-1.));
#1666 = CARTESIAN_POINT('',(6.598647543408,7.010440082077,-1.));
#1667 = CARTESIAN_POINT('',(6.65023610555,6.98361533858,-1.));
#1668 = CARTESIAN_POINT('',(6.70040143223,6.952365840643,-1.));
#1669 = CARTESIAN_POINT('',(6.748431391689,6.917044495856,-1.));
#1670 = CARTESIAN_POINT('',(6.793767712142,6.878064675508,-1.));
#1671 = CARTESIAN_POINT('',(6.878179608539,6.793649200682,-1.));
#1672 = CARTESIAN_POINT('',(6.917232948839,6.748208881535,-1.));
#1673 = CARTESIAN_POINT('',(6.952611207747,6.700064819583,-1.));
#1674 = CARTESIAN_POINT('',(6.983898480421,6.649778880724,-1.));
#1675 = CARTESIAN_POINT('',(7.010739920463,6.598068633346,-1.));
#1676 = CARTESIAN_POINT('',(7.032822042696,6.545795209806,-1.));
#1677 = CARTESIAN_POINT('',(7.053477771731,6.48399004711,-1.));
#1678 = CARTESIAN_POINT('',(7.056740539056,6.473668550089,-1.));
#1679 = CARTESIAN_POINT('',(7.059803749395,6.46339318392,-1.));
#1680 = CARTESIAN_POINT('',(7.06266665081,6.453176785327,-1.));
#1681 = CARTESIAN_POINT('',(7.065328963306,6.443033552139,-1.));
#1682 = CARTESIAN_POINT('',(7.067790878831,6.432979043291,-1.));
#1683 = CARTESIAN_POINT('',(7.072367424018,6.412851830386,-1.));
#1684 = CARTESIAN_POINT('',(7.074472753222,6.402784372544,-1.));
#1685 = CARTESIAN_POINT('',(7.076370028384,6.392846039221,-1.));
#1686 = CARTESIAN_POINT('',(7.078060839583,6.383057293955,-1.));
#1687 = CARTESIAN_POINT('',(7.079547765862,6.37344111173,-1.));
#1688 = CARTESIAN_POINT('',(7.08083475361,6.364023260808,-1.));
#1689 = CARTESIAN_POINT('',(7.083096569857,6.344999892377,-1.));
#1690 = CARTESIAN_POINT('',(7.084043232043,6.33542794758,-1.));
#1691 = CARTESIAN_POINT('',(7.084774625722,6.326151440707,-1.));
#1692 = CARTESIAN_POINT('',(7.08529996718,6.317210862422,-1.));
#1693 = CARTESIAN_POINT('',(7.085631664553,6.308652342141,-1.));
#1694 = CARTESIAN_POINT('',(7.085786437627,6.300527486666,-1.));
#1695 = CARTESIAN_POINT('',(7.085786437627,6.292893218813,-1.));
#1696 = PCURVE('',#1389,#1697);
#1697 = DEFINITIONAL_REPRESENTATION('',(#1698),#1749);
#1698 = B_SPLINE_CURVE_WITH_KNOTS('',7,(#1699,#1700,#1701,#1702,#1703,
    #1704,#1705,#1706,#1707,#1708,#1709,#1710,#1711,#1712,#1713,#1714,
    #1715,#1716,#1717,#1718,#1719,#1720,#1721,#1722,#1723,#1724,#1725,
    #1726,#1727,#1728,#1729,#1730,#1731,#1732,#1733,#1734,#1735,#1736,
    #1737,#1738,#1739,#1740,#1741,#1742,#1743,#1744,#1745,#1746,#1747,
    #1748),.UNSPECIFIED.,.F.,.F.,(8,6,6,6,6,6,6,6,8),(0.,
    6.8299116978E-02,0.131596136741,0.1934589259,0.500014485411,
    0.807217626109,0.869054432496,0.932317588142,1.),.UNSPECIFIED.);
#1699 = CARTESIAN_POINT('',(6.292893218813,7.085786437627));
#1700 = CARTESIAN_POINT('',(6.300597033786,7.085786437627));
#1701 = CARTESIAN_POINT('',(6.308800403712,7.085628831465));
#1702 = CARTESIAN_POINT('',(6.317444845155,7.085290858966));
#1703 = CARTESIAN_POINT('',(6.326477387405,7.084755388705));
#1704 = CARTESIAN_POINT('',(6.335850734057,7.084009749231));
#1705 = CARTESIAN_POINT('',(6.345523424585,7.083044560274));
#1706 = CARTESIAN_POINT('',(6.364668831694,7.080747867201));
#1707 = CARTESIAN_POINT('',(6.37410366682,7.079448440686));
#1708 = CARTESIAN_POINT('',(6.383735744599,7.077948653051));
#1709 = CARTESIAN_POINT('',(6.393539375071,7.076244607664));
#1710 = CARTESIAN_POINT('',(6.403491652558,7.07433376645));
#1711 = CARTESIAN_POINT('',(6.413572173222,7.07221457371));
#1712 = CARTESIAN_POINT('',(6.433722426336,7.067610346907));
#1713 = CARTESIAN_POINT('',(6.443786927267,7.065134671645));
#1714 = CARTESIAN_POINT('',(6.453939387916,7.062458417044));
#1715 = CARTESIAN_POINT('',(6.464164295877,7.059581414871));
#1716 = CARTESIAN_POINT('',(6.474447493836,7.05650396578));
#1717 = CARTESIAN_POINT('',(6.484776179563,7.053226839309));
#1718 = CARTESIAN_POINT('',(6.546490476383,7.032528417945));
#1719 = CARTESIAN_POINT('',(6.598647543408,7.010440082077));
#1720 = CARTESIAN_POINT('',(6.65023610555,6.98361533858));
#1721 = CARTESIAN_POINT('',(6.70040143223,6.952365840643));
#1722 = CARTESIAN_POINT('',(6.748431391689,6.917044495856));
#1723 = CARTESIAN_POINT('',(6.793767712142,6.878064675508));
#1724 = CARTESIAN_POINT('',(6.878179608539,6.793649200682));
#1725 = CARTESIAN_POINT('',(6.917232948839,6.748208881535));
#1726 = CARTESIAN_POINT('',(6.952611207747,6.700064819583));
#1727 = CARTESIAN_POINT('',(6.983898480421,6.649778880724));
#1728 = CARTESIAN_POINT('',(7.010739920463,6.598068633346));
#1729 = CARTESIAN_POINT('',(7.032822042696,6.545795209806));
#1730 = CARTESIAN_POINT('',(7.053477771731,6.48399004711));
#1731 = CARTESIAN_POINT('',(7.056740539056,6.473668550089));
#1732 = CARTESIAN_POINT('',(7.059803749395,6.46339318392));
#1733 = CARTESIAN_POINT('',(7.06266665081,6.453176785327));
#1734 = CARTESIAN_POINT('',(7.065328963306,6.443033552139));
#1735 = CARTESIAN_POINT('',(7.067790878831,6.432979043291));
#1736 = CARTESIAN_POINT('',(7.072367424018,6.412851830386));
#1737 = CARTESIAN_POINT('',(7.074472753222,6.402784372544));
#1738 = CARTESIAN_POINT('',(7.076370028384,6.392846039221));
#1739 = CARTESIAN_POINT('',(7.078060839583,6.383057293955));
#1740 = CARTESIAN_POINT('',(7.079547765862,6.37344111173));
#1741 = CARTESIAN_POINT('',(7.08083475361,6.364023260808));
#1742 = CARTESIAN_POINT('',(7.083096569857,6.344999892377));
#1743 = CARTESIAN_POINT('',(7.084043232043,6.33542794758));
#1744 = CARTESIAN_POINT('',(7.084774625722,6.326151440707));
#1745 = CARTESIAN_POINT('',(7.08529996718,6.317210862422));
#1746 = CARTESIAN_POINT('',(7.085631664553,6.308652342141));
#1747 = CARTESIAN_POINT('',(7.085786437627,6.300527486666));
#1748 = CARTESIAN_POINT('',(7.085786437627,6.292893218813));
#1749 = ( GEOMETRIC_REPRESENTATION_CONTEXT(2) 
PARAMETRIC_REPRESENTATION_CONTEXT() REPRESENTATION_CONTEXT('2D SPACE',''
  ) );
#1750 = PCURVE('',#1751,#1771);
#1751 = OFFSET_SURFACE('',#1752,1.,.F.);
#1752 = B_SPLINE_SURFACE_WITH_KNOTS('',8,1,(
    (#1753,#1754)
    ,(#1755,#1756)
    ,(#1757,#1758)
    ,(#1759,#1760)
    ,(#1761,#1762)
    ,(#1763,#1764)
    ,(#1765,#1766)
    ,(#1767,#1768)
    ,(#1769,#1770
    )),.UNSPECIFIED.,.F.,.F.,.F.,(9,9),(2,2),(3.14159265359,
    4.712388980385),(0.,1.),.PIECEWISE_BEZIER_KNOTS.);
#1753 = CARTESIAN_POINT('',(7.5,6.,0.));
#1754 = CARTESIAN_POINT('',(9.,7.5,-1.5));
#1755 = CARTESIAN_POINT('',(7.5,6.294524311274,0.));
#1756 = CARTESIAN_POINT('',(9.,7.794524311274,-1.5));
#1757 = CARTESIAN_POINT('',(7.433908816558,6.589048715256,0.));
#1758 = CARTESIAN_POINT('',(8.933908816559,8.089048715257,-1.5));
#1759 = CARTESIAN_POINT('',(7.301727098807,6.866269851502,0.));
#1760 = CARTESIAN_POINT('',(8.801727098806,8.366269851502,-1.5));
#1761 = CARTESIAN_POINT('',(7.10888813367,7.10888813367,0.));
#1762 = CARTESIAN_POINT('',(8.608888133671,8.60888813367,-1.5));
#1763 = CARTESIAN_POINT('',(6.866269851502,7.301727098807,0.));
#1764 = CARTESIAN_POINT('',(8.366269851502,8.801727098807,-1.5));
#1765 = CARTESIAN_POINT('',(6.589048715256,7.433908816558,0.));
#1766 = CARTESIAN_POINT('',(8.089048715257,8.933908816558,-1.5));
#1767 = CARTESIAN_POINT('',(6.294524311274,7.5,0.));
#1768 = CARTESIAN_POINT('',(7.794524311274,9.,-1.5));
#1769 = CARTESIAN_POINT('',(6.,7.5,0.));
#1770 = CARTESIAN_POINT('',(7.5,9.,-1.5));
#1771 = DEFINITIONAL_REPRESENTATION('',(#1772),#1823);
#1772 = B_SPLINE_CURVE_WITH_KNOTS('',7,(#1773,#1774,#1775,#1776,#1777,
    #1778,#1779,#1780,#1781,#1782,#1783,#1784,#1785,#1786,#1787,#1788,
    #1789,#1790,#1791,#1792,#1793,#1794,#1795,#1796,#1797,#1798,#1799,
    #1800,#1801,#1802,#1803,#1804,#1805,#1806,#1807,#1808,#1809,#1810,
    #1811,#1812,#1813,#1814,#1815,#1816,#1817,#1818,#1819,#1820,#1821,
    #1822),.UNSPECIFIED.,.F.,.F.,(8,6,6,6,6,6,6,6,8),(0.,
    6.8299116978E-02,0.131596136741,0.1934589259,0.500014485411,
    0.807217626109,0.869054432496,0.932317588142,1.),.UNSPECIFIED.);
#1773 = CARTESIAN_POINT('',(4.712388980385,0.195262145876));
#1774 = CARTESIAN_POINT('',(4.694853947808,0.191129093899));
#1775 = CARTESIAN_POINT('',(4.677481043128,0.187245647951));
#1776 = CARTESIAN_POINT('',(4.660271222551,0.183593027066));
#1777 = CARTESIAN_POINT('',(4.643223012578,0.180153799635));
#1778 = CARTESIAN_POINT('',(4.626332610403,0.176911879908));
#1779 = CARTESIAN_POINT('',(4.609593984298,0.173852524508));
#1780 = CARTESIAN_POINT('',(4.577619350656,0.168283805788));
#1781 = CARTESIAN_POINT('',(4.562364091095,0.165750738811));
#1782 = CARTESIAN_POINT('',(4.547227321166,0.163352531412));
#1783 = CARTESIAN_POINT('',(4.532203323535,0.161079778091));
#1784 = CARTESIAN_POINT('',(4.517286420303,0.158924103904));
#1785 = CARTESIAN_POINT('',(4.502470855616,0.156878003923));
#1786 = CARTESIAN_POINT('',(4.473364041589,0.153035394686));
#1787 = CARTESIAN_POINT('',(4.459068777846,0.151234272277));
#1788 = CARTESIAN_POINT('',(4.444859635005,0.149525131495));
#1789 = CARTESIAN_POINT('',(4.430731601224,0.147902358842));
#1790 = CARTESIAN_POINT('',(4.416679904869,0.146360911306));
#1791 = CARTESIAN_POINT('',(4.402700014512,0.144896316355));
#1792 = CARTESIAN_POINT('',(4.319846096874,0.136608501601));
#1793 = CARTESIAN_POINT('',(4.252598460609,0.13150599023));
#1794 = CARTESIAN_POINT('',(4.18645358153,0.127702356976));
#1795 = CARTESIAN_POINT('',(4.121086171156,0.124987675841));
#1796 = CARTESIAN_POINT('',(4.056213181946,0.123218982144));
#1797 = CARTESIAN_POINT('',(3.991594918787,0.122335364217));
#1798 = CARTESIAN_POINT('',(3.862207806351,0.122335861819));
#1799 = CARTESIAN_POINT('',(3.797453035822,0.123223711672));
#1800 = CARTESIAN_POINT('',(3.732441712775,0.125000423162));
#1801 = CARTESIAN_POINT('',(3.666932687867,0.127727388976));
#1802 = CARTESIAN_POINT('',(3.600640870141,0.131548969978));
#1803 = CARTESIAN_POINT('',(3.533238823343,0.136676791043));
#1804 = CARTESIAN_POINT('',(3.450218474114,0.145007170759));
#1805 = CARTESIAN_POINT('',(3.436239786662,0.146476128508));
#1806 = CARTESIAN_POINT('',(3.422189110429,0.148022111473));
#1807 = CARTESIAN_POINT('',(3.408061908759,0.149649608528));
#1808 = CARTESIAN_POINT('',(3.393853405767,0.151363680856));
#1809 = CARTESIAN_POINT('',(3.379558586334,0.153169961953));
#1810 = CARTESIAN_POINT('',(3.350453964409,0.157023287659));
#1811 = CARTESIAN_POINT('',(3.335640162677,0.159074933127));
#1812 = CARTESIAN_POINT('',(3.320724837708,0.161236411075));
#1813 = CARTESIAN_POINT('',(3.305702237257,0.163515249603));
#1814 = CARTESIAN_POINT('',(3.290566693249,0.165919848173));
#1815 = CARTESIAN_POINT('',(3.275312504992,0.168459637922));
#1816 = CARTESIAN_POINT('',(3.243480859865,0.174018449278));
#1817 = CARTESIAN_POINT('',(3.226886546145,0.177058365414));
#1818 = CARTESIAN_POINT('',(3.210142981007,0.180278085114));
#1819 = CARTESIAN_POINT('',(3.193244332178,0.183691995819));
#1820 = CARTESIAN_POINT('',(3.176186934075,0.187315778011));
#1821 = CARTESIAN_POINT('',(3.158969386543,0.191166405525));
#1822 = CARTESIAN_POINT('',(3.14159265359,0.195262145876));
#1823 = ( GEOMETRIC_REPRESENTATION_CONTEXT(2) 
PARAMETRIC_REPRESENTATION_CONTEXT() REPRESENTATION_CONTEXT('2D SPACE',''
  ) );
#1824 = ORIENTED_EDGE('',*,*,#1825,.T.);
#1825 = EDGE_CURVE('',#1642,#1826,#1828,.T.);
#1826 = VERTEX_POINT('',#1827);
#1827 = CARTESIAN_POINT('',(-6.292893218813,7.085786437627,-1.));
#1828 = SURFACE_CURVE('',#1829,(#1833,#1840),.PCURVE_S1.);
#1829 = LINE('',#1830,#1831);
#1830 = CARTESIAN_POINT('',(-2.9E-16,7.085786437627,-1.));
#1831 = VECTOR('',#1832,1.);
#1832 = DIRECTION('',(-1.,0.,0.));
#1833 = PCURVE('',#1389,#1834);
#1834 = DEFINITIONAL_REPRESENTATION('',(#1835),#1839);
#1835 = LINE('',#1836,#1837);
#1836 = CARTESIAN_POINT('',(-3.4E-16,7.085786437627));
#1837 = VECTOR('',#1838,1.);
#1838 = DIRECTION('',(-1.,0.));
#1839 = ( GEOMETRIC_REPRESENTATION_CONTEXT(2) 
PARAMETRIC_REPRESENTATION_CONTEXT() REPRESENTATION_CONTEXT('2D SPACE',''
  ) );
#1840 = PCURVE('',#1841,#1846);
#1841 = PLANE('',#1842);
#1842 = AXIS2_PLACEMENT_3D('',#1843,#1844,#1845);
#1843 = CARTESIAN_POINT('',(-6.1E-16,7.542893218813,-1.457106781187));
#1844 = DIRECTION('',(0.,-0.707106781187,-0.707106781187));
#1845 = DIRECTION('',(-1.,1.E-17,-1.E-17));
#1846 = DEFINITIONAL_REPRESENTATION('',(#1847),#1851);
#1847 = LINE('',#1848,#1849);
#1848 = CARTESIAN_POINT('',(-3.291421356237E-16,-0.646446609407));
#1849 = VECTOR('',#1850,1.);
#1850 = DIRECTION('',(1.,-1.414213562373E-17));
#1851 = ( GEOMETRIC_REPRESENTATION_CONTEXT(2) 
PARAMETRIC_REPRESENTATION_CONTEXT() REPRESENTATION_CONTEXT('2D SPACE',''
  ) );
#1852 = ORIENTED_EDGE('',*,*,#1853,.F.);
#1853 = EDGE_CURVE('',#1854,#1826,#1856,.T.);
#1854 = VERTEX_POINT('',#1855);
#1855 = CARTESIAN_POINT('',(-7.085786437627,6.292893218814,-1.));
#1856 = SURFACE_CURVE('',#1857,(#1908,#1962),.PCURVE_S1.);
#1857 = B_SPLINE_CURVE_WITH_KNOTS('',7,(#1858,#1859,#1860,#1861,#1862,
    #1863,#1864,#1865,#1866,#1867,#1868,#1869,#1870,#1871,#1872,#1873,
    #1874,#1875,#1876,#1877,#1878,#1879,#1880,#1881,#1882,#1883,#1884,
    #1885,#1886,#1887,#1888,#1889,#1890,#1891,#1892,#1893,#1894,#1895,
    #1896,#1897,#1898,#1899,#1900,#1901,#1902,#1903,#1904,#1905,#1906,
    #1907),.UNSPECIFIED.,.F.,.F.,(8,6,6,6,6,6,6,6,8),(0.,
    6.829911697777E-02,0.131596136741,0.1934589259,0.500014485411,
    0.807217626108,0.869054432495,0.932317588142,1.),.UNSPECIFIED.);
#1858 = CARTESIAN_POINT('',(-7.085786437627,6.292893218814,-1.));
#1859 = CARTESIAN_POINT('',(-7.085786437627,6.300597033786,-1.));
#1860 = CARTESIAN_POINT('',(-7.085628831465,6.308800403712,-1.));
#1861 = CARTESIAN_POINT('',(-7.085290858966,6.317444845155,-1.));
#1862 = CARTESIAN_POINT('',(-7.084755388705,6.326477387405,-1.));
#1863 = CARTESIAN_POINT('',(-7.084009749231,6.335850734057,-1.));
#1864 = CARTESIAN_POINT('',(-7.083044560274,6.345523424585,-1.));
#1865 = CARTESIAN_POINT('',(-7.080747867201,6.364668831694,-1.));
#1866 = CARTESIAN_POINT('',(-7.079448440686,6.37410366682,-1.));
#1867 = CARTESIAN_POINT('',(-7.077948653051,6.383735744599,-1.));
#1868 = CARTESIAN_POINT('',(-7.076244607664,6.393539375071,-1.));
#1869 = CARTESIAN_POINT('',(-7.07433376645,6.403491652558,-1.));
#1870 = CARTESIAN_POINT('',(-7.07221457371,6.413572173222,-1.));
#1871 = CARTESIAN_POINT('',(-7.067610346907,6.433722426336,-1.));
#1872 = CARTESIAN_POINT('',(-7.065134671645,6.443786927267,-1.));
#1873 = CARTESIAN_POINT('',(-7.062458417044,6.453939387916,-1.));
#1874 = CARTESIAN_POINT('',(-7.059581414871,6.464164295877,-1.));
#1875 = CARTESIAN_POINT('',(-7.05650396578,6.474447493836,-1.));
#1876 = CARTESIAN_POINT('',(-7.053226839309,6.484776179563,-1.));
#1877 = CARTESIAN_POINT('',(-7.032528417945,6.546490476383,-1.));
#1878 = CARTESIAN_POINT('',(-7.010440082077,6.598647543408,-1.));
#1879 = CARTESIAN_POINT('',(-6.98361533858,6.650236105551,-1.));
#1880 = CARTESIAN_POINT('',(-6.952365840643,6.70040143223,-1.));
#1881 = CARTESIAN_POINT('',(-6.917044495856,6.748431391689,-1.));
#1882 = CARTESIAN_POINT('',(-6.878064675508,6.793767712142,-1.));
#1883 = CARTESIAN_POINT('',(-6.793649200682,6.878179608539,-1.));
#1884 = CARTESIAN_POINT('',(-6.748208881535,6.917232948838,-1.));
#1885 = CARTESIAN_POINT('',(-6.700064819582,6.952611207747,-1.));
#1886 = CARTESIAN_POINT('',(-6.649778880725,6.98389848042,-1.));
#1887 = CARTESIAN_POINT('',(-6.598068633346,7.010739920463,-1.));
#1888 = CARTESIAN_POINT('',(-6.545795209806,7.032822042696,-1.));
#1889 = CARTESIAN_POINT('',(-6.48399004711,7.053477771731,-1.));
#1890 = CARTESIAN_POINT('',(-6.47366855009,7.056740539055,-1.));
#1891 = CARTESIAN_POINT('',(-6.463393183921,7.059803749395,-1.));
#1892 = CARTESIAN_POINT('',(-6.453176785328,7.06266665081,-1.));
#1893 = CARTESIAN_POINT('',(-6.44303355214,7.065328963306,-1.));
#1894 = CARTESIAN_POINT('',(-6.432979043292,7.067790878831,-1.));
#1895 = CARTESIAN_POINT('',(-6.412851830386,7.072367424017,-1.));
#1896 = CARTESIAN_POINT('',(-6.402784372545,7.074472753222,-1.));
#1897 = CARTESIAN_POINT('',(-6.392846039222,7.076370028384,-1.));
#1898 = CARTESIAN_POINT('',(-6.383057293955,7.078060839583,-1.));
#1899 = CARTESIAN_POINT('',(-6.373441111731,7.079547765862,-1.));
#1900 = CARTESIAN_POINT('',(-6.364023260808,7.08083475361,-1.));
#1901 = CARTESIAN_POINT('',(-6.344999892378,7.083096569857,-1.));
#1902 = CARTESIAN_POINT('',(-6.335427947581,7.084043232043,-1.));
#1903 = CARTESIAN_POINT('',(-6.326151440708,7.084774625722,-1.));
#1904 = CARTESIAN_POINT('',(-6.317210862423,7.08529996718,-1.));
#1905 = CARTESIAN_POINT('',(-6.308652342142,7.085631664553,-1.));
#1906 = CARTESIAN_POINT('',(-6.300527486666,7.085786437627,-1.));
#1907 = CARTESIAN_POINT('',(-6.292893218813,7.085786437627,-1.));
#1908 = PCURVE('',#1389,#1909);
#1909 = DEFINITIONAL_REPRESENTATION('',(#1910),#1961);
#1910 = B_SPLINE_CURVE_WITH_KNOTS('',7,(#1911,#1912,#1913,#1914,#1915,
    #1916,#1917,#1918,#1919,#1920,#1921,#1922,#1923,#1924,#1925,#1926,
    #1927,#1928,#1929,#1930,#1931,#1932,#1933,#1934,#1935,#1936,#1937,
    #1938,#1939,#1940,#1941,#1942,#1943,#1944,#1945,#1946,#1947,#1948,
    #1949,#1950,#1951,#1952,#1953,#1954,#1955,#1956,#1957,#1958,#1959,
    #1960),.UNSPECIFIED.,.F.,.F.,(8,6,6,6,6,6,6,6,8),(0.,
    6.829911697777E-02,0.131596136741,0.1934589259,0.500014485411,
    0.807217626108,0.869054432495,0.932317588142,1.),.UNSPECIFIED.);
#1911 = CARTESIAN_POINT('',(-7.085786437627,6.292893218814));
#1912 = CARTESIAN_POINT('',(-7.085786437627,6.300597033786));
#1913 = CARTESIAN_POINT('',(-7.085628831465,6.308800403712));
#1914 = CARTESIAN_POINT('',(-7.085290858966,6.317444845155));
#1915 = CARTESIAN_POINT('',(-7.084755388705,6.326477387405));
#1916 = CARTESIAN_POINT('',(-7.084009749231,6.335850734057));
#1917 = CARTESIAN_POINT('',(-7.083044560274,6.345523424585));
#1918 = CARTESIAN_POINT('',(-7.080747867201,6.364668831694));
#1919 = CARTESIAN_POINT('',(-7.079448440686,6.37410366682));
#1920 = CARTESIAN_POINT('',(-7.077948653051,6.383735744599));
#1921 = CARTESIAN_POINT('',(-7.076244607664,6.393539375071));
#1922 = CARTESIAN_POINT('',(-7.07433376645,6.403491652558));
#1923 = CARTESIAN_POINT('',(-7.07221457371,6.413572173222));
#1924 = CARTESIAN_POINT('',(-7.067610346907,6.433722426336));
#1925 = CARTESIAN_POINT('',(-7.065134671645,6.443786927267));
#1926 = CARTESIAN_POINT('',(-7.062458417044,6.453939387916));
#1927 = CARTESIAN_POINT('',(-7.059581414871,6.464164295877));
#1928 = CARTESIAN_POINT('',(-7.05650396578,6.474447493836));
#1929 = CARTESIAN_POINT('',(-7.053226839309,6.484776179563));
#1930 = CARTESIAN_POINT('',(-7.032528417945,6.546490476383));
#1931 = CARTESIAN_POINT('',(-7.010440082077,6.598647543408));
#1932 = CARTESIAN_POINT('',(-6.98361533858,6.650236105551));
#1933 = CARTESIAN_POINT('',(-6.952365840643,6.70040143223));
#1934 = CARTESIAN_POINT('',(-6.917044495856,6.748431391689));
#1935 = CARTESIAN_POINT('',(-6.878064675508,6.793767712142));
#1936 = CARTESIAN_POINT('',(-6.793649200682,6.878179608539));
#1937 = CARTESIAN_POINT('',(-6.748208881535,6.917232948838));
#1938 = CARTESIAN_POINT('',(-6.700064819582,6.952611207747));
#1939 = CARTESIAN_POINT('',(-6.649778880725,6.98389848042));
#1940 = CARTESIAN_POINT('',(-6.598068633346,7.010739920463));
#1941 = CARTESIAN_POINT('',(-6.545795209806,7.032822042696));
#1942 = CARTESIAN_POINT('',(-6.48399004711,7.053477771731));
#1943 = CARTESIAN_POINT('',(-6.47366855009,7.056740539055));
#1944 = CARTESIAN_POINT('',(-6.463393183921,7.059803749395));
#1945 = CARTESIAN_POINT('',(-6.453176785328,7.06266665081));
#1946 = CARTESIAN_POINT('',(-6.44303355214,7.065328963306));
#1947 = CARTESIAN_POINT('',(-6.432979043292,7.067790878831));
#1948 = CARTESIAN_POINT('',(-6.412851830386,7.072367424017));
#1949 = CARTESIAN_POINT('',(-6.402784372545,7.074472753222));
#1950 = CARTESIAN_POINT('',(-6.392846039222,7.076370028384));
#1951 = CARTESIAN_POINT('',(-6.383057293955,7.078060839583));
#1952 = CARTESIAN_POINT('',(-6.373441111731,7.079547765862));
#1953 = CARTESIAN_POINT('',(-6.364023260808,7.08083475361));
#1954 = CARTESIAN_POINT('',(-6.344999892378,7.083096569857));
#1955 = CARTESIAN_POINT('',(-6.335427947581,7.084043232043));
#1956 = CARTESIAN_POINT('',(-6.326151440708,7.084774625722));
#1957 = CARTESIAN_POINT('',(-6.317210862423,7.08529996718));
#1958 = CARTESIAN_POINT('',(-6.308652342142,7.085631664553));
#1959 = CARTESIAN_POINT('',(-6.300527486666,7.085786437627));
#1960 = CARTESIAN_POINT('',(-6.292893218813,7.085786437627));
#1961 = ( GEOMETRIC_REPRESENTATION_CONTEXT(2) 
PARAMETRIC_REPRESENTATION_CONTEXT() REPRESENTATION_CONTEXT('2D SPACE',''
  ) );
#1962 = PCURVE('',#1963,#1983);
#1963 = OFFSET_SURFACE('',#1964,1.,.F.);
#1964 = B_SPLINE_SURFACE_WITH_KNOTS('',8,1,(
    (#1965,#1966)
    ,(#1967,#1968)
    ,(#1969,#1970)
    ,(#1971,#1972)
    ,(#1973,#1974)
    ,(#1975,#1976)
    ,(#1977,#1978)
    ,(#1979,#1980)
    ,(#1981,#1982
    )),.UNSPECIFIED.,.F.,.F.,.F.,(9,9),(2,2),(1.570796326795,
    3.14159265359),(0.,1.),.PIECEWISE_BEZIER_KNOTS.);
#1965 = CARTESIAN_POINT('',(-6.,7.5,0.));
#1966 = CARTESIAN_POINT('',(-7.5,9.,-1.5));
#1967 = CARTESIAN_POINT('',(-6.294524311274,7.5,0.));
#1968 = CARTESIAN_POINT('',(-7.794524311274,9.,-1.5));
#1969 = CARTESIAN_POINT('',(-6.589048715256,7.433908816558,0.));
#1970 = CARTESIAN_POINT('',(-8.089048715256,8.933908816558,-1.5));
#1971 = CARTESIAN_POINT('',(-6.866269851503,7.301727098807,0.));
#1972 = CARTESIAN_POINT('',(-8.366269851503,8.801727098807,-1.5));
#1973 = CARTESIAN_POINT('',(-7.108888133669,7.10888813367,0.));
#1974 = CARTESIAN_POINT('',(-8.60888813367,8.60888813367,-1.5));
#1975 = CARTESIAN_POINT('',(-7.301727098808,6.866269851503,0.));
#1976 = CARTESIAN_POINT('',(-8.801727098807,8.366269851502,-1.5));
#1977 = CARTESIAN_POINT('',(-7.433908816558,6.589048715256,0.));
#1978 = CARTESIAN_POINT('',(-8.933908816558,8.089048715256,-1.5));
#1979 = CARTESIAN_POINT('',(-7.5,6.294524311274,0.));
#1980 = CARTESIAN_POINT('',(-9.,7.794524311274,-1.5));
#1981 = CARTESIAN_POINT('',(-7.5,6.,0.));
#1982 = CARTESIAN_POINT('',(-9.,7.5,-1.5));
#1983 = DEFINITIONAL_REPRESENTATION('',(#1984),#2035);
#1984 = B_SPLINE_CURVE_WITH_KNOTS('',7,(#1985,#1986,#1987,#1988,#1989,
    #1990,#1991,#1992,#1993,#1994,#1995,#1996,#1997,#1998,#1999,#2000,
    #2001,#2002,#2003,#2004,#2005,#2006,#2007,#2008,#2009,#2010,#2011,
    #2012,#2013,#2014,#2015,#2016,#2017,#2018,#2019,#2020,#2021,#2022,
    #2023,#2024,#2025,#2026,#2027,#2028,#2029,#2030,#2031,#2032,#2033,
    #2034),.UNSPECIFIED.,.F.,.F.,(8,6,6,6,6,6,6,6,8),(0.,
    6.829911697777E-02,0.131596136741,0.1934589259,0.500014485411,
    0.807217626108,0.869054432495,0.932317588142,1.),.UNSPECIFIED.);
#1985 = CARTESIAN_POINT('',(3.14159265359,0.195262145876));
#1986 = CARTESIAN_POINT('',(3.124057621013,0.191129093899));
#1987 = CARTESIAN_POINT('',(3.106684716333,0.187245647951));
#1988 = CARTESIAN_POINT('',(3.089474895756,0.183593027066));
#1989 = CARTESIAN_POINT('',(3.072426685783,0.180153799635));
#1990 = CARTESIAN_POINT('',(3.055536283608,0.176911879908));
#1991 = CARTESIAN_POINT('',(3.038797657503,0.173852524508));
#1992 = CARTESIAN_POINT('',(3.006823023861,0.168283805788));
#1993 = CARTESIAN_POINT('',(2.9915677643,0.165750738811));
#1994 = CARTESIAN_POINT('',(2.976430994371,0.163352531412));
#1995 = CARTESIAN_POINT('',(2.96140699674,0.161079778091));
#1996 = CARTESIAN_POINT('',(2.946490093508,0.158924103904));
#1997 = CARTESIAN_POINT('',(2.931674528821,0.156878003923));
#1998 = CARTESIAN_POINT('',(2.902567714794,0.153035394686));
#1999 = CARTESIAN_POINT('',(2.888272451051,0.151234272277));
#2000 = CARTESIAN_POINT('',(2.87406330821,0.149525131495));
#2001 = CARTESIAN_POINT('',(2.859935274429,0.147902358842));
#2002 = CARTESIAN_POINT('',(2.845883578074,0.146360911306));
#2003 = CARTESIAN_POINT('',(2.831903687717,0.144896316355));
#2004 = CARTESIAN_POINT('',(2.749049770079,0.136608501601));
#2005 = CARTESIAN_POINT('',(2.681802133814,0.13150599023));
#2006 = CARTESIAN_POINT('',(2.615657254734,0.127702356976));
#2007 = CARTESIAN_POINT('',(2.550289844362,0.124987675841));
#2008 = CARTESIAN_POINT('',(2.485416855151,0.123218982144));
#2009 = CARTESIAN_POINT('',(2.420798591992,0.122335364217));
#2010 = CARTESIAN_POINT('',(2.291411479556,0.122335861819));
#2011 = CARTESIAN_POINT('',(2.226656709028,0.123223711672));
#2012 = CARTESIAN_POINT('',(2.16164538598,0.125000423162));
#2013 = CARTESIAN_POINT('',(2.096136361073,0.127727388975));
#2014 = CARTESIAN_POINT('',(2.029844543347,0.131548969978));
#2015 = CARTESIAN_POINT('',(1.962442496548,0.136676791043));
#2016 = CARTESIAN_POINT('',(1.87942214732,0.145007170759));
#2017 = CARTESIAN_POINT('',(1.865443459868,0.146476128508));
#2018 = CARTESIAN_POINT('',(1.851392783634,0.148022111473));
#2019 = CARTESIAN_POINT('',(1.837265581965,0.149649608527));
#2020 = CARTESIAN_POINT('',(1.823057078973,0.151363680856));
#2021 = CARTESIAN_POINT('',(1.80876225954,0.153169961953));
#2022 = CARTESIAN_POINT('',(1.779657637615,0.157023287659));
#2023 = CARTESIAN_POINT('',(1.764843835883,0.159074933127));
#2024 = CARTESIAN_POINT('',(1.749928510914,0.161236411075));
#2025 = CARTESIAN_POINT('',(1.734905910463,0.163515249603));
#2026 = CARTESIAN_POINT('',(1.719770366455,0.165919848173));
#2027 = CARTESIAN_POINT('',(1.704516178198,0.168459637922));
#2028 = CARTESIAN_POINT('',(1.67268453307,0.174018449278));
#2029 = CARTESIAN_POINT('',(1.65609021935,0.177058365414));
#2030 = CARTESIAN_POINT('',(1.639346654213,0.180278085114));
#2031 = CARTESIAN_POINT('',(1.622448005384,0.183691995819));
#2032 = CARTESIAN_POINT('',(1.605390607281,0.187315778011));
#2033 = CARTESIAN_POINT('',(1.588173059748,0.191166405525));
#2034 = CARTESIAN_POINT('',(1.570796326795,0.195262145876));
#2035 = ( GEOMETRIC_REPRESENTATION_CONTEXT(2) 
PARAMETRIC_REPRESENTATION_CONTEXT() REPRESENTATION_CONTEXT('2D SPACE',''
  ) );
#2036 = ORIENTED_EDGE('',*,*,#2037,.T.);
#2037 = EDGE_CURVE('',#1854,#2038,#2040,.T.);
#2038 = VERTEX_POINT('',#2039);
#2039 = CARTESIAN_POINT('',(-7.085786437627,-6.292893218814,-1.));
#2040 = SURFACE_CURVE('',#2041,(#2045,#2052),.PCURVE_S1.);
#2041 = LINE('',#2042,#2043);
#2042 = CARTESIAN_POINT('',(-7.085786437627,-1.15E-15,-1.));
#2043 = VECTOR('',#2044,1.);
#2044 = DIRECTION('',(0.,-1.,0.));
#2045 = PCURVE('',#1389,#2046);
#2046 = DEFINITIONAL_REPRESENTATION('',(#2047),#2051);
#2047 = LINE('',#2048,#2049);
#2048 = CARTESIAN_POINT('',(-7.085786437627,-4.9E-16));
#2049 = VECTOR('',#2050,1.);
#2050 = DIRECTION('',(0.,-1.));
#2051 = ( GEOMETRIC_REPRESENTATION_CONTEXT(2) 
PARAMETRIC_REPRESENTATION_CONTEXT() REPRESENTATION_CONTEXT('2D SPACE',''
  ) );
#2052 = PCURVE('',#2053,#2058);
#2053 = PLANE('',#2054);
#2054 = AXIS2_PLACEMENT_3D('',#2055,#2056,#2057);
#2055 = CARTESIAN_POINT('',(-7.542893218813,-1.65E-15,-1.457106781187));
#2056 = DIRECTION('',(0.707106781187,0.,-0.707106781187));
#2057 = DIRECTION('',(-2.E-17,-1.,-2.E-17));
#2058 = DEFINITIONAL_REPRESENTATION('',(#2059),#2063);
#2059 = LINE('',#2060,#2061);
#2060 = CARTESIAN_POINT('',(-5.182842712475E-16,-0.646446609407));
#2061 = VECTOR('',#2062,1.);
#2062 = DIRECTION('',(1.,-2.828427124746E-17));
#2063 = ( GEOMETRIC_REPRESENTATION_CONTEXT(2) 
PARAMETRIC_REPRESENTATION_CONTEXT() REPRESENTATION_CONTEXT('2D SPACE',''
  ) );
#2064 = ORIENTED_EDGE('',*,*,#2065,.F.);
#2065 = EDGE_CURVE('',#2066,#2038,#2068,.T.);
#2066 = VERTEX_POINT('',#2067);
#2067 = CARTESIAN_POINT('',(-6.292893218813,-7.085786437627,-1.));
#2068 = SURFACE_CURVE('',#2069,(#2120,#2174),.PCURVE_S1.);
#2069 = B_SPLINE_CURVE_WITH_KNOTS('',7,(#2070,#2071,#2072,#2073,#2074,
    #2075,#2076,#2077,#2078,#2079,#2080,#2081,#2082,#2083,#2084,#2085,
    #2086,#2087,#2088,#2089,#2090,#2091,#2092,#2093,#2094,#2095,#2096,
    #2097,#2098,#2099,#2100,#2101,#2102,#2103,#2104,#2105,#2106,#2107,
    #2108,#2109,#2110,#2111,#2112,#2113,#2114,#2115,#2116,#2117,#2118,
    #2119),.UNSPECIFIED.,.F.,.F.,(8,6,6,6,6,6,6,6,8),(0.,
    6.829911697769E-02,0.13159613674,0.193458925899,0.500014485411,
    0.807217626109,0.869054432496,0.932317588142,1.),.UNSPECIFIED.);
#2070 = CARTESIAN_POINT('',(-6.292893218814,-7.085786437627,-1.));
#2071 = CARTESIAN_POINT('',(-6.300597033786,-7.085786437627,-1.));
#2072 = CARTESIAN_POINT('',(-6.308800403712,-7.085628831465,-1.));
#2073 = CARTESIAN_POINT('',(-6.317444845155,-7.085290858966,-1.));
#2074 = CARTESIAN_POINT('',(-6.326477387405,-7.084755388705,-1.));
#2075 = CARTESIAN_POINT('',(-6.335850734057,-7.084009749231,-1.));
#2076 = CARTESIAN_POINT('',(-6.345523424585,-7.083044560274,-1.));
#2077 = CARTESIAN_POINT('',(-6.364668831694,-7.080747867201,-1.));
#2078 = CARTESIAN_POINT('',(-6.37410366682,-7.079448440686,-1.));
#2079 = CARTESIAN_POINT('',(-6.383735744599,-7.077948653051,-1.));
#2080 = CARTESIAN_POINT('',(-6.393539375071,-7.076244607664,-1.));
#2081 = CARTESIAN_POINT('',(-6.403491652558,-7.07433376645,-1.));
#2082 = CARTESIAN_POINT('',(-6.413572173222,-7.07221457371,-1.));
#2083 = CARTESIAN_POINT('',(-6.433722426336,-7.067610346907,-1.));
#2084 = CARTESIAN_POINT('',(-6.443786927267,-7.065134671645,-1.));
#2085 = CARTESIAN_POINT('',(-6.453939387916,-7.062458417044,-1.));
#2086 = CARTESIAN_POINT('',(-6.464164295877,-7.059581414871,-1.));
#2087 = CARTESIAN_POINT('',(-6.474447493836,-7.05650396578,-1.));
#2088 = CARTESIAN_POINT('',(-6.484776179563,-7.053226839309,-1.));
#2089 = CARTESIAN_POINT('',(-6.546490476383,-7.032528417945,-1.));
#2090 = CARTESIAN_POINT('',(-6.598647543408,-7.010440082077,-1.));
#2091 = CARTESIAN_POINT('',(-6.650236105551,-6.98361533858,-1.));
#2092 = CARTESIAN_POINT('',(-6.70040143223,-6.952365840643,-1.));
#2093 = CARTESIAN_POINT('',(-6.748431391689,-6.917044495856,-1.));
#2094 = CARTESIAN_POINT('',(-6.793767712142,-6.878064675508,-1.));
#2095 = CARTESIAN_POINT('',(-6.87817960854,-6.793649200682,-1.));
#2096 = CARTESIAN_POINT('',(-6.917232948838,-6.748208881536,-1.));
#2097 = CARTESIAN_POINT('',(-6.952611207747,-6.700064819581,-1.));
#2098 = CARTESIAN_POINT('',(-6.98389848042,-6.649778880725,-1.));
#2099 = CARTESIAN_POINT('',(-7.010739920463,-6.598068633345,-1.));
#2100 = CARTESIAN_POINT('',(-7.032822042696,-6.545795209806,-1.));
#2101 = CARTESIAN_POINT('',(-7.053477771731,-6.48399004711,-1.));
#2102 = CARTESIAN_POINT('',(-7.056740539055,-6.473668550089,-1.));
#2103 = CARTESIAN_POINT('',(-7.059803749395,-6.46339318392,-1.));
#2104 = CARTESIAN_POINT('',(-7.06266665081,-6.453176785327,-1.));
#2105 = CARTESIAN_POINT('',(-7.065328963306,-6.44303355214,-1.));
#2106 = CARTESIAN_POINT('',(-7.067790878831,-6.432979043291,-1.));
#2107 = CARTESIAN_POINT('',(-7.072367424018,-6.412851830386,-1.));
#2108 = CARTESIAN_POINT('',(-7.074472753222,-6.402784372544,-1.));
#2109 = CARTESIAN_POINT('',(-7.076370028384,-6.392846039221,-1.));
#2110 = CARTESIAN_POINT('',(-7.078060839583,-6.383057293955,-1.));
#2111 = CARTESIAN_POINT('',(-7.079547765862,-6.37344111173,-1.));
#2112 = CARTESIAN_POINT('',(-7.08083475361,-6.364023260808,-1.));
#2113 = CARTESIAN_POINT('',(-7.083096569857,-6.344999892377,-1.));
#2114 = CARTESIAN_POINT('',(-7.084043232043,-6.33542794758,-1.));
#2115 = CARTESIAN_POINT('',(-7.084774625722,-6.326151440708,-1.));
#2116 = CARTESIAN_POINT('',(-7.08529996718,-6.317210862422,-1.));
#2117 = CARTESIAN_POINT('',(-7.085631664553,-6.308652342142,-1.));
#2118 = CARTESIAN_POINT('',(-7.085786437627,-6.300527486666,-1.));
#2119 = CARTESIAN_POINT('',(-7.085786437627,-6.292893218814,-1.));
#2120 = PCURVE('',#1389,#2121);
#2121 = DEFINITIONAL_REPRESENTATION('',(#2122),#2173);
#2122 = B_SPLINE_CURVE_WITH_KNOTS('',7,(#2123,#2124,#2125,#2126,#2127,
    #2128,#2129,#2130,#2131,#2132,#2133,#2134,#2135,#2136,#2137,#2138,
    #2139,#2140,#2141,#2142,#2143,#2144,#2145,#2146,#2147,#2148,#2149,
    #2150,#2151,#2152,#2153,#2154,#2155,#2156,#2157,#2158,#2159,#2160,
    #2161,#2162,#2163,#2164,#2165,#2166,#2167,#2168,#2169,#2170,#2171,
    #2172),.UNSPECIFIED.,.F.,.F.,(8,6,6,6,6,6,6,6,8),(0.,
    6.829911697769E-02,0.13159613674,0.193458925899,0.500014485411,
    0.807217626109,0.869054432496,0.932317588142,1.),.UNSPECIFIED.);
#2123 = CARTESIAN_POINT('',(-6.292893218814,-7.085786437627));
#2124 = CARTESIAN_POINT('',(-6.300597033786,-7.085786437627));
#2125 = CARTESIAN_POINT('',(-6.308800403712,-7.085628831465));
#2126 = CARTESIAN_POINT('',(-6.317444845155,-7.085290858966));
#2127 = CARTESIAN_POINT('',(-6.326477387405,-7.084755388705));
#2128 = CARTESIAN_POINT('',(-6.335850734057,-7.084009749231));
#2129 = CARTESIAN_POINT('',(-6.345523424585,-7.083044560274));
#2130 = CARTESIAN_POINT('',(-6.364668831694,-7.080747867201));
#2131 = CARTESIAN_POINT('',(-6.37410366682,-7.079448440686));
#2132 = CARTESIAN_POINT('',(-6.383735744599,-7.077948653051));
#2133 = CARTESIAN_POINT('',(-6.393539375071,-7.076244607664));
#2134 = CARTESIAN_POINT('',(-6.403491652558,-7.07433376645));
#2135 = CARTESIAN_POINT('',(-6.413572173222,-7.07221457371));
#2136 = CARTESIAN_POINT('',(-6.433722426336,-7.067610346907));
#2137 = CARTESIAN_POINT('',(-6.443786927267,-7.065134671645));
#2138 = CARTESIAN_POINT('',(-6.453939387916,-7.062458417044));
#2139 = CARTESIAN_POINT('',(-6.464164295877,-7.059581414871));
#2140 = CARTESIAN_POINT('',(-6.474447493836,-7.05650396578));
#2141 = CARTESIAN_POINT('',(-6.484776179563,-7.053226839309));
#2142 = CARTESIAN_POINT('',(-6.546490476383,-7.032528417945));
#2143 = CARTESIAN_POINT('',(-6.598647543408,-7.010440082077));
#2144 = CARTESIAN_POINT('',(-6.650236105551,-6.98361533858));
#2145 = CARTESIAN_POINT('',(-6.70040143223,-6.952365840643));
#2146 = CARTESIAN_POINT('',(-6.748431391689,-6.917044495856));
#2147 = CARTESIAN_POINT('',(-6.793767712142,-6.878064675508));
#2148 = CARTESIAN_POINT('',(-6.87817960854,-6.793649200682));
#2149 = CARTESIAN_POINT('',(-6.917232948838,-6.748208881536));
#2150 = CARTESIAN_POINT('',(-6.952611207747,-6.700064819581));
#2151 = CARTESIAN_POINT('',(-6.98389848042,-6.649778880725));
#2152 = CARTESIAN_POINT('',(-7.010739920463,-6.598068633345));
#2153 = CARTESIAN_POINT('',(-7.032822042696,-6.545795209806));
#2154 = CARTESIAN_POINT('',(-7.053477771731,-6.48399004711));
#2155 = CARTESIAN_POINT('',(-7.056740539055,-6.473668550089));
#2156 = CARTESIAN_POINT('',(-7.059803749395,-6.46339318392));
#2157 = CARTESIAN_POINT('',(-7.06266665081,-6.453176785327));
#2158 = CARTESIAN_POINT('',(-7.065328963306,-6.443033552139));
#2159 = CARTESIAN_POINT('',(-7.067790878831,-6.432979043291));
#2160 = CARTESIAN_POINT('',(-7.072367424018,-6.412851830386));
#2161 = CARTESIAN_POINT('',(-7.074472753222,-6.402784372544));
#2162 = CARTESIAN_POINT('',(-7.076370028384,-6.392846039221));
#2163 = CARTESIAN_POINT('',(-7.078060839583,-6.383057293955));
#2164 = CARTESIAN_POINT('',(-7.079547765862,-6.37344111173));
#2165 = CARTESIAN_POINT('',(-7.08083475361,-6.364023260808));
#2166 = CARTESIAN_POINT('',(-7.083096569857,-6.344999892377));
#2167 = CARTESIAN_POINT('',(-7.084043232043,-6.33542794758));
#2168 = CARTESIAN_POINT('',(-7.084774625722,-6.326151440708));
#2169 = CARTESIAN_POINT('',(-7.08529996718,-6.317210862422));
#2170 = CARTESIAN_POINT('',(-7.085631664553,-6.308652342142));
#2171 = CARTESIAN_POINT('',(-7.085786437627,-6.300527486666));
#2172 = CARTESIAN_POINT('',(-7.085786437627,-6.292893218814));
#2173 = ( GEOMETRIC_REPRESENTATION_CONTEXT(2) 
PARAMETRIC_REPRESENTATION_CONTEXT() REPRESENTATION_CONTEXT('2D SPACE',''
  ) );
#2174 = PCURVE('',#2175,#2195);
#2175 = OFFSET_SURFACE('',#2176,1.,.F.);
#2176 = B_SPLINE_SURFACE_WITH_KNOTS('',8,1,(
    (#2177,#2178)
    ,(#2179,#2180)
    ,(#2181,#2182)
    ,(#2183,#2184)
    ,(#2185,#2186)
    ,(#2187,#2188)
    ,(#2189,#2190)
    ,(#2191,#2192)
    ,(#2193,#2194
    )),.UNSPECIFIED.,.F.,.F.,.F.,(9,9),(2,2),(3.14159265359,
    4.712388980385),(0.,1.),.PIECEWISE_BEZIER_KNOTS.);
#2177 = CARTESIAN_POINT('',(-7.5,-6.,0.));
#2178 = CARTESIAN_POINT('',(-9.,-7.5,-1.5));
#2179 = CARTESIAN_POINT('',(-7.5,-6.294524311274,0.));
#2180 = CARTESIAN_POINT('',(-9.,-7.794524311274,-1.5));
#2181 = CARTESIAN_POINT('',(-7.433908816558,-6.589048715256,0.));
#2182 = CARTESIAN_POINT('',(-8.933908816558,-8.089048715256,-1.5));
#2183 = CARTESIAN_POINT('',(-7.301727098808,-6.866269851503,0.));
#2184 = CARTESIAN_POINT('',(-8.801727098807,-8.366269851503,-1.5));
#2185 = CARTESIAN_POINT('',(-7.108888133669,-7.108888133669,0.));
#2186 = CARTESIAN_POINT('',(-8.60888813367,-8.60888813367,-1.5));
#2187 = CARTESIAN_POINT('',(-6.866269851503,-7.301727098808,0.));
#2188 = CARTESIAN_POINT('',(-8.366269851503,-8.801727098807,-1.5));
#2189 = CARTESIAN_POINT('',(-6.589048715256,-7.433908816558,0.));
#2190 = CARTESIAN_POINT('',(-8.089048715256,-8.933908816558,-1.5));
#2191 = CARTESIAN_POINT('',(-6.294524311274,-7.5,0.));
#2192 = CARTESIAN_POINT('',(-7.794524311274,-9.,-1.5));
#2193 = CARTESIAN_POINT('',(-6.,-7.5,0.));
#2194 = CARTESIAN_POINT('',(-7.5,-9.,-1.5));
#2195 = DEFINITIONAL_REPRESENTATION('',(#2196),#2247);
#2196 = B_SPLINE_CURVE_WITH_KNOTS('',7,(#2197,#2198,#2199,#2200,#2201,
    #2202,#2203,#2204,#2205,#2206,#2207,#2208,#2209,#2210,#2211,#2212,
    #2213,#2214,#2215,#2216,#2217,#2218,#2219,#2220,#2221,#2222,#2223,
    #2224,#2225,#2226,#2227,#2228,#2229,#2230,#2231,#2232,#2233,#2234,
    #2235,#2236,#2237,#2238,#2239,#2240,#2241,#2242,#2243,#2244,#2245,
    #2246),.UNSPECIFIED.,.F.,.F.,(8,6,6,6,6,6,6,6,8),(0.,
    6.829911697769E-02,0.13159613674,0.193458925899,0.500014485411,
    0.807217626109,0.869054432496,0.932317588142,1.),.UNSPECIFIED.);
#2197 = CARTESIAN_POINT('',(4.712388980385,0.195262145876));
#2198 = CARTESIAN_POINT('',(4.694853947808,0.191129093899));
#2199 = CARTESIAN_POINT('',(4.677481043128,0.187245647951));
#2200 = CARTESIAN_POINT('',(4.660271222551,0.183593027066));
#2201 = CARTESIAN_POINT('',(4.643223012578,0.180153799635));
#2202 = CARTESIAN_POINT('',(4.626332610403,0.176911879908));
#2203 = CARTESIAN_POINT('',(4.609593984298,0.173852524508));
#2204 = CARTESIAN_POINT('',(4.577619350656,0.168283805788));
#2205 = CARTESIAN_POINT('',(4.562364091095,0.165750738811));
#2206 = CARTESIAN_POINT('',(4.547227321166,0.163352531412));
#2207 = CARTESIAN_POINT('',(4.532203323535,0.161079778091));
#2208 = CARTESIAN_POINT('',(4.517286420303,0.158924103904));
#2209 = CARTESIAN_POINT('',(4.502470855616,0.156878003923));
#2210 = CARTESIAN_POINT('',(4.473364041589,0.153035394686));
#2211 = CARTESIAN_POINT('',(4.459068777846,0.151234272277));
#2212 = CARTESIAN_POINT('',(4.444859635005,0.149525131495));
#2213 = CARTESIAN_POINT('',(4.430731601224,0.147902358842));
#2214 = CARTESIAN_POINT('',(4.416679904869,0.146360911306));
#2215 = CARTESIAN_POINT('',(4.402700014512,0.144896316355));
#2216 = CARTESIAN_POINT('',(4.319846096874,0.136608501601));
#2217 = CARTESIAN_POINT('',(4.252598460609,0.13150599023));
#2218 = CARTESIAN_POINT('',(4.186453581529,0.127702356976));
#2219 = CARTESIAN_POINT('',(4.121086171157,0.124987675841));
#2220 = CARTESIAN_POINT('',(4.056213181946,0.123218982144));
#2221 = CARTESIAN_POINT('',(3.991594918787,0.122335364217));
#2222 = CARTESIAN_POINT('',(3.862207806351,0.122335861819));
#2223 = CARTESIAN_POINT('',(3.797453035823,0.123223711671));
#2224 = CARTESIAN_POINT('',(3.732441712773,0.125000423162));
#2225 = CARTESIAN_POINT('',(3.666932687869,0.127727388975));
#2226 = CARTESIAN_POINT('',(3.600640870141,0.131548969978));
#2227 = CARTESIAN_POINT('',(3.533238823343,0.136676791043));
#2228 = CARTESIAN_POINT('',(3.450218474114,0.145007170759));
#2229 = CARTESIAN_POINT('',(3.436239786662,0.146476128508));
#2230 = CARTESIAN_POINT('',(3.422189110429,0.148022111473));
#2231 = CARTESIAN_POINT('',(3.408061908759,0.149649608528));
#2232 = CARTESIAN_POINT('',(3.393853405767,0.151363680856));
#2233 = CARTESIAN_POINT('',(3.379558586334,0.153169961953));
#2234 = CARTESIAN_POINT('',(3.35045396441,0.157023287659));
#2235 = CARTESIAN_POINT('',(3.335640162677,0.159074933127));
#2236 = CARTESIAN_POINT('',(3.320724837708,0.161236411075));
#2237 = CARTESIAN_POINT('',(3.305702237257,0.163515249603));
#2238 = CARTESIAN_POINT('',(3.290566693249,0.165919848173));
#2239 = CARTESIAN_POINT('',(3.275312504993,0.168459637922));
#2240 = CARTESIAN_POINT('',(3.243480859865,0.174018449278));
#2241 = CARTESIAN_POINT('',(3.226886546145,0.177058365414));
#2242 = CARTESIAN_POINT('',(3.210142981007,0.180278085114));
#2243 = CARTESIAN_POINT('',(3.193244332179,0.183691995819));
#2244 = CARTESIAN_POINT('',(3.176186934075,0.187315778011));
#2245 = CARTESIAN_POINT('',(3.158969386543,0.191166405525));
#2246 = CARTESIAN_POINT('',(3.14159265359,0.195262145876));
#2247 = ( GEOMETRIC_REPRESENTATION_CONTEXT(2) 
PARAMETRIC_REPRESENTATION_CONTEXT() REPRESENTATION_CONTEXT('2D SPACE',''
  ) );
#2248 = ORIENTED_EDGE('',*,*,#2249,.T.);
#2249 = EDGE_CURVE('',#2066,#1430,#2250,.T.);
#2250 = SURFACE_CURVE('',#2251,(#2255,#2262),.PCURVE_S1.);
#2251 = LINE('',#2252,#2253);
#2252 = CARTESIAN_POINT('',(-7.E-17,-7.085786437627,-1.));
#2253 = VECTOR('',#2254,1.);
#2254 = DIRECTION('',(1.,0.,0.));
#2255 = PCURVE('',#1389,#2256);
#2256 = DEFINITIONAL_REPRESENTATION('',(#2257),#2261);
#2257 = LINE('',#2258,#2259);
#2258 = CARTESIAN_POINT('',(-1.2E-16,-7.085786437627));
#2259 = VECTOR('',#2260,1.);
#2260 = DIRECTION('',(1.,0.));
#2261 = ( GEOMETRIC_REPRESENTATION_CONTEXT(2) 
PARAMETRIC_REPRESENTATION_CONTEXT() REPRESENTATION_CONTEXT('2D SPACE',''
  ) );
#2262 = PCURVE('',#2263,#2268);
#2263 = PLANE('',#2264);
#2264 = AXIS2_PLACEMENT_3D('',#2265,#2266,#2267);
#2265 = CARTESIAN_POINT('',(-2.E-16,-7.542893218813,-1.457106781187));
#2266 = DIRECTION('',(0.,0.707106781187,-0.707106781187));
#2267 = DIRECTION('',(1.,1.E-17,1.E-17));
#2268 = DEFINITIONAL_REPRESENTATION('',(#2269),#2273);
#2269 = LINE('',#2270,#2271);
#2270 = CARTESIAN_POINT('',(1.391421356237E-16,-0.646446609407));
#2271 = VECTOR('',#2272,1.);
#2272 = DIRECTION('',(1.,1.414213562373E-17));
#2273 = ( GEOMETRIC_REPRESENTATION_CONTEXT(2) 
PARAMETRIC_REPRESENTATION_CONTEXT() REPRESENTATION_CONTEXT('2D SPACE',''
  ) );
#2274 = FACE_BOUND('',#2275,.F.);
#2275 = EDGE_LOOP('',(#2276));
#2276 = ORIENTED_EDGE('',*,*,#1374,.T.);
#2277 = ADVANCED_FACE('',(#2278),#1539,.T.);
#2278 = FACE_BOUND('',#2279,.T.);
#2279 = EDGE_LOOP('',(#2280,#2301,#2362,#2441,#2487,#2506));
#2280 = ORIENTED_EDGE('',*,*,#2281,.T.);
#2281 = EDGE_CURVE('',#1428,#2282,#2284,.T.);
#2282 = VERTEX_POINT('',#2283);
#2283 = CARTESIAN_POINT('',(8.,-7.207106781187,-1.914213562373));
#2284 = SURFACE_CURVE('',#2285,(#2288,#2295),.PCURVE_S1.);
#2285 = B_SPLINE_CURVE_WITH_KNOTS('',1,(#2286,#2287),.UNSPECIFIED.,.F.,
  .F.,(2,2),(0.,1.),.PIECEWISE_BEZIER_KNOTS.);
#2286 = CARTESIAN_POINT('',(6.792893218813,-6.,-0.707106781187));
#2287 = CARTESIAN_POINT('',(8.292893218813,-7.5,-2.207106781187));
#2288 = PCURVE('',#1539,#2289);
#2289 = DEFINITIONAL_REPRESENTATION('',(#2290),#2294);
#2290 = LINE('',#2291,#2292);
#2291 = CARTESIAN_POINT('',(3.14159265359,0.));
#2292 = VECTOR('',#2293,1.);
#2293 = DIRECTION('',(0.,1.));
#2294 = ( GEOMETRIC_REPRESENTATION_CONTEXT(2) 
PARAMETRIC_REPRESENTATION_CONTEXT() REPRESENTATION_CONTEXT('2D SPACE',''
  ) );
#2295 = PCURVE('',#1629,#2296);
#2296 = DEFINITIONAL_REPRESENTATION('',(#2297),#2300);
#2297 = B_SPLINE_CURVE_WITH_KNOTS('',1,(#2298,#2299),.UNSPECIFIED.,.F.,
  .F.,(2,2),(0.,1.),.PIECEWISE_BEZIER_KNOTS.);
#2298 = CARTESIAN_POINT('',(-6.,-1.06066017178));
#2299 = CARTESIAN_POINT('',(-7.5,1.06066017178));
#2300 = ( GEOMETRIC_REPRESENTATION_CONTEXT(2) 
PARAMETRIC_REPRESENTATION_CONTEXT() REPRESENTATION_CONTEXT('2D SPACE',''
  ) );
#2301 = ORIENTED_EDGE('',*,*,#2302,.T.);
#2302 = EDGE_CURVE('',#2282,#2303,#2305,.T.);
#2303 = VERTEX_POINT('',#2304);
#2304 = CARTESIAN_POINT('',(8.,-7.5,-1.964863667563));
#2305 = SURFACE_CURVE('',#2306,(#2321,#2339),.PCURVE_S1.);
#2306 = B_SPLINE_CURVE_WITH_KNOTS('',7,(#2307,#2308,#2309,#2310,#2311,
    #2312,#2313,#2314,#2315,#2316,#2317,#2318,#2319,#2320),
  .UNSPECIFIED.,.F.,.F.,(8,6,8),(0.,0.858000417664,1.),.UNSPECIFIED.);
#2307 = CARTESIAN_POINT('',(8.,-7.207106781187,-1.914213562373));
#2308 = CARTESIAN_POINT('',(8.,-7.230566435684,-1.914213562373));
#2309 = CARTESIAN_POINT('',(8.,-7.259896633236,-1.91567465818));
#2310 = CARTESIAN_POINT('',(8.,-7.293731348787,-1.919193032467));
#2311 = CARTESIAN_POINT('',(8.,-7.330621837083,-1.924751380918));
#2312 = CARTESIAN_POINT('',(8.,-7.369591410836,-1.932155982611));
#2313 = CARTESIAN_POINT('',(8.,-7.409960808972,-1.941206551606));
#2314 = CARTESIAN_POINT('',(8.,-7.45828701464,-1.953525657262));
#2315 = CARTESIAN_POINT('',(8.,-7.46517802079,-1.955316264777));
#2316 = CARTESIAN_POINT('',(8.,-7.472095802546,-1.95714744153));
#2317 = CARTESIAN_POINT('',(8.,-7.479038541955,-1.959018469531));
#2318 = CARTESIAN_POINT('',(8.,-7.486004532624,-1.960928643219));
#2319 = CARTESIAN_POINT('',(8.,-7.492992179726,-1.962877269464));
#2320 = CARTESIAN_POINT('',(8.,-7.5,-1.964863667563));
#2321 = PCURVE('',#1539,#2322);
#2322 = DEFINITIONAL_REPRESENTATION('',(#2323),#2338);
#2323 = B_SPLINE_CURVE_WITH_KNOTS('',7,(#2324,#2325,#2326,#2327,#2328,
    #2329,#2330,#2331,#2332,#2333,#2334,#2335,#2336,#2337),
  .UNSPECIFIED.,.F.,.F.,(8,6,8),(0.,0.858000417664,1.),.UNSPECIFIED.);
#2324 = CARTESIAN_POINT('',(3.14159265359,0.804737854124));
#2325 = CARTESIAN_POINT('',(3.088194978887,0.792151885778));
#2326 = CARTESIAN_POINT('',(3.03681106304,0.782975356482));
#2327 = CARTESIAN_POINT('',(2.987743678628,0.777069799822));
#2328 = CARTESIAN_POINT('',(2.940904103041,0.773949497632));
#2329 = CARTESIAN_POINT('',(2.896172198325,0.773197747756));
#2330 = CARTESIAN_POINT('',(2.853300688982,0.774440183683));
#2331 = CARTESIAN_POINT('',(2.805101984917,0.777916519279));
#2332 = CARTESIAN_POINT('',(2.798300552002,0.778457708374));
#2333 = CARTESIAN_POINT('',(2.791540830616,0.779045244343));
#2334 = CARTESIAN_POINT('',(2.784821777031,0.779677960376));
#2335 = CARTESIAN_POINT('',(2.778142355199,0.780354726864));
#2336 = CARTESIAN_POINT('',(2.771501536743,0.781074451408));
#2337 = CARTESIAN_POINT('',(2.764898300967,0.781836078812));
#2338 = ( GEOMETRIC_REPRESENTATION_CONTEXT(2) 
PARAMETRIC_REPRESENTATION_CONTEXT() REPRESENTATION_CONTEXT('2D SPACE',''
  ) );
#2339 = PCURVE('',#2340,#2345);
#2340 = PLANE('',#2341);
#2341 = AXIS2_PLACEMENT_3D('',#2342,#2343,#2344);
#2342 = CARTESIAN_POINT('',(8.,7.5,-1.5));
#2343 = DIRECTION('',(-1.,0.,0.));
#2344 = DIRECTION('',(0.,-1.,0.));
#2345 = DEFINITIONAL_REPRESENTATION('',(#2346),#2361);
#2346 = B_SPLINE_CURVE_WITH_KNOTS('',7,(#2347,#2348,#2349,#2350,#2351,
    #2352,#2353,#2354,#2355,#2356,#2357,#2358,#2359,#2360),
  .UNSPECIFIED.,.F.,.F.,(8,6,8),(0.,0.858000417664,1.),.UNSPECIFIED.);
#2347 = CARTESIAN_POINT('',(14.707106781187,-0.414213562373));
#2348 = CARTESIAN_POINT('',(14.730566435684,-0.414213562373));
#2349 = CARTESIAN_POINT('',(14.759896633236,-0.41567465818));
#2350 = CARTESIAN_POINT('',(14.793731348787,-0.419193032467));
#2351 = CARTESIAN_POINT('',(14.830621837083,-0.424751380918));
#2352 = CARTESIAN_POINT('',(14.869591410836,-0.432155982611));
#2353 = CARTESIAN_POINT('',(14.909960808972,-0.441206551606));
#2354 = CARTESIAN_POINT('',(14.95828701464,-0.453525657262));
#2355 = CARTESIAN_POINT('',(14.96517802079,-0.455316264777));
#2356 = CARTESIAN_POINT('',(14.972095802546,-0.45714744153));
#2357 = CARTESIAN_POINT('',(14.979038541955,-0.459018469531));
#2358 = CARTESIAN_POINT('',(14.986004532624,-0.460928643219));
#2359 = CARTESIAN_POINT('',(14.992992179726,-0.462877269464));
#2360 = CARTESIAN_POINT('',(15.,-0.464863667563));
#2361 = ( GEOMETRIC_REPRESENTATION_CONTEXT(2) 
PARAMETRIC_REPRESENTATION_CONTEXT() REPRESENTATION_CONTEXT('2D SPACE',''
  ) );
#2362 = ORIENTED_EDGE('',*,*,#2363,.F.);
#2363 = EDGE_CURVE('',#2364,#2303,#2366,.T.);
#2364 = VERTEX_POINT('',#2365);
#2365 = CARTESIAN_POINT('',(7.5,-8.,-1.964863667563));
#2366 = SURFACE_CURVE('',#2367,(#2388,#2412),.PCURVE_S1.);
#2367 = B_SPLINE_CURVE_WITH_KNOTS('',7,(#2368,#2369,#2370,#2371,#2372,
    #2373,#2374,#2375,#2376,#2377,#2378,#2379,#2380,#2381,#2382,#2383,
    #2384,#2385,#2386,#2387),.UNSPECIFIED.,.F.,.F.,(8,6,6,8),(0.,
    0.500723573122,0.887149697317,1.),.UNSPECIFIED.);
#2368 = CARTESIAN_POINT('',(7.5,-8.,-1.964863667563));
#2369 = CARTESIAN_POINT('',(7.556538016985,-8.,-1.980889624192));
#2370 = CARTESIAN_POINT('',(7.612870783628,-7.992541550625,
    -1.993599571374));
#2371 = CARTESIAN_POINT('',(7.667905860015,-7.977720886992,
    -2.003408988666));
#2372 = CARTESIAN_POINT('',(7.720510938139,-7.955803643691,
    -2.010586204285));
#2373 = CARTESIAN_POINT('',(7.76963996137,-7.927286277621,
    -2.015306331534));
#2374 = CARTESIAN_POINT('',(7.814375325012,-7.892817767762,
    -2.017657859207));
#2375 = CARTESIAN_POINT('',(7.884473973704,-7.822565446817,
    -2.017622661907));
#2376 = CARTESIAN_POINT('',(7.911918907141,-7.788887065436,
    -2.016194948517));
#2377 = CARTESIAN_POINT('',(7.935917377717,-7.75249153393,
    -2.013355097936));
#2378 = CARTESIAN_POINT('',(7.956155610796,-7.713789759707,
    -2.009071466092));
#2379 = CARTESIAN_POINT('',(7.972378914049,-7.673238258006,
    -2.003282607402));
#2380 = CARTESIAN_POINT('',(7.98439948367,-7.631325250555,
    -1.995893451845));
#2381 = CARTESIAN_POINT('',(7.994344785079,-7.576054929017,
    -1.984099902921));
#2382 = CARTESIAN_POINT('',(7.996223939611,-7.563488835674,
    -1.981286005678));
#2383 = CARTESIAN_POINT('',(7.997731312484,-7.550861828416,
    -1.978320475321));
#2384 = CARTESIAN_POINT('',(7.998864380091,-7.538186583698,
    -1.975199614009));
#2385 = CARTESIAN_POINT('',(7.99962111781,-7.525475898687,
    -1.971919430677));
#2386 = CARTESIAN_POINT('',(8.,-7.512742691259,-1.968475641034));
#2387 = CARTESIAN_POINT('',(8.,-7.5,-1.964863667563));
#2388 = PCURVE('',#1539,#2389);
#2389 = DEFINITIONAL_REPRESENTATION('',(#2390),#2411);
#2390 = B_SPLINE_CURVE_WITH_KNOTS('',7,(#2391,#2392,#2393,#2394,#2395,
    #2396,#2397,#2398,#2399,#2400,#2401,#2402,#2403,#2404,#2405,#2406,
    #2407,#2408,#2409,#2410),.UNSPECIFIED.,.F.,.F.,(8,6,6,8),(0.,
    0.500723573122,0.887149697317,1.),.UNSPECIFIED.);
#2391 = CARTESIAN_POINT('',(1.947490740199,0.781836036203));
#2392 = CARTESIAN_POINT('',(2.000764628032,0.787980731576));
#2393 = CARTESIAN_POINT('',(2.057187044241,0.792528000048));
#2394 = CARTESIAN_POINT('',(2.115499153943,0.795935303393));
#2395 = CARTESIAN_POINT('',(2.175064149947,0.798379467172));
#2396 = CARTESIAN_POINT('',(2.235381934535,0.799973798792));
#2397 = CARTESIAN_POINT('',(2.296077193275,0.800767681342));
#2398 = CARTESIAN_POINT('',(2.403640402637,0.800755796747));
#2399 = CARTESIAN_POINT('',(2.450487679167,0.800273615101));
#2400 = CARTESIAN_POINT('',(2.49715889971,0.799315004735));
#2401 = CARTESIAN_POINT('',(2.543473004101,0.797859885773));
#2402 = CARTESIAN_POINT('',(2.589229956668,0.795872179453));
#2403 = CARTESIAN_POINT('',(2.634175094605,0.793287996116));
#2404 = CARTESIAN_POINT('',(2.690716418333,0.789023447954));
#2405 = CARTESIAN_POINT('',(2.703394918204,0.787998404239));
#2406 = CARTESIAN_POINT('',(2.715962836459,0.786909334114));
#2407 = CARTESIAN_POINT('',(2.72840965611,0.785752806608));
#2408 = CARTESIAN_POINT('',(2.740723519276,0.784524848492));
#2409 = CARTESIAN_POINT('',(2.752891227188,0.783220944274));
#2410 = CARTESIAN_POINT('',(2.764898240185,0.781836036203));
#2411 = ( GEOMETRIC_REPRESENTATION_CONTEXT(2) 
PARAMETRIC_REPRESENTATION_CONTEXT() REPRESENTATION_CONTEXT('2D SPACE',''
  ) );
#2412 = PCURVE('',#2413,#2418);
#2413 = CYLINDRICAL_SURFACE('',#2414,0.5);
#2414 = AXIS2_PLACEMENT_3D('',#2415,#2416,#2417);
#2415 = CARTESIAN_POINT('',(7.5,-7.5,-1.5));
#2416 = DIRECTION('',(0.,0.,1.));
#2417 = DIRECTION('',(-1.,0.,0.));
#2418 = DEFINITIONAL_REPRESENTATION('',(#2419),#2440);
#2419 = B_SPLINE_CURVE_WITH_KNOTS('',7,(#2420,#2421,#2422,#2423,#2424,
    #2425,#2426,#2427,#2428,#2429,#2430,#2431,#2432,#2433,#2434,#2435,
    #2436,#2437,#2438,#2439),.UNSPECIFIED.,.F.,.F.,(8,6,6,8),(0.,
    0.500723573122,0.887149697317,1.),.UNSPECIFIED.);
#2420 = CARTESIAN_POINT('',(-4.712388980385,-0.464863667563));
#2421 = CARTESIAN_POINT('',(-4.599312946414,-0.480889624192));
#2422 = CARTESIAN_POINT('',(-4.486647187443,-0.493599571374));
#2423 = CARTESIAN_POINT('',(-4.374216878141,-0.503408988666));
#2424 = CARTESIAN_POINT('',(-4.261994899587,-0.510586204285));
#2425 = CARTESIAN_POINT('',(-4.149920162304,-0.515306331534));
#2426 = CARTESIAN_POINT('',(-4.037925250323,-0.517657859207));
#2427 = CARTESIAN_POINT('',(-3.839438886594,-0.517622661907));
#2428 = CARTESIAN_POINT('',(-3.752987663572,-0.516194948517));
#2429 = CARTESIAN_POINT('',(-3.666503628184,-0.513355097936));
#2430 = CARTESIAN_POINT('',(-3.579954555896,-0.509071466092));
#2431 = CARTESIAN_POINT('',(-3.493314937469,-0.503282607402));
#2432 = CARTESIAN_POINT('',(-3.406556193367,-0.495893451845));
#2433 = CARTESIAN_POINT('',(-3.294240255709,-0.484099902921));
#2434 = CARTESIAN_POINT('',(-3.268839759026,-0.481286005678));
#2435 = CARTESIAN_POINT('',(-3.243424287404,-0.478320475321));
#2436 = CARTESIAN_POINT('',(-3.217992844597,-0.475199614009));
#2437 = CARTESIAN_POINT('',(-3.192544429492,-0.471919430677));
#2438 = CARTESIAN_POINT('',(-3.167078036107,-0.468475641034));
#2439 = CARTESIAN_POINT('',(-3.14159265359,-0.464863667563));
#2440 = ( GEOMETRIC_REPRESENTATION_CONTEXT(2) 
PARAMETRIC_REPRESENTATION_CONTEXT() REPRESENTATION_CONTEXT('2D SPACE',''
  ) );
#2441 = ORIENTED_EDGE('',*,*,#2442,.T.);
#2442 = EDGE_CURVE('',#2364,#2443,#2445,.T.);
#2443 = VERTEX_POINT('',#2444);
#2444 = CARTESIAN_POINT('',(7.207106781186,-8.,-1.914213562373));
#2445 = SURFACE_CURVE('',#2446,(#2456,#2469),.PCURVE_S1.);
#2446 = B_SPLINE_CURVE_WITH_KNOTS('',8,(#2447,#2448,#2449,#2450,#2451,
    #2452,#2453,#2454,#2455),.UNSPECIFIED.,.F.,.F.,(9,9),(0.,1.),
  .PIECEWISE_BEZIER_KNOTS.);
#2447 = CARTESIAN_POINT('',(7.5,-8.,-1.964863667563));
#2448 = CARTESIAN_POINT('',(7.456804542064,-8.,-1.952619719643));
#2449 = CARTESIAN_POINT('',(7.41444018132,-8.,-1.941804618638));
#2450 = CARTESIAN_POINT('',(7.373081971495,-8.,-1.932514381055));
#2451 = CARTESIAN_POINT('',(7.333168439827,-8.,-1.924932755323));
#2452 = CARTESIAN_POINT('',(7.295457317408,-8.,-1.919269999248));
#2453 = CARTESIAN_POINT('',(7.260953468062,-8.,-1.915705057234));
#2454 = CARTESIAN_POINT('',(7.23105343202,-8.,-1.914213562373));
#2455 = CARTESIAN_POINT('',(7.207106781186,-8.,-1.914213562373));
#2456 = PCURVE('',#1539,#2457);
#2457 = DEFINITIONAL_REPRESENTATION('',(#2458),#2468);
#2458 = B_SPLINE_CURVE_WITH_KNOTS('',8,(#2459,#2460,#2461,#2462,#2463,
    #2464,#2465,#2466,#2467),.UNSPECIFIED.,.F.,.F.,(9,9),(0.,1.),
  .PIECEWISE_BEZIER_KNOTS.);
#2459 = CARTESIAN_POINT('',(1.947490740199,0.781836036203));
#2460 = CARTESIAN_POINT('',(1.906789100777,0.777141444057));
#2461 = CARTESIAN_POINT('',(1.864763472747,0.774016044016));
#2462 = CARTESIAN_POINT('',(1.821067381878,0.772659407449));
#2463 = CARTESIAN_POINT('',(1.775440663091,0.773366019871));
#2464 = CARTESIAN_POINT('',(1.7276780178,0.776522826255));
#2465 = CARTESIAN_POINT('',(1.677667099833,0.782543453962));
#2466 = CARTESIAN_POINT('',(1.625302477836,0.791890615074));
#2467 = CARTESIAN_POINT('',(1.570796326795,0.804737854124));
#2468 = ( GEOMETRIC_REPRESENTATION_CONTEXT(2) 
PARAMETRIC_REPRESENTATION_CONTEXT() REPRESENTATION_CONTEXT('2D SPACE',''
  ) );
#2469 = PCURVE('',#2470,#2475);
#2470 = PLANE('',#2471);
#2471 = AXIS2_PLACEMENT_3D('',#2472,#2473,#2474);
#2472 = CARTESIAN_POINT('',(7.5,-8.,-1.5));
#2473 = DIRECTION('',(0.,1.,0.));
#2474 = DIRECTION('',(-1.,0.,0.));
#2475 = DEFINITIONAL_REPRESENTATION('',(#2476),#2486);
#2476 = B_SPLINE_CURVE_WITH_KNOTS('',8,(#2477,#2478,#2479,#2480,#2481,
    #2482,#2483,#2484,#2485),.UNSPECIFIED.,.F.,.F.,(9,9),(0.,1.),
  .PIECEWISE_BEZIER_KNOTS.);
#2477 = CARTESIAN_POINT('',(0.,-0.464863667563));
#2478 = CARTESIAN_POINT('',(4.319545793627E-02,-0.452619719643));
#2479 = CARTESIAN_POINT('',(8.555981868025E-02,-0.441804618638));
#2480 = CARTESIAN_POINT('',(0.126918028505,-0.432514381055));
#2481 = CARTESIAN_POINT('',(0.166831560173,-0.424932755323));
#2482 = CARTESIAN_POINT('',(0.204542682592,-0.419269999248));
#2483 = CARTESIAN_POINT('',(0.239046531938,-0.415705057234));
#2484 = CARTESIAN_POINT('',(0.26894656798,-0.414213562373));
#2485 = CARTESIAN_POINT('',(0.292893218814,-0.414213562373));
#2486 = ( GEOMETRIC_REPRESENTATION_CONTEXT(2) 
PARAMETRIC_REPRESENTATION_CONTEXT() REPRESENTATION_CONTEXT('2D SPACE',''
  ) );
#2487 = ORIENTED_EDGE('',*,*,#2488,.F.);
#2488 = EDGE_CURVE('',#1430,#2443,#2489,.T.);
#2489 = SURFACE_CURVE('',#2490,(#2493,#2500),.PCURVE_S1.);
#2490 = B_SPLINE_CURVE_WITH_KNOTS('',1,(#2491,#2492),.UNSPECIFIED.,.F.,
  .F.,(2,2),(0.,1.),.PIECEWISE_BEZIER_KNOTS.);
#2491 = CARTESIAN_POINT('',(6.,-6.792893218813,-0.707106781187));
#2492 = CARTESIAN_POINT('',(7.5,-8.292893218813,-2.207106781187));
#2493 = PCURVE('',#1539,#2494);
#2494 = DEFINITIONAL_REPRESENTATION('',(#2495),#2499);
#2495 = LINE('',#2496,#2497);
#2496 = CARTESIAN_POINT('',(1.570796326795,0.));
#2497 = VECTOR('',#2498,1.);
#2498 = DIRECTION('',(0.,1.));
#2499 = ( GEOMETRIC_REPRESENTATION_CONTEXT(2) 
PARAMETRIC_REPRESENTATION_CONTEXT() REPRESENTATION_CONTEXT('2D SPACE',''
  ) );
#2500 = PCURVE('',#2263,#2501);
#2501 = DEFINITIONAL_REPRESENTATION('',(#2502),#2505);
#2502 = B_SPLINE_CURVE_WITH_KNOTS('',1,(#2503,#2504),.UNSPECIFIED.,.F.,
  .F.,(2,2),(0.,1.),.PIECEWISE_BEZIER_KNOTS.);
#2503 = CARTESIAN_POINT('',(6.,-1.06066017178));
#2504 = CARTESIAN_POINT('',(7.5,1.06066017178));
#2505 = ( GEOMETRIC_REPRESENTATION_CONTEXT(2) 
PARAMETRIC_REPRESENTATION_CONTEXT() REPRESENTATION_CONTEXT('2D SPACE',''
  ) );
#2506 = ORIENTED_EDGE('',*,*,#1427,.F.);
#2507 = ADVANCED_FACE('',(#2508),#1629,.T.);
#2508 = FACE_BOUND('',#2509,.T.);
#2509 = EDGE_LOOP('',(#2510,#2511,#2532,#2553));
#2510 = ORIENTED_EDGE('',*,*,#1613,.T.);
#2511 = ORIENTED_EDGE('',*,*,#2512,.T.);
#2512 = EDGE_CURVE('',#1614,#2513,#2515,.T.);
#2513 = VERTEX_POINT('',#2514);
#2514 = CARTESIAN_POINT('',(8.,7.207106781186,-1.914213562373));
#2515 = SURFACE_CURVE('',#2516,(#2519,#2525),.PCURVE_S1.);
#2516 = B_SPLINE_CURVE_WITH_KNOTS('',1,(#2517,#2518),.UNSPECIFIED.,.F.,
  .F.,(2,2),(0.,1.),.PIECEWISE_BEZIER_KNOTS.);
#2517 = CARTESIAN_POINT('',(6.792893218813,6.,-0.707106781187));
#2518 = CARTESIAN_POINT('',(8.292893218813,7.5,-2.207106781187));
#2519 = PCURVE('',#1629,#2520);
#2520 = DEFINITIONAL_REPRESENTATION('',(#2521),#2524);
#2521 = B_SPLINE_CURVE_WITH_KNOTS('',1,(#2522,#2523),.UNSPECIFIED.,.F.,
  .F.,(2,2),(0.,1.),.PIECEWISE_BEZIER_KNOTS.);
#2522 = CARTESIAN_POINT('',(6.,-1.06066017178));
#2523 = CARTESIAN_POINT('',(7.5,1.06066017178));
#2524 = ( GEOMETRIC_REPRESENTATION_CONTEXT(2) 
PARAMETRIC_REPRESENTATION_CONTEXT() REPRESENTATION_CONTEXT('2D SPACE',''
  ) );
#2525 = PCURVE('',#1751,#2526);
#2526 = DEFINITIONAL_REPRESENTATION('',(#2527),#2531);
#2527 = LINE('',#2528,#2529);
#2528 = CARTESIAN_POINT('',(3.14159265359,0.));
#2529 = VECTOR('',#2530,1.);
#2530 = DIRECTION('',(0.,1.));
#2531 = ( GEOMETRIC_REPRESENTATION_CONTEXT(2) 
PARAMETRIC_REPRESENTATION_CONTEXT() REPRESENTATION_CONTEXT('2D SPACE',''
  ) );
#2532 = ORIENTED_EDGE('',*,*,#2533,.T.);
#2533 = EDGE_CURVE('',#2513,#2282,#2534,.T.);
#2534 = SURFACE_CURVE('',#2535,(#2539,#2546),.PCURVE_S1.);
#2535 = LINE('',#2536,#2537);
#2536 = CARTESIAN_POINT('',(8.,3.75,-1.914213562373));
#2537 = VECTOR('',#2538,1.);
#2538 = DIRECTION('',(-0.,-1.,-0.));
#2539 = PCURVE('',#1629,#2540);
#2540 = DEFINITIONAL_REPRESENTATION('',(#2541),#2545);
#2541 = LINE('',#2542,#2543);
#2542 = CARTESIAN_POINT('',(3.75,0.646446609407));
#2543 = VECTOR('',#2544,1.);
#2544 = DIRECTION('',(-1.,2.828427124746E-17));
#2545 = ( GEOMETRIC_REPRESENTATION_CONTEXT(2) 
PARAMETRIC_REPRESENTATION_CONTEXT() REPRESENTATION_CONTEXT('2D SPACE',''
  ) );
#2546 = PCURVE('',#2340,#2547);
#2547 = DEFINITIONAL_REPRESENTATION('',(#2548),#2552);
#2548 = LINE('',#2549,#2550);
#2549 = CARTESIAN_POINT('',(3.75,-0.414213562373));
#2550 = VECTOR('',#2551,1.);
#2551 = DIRECTION('',(1.,0.));
#2552 = ( GEOMETRIC_REPRESENTATION_CONTEXT(2) 
PARAMETRIC_REPRESENTATION_CONTEXT() REPRESENTATION_CONTEXT('2D SPACE',''
  ) );
#2553 = ORIENTED_EDGE('',*,*,#2281,.F.);
#2554 = ADVANCED_FACE('',(#2555),#2263,.T.);
#2555 = FACE_BOUND('',#2556,.T.);
#2556 = EDGE_LOOP('',(#2557,#2578,#2579,#2580));
#2557 = ORIENTED_EDGE('',*,*,#2558,.F.);
#2558 = EDGE_CURVE('',#2066,#2559,#2561,.T.);
#2559 = VERTEX_POINT('',#2560);
#2560 = CARTESIAN_POINT('',(-7.207106781187,-8.,-1.914213562373));
#2561 = SURFACE_CURVE('',#2562,(#2565,#2571),.PCURVE_S1.);
#2562 = B_SPLINE_CURVE_WITH_KNOTS('',1,(#2563,#2564),.UNSPECIFIED.,.F.,
  .F.,(2,2),(0.,1.),.PIECEWISE_BEZIER_KNOTS.);
#2563 = CARTESIAN_POINT('',(-6.,-6.792893218813,-0.707106781187));
#2564 = CARTESIAN_POINT('',(-7.5,-8.292893218813,-2.207106781187));
#2565 = PCURVE('',#2263,#2566);
#2566 = DEFINITIONAL_REPRESENTATION('',(#2567),#2570);
#2567 = B_SPLINE_CURVE_WITH_KNOTS('',1,(#2568,#2569),.UNSPECIFIED.,.F.,
  .F.,(2,2),(0.,1.),.PIECEWISE_BEZIER_KNOTS.);
#2568 = CARTESIAN_POINT('',(-6.,-1.06066017178));
#2569 = CARTESIAN_POINT('',(-7.5,1.06066017178));
#2570 = ( GEOMETRIC_REPRESENTATION_CONTEXT(2) 
PARAMETRIC_REPRESENTATION_CONTEXT() REPRESENTATION_CONTEXT('2D SPACE',''
  ) );
#2571 = PCURVE('',#2175,#2572);
#2572 = DEFINITIONAL_REPRESENTATION('',(#2573),#2577);
#2573 = LINE('',#2574,#2575);
#2574 = CARTESIAN_POINT('',(4.712388980385,0.));
#2575 = VECTOR('',#2576,1.);
#2576 = DIRECTION('',(0.,1.));
#2577 = ( GEOMETRIC_REPRESENTATION_CONTEXT(2) 
PARAMETRIC_REPRESENTATION_CONTEXT() REPRESENTATION_CONTEXT('2D SPACE',''
  ) );
#2578 = ORIENTED_EDGE('',*,*,#2249,.T.);
#2579 = ORIENTED_EDGE('',*,*,#2488,.T.);
#2580 = ORIENTED_EDGE('',*,*,#2581,.T.);
#2581 = EDGE_CURVE('',#2443,#2559,#2582,.T.);
#2582 = SURFACE_CURVE('',#2583,(#2587,#2594),.PCURVE_S1.);
#2583 = LINE('',#2584,#2585);
#2584 = CARTESIAN_POINT('',(3.75,-8.,-1.914213562373));
#2585 = VECTOR('',#2586,1.);
#2586 = DIRECTION('',(-1.,0.,0.));
#2587 = PCURVE('',#2263,#2588);
#2588 = DEFINITIONAL_REPRESENTATION('',(#2589),#2593);
#2589 = LINE('',#2590,#2591);
#2590 = CARTESIAN_POINT('',(3.75,0.646446609407));
#2591 = VECTOR('',#2592,1.);
#2592 = DIRECTION('',(-1.,-1.414213562373E-17));
#2593 = ( GEOMETRIC_REPRESENTATION_CONTEXT(2) 
PARAMETRIC_REPRESENTATION_CONTEXT() REPRESENTATION_CONTEXT('2D SPACE',''
  ) );
#2594 = PCURVE('',#2470,#2595);
#2595 = DEFINITIONAL_REPRESENTATION('',(#2596),#2600);
#2596 = LINE('',#2597,#2598);
#2597 = CARTESIAN_POINT('',(3.75,-0.414213562373));
#2598 = VECTOR('',#2599,1.);
#2599 = DIRECTION('',(1.,0.));
#2600 = ( GEOMETRIC_REPRESENTATION_CONTEXT(2) 
PARAMETRIC_REPRESENTATION_CONTEXT() REPRESENTATION_CONTEXT('2D SPACE',''
  ) );
#2601 = ADVANCED_FACE('',(#2602),#1751,.T.);
#2602 = FACE_BOUND('',#2603,.T.);
#2603 = EDGE_LOOP('',(#2604,#2625,#2686,#2765,#2804,#2805));
#2604 = ORIENTED_EDGE('',*,*,#2605,.T.);
#2605 = EDGE_CURVE('',#1642,#2606,#2608,.T.);
#2606 = VERTEX_POINT('',#2607);
#2607 = CARTESIAN_POINT('',(7.207106781187,8.,-1.914213562373));
#2608 = SURFACE_CURVE('',#2609,(#2612,#2619),.PCURVE_S1.);
#2609 = B_SPLINE_CURVE_WITH_KNOTS('',1,(#2610,#2611),.UNSPECIFIED.,.F.,
  .F.,(2,2),(0.,1.),.PIECEWISE_BEZIER_KNOTS.);
#2610 = CARTESIAN_POINT('',(6.,6.792893218813,-0.707106781187));
#2611 = CARTESIAN_POINT('',(7.5,8.292893218813,-2.207106781187));
#2612 = PCURVE('',#1751,#2613);
#2613 = DEFINITIONAL_REPRESENTATION('',(#2614),#2618);
#2614 = LINE('',#2615,#2616);
#2615 = CARTESIAN_POINT('',(4.712388980385,0.));
#2616 = VECTOR('',#2617,1.);
#2617 = DIRECTION('',(0.,1.));
#2618 = ( GEOMETRIC_REPRESENTATION_CONTEXT(2) 
PARAMETRIC_REPRESENTATION_CONTEXT() REPRESENTATION_CONTEXT('2D SPACE',''
  ) );
#2619 = PCURVE('',#1841,#2620);
#2620 = DEFINITIONAL_REPRESENTATION('',(#2621),#2624);
#2621 = B_SPLINE_CURVE_WITH_KNOTS('',1,(#2622,#2623),.UNSPECIFIED.,.F.,
  .F.,(2,2),(0.,1.),.PIECEWISE_BEZIER_KNOTS.);
#2622 = CARTESIAN_POINT('',(-6.,-1.06066017178));
#2623 = CARTESIAN_POINT('',(-7.5,1.06066017178));
#2624 = ( GEOMETRIC_REPRESENTATION_CONTEXT(2) 
PARAMETRIC_REPRESENTATION_CONTEXT() REPRESENTATION_CONTEXT('2D SPACE',''
  ) );
#2625 = ORIENTED_EDGE('',*,*,#2626,.T.);
#2626 = EDGE_CURVE('',#2606,#2627,#2629,.T.);
#2627 = VERTEX_POINT('',#2628);
#2628 = CARTESIAN_POINT('',(7.5,8.,-1.964863667563));
#2629 = SURFACE_CURVE('',#2630,(#2645,#2663),.PCURVE_S1.);
#2630 = B_SPLINE_CURVE_WITH_KNOTS('',7,(#2631,#2632,#2633,#2634,#2635,
    #2636,#2637,#2638,#2639,#2640,#2641,#2642,#2643,#2644),
  .UNSPECIFIED.,.F.,.F.,(8,6,8),(0.,0.858000417666,1.),.UNSPECIFIED.);
#2631 = CARTESIAN_POINT('',(7.207106781186,8.,-1.914213562373));
#2632 = CARTESIAN_POINT('',(7.230566435684,8.,-1.914213562373));
#2633 = CARTESIAN_POINT('',(7.259896633236,8.,-1.91567465818));
#2634 = CARTESIAN_POINT('',(7.293731348787,8.,-1.919193032467));
#2635 = CARTESIAN_POINT('',(7.330621837083,8.,-1.924751380918));
#2636 = CARTESIAN_POINT('',(7.369591410836,8.,-1.932155982611));
#2637 = CARTESIAN_POINT('',(7.409960808973,8.,-1.941206551606));
#2638 = CARTESIAN_POINT('',(7.458287014641,8.,-1.953525657262));
#2639 = CARTESIAN_POINT('',(7.46517802079,8.,-1.955316264777));
#2640 = CARTESIAN_POINT('',(7.472095802547,8.,-1.95714744153));
#2641 = CARTESIAN_POINT('',(7.479038541955,8.,-1.959018469531));
#2642 = CARTESIAN_POINT('',(7.486004532624,8.,-1.960928643219));
#2643 = CARTESIAN_POINT('',(7.492992179726,8.,-1.962877269464));
#2644 = CARTESIAN_POINT('',(7.5,8.,-1.964863667563));
#2645 = PCURVE('',#1751,#2646);
#2646 = DEFINITIONAL_REPRESENTATION('',(#2647),#2662);
#2647 = B_SPLINE_CURVE_WITH_KNOTS('',7,(#2648,#2649,#2650,#2651,#2652,
    #2653,#2654,#2655,#2656,#2657,#2658,#2659,#2660,#2661),
  .UNSPECIFIED.,.F.,.F.,(8,6,8),(0.,0.858000417666,1.),.UNSPECIFIED.);
#2648 = CARTESIAN_POINT('',(4.712388980385,0.804737854124));
#2649 = CARTESIAN_POINT('',(4.658991305682,0.792151885778));
#2650 = CARTESIAN_POINT('',(4.607607389835,0.782975356482));
#2651 = CARTESIAN_POINT('',(4.558540005423,0.777069799822));
#2652 = CARTESIAN_POINT('',(4.511700429835,0.773949497632));
#2653 = CARTESIAN_POINT('',(4.466968525119,0.773197747756));
#2654 = CARTESIAN_POINT('',(4.424097015776,0.774440183683));
#2655 = CARTESIAN_POINT('',(4.375898311712,0.777916519279));
#2656 = CARTESIAN_POINT('',(4.369096878797,0.778457708374));
#2657 = CARTESIAN_POINT('',(4.36233715741,0.779045244343));
#2658 = CARTESIAN_POINT('',(4.355618103826,0.779677960376));
#2659 = CARTESIAN_POINT('',(4.348938681993,0.780354726864));
#2660 = CARTESIAN_POINT('',(4.342297863538,0.781074451408));
#2661 = CARTESIAN_POINT('',(4.335694627762,0.781836078812));
#2662 = ( GEOMETRIC_REPRESENTATION_CONTEXT(2) 
PARAMETRIC_REPRESENTATION_CONTEXT() REPRESENTATION_CONTEXT('2D SPACE',''
  ) );
#2663 = PCURVE('',#2664,#2669);
#2664 = PLANE('',#2665);
#2665 = AXIS2_PLACEMENT_3D('',#2666,#2667,#2668);
#2666 = CARTESIAN_POINT('',(-7.5,8.,-1.5));
#2667 = DIRECTION('',(0.,-1.,0.));
#2668 = DIRECTION('',(1.,0.,0.));
#2669 = DEFINITIONAL_REPRESENTATION('',(#2670),#2685);
#2670 = B_SPLINE_CURVE_WITH_KNOTS('',7,(#2671,#2672,#2673,#2674,#2675,
    #2676,#2677,#2678,#2679,#2680,#2681,#2682,#2683,#2684),
  .UNSPECIFIED.,.F.,.F.,(8,6,8),(0.,0.858000417666,1.),.UNSPECIFIED.);
#2671 = CARTESIAN_POINT('',(14.707106781186,-0.414213562373));
#2672 = CARTESIAN_POINT('',(14.730566435684,-0.414213562373));
#2673 = CARTESIAN_POINT('',(14.759896633236,-0.41567465818));
#2674 = CARTESIAN_POINT('',(14.793731348787,-0.419193032467));
#2675 = CARTESIAN_POINT('',(14.830621837083,-0.424751380918));
#2676 = CARTESIAN_POINT('',(14.869591410836,-0.432155982611));
#2677 = CARTESIAN_POINT('',(14.909960808973,-0.441206551606));
#2678 = CARTESIAN_POINT('',(14.958287014641,-0.453525657262));
#2679 = CARTESIAN_POINT('',(14.96517802079,-0.455316264777));
#2680 = CARTESIAN_POINT('',(14.972095802547,-0.45714744153));
#2681 = CARTESIAN_POINT('',(14.979038541955,-0.459018469531));
#2682 = CARTESIAN_POINT('',(14.986004532624,-0.460928643219));
#2683 = CARTESIAN_POINT('',(14.992992179726,-0.462877269464));
#2684 = CARTESIAN_POINT('',(15.,-0.464863667563));
#2685 = ( GEOMETRIC_REPRESENTATION_CONTEXT(2) 
PARAMETRIC_REPRESENTATION_CONTEXT() REPRESENTATION_CONTEXT('2D SPACE',''
  ) );
#2686 = ORIENTED_EDGE('',*,*,#2687,.F.);
#2687 = EDGE_CURVE('',#2688,#2627,#2690,.T.);
#2688 = VERTEX_POINT('',#2689);
#2689 = CARTESIAN_POINT('',(8.,7.5,-1.964863667563));
#2690 = SURFACE_CURVE('',#2691,(#2712,#2736),.PCURVE_S1.);
#2691 = B_SPLINE_CURVE_WITH_KNOTS('',7,(#2692,#2693,#2694,#2695,#2696,
    #2697,#2698,#2699,#2700,#2701,#2702,#2703,#2704,#2705,#2706,#2707,
    #2708,#2709,#2710,#2711),.UNSPECIFIED.,.F.,.F.,(8,6,6,8),(0.,
    0.500723573121,0.887149697434,1.),.UNSPECIFIED.);
#2692 = CARTESIAN_POINT('',(8.,7.5,-1.964863667563));
#2693 = CARTESIAN_POINT('',(8.,7.556538016985,-1.980889624192));
#2694 = CARTESIAN_POINT('',(7.992541550625,7.612870783629,
    -1.993599571374));
#2695 = CARTESIAN_POINT('',(7.977720886992,7.667905860014,
    -2.003408988666));
#2696 = CARTESIAN_POINT('',(7.955803643691,7.720510938139,
    -2.010586204285));
#2697 = CARTESIAN_POINT('',(7.927286277621,7.76963996137,-2.015306331534
    ));
#2698 = CARTESIAN_POINT('',(7.892817767762,7.814375325012,
    -2.017657859207));
#2699 = CARTESIAN_POINT('',(7.822565446808,7.884473973714,
    -2.017622661907));
#2700 = CARTESIAN_POINT('',(7.788887065416,7.911918907157,
    -2.016194948516));
#2701 = CARTESIAN_POINT('',(7.752491533898,7.935917377738,
    -2.013355097933));
#2702 = CARTESIAN_POINT('',(7.713789759661,7.95615561082,-2.009071466087
    ));
#2703 = CARTESIAN_POINT('',(7.673238257945,7.972378914073,
    -2.003282607393));
#2704 = CARTESIAN_POINT('',(7.631325250479,7.984399483691,
    -1.995893451832));
#2705 = CARTESIAN_POINT('',(7.576054928939,7.99434478509,-1.984099902904
    ));
#2706 = CARTESIAN_POINT('',(7.563488835609,7.996223939619,
    -1.981286005663));
#2707 = CARTESIAN_POINT('',(7.550861828364,7.997731312488,
    -1.978320475308));
#2708 = CARTESIAN_POINT('',(7.538186583659,7.998864380093,
    -1.975199613999));
#2709 = CARTESIAN_POINT('',(7.525475898661,7.999621117811,-1.97191943067
    ));
#2710 = CARTESIAN_POINT('',(7.512742691245,8.,-1.96847564103));
#2711 = CARTESIAN_POINT('',(7.5,8.,-1.964863667563));
#2712 = PCURVE('',#1751,#2713);
#2713 = DEFINITIONAL_REPRESENTATION('',(#2714),#2735);
#2714 = B_SPLINE_CURVE_WITH_KNOTS('',7,(#2715,#2716,#2717,#2718,#2719,
    #2720,#2721,#2722,#2723,#2724,#2725,#2726,#2727,#2728,#2729,#2730,
    #2731,#2732,#2733,#2734),.UNSPECIFIED.,.F.,.F.,(8,6,6,8),(0.,
    0.500723573121,0.887149697434,1.),.UNSPECIFIED.);
#2715 = CARTESIAN_POINT('',(3.518287066994,0.781836036203));
#2716 = CARTESIAN_POINT('',(3.571560954827,0.787980731576));
#2717 = CARTESIAN_POINT('',(3.627983371036,0.792528000048));
#2718 = CARTESIAN_POINT('',(3.686295480737,0.795935303393));
#2719 = CARTESIAN_POINT('',(3.745860476742,0.798379467172));
#2720 = CARTESIAN_POINT('',(3.80617826133,0.799973798792));
#2721 = CARTESIAN_POINT('',(3.866873520069,0.800767681342));
#2722 = CARTESIAN_POINT('',(3.974436729446,0.800755796747));
#2723 = CARTESIAN_POINT('',(4.02128400599,0.8002736151));
#2724 = CARTESIAN_POINT('',(4.067955226547,0.799315004734));
#2725 = CARTESIAN_POINT('',(4.114269330952,0.797859885771));
#2726 = CARTESIAN_POINT('',(4.160026283532,0.79587217945));
#2727 = CARTESIAN_POINT('',(4.204971421482,0.793287996111));
#2728 = CARTESIAN_POINT('',(4.261512745207,0.789023447948));
#2729 = CARTESIAN_POINT('',(4.274191245063,0.787998404234));
#2730 = CARTESIAN_POINT('',(4.286759163306,0.786909334109));
#2731 = CARTESIAN_POINT('',(4.299205982943,0.785752806604));
#2732 = CARTESIAN_POINT('',(4.311519846096,0.784524848489));
#2733 = CARTESIAN_POINT('',(4.323687553995,0.783220944272));
#2734 = CARTESIAN_POINT('',(4.33569456698,0.781836036203));
#2735 = ( GEOMETRIC_REPRESENTATION_CONTEXT(2) 
PARAMETRIC_REPRESENTATION_CONTEXT() REPRESENTATION_CONTEXT('2D SPACE',''
  ) );
#2736 = PCURVE('',#2737,#2742);
#2737 = CYLINDRICAL_SURFACE('',#2738,0.5);
#2738 = AXIS2_PLACEMENT_3D('',#2739,#2740,#2741);
#2739 = CARTESIAN_POINT('',(7.5,7.5,-1.5));
#2740 = DIRECTION('',(0.,0.,1.));
#2741 = DIRECTION('',(-1.,0.,0.));
#2742 = DEFINITIONAL_REPRESENTATION('',(#2743),#2764);
#2743 = B_SPLINE_CURVE_WITH_KNOTS('',7,(#2744,#2745,#2746,#2747,#2748,
    #2749,#2750,#2751,#2752,#2753,#2754,#2755,#2756,#2757,#2758,#2759,
    #2760,#2761,#2762,#2763),.UNSPECIFIED.,.F.,.F.,(8,6,6,8),(0.,
    0.500723573121,0.887149697434,1.),.UNSPECIFIED.);
#2744 = CARTESIAN_POINT('',(-3.14159265359,-0.464863667563));
#2745 = CARTESIAN_POINT('',(-3.028516619619,-0.480889624192));
#2746 = CARTESIAN_POINT('',(-2.915850860648,-0.493599571374));
#2747 = CARTESIAN_POINT('',(-2.803420551347,-0.503408988666));
#2748 = CARTESIAN_POINT('',(-2.691198572792,-0.510586204285));
#2749 = CARTESIAN_POINT('',(-2.57912383551,-0.515306331534));
#2750 = CARTESIAN_POINT('',(-2.467128923528,-0.517657859207));
#2751 = CARTESIAN_POINT('',(-2.268642559773,-0.517622661907));
#2752 = CARTESIAN_POINT('',(-2.182191336725,-0.516194948516));
#2753 = CARTESIAN_POINT('',(-2.095707301311,-0.513355097933));
#2754 = CARTESIAN_POINT('',(-2.009158228996,-0.509071466087));
#2755 = CARTESIAN_POINT('',(-1.922518610544,-0.503282607393));
#2756 = CARTESIAN_POINT('',(-1.835759866415,-0.495893451832));
#2757 = CARTESIAN_POINT('',(-1.723443928757,-0.484099902904));
#2758 = CARTESIAN_POINT('',(-1.6980434321,-0.481286005663));
#2759 = CARTESIAN_POINT('',(-1.672627960503,-0.478320475308));
#2760 = CARTESIAN_POINT('',(-1.647196517723,-0.475199613999));
#2761 = CARTESIAN_POINT('',(-1.621748102645,-0.47191943067));
#2762 = CARTESIAN_POINT('',(-1.596281709286,-0.46847564103));
#2763 = CARTESIAN_POINT('',(-1.570796326795,-0.464863667563));
#2764 = ( GEOMETRIC_REPRESENTATION_CONTEXT(2) 
PARAMETRIC_REPRESENTATION_CONTEXT() REPRESENTATION_CONTEXT('2D SPACE',''
  ) );
#2765 = ORIENTED_EDGE('',*,*,#2766,.T.);
#2766 = EDGE_CURVE('',#2688,#2513,#2767,.T.);
#2767 = SURFACE_CURVE('',#2768,(#2778,#2791),.PCURVE_S1.);
#2768 = B_SPLINE_CURVE_WITH_KNOTS('',8,(#2769,#2770,#2771,#2772,#2773,
    #2774,#2775,#2776,#2777),.UNSPECIFIED.,.F.,.F.,(9,9),(0.,1.),
  .PIECEWISE_BEZIER_KNOTS.);
#2769 = CARTESIAN_POINT('',(8.,7.5,-1.964863667563));
#2770 = CARTESIAN_POINT('',(8.,7.456804542064,-1.952619719643));
#2771 = CARTESIAN_POINT('',(8.,7.41444018132,-1.941804618638));
#2772 = CARTESIAN_POINT('',(8.,7.373081971495,-1.932514381055));
#2773 = CARTESIAN_POINT('',(8.,7.333168439827,-1.924932755323));
#2774 = CARTESIAN_POINT('',(8.,7.295457317409,-1.919269999248));
#2775 = CARTESIAN_POINT('',(8.,7.260953468062,-1.915705057234));
#2776 = CARTESIAN_POINT('',(8.,7.23105343202,-1.914213562373));
#2777 = CARTESIAN_POINT('',(8.,7.207106781186,-1.914213562373));
#2778 = PCURVE('',#1751,#2779);
#2779 = DEFINITIONAL_REPRESENTATION('',(#2780),#2790);
#2780 = B_SPLINE_CURVE_WITH_KNOTS('',8,(#2781,#2782,#2783,#2784,#2785,
    #2786,#2787,#2788,#2789),.UNSPECIFIED.,.F.,.F.,(9,9),(0.,1.),
  .PIECEWISE_BEZIER_KNOTS.);
#2781 = CARTESIAN_POINT('',(3.518287066994,0.781836036203));
#2782 = CARTESIAN_POINT('',(3.477585427572,0.777141444057));
#2783 = CARTESIAN_POINT('',(3.435559799542,0.774016044016));
#2784 = CARTESIAN_POINT('',(3.391863708673,0.772659407449));
#2785 = CARTESIAN_POINT('',(3.346236989885,0.773366019871));
#2786 = CARTESIAN_POINT('',(3.298474344595,0.776522826255));
#2787 = CARTESIAN_POINT('',(3.248463426628,0.782543453962));
#2788 = CARTESIAN_POINT('',(3.196098804631,0.791890615074));
#2789 = CARTESIAN_POINT('',(3.14159265359,0.804737854124));
#2790 = ( GEOMETRIC_REPRESENTATION_CONTEXT(2) 
PARAMETRIC_REPRESENTATION_CONTEXT() REPRESENTATION_CONTEXT('2D SPACE',''
  ) );
#2791 = PCURVE('',#2340,#2792);
#2792 = DEFINITIONAL_REPRESENTATION('',(#2793),#2803);
#2793 = B_SPLINE_CURVE_WITH_KNOTS('',8,(#2794,#2795,#2796,#2797,#2798,
    #2799,#2800,#2801,#2802),.UNSPECIFIED.,.F.,.F.,(9,9),(0.,1.),
  .PIECEWISE_BEZIER_KNOTS.);
#2794 = CARTESIAN_POINT('',(0.,-0.464863667563));
#2795 = CARTESIAN_POINT('',(4.319545793622E-02,-0.452619719643));
#2796 = CARTESIAN_POINT('',(8.555981868042E-02,-0.441804618638));
#2797 = CARTESIAN_POINT('',(0.126918028505,-0.432514381055));
#2798 = CARTESIAN_POINT('',(0.166831560173,-0.424932755323));
#2799 = CARTESIAN_POINT('',(0.204542682591,-0.419269999248));
#2800 = CARTESIAN_POINT('',(0.239046531938,-0.415705057234));
#2801 = CARTESIAN_POINT('',(0.26894656798,-0.414213562373));
#2802 = CARTESIAN_POINT('',(0.292893218814,-0.414213562373));
#2803 = ( GEOMETRIC_REPRESENTATION_CONTEXT(2) 
PARAMETRIC_REPRESENTATION_CONTEXT() REPRESENTATION_CONTEXT('2D SPACE',''
  ) );
#2804 = ORIENTED_EDGE('',*,*,#2512,.F.);
#2805 = ORIENTED_EDGE('',*,*,#1641,.F.);
#2806 = ADVANCED_FACE('',(#2807),#2175,.T.);
#2807 = FACE_BOUND('',#2808,.T.);
#2808 = EDGE_LOOP('',(#2809,#2830,#2831,#2832,#2888,#2967));
#2809 = ORIENTED_EDGE('',*,*,#2810,.F.);
#2810 = EDGE_CURVE('',#2038,#2811,#2813,.T.);
#2811 = VERTEX_POINT('',#2812);
#2812 = CARTESIAN_POINT('',(-8.,-7.207106781187,-1.914213562373));
#2813 = SURFACE_CURVE('',#2814,(#2817,#2824),.PCURVE_S1.);
#2814 = B_SPLINE_CURVE_WITH_KNOTS('',1,(#2815,#2816),.UNSPECIFIED.,.F.,
  .F.,(2,2),(0.,1.),.PIECEWISE_BEZIER_KNOTS.);
#2815 = CARTESIAN_POINT('',(-6.792893218813,-6.,-0.707106781187));
#2816 = CARTESIAN_POINT('',(-8.292893218813,-7.5,-2.207106781187));
#2817 = PCURVE('',#2175,#2818);
#2818 = DEFINITIONAL_REPRESENTATION('',(#2819),#2823);
#2819 = LINE('',#2820,#2821);
#2820 = CARTESIAN_POINT('',(3.14159265359,0.));
#2821 = VECTOR('',#2822,1.);
#2822 = DIRECTION('',(0.,1.));
#2823 = ( GEOMETRIC_REPRESENTATION_CONTEXT(2) 
PARAMETRIC_REPRESENTATION_CONTEXT() REPRESENTATION_CONTEXT('2D SPACE',''
  ) );
#2824 = PCURVE('',#2053,#2825);
#2825 = DEFINITIONAL_REPRESENTATION('',(#2826),#2829);
#2826 = B_SPLINE_CURVE_WITH_KNOTS('',1,(#2827,#2828),.UNSPECIFIED.,.F.,
  .F.,(2,2),(0.,1.),.PIECEWISE_BEZIER_KNOTS.);
#2827 = CARTESIAN_POINT('',(6.,-1.06066017178));
#2828 = CARTESIAN_POINT('',(7.5,1.06066017178));
#2829 = ( GEOMETRIC_REPRESENTATION_CONTEXT(2) 
PARAMETRIC_REPRESENTATION_CONTEXT() REPRESENTATION_CONTEXT('2D SPACE',''
  ) );
#2830 = ORIENTED_EDGE('',*,*,#2065,.F.);
#2831 = ORIENTED_EDGE('',*,*,#2558,.T.);
#2832 = ORIENTED_EDGE('',*,*,#2833,.T.);
#2833 = EDGE_CURVE('',#2559,#2834,#2836,.T.);
#2834 = VERTEX_POINT('',#2835);
#2835 = CARTESIAN_POINT('',(-7.5,-8.,-1.964863667563));
#2836 = SURFACE_CURVE('',#2837,(#2852,#2870),.PCURVE_S1.);
#2837 = B_SPLINE_CURVE_WITH_KNOTS('',7,(#2838,#2839,#2840,#2841,#2842,
    #2843,#2844,#2845,#2846,#2847,#2848,#2849,#2850,#2851),
  .UNSPECIFIED.,.F.,.F.,(8,6,8),(0.,0.858000417663,1.),.UNSPECIFIED.);
#2838 = CARTESIAN_POINT('',(-7.207106781187,-8.,-1.914213562373));
#2839 = CARTESIAN_POINT('',(-7.230566435684,-8.,-1.914213562373));
#2840 = CARTESIAN_POINT('',(-7.259896633236,-8.,-1.91567465818));
#2841 = CARTESIAN_POINT('',(-7.293731348787,-8.,-1.919193032467));
#2842 = CARTESIAN_POINT('',(-7.330621837083,-8.,-1.924751380918));
#2843 = CARTESIAN_POINT('',(-7.369591410836,-8.,-1.932155982611));
#2844 = CARTESIAN_POINT('',(-7.409960808972,-8.,-1.941206551606));
#2845 = CARTESIAN_POINT('',(-7.45828701464,-8.,-1.953525657262));
#2846 = CARTESIAN_POINT('',(-7.465178020789,-8.,-1.955316264777));
#2847 = CARTESIAN_POINT('',(-7.472095802546,-8.,-1.957147441529));
#2848 = CARTESIAN_POINT('',(-7.479038541955,-8.,-1.95901846953));
#2849 = CARTESIAN_POINT('',(-7.486004532623,-8.,-1.960928643219));
#2850 = CARTESIAN_POINT('',(-7.492992179726,-8.,-1.962877269464));
#2851 = CARTESIAN_POINT('',(-7.5,-8.,-1.964863667563));
#2852 = PCURVE('',#2175,#2853);
#2853 = DEFINITIONAL_REPRESENTATION('',(#2854),#2869);
#2854 = B_SPLINE_CURVE_WITH_KNOTS('',7,(#2855,#2856,#2857,#2858,#2859,
    #2860,#2861,#2862,#2863,#2864,#2865,#2866,#2867,#2868),
  .UNSPECIFIED.,.F.,.F.,(8,6,8),(0.,0.858000417663,1.),.UNSPECIFIED.);
#2855 = CARTESIAN_POINT('',(4.712388980385,0.804737854124));
#2856 = CARTESIAN_POINT('',(4.658991305682,0.792151885778));
#2857 = CARTESIAN_POINT('',(4.607607389835,0.782975356482));
#2858 = CARTESIAN_POINT('',(4.558540005423,0.777069799822));
#2859 = CARTESIAN_POINT('',(4.511700429836,0.773949497632));
#2860 = CARTESIAN_POINT('',(4.46696852512,0.773197747756));
#2861 = CARTESIAN_POINT('',(4.424097015777,0.774440183683));
#2862 = CARTESIAN_POINT('',(4.375898311712,0.777916519279));
#2863 = CARTESIAN_POINT('',(4.369096878797,0.778457708374));
#2864 = CARTESIAN_POINT('',(4.362337157411,0.779045244343));
#2865 = CARTESIAN_POINT('',(4.355618103826,0.779677960376));
#2866 = CARTESIAN_POINT('',(4.348938681994,0.780354726864));
#2867 = CARTESIAN_POINT('',(4.342297863538,0.781074451408));
#2868 = CARTESIAN_POINT('',(4.335694627762,0.781836078812));
#2869 = ( GEOMETRIC_REPRESENTATION_CONTEXT(2) 
PARAMETRIC_REPRESENTATION_CONTEXT() REPRESENTATION_CONTEXT('2D SPACE',''
  ) );
#2870 = PCURVE('',#2470,#2871);
#2871 = DEFINITIONAL_REPRESENTATION('',(#2872),#2887);
#2872 = B_SPLINE_CURVE_WITH_KNOTS('',7,(#2873,#2874,#2875,#2876,#2877,
    #2878,#2879,#2880,#2881,#2882,#2883,#2884,#2885,#2886),
  .UNSPECIFIED.,.F.,.F.,(8,6,8),(0.,0.858000417663,1.),.UNSPECIFIED.);
#2873 = CARTESIAN_POINT('',(14.707106781187,-0.414213562373));
#2874 = CARTESIAN_POINT('',(14.730566435684,-0.414213562373));
#2875 = CARTESIAN_POINT('',(14.759896633236,-0.41567465818));
#2876 = CARTESIAN_POINT('',(14.793731348787,-0.419193032467));
#2877 = CARTESIAN_POINT('',(14.830621837083,-0.424751380918));
#2878 = CARTESIAN_POINT('',(14.869591410836,-0.432155982611));
#2879 = CARTESIAN_POINT('',(14.909960808972,-0.441206551606));
#2880 = CARTESIAN_POINT('',(14.95828701464,-0.453525657262));
#2881 = CARTESIAN_POINT('',(14.965178020789,-0.455316264777));
#2882 = CARTESIAN_POINT('',(14.972095802546,-0.457147441529));
#2883 = CARTESIAN_POINT('',(14.979038541955,-0.45901846953));
#2884 = CARTESIAN_POINT('',(14.986004532623,-0.460928643219));
#2885 = CARTESIAN_POINT('',(14.992992179726,-0.462877269464));
#2886 = CARTESIAN_POINT('',(15.,-0.464863667563));
#2887 = ( GEOMETRIC_REPRESENTATION_CONTEXT(2) 
PARAMETRIC_REPRESENTATION_CONTEXT() REPRESENTATION_CONTEXT('2D SPACE',''
  ) );
#2888 = ORIENTED_EDGE('',*,*,#2889,.F.);
#2889 = EDGE_CURVE('',#2890,#2834,#2892,.T.);
#2890 = VERTEX_POINT('',#2891);
#2891 = CARTESIAN_POINT('',(-8.,-7.5,-1.964863667563));
#2892 = SURFACE_CURVE('',#2893,(#2914,#2938),.PCURVE_S1.);
#2893 = B_SPLINE_CURVE_WITH_KNOTS('',7,(#2894,#2895,#2896,#2897,#2898,
    #2899,#2900,#2901,#2902,#2903,#2904,#2905,#2906,#2907,#2908,#2909,
    #2910,#2911,#2912,#2913),.UNSPECIFIED.,.F.,.F.,(8,6,6,8),(0.,
    0.500723573123,0.887149697365,1.),.UNSPECIFIED.);
#2894 = CARTESIAN_POINT('',(-8.,-7.5,-1.964863667563));
#2895 = CARTESIAN_POINT('',(-8.,-7.556538016985,-1.980889624192));
#2896 = CARTESIAN_POINT('',(-7.992541550625,-7.612870783629,
    -1.993599571374));
#2897 = CARTESIAN_POINT('',(-7.977720886992,-7.667905860015,
    -2.003408988666));
#2898 = CARTESIAN_POINT('',(-7.95580364369,-7.720510938141,
    -2.010586204285));
#2899 = CARTESIAN_POINT('',(-7.92728627762,-7.769639961371,
    -2.015306331534));
#2900 = CARTESIAN_POINT('',(-7.892817767761,-7.814375325013,
    -2.017657859207));
#2901 = CARTESIAN_POINT('',(-7.822565446812,-7.884473973709,
    -2.017622661907));
#2902 = CARTESIAN_POINT('',(-7.788887065427,-7.911918907148,
    -2.016194948517));
#2903 = CARTESIAN_POINT('',(-7.752491533916,-7.935917377726,
    -2.013355097935));
#2904 = CARTESIAN_POINT('',(-7.713789759688,-7.956155610806,
    -2.00907146609));
#2905 = CARTESIAN_POINT('',(-7.673238257981,-7.972378914059,
    -2.003282607398));
#2906 = CARTESIAN_POINT('',(-7.631325250523,-7.984399483679,
    -1.99589345184));
#2907 = CARTESIAN_POINT('',(-7.576054928985,-7.994344785083,
    -1.984099902914));
#2908 = CARTESIAN_POINT('',(-7.563488835647,-7.996223939615,
    -1.981286005672));
#2909 = CARTESIAN_POINT('',(-7.550861828395,-7.997731312485,
    -1.978320475315));
#2910 = CARTESIAN_POINT('',(-7.538186583682,-7.998864380092,
    -1.975199614005));
#2911 = CARTESIAN_POINT('',(-7.525475898676,-7.99962111781,
    -1.971919430674));
#2912 = CARTESIAN_POINT('',(-7.512742691253,-8.,-1.968475641033));
#2913 = CARTESIAN_POINT('',(-7.5,-8.,-1.964863667563));
#2914 = PCURVE('',#2175,#2915);
#2915 = DEFINITIONAL_REPRESENTATION('',(#2916),#2937);
#2916 = B_SPLINE_CURVE_WITH_KNOTS('',7,(#2917,#2918,#2919,#2920,#2921,
    #2922,#2923,#2924,#2925,#2926,#2927,#2928,#2929,#2930,#2931,#2932,
    #2933,#2934,#2935,#2936),.UNSPECIFIED.,.F.,.F.,(8,6,6,8),(0.,
    0.500723573123,0.887149697365,1.),.UNSPECIFIED.);
#2917 = CARTESIAN_POINT('',(3.518287066994,0.781836036203));
#2918 = CARTESIAN_POINT('',(3.571560954827,0.787980731576));
#2919 = CARTESIAN_POINT('',(3.627983371036,0.792528000048));
#2920 = CARTESIAN_POINT('',(3.686295480737,0.795935303393));
#2921 = CARTESIAN_POINT('',(3.745860476743,0.798379467172));
#2922 = CARTESIAN_POINT('',(3.806178261331,0.799973798792));
#2923 = CARTESIAN_POINT('',(3.866873520071,0.800767681342));
#2924 = CARTESIAN_POINT('',(3.974436729439,0.800755796747));
#2925 = CARTESIAN_POINT('',(4.021284005974,0.8002736151));
#2926 = CARTESIAN_POINT('',(4.067955226523,0.799315004735));
#2927 = CARTESIAN_POINT('',(4.11426933092,0.797859885772));
#2928 = CARTESIAN_POINT('',(4.160026283492,0.795872179452));
#2929 = CARTESIAN_POINT('',(4.204971421434,0.793287996114));
#2930 = CARTESIAN_POINT('',(4.26151274516,0.789023447952));
#2931 = CARTESIAN_POINT('',(4.274191245025,0.787998404237));
#2932 = CARTESIAN_POINT('',(4.286759163275,0.786909334112));
#2933 = CARTESIAN_POINT('',(4.29920598292,0.785752806606));
#2934 = CARTESIAN_POINT('',(4.311519846081,0.784524848491));
#2935 = CARTESIAN_POINT('',(4.323687553988,0.783220944273));
#2936 = CARTESIAN_POINT('',(4.33569456698,0.781836036203));
#2937 = ( GEOMETRIC_REPRESENTATION_CONTEXT(2) 
PARAMETRIC_REPRESENTATION_CONTEXT() REPRESENTATION_CONTEXT('2D SPACE',''
  ) );
#2938 = PCURVE('',#2939,#2944);
#2939 = CYLINDRICAL_SURFACE('',#2940,0.5);
#2940 = AXIS2_PLACEMENT_3D('',#2941,#2942,#2943);
#2941 = CARTESIAN_POINT('',(-7.5,-7.5,-1.5));
#2942 = DIRECTION('',(0.,0.,1.));
#2943 = DIRECTION('',(-1.,0.,0.));
#2944 = DEFINITIONAL_REPRESENTATION('',(#2945),#2966);
#2945 = B_SPLINE_CURVE_WITH_KNOTS('',7,(#2946,#2947,#2948,#2949,#2950,
    #2951,#2952,#2953,#2954,#2955,#2956,#2957,#2958,#2959,#2960,#2961,
    #2962,#2963,#2964,#2965),.UNSPECIFIED.,.F.,.F.,(8,6,6,8),(0.,
    0.500723573123,0.887149697365,1.),.UNSPECIFIED.);
#2946 = CARTESIAN_POINT('',(-6.28318530718,-0.464863667563));
#2947 = CARTESIAN_POINT('',(-6.170109273209,-0.480889624192));
#2948 = CARTESIAN_POINT('',(-6.057443514236,-0.493599571374));
#2949 = CARTESIAN_POINT('',(-5.945013204936,-0.503408988666));
#2950 = CARTESIAN_POINT('',(-5.83279122638,-0.510586204285));
#2951 = CARTESIAN_POINT('',(-5.720716489098,-0.515306331534));
#2952 = CARTESIAN_POINT('',(-5.608721577115,-0.517657859207));
#2953 = CARTESIAN_POINT('',(-5.410235213376,-0.517622661907));
#2954 = CARTESIAN_POINT('',(-5.323783990344,-0.516194948517));
#2955 = CARTESIAN_POINT('',(-5.237299954945,-0.513355097935));
#2956 = CARTESIAN_POINT('',(-5.150750882647,-0.50907146609));
#2957 = CARTESIAN_POINT('',(-5.06411126421,-0.503282607398));
#2958 = CARTESIAN_POINT('',(-4.977352520098,-0.49589345184));
#2959 = CARTESIAN_POINT('',(-4.86503658244,-0.484099902914));
#2960 = CARTESIAN_POINT('',(-4.839636085768,-0.481286005672));
#2961 = CARTESIAN_POINT('',(-4.814220614156,-0.478320475315));
#2962 = CARTESIAN_POINT('',(-4.788789171359,-0.475199614005));
#2963 = CARTESIAN_POINT('',(-4.763340756266,-0.471919430674));
#2964 = CARTESIAN_POINT('',(-4.737874362891,-0.468475641033));
#2965 = CARTESIAN_POINT('',(-4.712388980385,-0.464863667563));
#2966 = ( GEOMETRIC_REPRESENTATION_CONTEXT(2) 
PARAMETRIC_REPRESENTATION_CONTEXT() REPRESENTATION_CONTEXT('2D SPACE',''
  ) );
#2967 = ORIENTED_EDGE('',*,*,#2968,.T.);
#2968 = EDGE_CURVE('',#2890,#2811,#2969,.T.);
#2969 = SURFACE_CURVE('',#2970,(#2980,#2993),.PCURVE_S1.);
#2970 = B_SPLINE_CURVE_WITH_KNOTS('',8,(#2971,#2972,#2973,#2974,#2975,
    #2976,#2977,#2978,#2979),.UNSPECIFIED.,.F.,.F.,(9,9),(0.,1.),
  .PIECEWISE_BEZIER_KNOTS.);
#2971 = CARTESIAN_POINT('',(-8.,-7.5,-1.964863667563));
#2972 = CARTESIAN_POINT('',(-8.,-7.456804542064,-1.952619719643));
#2973 = CARTESIAN_POINT('',(-8.,-7.41444018132,-1.941804618638));
#2974 = CARTESIAN_POINT('',(-8.,-7.373081971495,-1.932514381055));
#2975 = CARTESIAN_POINT('',(-8.,-7.333168439827,-1.924932755323));
#2976 = CARTESIAN_POINT('',(-8.,-7.295457317409,-1.919269999248));
#2977 = CARTESIAN_POINT('',(-8.,-7.260953468062,-1.915705057234));
#2978 = CARTESIAN_POINT('',(-8.,-7.231053432019,-1.914213562373));
#2979 = CARTESIAN_POINT('',(-8.,-7.207106781187,-1.914213562373));
#2980 = PCURVE('',#2175,#2981);
#2981 = DEFINITIONAL_REPRESENTATION('',(#2982),#2992);
#2982 = B_SPLINE_CURVE_WITH_KNOTS('',8,(#2983,#2984,#2985,#2986,#2987,
    #2988,#2989,#2990,#2991),.UNSPECIFIED.,.F.,.F.,(9,9),(0.,1.),
  .PIECEWISE_BEZIER_KNOTS.);
#2983 = CARTESIAN_POINT('',(3.518287066994,0.781836036203));
#2984 = CARTESIAN_POINT('',(3.477585427572,0.777141444057));
#2985 = CARTESIAN_POINT('',(3.435559799542,0.774016044016));
#2986 = CARTESIAN_POINT('',(3.391863708673,0.772659407449));
#2987 = CARTESIAN_POINT('',(3.346236989885,0.773366019871));
#2988 = CARTESIAN_POINT('',(3.298474344595,0.776522826255));
#2989 = CARTESIAN_POINT('',(3.248463426628,0.782543453962));
#2990 = CARTESIAN_POINT('',(3.196098804631,0.791890615073));
#2991 = CARTESIAN_POINT('',(3.14159265359,0.804737854124));
#2992 = ( GEOMETRIC_REPRESENTATION_CONTEXT(2) 
PARAMETRIC_REPRESENTATION_CONTEXT() REPRESENTATION_CONTEXT('2D SPACE',''
  ) );
#2993 = PCURVE('',#2994,#2999);
#2994 = PLANE('',#2995);
#2995 = AXIS2_PLACEMENT_3D('',#2996,#2997,#2998);
#2996 = CARTESIAN_POINT('',(-8.,-7.5,-1.5));
#2997 = DIRECTION('',(1.,0.,0.));
#2998 = DIRECTION('',(0.,1.,0.));
#2999 = DEFINITIONAL_REPRESENTATION('',(#3000),#3010);
#3000 = B_SPLINE_CURVE_WITH_KNOTS('',8,(#3001,#3002,#3003,#3004,#3005,
    #3006,#3007,#3008,#3009),.UNSPECIFIED.,.F.,.F.,(9,9),(0.,1.),
  .PIECEWISE_BEZIER_KNOTS.);
#3001 = CARTESIAN_POINT('',(0.,-0.464863667563));
#3002 = CARTESIAN_POINT('',(4.319545793625E-02,-0.452619719643));
#3003 = CARTESIAN_POINT('',(8.555981868036E-02,-0.441804618638));
#3004 = CARTESIAN_POINT('',(0.126918028505,-0.432514381055));
#3005 = CARTESIAN_POINT('',(0.166831560173,-0.424932755323));
#3006 = CARTESIAN_POINT('',(0.204542682591,-0.419269999248));
#3007 = CARTESIAN_POINT('',(0.239046531938,-0.415705057234));
#3008 = CARTESIAN_POINT('',(0.268946567981,-0.414213562373));
#3009 = CARTESIAN_POINT('',(0.292893218813,-0.414213562373));
#3010 = ( GEOMETRIC_REPRESENTATION_CONTEXT(2) 
PARAMETRIC_REPRESENTATION_CONTEXT() REPRESENTATION_CONTEXT('2D SPACE',''
  ) );
#3011 = ADVANCED_FACE('',(#3012),#1841,.T.);
#3012 = FACE_BOUND('',#3013,.T.);
#3013 = EDGE_LOOP('',(#3014,#3015,#3036,#3057));
#3014 = ORIENTED_EDGE('',*,*,#1825,.T.);
#3015 = ORIENTED_EDGE('',*,*,#3016,.T.);
#3016 = EDGE_CURVE('',#1826,#3017,#3019,.T.);
#3017 = VERTEX_POINT('',#3018);
#3018 = CARTESIAN_POINT('',(-7.207106781187,8.,-1.914213562373));
#3019 = SURFACE_CURVE('',#3020,(#3023,#3029),.PCURVE_S1.);
#3020 = B_SPLINE_CURVE_WITH_KNOTS('',1,(#3021,#3022),.UNSPECIFIED.,.F.,
  .F.,(2,2),(0.,1.),.PIECEWISE_BEZIER_KNOTS.);
#3021 = CARTESIAN_POINT('',(-6.,6.792893218813,-0.707106781187));
#3022 = CARTESIAN_POINT('',(-7.5,8.292893218813,-2.207106781187));
#3023 = PCURVE('',#1841,#3024);
#3024 = DEFINITIONAL_REPRESENTATION('',(#3025),#3028);
#3025 = B_SPLINE_CURVE_WITH_KNOTS('',1,(#3026,#3027),.UNSPECIFIED.,.F.,
  .F.,(2,2),(0.,1.),.PIECEWISE_BEZIER_KNOTS.);
#3026 = CARTESIAN_POINT('',(6.,-1.06066017178));
#3027 = CARTESIAN_POINT('',(7.5,1.06066017178));
#3028 = ( GEOMETRIC_REPRESENTATION_CONTEXT(2) 
PARAMETRIC_REPRESENTATION_CONTEXT() REPRESENTATION_CONTEXT('2D SPACE',''
  ) );
#3029 = PCURVE('',#1963,#3030);
#3030 = DEFINITIONAL_REPRESENTATION('',(#3031),#3035);
#3031 = LINE('',#3032,#3033);
#3032 = CARTESIAN_POINT('',(1.570796326795,0.));
#3033 = VECTOR('',#3034,1.);
#3034 = DIRECTION('',(0.,1.));
#3035 = ( GEOMETRIC_REPRESENTATION_CONTEXT(2) 
PARAMETRIC_REPRESENTATION_CONTEXT() REPRESENTATION_CONTEXT('2D SPACE',''
  ) );
#3036 = ORIENTED_EDGE('',*,*,#3037,.T.);
#3037 = EDGE_CURVE('',#3017,#2606,#3038,.T.);
#3038 = SURFACE_CURVE('',#3039,(#3043,#3050),.PCURVE_S1.);
#3039 = LINE('',#3040,#3041);
#3040 = CARTESIAN_POINT('',(-3.75,8.,-1.914213562373));
#3041 = VECTOR('',#3042,1.);
#3042 = DIRECTION('',(1.,0.,0.));
#3043 = PCURVE('',#1841,#3044);
#3044 = DEFINITIONAL_REPRESENTATION('',(#3045),#3049);
#3045 = LINE('',#3046,#3047);
#3046 = CARTESIAN_POINT('',(3.75,0.646446609407));
#3047 = VECTOR('',#3048,1.);
#3048 = DIRECTION('',(-1.,1.414213562373E-17));
#3049 = ( GEOMETRIC_REPRESENTATION_CONTEXT(2) 
PARAMETRIC_REPRESENTATION_CONTEXT() REPRESENTATION_CONTEXT('2D SPACE',''
  ) );
#3050 = PCURVE('',#2664,#3051);
#3051 = DEFINITIONAL_REPRESENTATION('',(#3052),#3056);
#3052 = LINE('',#3053,#3054);
#3053 = CARTESIAN_POINT('',(3.75,-0.414213562373));
#3054 = VECTOR('',#3055,1.);
#3055 = DIRECTION('',(1.,0.));
#3056 = ( GEOMETRIC_REPRESENTATION_CONTEXT(2) 
PARAMETRIC_REPRESENTATION_CONTEXT() REPRESENTATION_CONTEXT('2D SPACE',''
  ) );
#3057 = ORIENTED_EDGE('',*,*,#2605,.F.);
#3058 = ADVANCED_FACE('',(#3059),#2053,.T.);
#3059 = FACE_BOUND('',#3060,.T.);
#3060 = EDGE_LOOP('',(#3061,#3062,#3063,#3086));
#3061 = ORIENTED_EDGE('',*,*,#2037,.T.);
#3062 = ORIENTED_EDGE('',*,*,#2810,.T.);
#3063 = ORIENTED_EDGE('',*,*,#3064,.T.);
#3064 = EDGE_CURVE('',#2811,#3065,#3067,.T.);
#3065 = VERTEX_POINT('',#3066);
#3066 = CARTESIAN_POINT('',(-8.,7.207106781187,-1.914213562373));
#3067 = SURFACE_CURVE('',#3068,(#3072,#3079),.PCURVE_S1.);
#3068 = LINE('',#3069,#3070);
#3069 = CARTESIAN_POINT('',(-8.,-3.75,-1.914213562373));
#3070 = VECTOR('',#3071,1.);
#3071 = DIRECTION('',(0.,1.,0.));
#3072 = PCURVE('',#2053,#3073);
#3073 = DEFINITIONAL_REPRESENTATION('',(#3074),#3078);
#3074 = LINE('',#3075,#3076);
#3075 = CARTESIAN_POINT('',(3.75,0.646446609407));
#3076 = VECTOR('',#3077,1.);
#3077 = DIRECTION('',(-1.,2.828427124746E-17));
#3078 = ( GEOMETRIC_REPRESENTATION_CONTEXT(2) 
PARAMETRIC_REPRESENTATION_CONTEXT() REPRESENTATION_CONTEXT('2D SPACE',''
  ) );
#3079 = PCURVE('',#2994,#3080);
#3080 = DEFINITIONAL_REPRESENTATION('',(#3081),#3085);
#3081 = LINE('',#3082,#3083);
#3082 = CARTESIAN_POINT('',(3.75,-0.414213562373));
#3083 = VECTOR('',#3084,1.);
#3084 = DIRECTION('',(1.,0.));
#3085 = ( GEOMETRIC_REPRESENTATION_CONTEXT(2) 
PARAMETRIC_REPRESENTATION_CONTEXT() REPRESENTATION_CONTEXT('2D SPACE',''
  ) );
#3086 = ORIENTED_EDGE('',*,*,#3087,.F.);
#3087 = EDGE_CURVE('',#1854,#3065,#3088,.T.);
#3088 = SURFACE_CURVE('',#3089,(#3092,#3098),.PCURVE_S1.);
#3089 = B_SPLINE_CURVE_WITH_KNOTS('',1,(#3090,#3091),.UNSPECIFIED.,.F.,
  .F.,(2,2),(0.,1.),.PIECEWISE_BEZIER_KNOTS.);
#3090 = CARTESIAN_POINT('',(-6.792893218813,6.,-0.707106781187));
#3091 = CARTESIAN_POINT('',(-8.292893218813,7.5,-2.207106781187));
#3092 = PCURVE('',#2053,#3093);
#3093 = DEFINITIONAL_REPRESENTATION('',(#3094),#3097);
#3094 = B_SPLINE_CURVE_WITH_KNOTS('',1,(#3095,#3096),.UNSPECIFIED.,.F.,
  .F.,(2,2),(0.,1.),.PIECEWISE_BEZIER_KNOTS.);
#3095 = CARTESIAN_POINT('',(-6.,-1.06066017178));
#3096 = CARTESIAN_POINT('',(-7.5,1.06066017178));
#3097 = ( GEOMETRIC_REPRESENTATION_CONTEXT(2) 
PARAMETRIC_REPRESENTATION_CONTEXT() REPRESENTATION_CONTEXT('2D SPACE',''
  ) );
#3098 = PCURVE('',#1963,#3099);
#3099 = DEFINITIONAL_REPRESENTATION('',(#3100),#3104);
#3100 = LINE('',#3101,#3102);
#3101 = CARTESIAN_POINT('',(3.14159265359,0.));
#3102 = VECTOR('',#3103,1.);
#3103 = DIRECTION('',(0.,1.));
#3104 = ( GEOMETRIC_REPRESENTATION_CONTEXT(2) 
PARAMETRIC_REPRESENTATION_CONTEXT() REPRESENTATION_CONTEXT('2D SPACE',''
  ) );
#3105 = ADVANCED_FACE('',(#3106),#1963,.T.);
#3106 = FACE_BOUND('',#3107,.T.);
#3107 = EDGE_LOOP('',(#3108,#3109,#3165,#3244,#3283,#3284));
#3108 = ORIENTED_EDGE('',*,*,#3087,.T.);
#3109 = ORIENTED_EDGE('',*,*,#3110,.T.);
#3110 = EDGE_CURVE('',#3065,#3111,#3113,.T.);
#3111 = VERTEX_POINT('',#3112);
#3112 = CARTESIAN_POINT('',(-8.,7.5,-1.964863667563));
#3113 = SURFACE_CURVE('',#3114,(#3129,#3147),.PCURVE_S1.);
#3114 = B_SPLINE_CURVE_WITH_KNOTS('',7,(#3115,#3116,#3117,#3118,#3119,
    #3120,#3121,#3122,#3123,#3124,#3125,#3126,#3127,#3128),
  .UNSPECIFIED.,.F.,.F.,(8,6,8),(0.,0.858000417663,1.),.UNSPECIFIED.);
#3115 = CARTESIAN_POINT('',(-8.,7.207106781187,-1.914213562373));
#3116 = CARTESIAN_POINT('',(-8.,7.230566435683,-1.914213562373));
#3117 = CARTESIAN_POINT('',(-8.,7.259896633236,-1.91567465818));
#3118 = CARTESIAN_POINT('',(-8.,7.293731348787,-1.919193032467));
#3119 = CARTESIAN_POINT('',(-8.,7.330621837083,-1.924751380918));
#3120 = CARTESIAN_POINT('',(-8.,7.369591410835,-1.932155982611));
#3121 = CARTESIAN_POINT('',(-8.,7.409960808972,-1.941206551606));
#3122 = CARTESIAN_POINT('',(-8.,7.45828701464,-1.953525657261));
#3123 = CARTESIAN_POINT('',(-8.,7.465178020789,-1.955316264776));
#3124 = CARTESIAN_POINT('',(-8.,7.472095802546,-1.957147441529));
#3125 = CARTESIAN_POINT('',(-8.,7.479038541955,-1.95901846953));
#3126 = CARTESIAN_POINT('',(-8.,7.486004532623,-1.960928643219));
#3127 = CARTESIAN_POINT('',(-8.,7.492992179726,-1.962877269464));
#3128 = CARTESIAN_POINT('',(-8.,7.5,-1.964863667563));
#3129 = PCURVE('',#1963,#3130);
#3130 = DEFINITIONAL_REPRESENTATION('',(#3131),#3146);
#3131 = B_SPLINE_CURVE_WITH_KNOTS('',7,(#3132,#3133,#3134,#3135,#3136,
    #3137,#3138,#3139,#3140,#3141,#3142,#3143,#3144,#3145),
  .UNSPECIFIED.,.F.,.F.,(8,6,8),(0.,0.858000417663,1.),.UNSPECIFIED.);
#3132 = CARTESIAN_POINT('',(3.14159265359,0.804737854124));
#3133 = CARTESIAN_POINT('',(3.088194978887,0.792151885778));
#3134 = CARTESIAN_POINT('',(3.03681106304,0.782975356482));
#3135 = CARTESIAN_POINT('',(2.987743678628,0.777069799822));
#3136 = CARTESIAN_POINT('',(2.940904103041,0.773949497632));
#3137 = CARTESIAN_POINT('',(2.896172198325,0.773197747756));
#3138 = CARTESIAN_POINT('',(2.853300688982,0.774440183683));
#3139 = CARTESIAN_POINT('',(2.805101984918,0.777916519279));
#3140 = CARTESIAN_POINT('',(2.798300552002,0.778457708374));
#3141 = CARTESIAN_POINT('',(2.791540830616,0.779045244343));
#3142 = CARTESIAN_POINT('',(2.784821777031,0.779677960376));
#3143 = CARTESIAN_POINT('',(2.778142355199,0.780354726864));
#3144 = CARTESIAN_POINT('',(2.771501536743,0.781074451408));
#3145 = CARTESIAN_POINT('',(2.764898300967,0.781836078812));
#3146 = ( GEOMETRIC_REPRESENTATION_CONTEXT(2) 
PARAMETRIC_REPRESENTATION_CONTEXT() REPRESENTATION_CONTEXT('2D SPACE',''
  ) );
#3147 = PCURVE('',#2994,#3148);
#3148 = DEFINITIONAL_REPRESENTATION('',(#3149),#3164);
#3149 = B_SPLINE_CURVE_WITH_KNOTS('',7,(#3150,#3151,#3152,#3153,#3154,
    #3155,#3156,#3157,#3158,#3159,#3160,#3161,#3162,#3163),
  .UNSPECIFIED.,.F.,.F.,(8,6,8),(0.,0.858000417663,1.),.UNSPECIFIED.);
#3150 = CARTESIAN_POINT('',(14.707106781187,-0.414213562373));
#3151 = CARTESIAN_POINT('',(14.730566435683,-0.414213562373));
#3152 = CARTESIAN_POINT('',(14.759896633236,-0.41567465818));
#3153 = CARTESIAN_POINT('',(14.793731348787,-0.419193032467));
#3154 = CARTESIAN_POINT('',(14.830621837083,-0.424751380918));
#3155 = CARTESIAN_POINT('',(14.869591410835,-0.432155982611));
#3156 = CARTESIAN_POINT('',(14.909960808972,-0.441206551606));
#3157 = CARTESIAN_POINT('',(14.95828701464,-0.453525657261));
#3158 = CARTESIAN_POINT('',(14.965178020789,-0.455316264776));
#3159 = CARTESIAN_POINT('',(14.972095802546,-0.457147441529));
#3160 = CARTESIAN_POINT('',(14.979038541955,-0.45901846953));
#3161 = CARTESIAN_POINT('',(14.986004532623,-0.460928643219));
#3162 = CARTESIAN_POINT('',(14.992992179726,-0.462877269464));
#3163 = CARTESIAN_POINT('',(15.,-0.464863667563));
#3164 = ( GEOMETRIC_REPRESENTATION_CONTEXT(2) 
PARAMETRIC_REPRESENTATION_CONTEXT() REPRESENTATION_CONTEXT('2D SPACE',''
  ) );
#3165 = ORIENTED_EDGE('',*,*,#3166,.F.);
#3166 = EDGE_CURVE('',#3167,#3111,#3169,.T.);
#3167 = VERTEX_POINT('',#3168);
#3168 = CARTESIAN_POINT('',(-7.5,8.,-1.964863667563));
#3169 = SURFACE_CURVE('',#3170,(#3191,#3215),.PCURVE_S1.);
#3170 = B_SPLINE_CURVE_WITH_KNOTS('',7,(#3171,#3172,#3173,#3174,#3175,
    #3176,#3177,#3178,#3179,#3180,#3181,#3182,#3183,#3184,#3185,#3186,
    #3187,#3188,#3189,#3190),.UNSPECIFIED.,.F.,.F.,(8,6,6,8),(0.,
    0.500723573122,0.887149697419,1.),.UNSPECIFIED.);
#3171 = CARTESIAN_POINT('',(-7.5,8.,-1.964863667563));
#3172 = CARTESIAN_POINT('',(-7.556538016985,8.,-1.980889624192));
#3173 = CARTESIAN_POINT('',(-7.612870783629,7.992541550625,
    -1.993599571374));
#3174 = CARTESIAN_POINT('',(-7.667905860014,7.977720886992,
    -2.003408988666));
#3175 = CARTESIAN_POINT('',(-7.720510938141,7.95580364369,
    -2.010586204285));
#3176 = CARTESIAN_POINT('',(-7.769639961371,7.92728627762,
    -2.015306331534));
#3177 = CARTESIAN_POINT('',(-7.814375325013,7.892817767761,
    -2.017657859207));
#3178 = CARTESIAN_POINT('',(-7.884473973713,7.822565446808,
    -2.017622661907));
#3179 = CARTESIAN_POINT('',(-7.911918907156,7.788887065418,
    -2.016194948516));
#3180 = CARTESIAN_POINT('',(-7.935917377736,7.752491533901,
    -2.013355097933));
#3181 = CARTESIAN_POINT('',(-7.956155610817,7.713789759666,
    -2.009071466088));
#3182 = CARTESIAN_POINT('',(-7.97237891407,7.673238257952,
    -2.003282607394));
#3183 = CARTESIAN_POINT('',(-7.984399483689,7.631325250488,
    -1.995893451833));
#3184 = CARTESIAN_POINT('',(-7.994344785089,7.576054928948,
    -1.984099902906));
#3185 = CARTESIAN_POINT('',(-7.996223939618,7.563488835617,
    -1.981286005665));
#3186 = CARTESIAN_POINT('',(-7.997731312488,7.55086182837,
    -1.978320475309));
#3187 = CARTESIAN_POINT('',(-7.998864380093,7.538186583664,-1.975199614)
  );
#3188 = CARTESIAN_POINT('',(-7.999621117811,7.525475898664,
    -1.971919430671));
#3189 = CARTESIAN_POINT('',(-8.,7.512742691247,-1.968475641031));
#3190 = CARTESIAN_POINT('',(-8.,7.5,-1.964863667563));
#3191 = PCURVE('',#1963,#3192);
#3192 = DEFINITIONAL_REPRESENTATION('',(#3193),#3214);
#3193 = B_SPLINE_CURVE_WITH_KNOTS('',7,(#3194,#3195,#3196,#3197,#3198,
    #3199,#3200,#3201,#3202,#3203,#3204,#3205,#3206,#3207,#3208,#3209,
    #3210,#3211,#3212,#3213),.UNSPECIFIED.,.F.,.F.,(8,6,6,8),(0.,
    0.500723573122,0.887149697419,1.),.UNSPECIFIED.);
#3194 = CARTESIAN_POINT('',(1.947490740199,0.781836036203));
#3195 = CARTESIAN_POINT('',(2.000764628032,0.787980731576));
#3196 = CARTESIAN_POINT('',(2.057187044242,0.792528000048));
#3197 = CARTESIAN_POINT('',(2.115499153942,0.795935303393));
#3198 = CARTESIAN_POINT('',(2.175064149948,0.798379467172));
#3199 = CARTESIAN_POINT('',(2.235381934536,0.799973798792));
#3200 = CARTESIAN_POINT('',(2.296077193276,0.800767681342));
#3201 = CARTESIAN_POINT('',(2.40364040265,0.800755796747));
#3202 = CARTESIAN_POINT('',(2.450487679192,0.8002736151));
#3203 = CARTESIAN_POINT('',(2.497158899747,0.799315004734));
#3204 = CARTESIAN_POINT('',(2.543473004151,0.797859885771));
#3205 = CARTESIAN_POINT('',(2.589229956729,0.79587217945));
#3206 = CARTESIAN_POINT('',(2.634175094677,0.793287996112));
#3207 = CARTESIAN_POINT('',(2.690716418402,0.789023447949));
#3208 = CARTESIAN_POINT('',(2.70339491826,0.787998404234));
#3209 = CARTESIAN_POINT('',(2.715962836504,0.78690933411));
#3210 = CARTESIAN_POINT('',(2.728409656143,0.785752806605));
#3211 = CARTESIAN_POINT('',(2.740723519298,0.784524848489));
#3212 = CARTESIAN_POINT('',(2.752891227199,0.783220944273));
#3213 = CARTESIAN_POINT('',(2.764898240185,0.781836036203));
#3214 = ( GEOMETRIC_REPRESENTATION_CONTEXT(2) 
PARAMETRIC_REPRESENTATION_CONTEXT() REPRESENTATION_CONTEXT('2D SPACE',''
  ) );
#3215 = PCURVE('',#3216,#3221);
#3216 = CYLINDRICAL_SURFACE('',#3217,0.5);
#3217 = AXIS2_PLACEMENT_3D('',#3218,#3219,#3220);
#3218 = CARTESIAN_POINT('',(-7.5,7.5,-1.5));
#3219 = DIRECTION('',(0.,0.,1.));
#3220 = DIRECTION('',(-1.,0.,0.));
#3221 = DEFINITIONAL_REPRESENTATION('',(#3222),#3243);
#3222 = B_SPLINE_CURVE_WITH_KNOTS('',7,(#3223,#3224,#3225,#3226,#3227,
    #3228,#3229,#3230,#3231,#3232,#3233,#3234,#3235,#3236,#3237,#3238,
    #3239,#3240,#3241,#3242),.UNSPECIFIED.,.F.,.F.,(8,6,6,8),(0.,
    0.500723573122,0.887149697419,1.),.UNSPECIFIED.);
#3223 = CARTESIAN_POINT('',(-1.570796326795,-0.464863667563));
#3224 = CARTESIAN_POINT('',(-1.457720292824,-0.480889624192));
#3225 = CARTESIAN_POINT('',(-1.345054533851,-0.493599571374));
#3226 = CARTESIAN_POINT('',(-1.232624224552,-0.503408988666));
#3227 = CARTESIAN_POINT('',(-1.120402245994,-0.510586204285));
#3228 = CARTESIAN_POINT('',(-1.008327508714,-0.515306331534));
#3229 = CARTESIAN_POINT('',(-0.896332596731,-0.517657859207));
#3230 = CARTESIAN_POINT('',(-0.697846232979,-0.517622661907));
#3231 = CARTESIAN_POINT('',(-0.611395009935,-0.516194948516));
#3232 = CARTESIAN_POINT('',(-0.524910974524,-0.513355097933));
#3233 = CARTESIAN_POINT('',(-0.438361902213,-0.509071466088));
#3234 = CARTESIAN_POINT('',(-0.351722283764,-0.503282607394));
#3235 = CARTESIAN_POINT('',(-0.26496353964,-0.495893451833));
#3236 = CARTESIAN_POINT('',(-0.152647601981,-0.484099902906));
#3237 = CARTESIAN_POINT('',(-0.127247105321,-0.481286005665));
#3238 = CARTESIAN_POINT('',(-0.101831633722,-0.478320475309));
#3239 = CARTESIAN_POINT('',(-7.640019093792E-02,-0.475199614));
#3240 = CARTESIAN_POINT('',(-5.095177585627E-02,-0.471919430671));
#3241 = CARTESIAN_POINT('',(-2.548538249419E-02,-0.468475641031));
#3242 = CARTESIAN_POINT('',(-1.28E-15,-0.464863667563));
#3243 = ( GEOMETRIC_REPRESENTATION_CONTEXT(2) 
PARAMETRIC_REPRESENTATION_CONTEXT() REPRESENTATION_CONTEXT('2D SPACE',''
  ) );
#3244 = ORIENTED_EDGE('',*,*,#3245,.T.);
#3245 = EDGE_CURVE('',#3167,#3017,#3246,.T.);
#3246 = SURFACE_CURVE('',#3247,(#3257,#3270),.PCURVE_S1.);
#3247 = B_SPLINE_CURVE_WITH_KNOTS('',8,(#3248,#3249,#3250,#3251,#3252,
    #3253,#3254,#3255,#3256),.UNSPECIFIED.,.F.,.F.,(9,9),(0.,1.),
  .PIECEWISE_BEZIER_KNOTS.);
#3248 = CARTESIAN_POINT('',(-7.5,8.,-1.964863667563));
#3249 = CARTESIAN_POINT('',(-7.456804542064,8.,-1.952619719643));
#3250 = CARTESIAN_POINT('',(-7.41444018132,8.,-1.941804618638));
#3251 = CARTESIAN_POINT('',(-7.373081971495,8.,-1.932514381055));
#3252 = CARTESIAN_POINT('',(-7.333168439827,8.,-1.924932755323));
#3253 = CARTESIAN_POINT('',(-7.295457317408,8.,-1.919269999248));
#3254 = CARTESIAN_POINT('',(-7.260953468062,8.,-1.915705057234));
#3255 = CARTESIAN_POINT('',(-7.23105343202,8.,-1.914213562373));
#3256 = CARTESIAN_POINT('',(-7.207106781186,8.,-1.914213562373));
#3257 = PCURVE('',#1963,#3258);
#3258 = DEFINITIONAL_REPRESENTATION('',(#3259),#3269);
#3259 = B_SPLINE_CURVE_WITH_KNOTS('',8,(#3260,#3261,#3262,#3263,#3264,
    #3265,#3266,#3267,#3268),.UNSPECIFIED.,.F.,.F.,(9,9),(0.,1.),
  .PIECEWISE_BEZIER_KNOTS.);
#3260 = CARTESIAN_POINT('',(1.947490740199,0.781836036203));
#3261 = CARTESIAN_POINT('',(1.906789100777,0.777141444057));
#3262 = CARTESIAN_POINT('',(1.864763472747,0.774016044016));
#3263 = CARTESIAN_POINT('',(1.821067381878,0.772659407449));
#3264 = CARTESIAN_POINT('',(1.775440663091,0.773366019871));
#3265 = CARTESIAN_POINT('',(1.727678017799,0.776522826255));
#3266 = CARTESIAN_POINT('',(1.677667099833,0.782543453962));
#3267 = CARTESIAN_POINT('',(1.625302477836,0.791890615074));
#3268 = CARTESIAN_POINT('',(1.570796326795,0.804737854124));
#3269 = ( GEOMETRIC_REPRESENTATION_CONTEXT(2) 
PARAMETRIC_REPRESENTATION_CONTEXT() REPRESENTATION_CONTEXT('2D SPACE',''
  ) );
#3270 = PCURVE('',#2664,#3271);
#3271 = DEFINITIONAL_REPRESENTATION('',(#3272),#3282);
#3272 = B_SPLINE_CURVE_WITH_KNOTS('',8,(#3273,#3274,#3275,#3276,#3277,
    #3278,#3279,#3280,#3281),.UNSPECIFIED.,.F.,.F.,(9,9),(0.,1.),
  .PIECEWISE_BEZIER_KNOTS.);
#3273 = CARTESIAN_POINT('',(0.,-0.464863667563));
#3274 = CARTESIAN_POINT('',(4.319545793626E-02,-0.452619719643));
#3275 = CARTESIAN_POINT('',(8.555981868025E-02,-0.441804618638));
#3276 = CARTESIAN_POINT('',(0.126918028505,-0.432514381055));
#3277 = CARTESIAN_POINT('',(0.166831560173,-0.424932755323));
#3278 = CARTESIAN_POINT('',(0.204542682592,-0.419269999248));
#3279 = CARTESIAN_POINT('',(0.239046531938,-0.415705057234));
#3280 = CARTESIAN_POINT('',(0.26894656798,-0.414213562373));
#3281 = CARTESIAN_POINT('',(0.292893218814,-0.414213562373));
#3282 = ( GEOMETRIC_REPRESENTATION_CONTEXT(2) 
PARAMETRIC_REPRESENTATION_CONTEXT() REPRESENTATION_CONTEXT('2D SPACE',''
  ) );
#3283 = ORIENTED_EDGE('',*,*,#3016,.F.);
#3284 = ORIENTED_EDGE('',*,*,#1853,.F.);
#3285 = ADVANCED_FACE('',(#3286),#2340,.T.);
#3286 = FACE_BOUND('',#3287,.T.);
#3287 = EDGE_LOOP('',(#3288,#3311,#3312,#3313,#3314,#3337));
#3288 = ORIENTED_EDGE('',*,*,#3289,.F.);
#3289 = EDGE_CURVE('',#2303,#3290,#3292,.T.);
#3290 = VERTEX_POINT('',#3291);
#3291 = CARTESIAN_POINT('',(8.,-7.5,-3.5));
#3292 = SURFACE_CURVE('',#3293,(#3297,#3304),.PCURVE_S1.);
#3293 = LINE('',#3294,#3295);
#3294 = CARTESIAN_POINT('',(8.,-7.5,-1.5));
#3295 = VECTOR('',#3296,1.);
#3296 = DIRECTION('',(0.,0.,-1.));
#3297 = PCURVE('',#2340,#3298);
#3298 = DEFINITIONAL_REPRESENTATION('',(#3299),#3303);
#3299 = LINE('',#3300,#3301);
#3300 = CARTESIAN_POINT('',(15.,0.));
#3301 = VECTOR('',#3302,1.);
#3302 = DIRECTION('',(0.,-1.));
#3303 = ( GEOMETRIC_REPRESENTATION_CONTEXT(2) 
PARAMETRIC_REPRESENTATION_CONTEXT() REPRESENTATION_CONTEXT('2D SPACE',''
  ) );
#3304 = PCURVE('',#2413,#3305);
#3305 = DEFINITIONAL_REPRESENTATION('',(#3306),#3310);
#3306 = LINE('',#3307,#3308);
#3307 = CARTESIAN_POINT('',(-3.14159265359,0.));
#3308 = VECTOR('',#3309,1.);
#3309 = DIRECTION('',(-0.,-1.));
#3310 = ( GEOMETRIC_REPRESENTATION_CONTEXT(2) 
PARAMETRIC_REPRESENTATION_CONTEXT() REPRESENTATION_CONTEXT('2D SPACE',''
  ) );
#3311 = ORIENTED_EDGE('',*,*,#2302,.F.);
#3312 = ORIENTED_EDGE('',*,*,#2533,.F.);
#3313 = ORIENTED_EDGE('',*,*,#2766,.F.);
#3314 = ORIENTED_EDGE('',*,*,#3315,.T.);
#3315 = EDGE_CURVE('',#2688,#3316,#3318,.T.);
#3316 = VERTEX_POINT('',#3317);
#3317 = CARTESIAN_POINT('',(8.,7.5,-3.5));
#3318 = SURFACE_CURVE('',#3319,(#3323,#3330),.PCURVE_S1.);
#3319 = LINE('',#3320,#3321);
#3320 = CARTESIAN_POINT('',(8.,7.5,-1.5));
#3321 = VECTOR('',#3322,1.);
#3322 = DIRECTION('',(0.,0.,-1.));
#3323 = PCURVE('',#2340,#3324);
#3324 = DEFINITIONAL_REPRESENTATION('',(#3325),#3329);
#3325 = LINE('',#3326,#3327);
#3326 = CARTESIAN_POINT('',(0.,0.));
#3327 = VECTOR('',#3328,1.);
#3328 = DIRECTION('',(0.,-1.));
#3329 = ( GEOMETRIC_REPRESENTATION_CONTEXT(2) 
PARAMETRIC_REPRESENTATION_CONTEXT() REPRESENTATION_CONTEXT('2D SPACE',''
  ) );
#3330 = PCURVE('',#2737,#3331);
#3331 = DEFINITIONAL_REPRESENTATION('',(#3332),#3336);
#3332 = LINE('',#3333,#3334);
#3333 = CARTESIAN_POINT('',(-3.14159265359,0.));
#3334 = VECTOR('',#3335,1.);
#3335 = DIRECTION('',(-0.,-1.));
#3336 = ( GEOMETRIC_REPRESENTATION_CONTEXT(2) 
PARAMETRIC_REPRESENTATION_CONTEXT() REPRESENTATION_CONTEXT('2D SPACE',''
  ) );
#3337 = ORIENTED_EDGE('',*,*,#3338,.T.);
#3338 = EDGE_CURVE('',#3316,#3290,#3339,.T.);
#3339 = SURFACE_CURVE('',#3340,(#3344,#3351),.PCURVE_S1.);
#3340 = LINE('',#3341,#3342);
#3341 = CARTESIAN_POINT('',(8.,7.5,-3.5));
#3342 = VECTOR('',#3343,1.);
#3343 = DIRECTION('',(0.,-1.,0.));
#3344 = PCURVE('',#2340,#3345);
#3345 = DEFINITIONAL_REPRESENTATION('',(#3346),#3350);
#3346 = LINE('',#3347,#3348);
#3347 = CARTESIAN_POINT('',(0.,-2.));
#3348 = VECTOR('',#3349,1.);
#3349 = DIRECTION('',(1.,0.));
#3350 = ( GEOMETRIC_REPRESENTATION_CONTEXT(2) 
PARAMETRIC_REPRESENTATION_CONTEXT() REPRESENTATION_CONTEXT('2D SPACE',''
  ) );
#3351 = PCURVE('',#3352,#3357);
#3352 = PLANE('',#3353);
#3353 = AXIS2_PLACEMENT_3D('',#3354,#3355,#3356);
#3354 = CARTESIAN_POINT('',(-6.7E-16,-4.4E-16,-3.5));
#3355 = DIRECTION('',(0.,0.,1.));
#3356 = DIRECTION('',(1.,0.,0.));
#3357 = DEFINITIONAL_REPRESENTATION('',(#3358),#3362);
#3358 = LINE('',#3359,#3360);
#3359 = CARTESIAN_POINT('',(8.,7.5));
#3360 = VECTOR('',#3361,1.);
#3361 = DIRECTION('',(0.,-1.));
#3362 = ( GEOMETRIC_REPRESENTATION_CONTEXT(2) 
PARAMETRIC_REPRESENTATION_CONTEXT() REPRESENTATION_CONTEXT('2D SPACE',''
  ) );
#3363 = ADVANCED_FACE('',(#3364),#2413,.F.);
#3364 = FACE_BOUND('',#3365,.T.);
#3365 = EDGE_LOOP('',(#3366,#3394,#3415,#3416));
#3366 = ORIENTED_EDGE('',*,*,#3367,.T.);
#3367 = EDGE_CURVE('',#3290,#3368,#3370,.T.);
#3368 = VERTEX_POINT('',#3369);
#3369 = CARTESIAN_POINT('',(7.5,-8.,-3.5));
#3370 = SURFACE_CURVE('',#3371,(#3376,#3383),.PCURVE_S1.);
#3371 = CIRCLE('',#3372,0.5);
#3372 = AXIS2_PLACEMENT_3D('',#3373,#3374,#3375);
#3373 = CARTESIAN_POINT('',(7.5,-7.5,-3.5));
#3374 = DIRECTION('',(0.,0.,-1.));
#3375 = DIRECTION('',(-1.,0.,0.));
#3376 = PCURVE('',#2413,#3377);
#3377 = DEFINITIONAL_REPRESENTATION('',(#3378),#3382);
#3378 = LINE('',#3379,#3380);
#3379 = CARTESIAN_POINT('',(-0.,-2.));
#3380 = VECTOR('',#3381,1.);
#3381 = DIRECTION('',(-1.,0.));
#3382 = ( GEOMETRIC_REPRESENTATION_CONTEXT(2) 
PARAMETRIC_REPRESENTATION_CONTEXT() REPRESENTATION_CONTEXT('2D SPACE',''
  ) );
#3383 = PCURVE('',#3352,#3384);
#3384 = DEFINITIONAL_REPRESENTATION('',(#3385),#3393);
#3385 = ( BOUNDED_CURVE() B_SPLINE_CURVE(2,(#3386,#3387,#3388,#3389,
#3390,#3391,#3392),.UNSPECIFIED.,.T.,.F.) B_SPLINE_CURVE_WITH_KNOTS((1,2
    ,2,2,2,1),(-2.094395102393,0.,2.094395102393,4.188790204786,
6.28318530718,8.377580409573),.UNSPECIFIED.) CURVE() 
GEOMETRIC_REPRESENTATION_ITEM() RATIONAL_B_SPLINE_CURVE((1.,0.5,1.,0.5,
1.,0.5,1.)) REPRESENTATION_ITEM('') );
#3386 = CARTESIAN_POINT('',(7.,-7.5));
#3387 = CARTESIAN_POINT('',(7.,-6.633974596216));
#3388 = CARTESIAN_POINT('',(7.75,-7.066987298108));
#3389 = CARTESIAN_POINT('',(8.5,-7.5));
#3390 = CARTESIAN_POINT('',(7.75,-7.933012701892));
#3391 = CARTESIAN_POINT('',(7.,-8.366025403784));
#3392 = CARTESIAN_POINT('',(7.,-7.5));
#3393 = ( GEOMETRIC_REPRESENTATION_CONTEXT(2) 
PARAMETRIC_REPRESENTATION_CONTEXT() REPRESENTATION_CONTEXT('2D SPACE',''
  ) );
#3394 = ORIENTED_EDGE('',*,*,#3395,.F.);
#3395 = EDGE_CURVE('',#2364,#3368,#3396,.T.);
#3396 = SURFACE_CURVE('',#3397,(#3401,#3408),.PCURVE_S1.);
#3397 = LINE('',#3398,#3399);
#3398 = CARTESIAN_POINT('',(7.5,-8.,-1.5));
#3399 = VECTOR('',#3400,1.);
#3400 = DIRECTION('',(0.,0.,-1.));
#3401 = PCURVE('',#2413,#3402);
#3402 = DEFINITIONAL_REPRESENTATION('',(#3403),#3407);
#3403 = LINE('',#3404,#3405);
#3404 = CARTESIAN_POINT('',(-4.712388980385,0.));
#3405 = VECTOR('',#3406,1.);
#3406 = DIRECTION('',(-0.,-1.));
#3407 = ( GEOMETRIC_REPRESENTATION_CONTEXT(2) 
PARAMETRIC_REPRESENTATION_CONTEXT() REPRESENTATION_CONTEXT('2D SPACE',''
  ) );
#3408 = PCURVE('',#2470,#3409);
#3409 = DEFINITIONAL_REPRESENTATION('',(#3410),#3414);
#3410 = LINE('',#3411,#3412);
#3411 = CARTESIAN_POINT('',(0.,0.));
#3412 = VECTOR('',#3413,1.);
#3413 = DIRECTION('',(0.,-1.));
#3414 = ( GEOMETRIC_REPRESENTATION_CONTEXT(2) 
PARAMETRIC_REPRESENTATION_CONTEXT() REPRESENTATION_CONTEXT('2D SPACE',''
  ) );
#3415 = ORIENTED_EDGE('',*,*,#2363,.T.);
#3416 = ORIENTED_EDGE('',*,*,#3289,.T.);
#3417 = ADVANCED_FACE('',(#3418),#2470,.T.);
#3418 = FACE_BOUND('',#3419,.T.);
#3419 = EDGE_LOOP('',(#3420,#3421,#3444,#3465,#3466,#3467));
#3420 = ORIENTED_EDGE('',*,*,#3395,.T.);
#3421 = ORIENTED_EDGE('',*,*,#3422,.T.);
#3422 = EDGE_CURVE('',#3368,#3423,#3425,.T.);
#3423 = VERTEX_POINT('',#3424);
#3424 = CARTESIAN_POINT('',(-7.5,-8.,-3.5));
#3425 = SURFACE_CURVE('',#3426,(#3430,#3437),.PCURVE_S1.);
#3426 = LINE('',#3427,#3428);
#3427 = CARTESIAN_POINT('',(7.5,-8.,-3.5));
#3428 = VECTOR('',#3429,1.);
#3429 = DIRECTION('',(-1.,0.,0.));
#3430 = PCURVE('',#2470,#3431);
#3431 = DEFINITIONAL_REPRESENTATION('',(#3432),#3436);
#3432 = LINE('',#3433,#3434);
#3433 = CARTESIAN_POINT('',(0.,-2.));
#3434 = VECTOR('',#3435,1.);
#3435 = DIRECTION('',(1.,0.));
#3436 = ( GEOMETRIC_REPRESENTATION_CONTEXT(2) 
PARAMETRIC_REPRESENTATION_CONTEXT() REPRESENTATION_CONTEXT('2D SPACE',''
  ) );
#3437 = PCURVE('',#3352,#3438);
#3438 = DEFINITIONAL_REPRESENTATION('',(#3439),#3443);
#3439 = LINE('',#3440,#3441);
#3440 = CARTESIAN_POINT('',(7.5,-8.));
#3441 = VECTOR('',#3442,1.);
#3442 = DIRECTION('',(-1.,0.));
#3443 = ( GEOMETRIC_REPRESENTATION_CONTEXT(2) 
PARAMETRIC_REPRESENTATION_CONTEXT() REPRESENTATION_CONTEXT('2D SPACE',''
  ) );
#3444 = ORIENTED_EDGE('',*,*,#3445,.F.);
#3445 = EDGE_CURVE('',#2834,#3423,#3446,.T.);
#3446 = SURFACE_CURVE('',#3447,(#3451,#3458),.PCURVE_S1.);
#3447 = LINE('',#3448,#3449);
#3448 = CARTESIAN_POINT('',(-7.5,-8.,-1.5));
#3449 = VECTOR('',#3450,1.);
#3450 = DIRECTION('',(0.,0.,-1.));
#3451 = PCURVE('',#2470,#3452);
#3452 = DEFINITIONAL_REPRESENTATION('',(#3453),#3457);
#3453 = LINE('',#3454,#3455);
#3454 = CARTESIAN_POINT('',(15.,0.));
#3455 = VECTOR('',#3456,1.);
#3456 = DIRECTION('',(0.,-1.));
#3457 = ( GEOMETRIC_REPRESENTATION_CONTEXT(2) 
PARAMETRIC_REPRESENTATION_CONTEXT() REPRESENTATION_CONTEXT('2D SPACE',''
  ) );
#3458 = PCURVE('',#2939,#3459);
#3459 = DEFINITIONAL_REPRESENTATION('',(#3460),#3464);
#3460 = LINE('',#3461,#3462);
#3461 = CARTESIAN_POINT('',(-4.712388980385,0.));
#3462 = VECTOR('',#3463,1.);
#3463 = DIRECTION('',(-0.,-1.));
#3464 = ( GEOMETRIC_REPRESENTATION_CONTEXT(2) 
PARAMETRIC_REPRESENTATION_CONTEXT() REPRESENTATION_CONTEXT('2D SPACE',''
  ) );
#3465 = ORIENTED_EDGE('',*,*,#2833,.F.);
#3466 = ORIENTED_EDGE('',*,*,#2581,.F.);
#3467 = ORIENTED_EDGE('',*,*,#2442,.F.);
#3468 = ADVANCED_FACE('',(#3469),#2664,.T.);
#3469 = FACE_BOUND('',#3470,.T.);
#3470 = EDGE_LOOP('',(#3471,#3494,#3495,#3496,#3497,#3520));
#3471 = ORIENTED_EDGE('',*,*,#3472,.F.);
#3472 = EDGE_CURVE('',#2627,#3473,#3475,.T.);
#3473 = VERTEX_POINT('',#3474);
#3474 = CARTESIAN_POINT('',(7.5,8.,-3.5));
#3475 = SURFACE_CURVE('',#3476,(#3480,#3487),.PCURVE_S1.);
#3476 = LINE('',#3477,#3478);
#3477 = CARTESIAN_POINT('',(7.5,8.,-1.5));
#3478 = VECTOR('',#3479,1.);
#3479 = DIRECTION('',(0.,0.,-1.));
#3480 = PCURVE('',#2664,#3481);
#3481 = DEFINITIONAL_REPRESENTATION('',(#3482),#3486);
#3482 = LINE('',#3483,#3484);
#3483 = CARTESIAN_POINT('',(15.,0.));
#3484 = VECTOR('',#3485,1.);
#3485 = DIRECTION('',(0.,-1.));
#3486 = ( GEOMETRIC_REPRESENTATION_CONTEXT(2) 
PARAMETRIC_REPRESENTATION_CONTEXT() REPRESENTATION_CONTEXT('2D SPACE',''
  ) );
#3487 = PCURVE('',#2737,#3488);
#3488 = DEFINITIONAL_REPRESENTATION('',(#3489),#3493);
#3489 = LINE('',#3490,#3491);
#3490 = CARTESIAN_POINT('',(-1.570796326795,0.));
#3491 = VECTOR('',#3492,1.);
#3492 = DIRECTION('',(-0.,-1.));
#3493 = ( GEOMETRIC_REPRESENTATION_CONTEXT(2) 
PARAMETRIC_REPRESENTATION_CONTEXT() REPRESENTATION_CONTEXT('2D SPACE',''
  ) );
#3494 = ORIENTED_EDGE('',*,*,#2626,.F.);
#3495 = ORIENTED_EDGE('',*,*,#3037,.F.);
#3496 = ORIENTED_EDGE('',*,*,#3245,.F.);
#3497 = ORIENTED_EDGE('',*,*,#3498,.T.);
#3498 = EDGE_CURVE('',#3167,#3499,#3501,.T.);
#3499 = VERTEX_POINT('',#3500);
#3500 = CARTESIAN_POINT('',(-7.5,8.,-3.5));
#3501 = SURFACE_CURVE('',#3502,(#3506,#3513),.PCURVE_S1.);
#3502 = LINE('',#3503,#3504);
#3503 = CARTESIAN_POINT('',(-7.5,8.,-1.5));
#3504 = VECTOR('',#3505,1.);
#3505 = DIRECTION('',(0.,0.,-1.));
#3506 = PCURVE('',#2664,#3507);
#3507 = DEFINITIONAL_REPRESENTATION('',(#3508),#3512);
#3508 = LINE('',#3509,#3510);
#3509 = CARTESIAN_POINT('',(8.881784197001E-16,0.));
#3510 = VECTOR('',#3511,1.);
#3511 = DIRECTION('',(0.,-1.));
#3512 = ( GEOMETRIC_REPRESENTATION_CONTEXT(2) 
PARAMETRIC_REPRESENTATION_CONTEXT() REPRESENTATION_CONTEXT('2D SPACE',''
  ) );
#3513 = PCURVE('',#3216,#3514);
#3514 = DEFINITIONAL_REPRESENTATION('',(#3515),#3519);
#3515 = LINE('',#3516,#3517);
#3516 = CARTESIAN_POINT('',(-1.570796326795,0.));
#3517 = VECTOR('',#3518,1.);
#3518 = DIRECTION('',(-0.,-1.));
#3519 = ( GEOMETRIC_REPRESENTATION_CONTEXT(2) 
PARAMETRIC_REPRESENTATION_CONTEXT() REPRESENTATION_CONTEXT('2D SPACE',''
  ) );
#3520 = ORIENTED_EDGE('',*,*,#3521,.T.);
#3521 = EDGE_CURVE('',#3499,#3473,#3522,.T.);
#3522 = SURFACE_CURVE('',#3523,(#3527,#3534),.PCURVE_S1.);
#3523 = LINE('',#3524,#3525);
#3524 = CARTESIAN_POINT('',(-7.5,8.,-3.5));
#3525 = VECTOR('',#3526,1.);
#3526 = DIRECTION('',(1.,0.,0.));
#3527 = PCURVE('',#2664,#3528);
#3528 = DEFINITIONAL_REPRESENTATION('',(#3529),#3533);
#3529 = LINE('',#3530,#3531);
#3530 = CARTESIAN_POINT('',(0.,-2.));
#3531 = VECTOR('',#3532,1.);
#3532 = DIRECTION('',(1.,0.));
#3533 = ( GEOMETRIC_REPRESENTATION_CONTEXT(2) 
PARAMETRIC_REPRESENTATION_CONTEXT() REPRESENTATION_CONTEXT('2D SPACE',''
  ) );
#3534 = PCURVE('',#3352,#3535);
#3535 = DEFINITIONAL_REPRESENTATION('',(#3536),#3540);
#3536 = LINE('',#3537,#3538);
#3537 = CARTESIAN_POINT('',(-7.5,8.));
#3538 = VECTOR('',#3539,1.);
#3539 = DIRECTION('',(1.,0.));
#3540 = ( GEOMETRIC_REPRESENTATION_CONTEXT(2) 
PARAMETRIC_REPRESENTATION_CONTEXT() REPRESENTATION_CONTEXT('2D SPACE',''
  ) );
#3541 = ADVANCED_FACE('',(#3542),#2737,.F.);
#3542 = FACE_BOUND('',#3543,.T.);
#3543 = EDGE_LOOP('',(#3544,#3545,#3546,#3547));
#3544 = ORIENTED_EDGE('',*,*,#3315,.F.);
#3545 = ORIENTED_EDGE('',*,*,#2687,.T.);
#3546 = ORIENTED_EDGE('',*,*,#3472,.T.);
#3547 = ORIENTED_EDGE('',*,*,#3548,.T.);
#3548 = EDGE_CURVE('',#3473,#3316,#3549,.T.);
#3549 = SURFACE_CURVE('',#3550,(#3555,#3562),.PCURVE_S1.);
#3550 = CIRCLE('',#3551,0.5);
#3551 = AXIS2_PLACEMENT_3D('',#3552,#3553,#3554);
#3552 = CARTESIAN_POINT('',(7.5,7.5,-3.5));
#3553 = DIRECTION('',(0.,0.,-1.));
#3554 = DIRECTION('',(-1.,0.,0.));
#3555 = PCURVE('',#2737,#3556);
#3556 = DEFINITIONAL_REPRESENTATION('',(#3557),#3561);
#3557 = LINE('',#3558,#3559);
#3558 = CARTESIAN_POINT('',(-0.,-2.));
#3559 = VECTOR('',#3560,1.);
#3560 = DIRECTION('',(-1.,0.));
#3561 = ( GEOMETRIC_REPRESENTATION_CONTEXT(2) 
PARAMETRIC_REPRESENTATION_CONTEXT() REPRESENTATION_CONTEXT('2D SPACE',''
  ) );
#3562 = PCURVE('',#3352,#3563);
#3563 = DEFINITIONAL_REPRESENTATION('',(#3564),#3572);
#3564 = ( BOUNDED_CURVE() B_SPLINE_CURVE(2,(#3565,#3566,#3567,#3568,
#3569,#3570,#3571),.UNSPECIFIED.,.T.,.F.) B_SPLINE_CURVE_WITH_KNOTS((1,2
    ,2,2,2,1),(-2.094395102393,0.,2.094395102393,4.188790204786,
6.28318530718,8.377580409573),.UNSPECIFIED.) CURVE() 
GEOMETRIC_REPRESENTATION_ITEM() RATIONAL_B_SPLINE_CURVE((1.,0.5,1.,0.5,
1.,0.5,1.)) REPRESENTATION_ITEM('') );
#3565 = CARTESIAN_POINT('',(7.,7.5));
#3566 = CARTESIAN_POINT('',(7.,8.366025403784));
#3567 = CARTESIAN_POINT('',(7.75,7.933012701892));
#3568 = CARTESIAN_POINT('',(8.5,7.5));
#3569 = CARTESIAN_POINT('',(7.75,7.066987298108));
#3570 = CARTESIAN_POINT('',(7.,6.633974596216));
#3571 = CARTESIAN_POINT('',(7.,7.5));
#3572 = ( GEOMETRIC_REPRESENTATION_CONTEXT(2) 
PARAMETRIC_REPRESENTATION_CONTEXT() REPRESENTATION_CONTEXT('2D SPACE',''
  ) );
#3573 = ADVANCED_FACE('',(#3574),#2939,.F.);
#3574 = FACE_BOUND('',#3575,.T.);
#3575 = EDGE_LOOP('',(#3576,#3599,#3600,#3601));
#3576 = ORIENTED_EDGE('',*,*,#3577,.F.);
#3577 = EDGE_CURVE('',#2890,#3578,#3580,.T.);
#3578 = VERTEX_POINT('',#3579);
#3579 = CARTESIAN_POINT('',(-8.,-7.5,-3.5));
#3580 = SURFACE_CURVE('',#3581,(#3585,#3592),.PCURVE_S1.);
#3581 = LINE('',#3582,#3583);
#3582 = CARTESIAN_POINT('',(-8.,-7.5,-1.5));
#3583 = VECTOR('',#3584,1.);
#3584 = DIRECTION('',(0.,0.,-1.));
#3585 = PCURVE('',#2939,#3586);
#3586 = DEFINITIONAL_REPRESENTATION('',(#3587),#3591);
#3587 = LINE('',#3588,#3589);
#3588 = CARTESIAN_POINT('',(-6.28318530718,0.));
#3589 = VECTOR('',#3590,1.);
#3590 = DIRECTION('',(-0.,-1.));
#3591 = ( GEOMETRIC_REPRESENTATION_CONTEXT(2) 
PARAMETRIC_REPRESENTATION_CONTEXT() REPRESENTATION_CONTEXT('2D SPACE',''
  ) );
#3592 = PCURVE('',#2994,#3593);
#3593 = DEFINITIONAL_REPRESENTATION('',(#3594),#3598);
#3594 = LINE('',#3595,#3596);
#3595 = CARTESIAN_POINT('',(3.552713678801E-15,0.));
#3596 = VECTOR('',#3597,1.);
#3597 = DIRECTION('',(0.,-1.));
#3598 = ( GEOMETRIC_REPRESENTATION_CONTEXT(2) 
PARAMETRIC_REPRESENTATION_CONTEXT() REPRESENTATION_CONTEXT('2D SPACE',''
  ) );
#3599 = ORIENTED_EDGE('',*,*,#2889,.T.);
#3600 = ORIENTED_EDGE('',*,*,#3445,.T.);
#3601 = ORIENTED_EDGE('',*,*,#3602,.T.);
#3602 = EDGE_CURVE('',#3423,#3578,#3603,.T.);
#3603 = SURFACE_CURVE('',#3604,(#3609,#3616),.PCURVE_S1.);
#3604 = CIRCLE('',#3605,0.5);
#3605 = AXIS2_PLACEMENT_3D('',#3606,#3607,#3608);
#3606 = CARTESIAN_POINT('',(-7.5,-7.5,-3.5));
#3607 = DIRECTION('',(0.,0.,-1.));
#3608 = DIRECTION('',(-1.,0.,0.));
#3609 = PCURVE('',#2939,#3610);
#3610 = DEFINITIONAL_REPRESENTATION('',(#3611),#3615);
#3611 = LINE('',#3612,#3613);
#3612 = CARTESIAN_POINT('',(-0.,-2.));
#3613 = VECTOR('',#3614,1.);
#3614 = DIRECTION('',(-1.,0.));
#3615 = ( GEOMETRIC_REPRESENTATION_CONTEXT(2) 
PARAMETRIC_REPRESENTATION_CONTEXT() REPRESENTATION_CONTEXT('2D SPACE',''
  ) );
#3616 = PCURVE('',#3352,#3617);
#3617 = DEFINITIONAL_REPRESENTATION('',(#3618),#3626);
#3618 = ( BOUNDED_CURVE() B_SPLINE_CURVE(2,(#3619,#3620,#3621,#3622,
#3623,#3624,#3625),.UNSPECIFIED.,.T.,.F.) B_SPLINE_CURVE_WITH_KNOTS((1,2
    ,2,2,2,1),(-2.094395102393,0.,2.094395102393,4.188790204786,
6.28318530718,8.377580409573),.UNSPECIFIED.) CURVE() 
GEOMETRIC_REPRESENTATION_ITEM() RATIONAL_B_SPLINE_CURVE((1.,0.5,1.,0.5,
1.,0.5,1.)) REPRESENTATION_ITEM('') );
#3619 = CARTESIAN_POINT('',(-8.,-7.5));
#3620 = CARTESIAN_POINT('',(-8.,-6.633974596216));
#3621 = CARTESIAN_POINT('',(-7.25,-7.066987298108));
#3622 = CARTESIAN_POINT('',(-6.5,-7.5));
#3623 = CARTESIAN_POINT('',(-7.25,-7.933012701892));
#3624 = CARTESIAN_POINT('',(-8.,-8.366025403784));
#3625 = CARTESIAN_POINT('',(-8.,-7.5));
#3626 = ( GEOMETRIC_REPRESENTATION_CONTEXT(2) 
PARAMETRIC_REPRESENTATION_CONTEXT() REPRESENTATION_CONTEXT('2D SPACE',''
  ) );
#3627 = ADVANCED_FACE('',(#3628),#2994,.T.);
#3628 = FACE_BOUND('',#3629,.T.);
#3629 = EDGE_LOOP('',(#3630,#3653,#3654,#3655,#3656,#3657));
#3630 = ORIENTED_EDGE('',*,*,#3631,.F.);
#3631 = EDGE_CURVE('',#3111,#3632,#3634,.T.);
#3632 = VERTEX_POINT('',#3633);
#3633 = CARTESIAN_POINT('',(-8.,7.5,-3.5));
#3634 = SURFACE_CURVE('',#3635,(#3639,#3646),.PCURVE_S1.);
#3635 = LINE('',#3636,#3637);
#3636 = CARTESIAN_POINT('',(-8.,7.5,-1.5));
#3637 = VECTOR('',#3638,1.);
#3638 = DIRECTION('',(0.,0.,-1.));
#3639 = PCURVE('',#2994,#3640);
#3640 = DEFINITIONAL_REPRESENTATION('',(#3641),#3645);
#3641 = LINE('',#3642,#3643);
#3642 = CARTESIAN_POINT('',(15.,0.));
#3643 = VECTOR('',#3644,1.);
#3644 = DIRECTION('',(0.,-1.));
#3645 = ( GEOMETRIC_REPRESENTATION_CONTEXT(2) 
PARAMETRIC_REPRESENTATION_CONTEXT() REPRESENTATION_CONTEXT('2D SPACE',''
  ) );
#3646 = PCURVE('',#3216,#3647);
#3647 = DEFINITIONAL_REPRESENTATION('',(#3648),#3652);
#3648 = LINE('',#3649,#3650);
#3649 = CARTESIAN_POINT('',(-1.28E-15,0.));
#3650 = VECTOR('',#3651,1.);
#3651 = DIRECTION('',(-0.,-1.));
#3652 = ( GEOMETRIC_REPRESENTATION_CONTEXT(2) 
PARAMETRIC_REPRESENTATION_CONTEXT() REPRESENTATION_CONTEXT('2D SPACE',''
  ) );
#3653 = ORIENTED_EDGE('',*,*,#3110,.F.);
#3654 = ORIENTED_EDGE('',*,*,#3064,.F.);
#3655 = ORIENTED_EDGE('',*,*,#2968,.F.);
#3656 = ORIENTED_EDGE('',*,*,#3577,.T.);
#3657 = ORIENTED_EDGE('',*,*,#3658,.T.);
#3658 = EDGE_CURVE('',#3578,#3632,#3659,.T.);
#3659 = SURFACE_CURVE('',#3660,(#3664,#3671),.PCURVE_S1.);
#3660 = LINE('',#3661,#3662);
#3661 = CARTESIAN_POINT('',(-8.,-7.5,-3.5));
#3662 = VECTOR('',#3663,1.);
#3663 = DIRECTION('',(0.,1.,0.));
#3664 = PCURVE('',#2994,#3665);
#3665 = DEFINITIONAL_REPRESENTATION('',(#3666),#3670);
#3666 = LINE('',#3667,#3668);
#3667 = CARTESIAN_POINT('',(0.,-2.));
#3668 = VECTOR('',#3669,1.);
#3669 = DIRECTION('',(1.,0.));
#3670 = ( GEOMETRIC_REPRESENTATION_CONTEXT(2) 
PARAMETRIC_REPRESENTATION_CONTEXT() REPRESENTATION_CONTEXT('2D SPACE',''
  ) );
#3671 = PCURVE('',#3352,#3672);
#3672 = DEFINITIONAL_REPRESENTATION('',(#3673),#3677);
#3673 = LINE('',#3674,#3675);
#3674 = CARTESIAN_POINT('',(-8.,-7.5));
#3675 = VECTOR('',#3676,1.);
#3676 = DIRECTION('',(0.,1.));
#3677 = ( GEOMETRIC_REPRESENTATION_CONTEXT(2) 
PARAMETRIC_REPRESENTATION_CONTEXT() REPRESENTATION_CONTEXT('2D SPACE',''
  ) );
#3678 = ADVANCED_FACE('',(#3679),#3216,.F.);
#3679 = FACE_BOUND('',#3680,.T.);
#3680 = EDGE_LOOP('',(#3681,#3682,#3683,#3684));
#3681 = ORIENTED_EDGE('',*,*,#3498,.F.);
#3682 = ORIENTED_EDGE('',*,*,#3166,.T.);
#3683 = ORIENTED_EDGE('',*,*,#3631,.T.);
#3684 = ORIENTED_EDGE('',*,*,#3685,.T.);
#3685 = EDGE_CURVE('',#3632,#3499,#3686,.T.);
#3686 = SURFACE_CURVE('',#3687,(#3692,#3699),.PCURVE_S1.);
#3687 = CIRCLE('',#3688,0.5);
#3688 = AXIS2_PLACEMENT_3D('',#3689,#3690,#3691);
#3689 = CARTESIAN_POINT('',(-7.5,7.5,-3.5));
#3690 = DIRECTION('',(0.,0.,-1.));
#3691 = DIRECTION('',(-1.,0.,0.));
#3692 = PCURVE('',#3216,#3693);
#3693 = DEFINITIONAL_REPRESENTATION('',(#3694),#3698);
#3694 = LINE('',#3695,#3696);
#3695 = CARTESIAN_POINT('',(-0.,-2.));
#3696 = VECTOR('',#3697,1.);
#3697 = DIRECTION('',(-1.,0.));
#3698 = ( GEOMETRIC_REPRESENTATION_CONTEXT(2) 
PARAMETRIC_REPRESENTATION_CONTEXT() REPRESENTATION_CONTEXT('2D SPACE',''
  ) );
#3699 = PCURVE('',#3352,#3700);
#3700 = DEFINITIONAL_REPRESENTATION('',(#3701),#3709);
#3701 = ( BOUNDED_CURVE() B_SPLINE_CURVE(2,(#3702,#3703,#3704,#3705,
#3706,#3707,#3708),.UNSPECIFIED.,.T.,.F.) B_SPLINE_CURVE_WITH_KNOTS((1,2
    ,2,2,2,1),(-2.094395102393,0.,2.094395102393,4.188790204786,
6.28318530718,8.377580409573),.UNSPECIFIED.) CURVE() 
GEOMETRIC_REPRESENTATION_ITEM() RATIONAL_B_SPLINE_CURVE((1.,0.5,1.,0.5,
1.,0.5,1.)) REPRESENTATION_ITEM('') );
#3702 = CARTESIAN_POINT('',(-8.,7.5));
#3703 = CARTESIAN_POINT('',(-8.,8.366025403784));
#3704 = CARTESIAN_POINT('',(-7.25,7.933012701892));
#3705 = CARTESIAN_POINT('',(-6.5,7.5));
#3706 = CARTESIAN_POINT('',(-7.25,7.066987298108));
#3707 = CARTESIAN_POINT('',(-8.,6.633974596216));
#3708 = CARTESIAN_POINT('',(-8.,7.5));
#3709 = ( GEOMETRIC_REPRESENTATION_CONTEXT(2) 
PARAMETRIC_REPRESENTATION_CONTEXT() REPRESENTATION_CONTEXT('2D SPACE',''
  ) );
#3710 = ADVANCED_FACE('',(#3711,#3957),#3352,.F.);
#3711 = FACE_BOUND('',#3712,.F.);
#3712 = EDGE_LOOP('',(#3713,#3743,#3776,#3804,#3837,#3865,#3898,#3926));
#3713 = ORIENTED_EDGE('',*,*,#3714,.F.);
#3714 = EDGE_CURVE('',#3715,#3717,#3719,.T.);
#3715 = VERTEX_POINT('',#3716);
#3716 = CARTESIAN_POINT('',(7.5,-9.,-3.5));
#3717 = VERTEX_POINT('',#3718);
#3718 = CARTESIAN_POINT('',(-7.5,-9.,-3.5));
#3719 = SURFACE_CURVE('',#3720,(#3724,#3731),.PCURVE_S1.);
#3720 = LINE('',#3721,#3722);
#3721 = CARTESIAN_POINT('',(7.5,-9.,-3.5));
#3722 = VECTOR('',#3723,1.);
#3723 = DIRECTION('',(-1.,0.,0.));
#3724 = PCURVE('',#3352,#3725);
#3725 = DEFINITIONAL_REPRESENTATION('',(#3726),#3730);
#3726 = LINE('',#3727,#3728);
#3727 = CARTESIAN_POINT('',(7.5,-9.));
#3728 = VECTOR('',#3729,1.);
#3729 = DIRECTION('',(-1.,0.));
#3730 = ( GEOMETRIC_REPRESENTATION_CONTEXT(2) 
PARAMETRIC_REPRESENTATION_CONTEXT() REPRESENTATION_CONTEXT('2D SPACE',''
  ) );
#3731 = PCURVE('',#3732,#3737);
#3732 = PLANE('',#3733);
#3733 = AXIS2_PLACEMENT_3D('',#3734,#3735,#3736);
#3734 = CARTESIAN_POINT('',(7.5,-9.,-1.5));
#3735 = DIRECTION('',(0.,1.,0.));
#3736 = DIRECTION('',(-1.,0.,0.));
#3737 = DEFINITIONAL_REPRESENTATION('',(#3738),#3742);
#3738 = LINE('',#3739,#3740);
#3739 = CARTESIAN_POINT('',(0.,-2.));
#3740 = VECTOR('',#3741,1.);
#3741 = DIRECTION('',(1.,0.));
#3742 = ( GEOMETRIC_REPRESENTATION_CONTEXT(2) 
PARAMETRIC_REPRESENTATION_CONTEXT() REPRESENTATION_CONTEXT('2D SPACE',''
  ) );
#3743 = ORIENTED_EDGE('',*,*,#3744,.F.);
#3744 = EDGE_CURVE('',#3745,#3715,#3747,.T.);
#3745 = VERTEX_POINT('',#3746);
#3746 = CARTESIAN_POINT('',(9.,-7.5,-3.5));
#3747 = SURFACE_CURVE('',#3748,(#3753,#3764),.PCURVE_S1.);
#3748 = CIRCLE('',#3749,1.5);
#3749 = AXIS2_PLACEMENT_3D('',#3750,#3751,#3752);
#3750 = CARTESIAN_POINT('',(7.5,-7.5,-3.5));
#3751 = DIRECTION('',(0.,0.,-1.));
#3752 = DIRECTION('',(-1.,0.,0.));
#3753 = PCURVE('',#3352,#3754);
#3754 = DEFINITIONAL_REPRESENTATION('',(#3755),#3763);
#3755 = ( BOUNDED_CURVE() B_SPLINE_CURVE(2,(#3756,#3757,#3758,#3759,
#3760,#3761,#3762),.UNSPECIFIED.,.T.,.F.) B_SPLINE_CURVE_WITH_KNOTS((1,2
    ,2,2,2,1),(-2.094395102393,0.,2.094395102393,4.188790204786,
6.28318530718,8.377580409573),.UNSPECIFIED.) CURVE() 
GEOMETRIC_REPRESENTATION_ITEM() RATIONAL_B_SPLINE_CURVE((1.,0.5,1.,0.5,
1.,0.5,1.)) REPRESENTATION_ITEM('') );
#3756 = CARTESIAN_POINT('',(6.,-7.5));
#3757 = CARTESIAN_POINT('',(6.,-4.901923788647));
#3758 = CARTESIAN_POINT('',(8.25,-6.200961894323));
#3759 = CARTESIAN_POINT('',(10.5,-7.5));
#3760 = CARTESIAN_POINT('',(8.25,-8.799038105677));
#3761 = CARTESIAN_POINT('',(6.,-10.09807621135));
#3762 = CARTESIAN_POINT('',(6.,-7.5));
#3763 = ( GEOMETRIC_REPRESENTATION_CONTEXT(2) 
PARAMETRIC_REPRESENTATION_CONTEXT() REPRESENTATION_CONTEXT('2D SPACE',''
  ) );
#3764 = PCURVE('',#3765,#3770);
#3765 = CYLINDRICAL_SURFACE('',#3766,1.5);
#3766 = AXIS2_PLACEMENT_3D('',#3767,#3768,#3769);
#3767 = CARTESIAN_POINT('',(7.5,-7.5,-1.5));
#3768 = DIRECTION('',(0.,0.,1.));
#3769 = DIRECTION('',(-1.,0.,0.));
#3770 = DEFINITIONAL_REPRESENTATION('',(#3771),#3775);
#3771 = LINE('',#3772,#3773);
#3772 = CARTESIAN_POINT('',(-0.,-2.));
#3773 = VECTOR('',#3774,1.);
#3774 = DIRECTION('',(-1.,0.));
#3775 = ( GEOMETRIC_REPRESENTATION_CONTEXT(2) 
PARAMETRIC_REPRESENTATION_CONTEXT() REPRESENTATION_CONTEXT('2D SPACE',''
  ) );
#3776 = ORIENTED_EDGE('',*,*,#3777,.F.);
#3777 = EDGE_CURVE('',#3778,#3745,#3780,.T.);
#3778 = VERTEX_POINT('',#3779);
#3779 = CARTESIAN_POINT('',(9.,7.5,-3.5));
#3780 = SURFACE_CURVE('',#3781,(#3785,#3792),.PCURVE_S1.);
#3781 = LINE('',#3782,#3783);
#3782 = CARTESIAN_POINT('',(9.,7.5,-3.5));
#3783 = VECTOR('',#3784,1.);
#3784 = DIRECTION('',(0.,-1.,0.));
#3785 = PCURVE('',#3352,#3786);
#3786 = DEFINITIONAL_REPRESENTATION('',(#3787),#3791);
#3787 = LINE('',#3788,#3789);
#3788 = CARTESIAN_POINT('',(9.,7.5));
#3789 = VECTOR('',#3790,1.);
#3790 = DIRECTION('',(0.,-1.));
#3791 = ( GEOMETRIC_REPRESENTATION_CONTEXT(2) 
PARAMETRIC_REPRESENTATION_CONTEXT() REPRESENTATION_CONTEXT('2D SPACE',''
  ) );
#3792 = PCURVE('',#3793,#3798);
#3793 = PLANE('',#3794);
#3794 = AXIS2_PLACEMENT_3D('',#3795,#3796,#3797);
#3795 = CARTESIAN_POINT('',(9.,7.5,-1.5));
#3796 = DIRECTION('',(-1.,0.,0.));
#3797 = DIRECTION('',(0.,-1.,0.));
#3798 = DEFINITIONAL_REPRESENTATION('',(#3799),#3803);
#3799 = LINE('',#3800,#3801);
#3800 = CARTESIAN_POINT('',(0.,-2.));
#3801 = VECTOR('',#3802,1.);
#3802 = DIRECTION('',(1.,0.));
#3803 = ( GEOMETRIC_REPRESENTATION_CONTEXT(2) 
PARAMETRIC_REPRESENTATION_CONTEXT() REPRESENTATION_CONTEXT('2D SPACE',''
  ) );
#3804 = ORIENTED_EDGE('',*,*,#3805,.F.);
#3805 = EDGE_CURVE('',#3806,#3778,#3808,.T.);
#3806 = VERTEX_POINT('',#3807);
#3807 = CARTESIAN_POINT('',(7.5,9.,-3.5));
#3808 = SURFACE_CURVE('',#3809,(#3814,#3825),.PCURVE_S1.);
#3809 = CIRCLE('',#3810,1.5);
#3810 = AXIS2_PLACEMENT_3D('',#3811,#3812,#3813);
#3811 = CARTESIAN_POINT('',(7.5,7.5,-3.5));
#3812 = DIRECTION('',(0.,0.,-1.));
#3813 = DIRECTION('',(-1.,0.,0.));
#3814 = PCURVE('',#3352,#3815);
#3815 = DEFINITIONAL_REPRESENTATION('',(#3816),#3824);
#3816 = ( BOUNDED_CURVE() B_SPLINE_CURVE(2,(#3817,#3818,#3819,#3820,
#3821,#3822,#3823),.UNSPECIFIED.,.T.,.F.) B_SPLINE_CURVE_WITH_KNOTS((1,2
    ,2,2,2,1),(-2.094395102393,0.,2.094395102393,4.188790204786,
6.28318530718,8.377580409573),.UNSPECIFIED.) CURVE() 
GEOMETRIC_REPRESENTATION_ITEM() RATIONAL_B_SPLINE_CURVE((1.,0.5,1.,0.5,
1.,0.5,1.)) REPRESENTATION_ITEM('') );
#3817 = CARTESIAN_POINT('',(6.,7.5));
#3818 = CARTESIAN_POINT('',(6.,10.098076211353));
#3819 = CARTESIAN_POINT('',(8.25,8.799038105677));
#3820 = CARTESIAN_POINT('',(10.5,7.5));
#3821 = CARTESIAN_POINT('',(8.25,6.200961894323));
#3822 = CARTESIAN_POINT('',(6.,4.901923788647));
#3823 = CARTESIAN_POINT('',(6.,7.5));
#3824 = ( GEOMETRIC_REPRESENTATION_CONTEXT(2) 
PARAMETRIC_REPRESENTATION_CONTEXT() REPRESENTATION_CONTEXT('2D SPACE',''
  ) );
#3825 = PCURVE('',#3826,#3831);
#3826 = CYLINDRICAL_SURFACE('',#3827,1.5);
#3827 = AXIS2_PLACEMENT_3D('',#3828,#3829,#3830);
#3828 = CARTESIAN_POINT('',(7.5,7.5,-1.5));
#3829 = DIRECTION('',(0.,0.,1.));
#3830 = DIRECTION('',(-1.,0.,0.));
#3831 = DEFINITIONAL_REPRESENTATION('',(#3832),#3836);
#3832 = LINE('',#3833,#3834);
#3833 = CARTESIAN_POINT('',(-0.,-2.));
#3834 = VECTOR('',#3835,1.);
#3835 = DIRECTION('',(-1.,0.));
#3836 = ( GEOMETRIC_REPRESENTATION_CONTEXT(2) 
PARAMETRIC_REPRESENTATION_CONTEXT() REPRESENTATION_CONTEXT('2D SPACE',''
  ) );
#3837 = ORIENTED_EDGE('',*,*,#3838,.F.);
#3838 = EDGE_CURVE('',#3839,#3806,#3841,.T.);
#3839 = VERTEX_POINT('',#3840);
#3840 = CARTESIAN_POINT('',(-7.5,9.,-3.5));
#3841 = SURFACE_CURVE('',#3842,(#3846,#3853),.PCURVE_S1.);
#3842 = LINE('',#3843,#3844);
#3843 = CARTESIAN_POINT('',(-7.5,9.,-3.5));
#3844 = VECTOR('',#3845,1.);
#3845 = DIRECTION('',(1.,0.,0.));
#3846 = PCURVE('',#3352,#3847);
#3847 = DEFINITIONAL_REPRESENTATION('',(#3848),#3852);
#3848 = LINE('',#3849,#3850);
#3849 = CARTESIAN_POINT('',(-7.5,9.));
#3850 = VECTOR('',#3851,1.);
#3851 = DIRECTION('',(1.,0.));
#3852 = ( GEOMETRIC_REPRESENTATION_CONTEXT(2) 
PARAMETRIC_REPRESENTATION_CONTEXT() REPRESENTATION_CONTEXT('2D SPACE',''
  ) );
#3853 = PCURVE('',#3854,#3859);
#3854 = PLANE('',#3855);
#3855 = AXIS2_PLACEMENT_3D('',#3856,#3857,#3858);
#3856 = CARTESIAN_POINT('',(-7.5,9.,-1.5));
#3857 = DIRECTION('',(0.,-1.,0.));
#3858 = DIRECTION('',(1.,0.,0.));
#3859 = DEFINITIONAL_REPRESENTATION('',(#3860),#3864);
#3860 = LINE('',#3861,#3862);
#3861 = CARTESIAN_POINT('',(0.,-2.));
#3862 = VECTOR('',#3863,1.);
#3863 = DIRECTION('',(1.,0.));
#3864 = ( GEOMETRIC_REPRESENTATION_CONTEXT(2) 
PARAMETRIC_REPRESENTATION_CONTEXT() REPRESENTATION_CONTEXT('2D SPACE',''
  ) );
#3865 = ORIENTED_EDGE('',*,*,#3866,.F.);
#3866 = EDGE_CURVE('',#3867,#3839,#3869,.T.);
#3867 = VERTEX_POINT('',#3868);
#3868 = CARTESIAN_POINT('',(-9.,7.5,-3.5));
#3869 = SURFACE_CURVE('',#3870,(#3875,#3886),.PCURVE_S1.);
#3870 = CIRCLE('',#3871,1.5);
#3871 = AXIS2_PLACEMENT_3D('',#3872,#3873,#3874);
#3872 = CARTESIAN_POINT('',(-7.5,7.5,-3.5));
#3873 = DIRECTION('',(0.,0.,-1.));
#3874 = DIRECTION('',(-1.,0.,0.));
#3875 = PCURVE('',#3352,#3876);
#3876 = DEFINITIONAL_REPRESENTATION('',(#3877),#3885);
#3877 = ( BOUNDED_CURVE() B_SPLINE_CURVE(2,(#3878,#3879,#3880,#3881,
#3882,#3883,#3884),.UNSPECIFIED.,.T.,.F.) B_SPLINE_CURVE_WITH_KNOTS((1,2
    ,2,2,2,1),(-2.094395102393,0.,2.094395102393,4.188790204786,
6.28318530718,8.377580409573),.UNSPECIFIED.) CURVE() 
GEOMETRIC_REPRESENTATION_ITEM() RATIONAL_B_SPLINE_CURVE((1.,0.5,1.,0.5,
1.,0.5,1.)) REPRESENTATION_ITEM('') );
#3878 = CARTESIAN_POINT('',(-9.,7.5));
#3879 = CARTESIAN_POINT('',(-9.,10.098076211353));
#3880 = CARTESIAN_POINT('',(-6.75,8.799038105677));
#3881 = CARTESIAN_POINT('',(-4.5,7.5));
#3882 = CARTESIAN_POINT('',(-6.75,6.200961894323));
#3883 = CARTESIAN_POINT('',(-9.,4.901923788647));
#3884 = CARTESIAN_POINT('',(-9.,7.5));
#3885 = ( GEOMETRIC_REPRESENTATION_CONTEXT(2) 
PARAMETRIC_REPRESENTATION_CONTEXT() REPRESENTATION_CONTEXT('2D SPACE',''
  ) );
#3886 = PCURVE('',#3887,#3892);
#3887 = CYLINDRICAL_SURFACE('',#3888,1.5);
#3888 = AXIS2_PLACEMENT_3D('',#3889,#3890,#3891);
#3889 = CARTESIAN_POINT('',(-7.5,7.5,-1.5));
#3890 = DIRECTION('',(0.,0.,1.));
#3891 = DIRECTION('',(-1.,0.,0.));
#3892 = DEFINITIONAL_REPRESENTATION('',(#3893),#3897);
#3893 = LINE('',#3894,#3895);
#3894 = CARTESIAN_POINT('',(-0.,-2.));
#3895 = VECTOR('',#3896,1.);
#3896 = DIRECTION('',(-1.,0.));
#3897 = ( GEOMETRIC_REPRESENTATION_CONTEXT(2) 
PARAMETRIC_REPRESENTATION_CONTEXT() REPRESENTATION_CONTEXT('2D SPACE',''
  ) );
#3898 = ORIENTED_EDGE('',*,*,#3899,.F.);
#3899 = EDGE_CURVE('',#3900,#3867,#3902,.T.);
#3900 = VERTEX_POINT('',#3901);
#3901 = CARTESIAN_POINT('',(-9.,-7.5,-3.5));
#3902 = SURFACE_CURVE('',#3903,(#3907,#3914),.PCURVE_S1.);
#3903 = LINE('',#3904,#3905);
#3904 = CARTESIAN_POINT('',(-9.,-7.5,-3.5));
#3905 = VECTOR('',#3906,1.);
#3906 = DIRECTION('',(0.,1.,0.));
#3907 = PCURVE('',#3352,#3908);
#3908 = DEFINITIONAL_REPRESENTATION('',(#3909),#3913);
#3909 = LINE('',#3910,#3911);
#3910 = CARTESIAN_POINT('',(-9.,-7.5));
#3911 = VECTOR('',#3912,1.);
#3912 = DIRECTION('',(0.,1.));
#3913 = ( GEOMETRIC_REPRESENTATION_CONTEXT(2) 
PARAMETRIC_REPRESENTATION_CONTEXT() REPRESENTATION_CONTEXT('2D SPACE',''
  ) );
#3914 = PCURVE('',#3915,#3920);
#3915 = PLANE('',#3916);
#3916 = AXIS2_PLACEMENT_3D('',#3917,#3918,#3919);
#3917 = CARTESIAN_POINT('',(-9.,-7.5,-1.5));
#3918 = DIRECTION('',(1.,0.,0.));
#3919 = DIRECTION('',(0.,1.,0.));
#3920 = DEFINITIONAL_REPRESENTATION('',(#3921),#3925);
#3921 = LINE('',#3922,#3923);
#3922 = CARTESIAN_POINT('',(0.,-2.));
#3923 = VECTOR('',#3924,1.);
#3924 = DIRECTION('',(1.,0.));
#3925 = ( GEOMETRIC_REPRESENTATION_CONTEXT(2) 
PARAMETRIC_REPRESENTATION_CONTEXT() REPRESENTATION_CONTEXT('2D SPACE',''
  ) );
#3926 = ORIENTED_EDGE('',*,*,#3927,.F.);
#3927 = EDGE_CURVE('',#3717,#3900,#3928,.T.);
#3928 = SURFACE_CURVE('',#3929,(#3934,#3945),.PCURVE_S1.);
#3929 = CIRCLE('',#3930,1.5);
#3930 = AXIS2_PLACEMENT_3D('',#3931,#3932,#3933);
#3931 = CARTESIAN_POINT('',(-7.5,-7.5,-3.5));
#3932 = DIRECTION('',(0.,0.,-1.));
#3933 = DIRECTION('',(-1.,0.,0.));
#3934 = PCURVE('',#3352,#3935);
#3935 = DEFINITIONAL_REPRESENTATION('',(#3936),#3944);
#3936 = ( BOUNDED_CURVE() B_SPLINE_CURVE(2,(#3937,#3938,#3939,#3940,
#3941,#3942,#3943),.UNSPECIFIED.,.T.,.F.) B_SPLINE_CURVE_WITH_KNOTS((1,2
    ,2,2,2,1),(-2.094395102393,0.,2.094395102393,4.188790204786,
6.28318530718,8.377580409573),.UNSPECIFIED.) CURVE() 
GEOMETRIC_REPRESENTATION_ITEM() RATIONAL_B_SPLINE_CURVE((1.,0.5,1.,0.5,
1.,0.5,1.)) REPRESENTATION_ITEM('') );
#3937 = CARTESIAN_POINT('',(-9.,-7.5));
#3938 = CARTESIAN_POINT('',(-9.,-4.901923788647));
#3939 = CARTESIAN_POINT('',(-6.75,-6.200961894323));
#3940 = CARTESIAN_POINT('',(-4.5,-7.5));
#3941 = CARTESIAN_POINT('',(-6.75,-8.799038105677));
#3942 = CARTESIAN_POINT('',(-9.,-10.09807621135));
#3943 = CARTESIAN_POINT('',(-9.,-7.5));
#3944 = ( GEOMETRIC_REPRESENTATION_CONTEXT(2) 
PARAMETRIC_REPRESENTATION_CONTEXT() REPRESENTATION_CONTEXT('2D SPACE',''
  ) );
#3945 = PCURVE('',#3946,#3951);
#3946 = CYLINDRICAL_SURFACE('',#3947,1.5);
#3947 = AXIS2_PLACEMENT_3D('',#3948,#3949,#3950);
#3948 = CARTESIAN_POINT('',(-7.5,-7.5,-1.5));
#3949 = DIRECTION('',(0.,0.,1.));
#3950 = DIRECTION('',(-1.,0.,0.));
#3951 = DEFINITIONAL_REPRESENTATION('',(#3952),#3956);
#3952 = LINE('',#3953,#3954);
#3953 = CARTESIAN_POINT('',(-0.,-2.));
#3954 = VECTOR('',#3955,1.);
#3955 = DIRECTION('',(-1.,0.));
#3956 = ( GEOMETRIC_REPRESENTATION_CONTEXT(2) 
PARAMETRIC_REPRESENTATION_CONTEXT() REPRESENTATION_CONTEXT('2D SPACE',''
  ) );
#3957 = FACE_BOUND('',#3958,.F.);
#3958 = EDGE_LOOP('',(#3959,#3960,#3961,#3962,#3963,#3964,#3965,#3966));
#3959 = ORIENTED_EDGE('',*,*,#3338,.T.);
#3960 = ORIENTED_EDGE('',*,*,#3367,.T.);
#3961 = ORIENTED_EDGE('',*,*,#3422,.T.);
#3962 = ORIENTED_EDGE('',*,*,#3602,.T.);
#3963 = ORIENTED_EDGE('',*,*,#3658,.T.);
#3964 = ORIENTED_EDGE('',*,*,#3685,.T.);
#3965 = ORIENTED_EDGE('',*,*,#3521,.T.);
#3966 = ORIENTED_EDGE('',*,*,#3548,.T.);
#3967 = ADVANCED_FACE('',(#3968),#3732,.F.);
#3968 = FACE_BOUND('',#3969,.F.);
#3969 = EDGE_LOOP('',(#3970,#3993,#3994,#4017));
#3970 = ORIENTED_EDGE('',*,*,#3971,.T.);
#3971 = EDGE_CURVE('',#3972,#3715,#3974,.T.);
#3972 = VERTEX_POINT('',#3973);
#3973 = CARTESIAN_POINT('',(7.5,-9.,-1.5));
#3974 = SURFACE_CURVE('',#3975,(#3979,#3986),.PCURVE_S1.);
#3975 = LINE('',#3976,#3977);
#3976 = CARTESIAN_POINT('',(7.5,-9.,-1.5));
#3977 = VECTOR('',#3978,1.);
#3978 = DIRECTION('',(-0.,-0.,-1.));
#3979 = PCURVE('',#3732,#3980);
#3980 = DEFINITIONAL_REPRESENTATION('',(#3981),#3985);
#3981 = LINE('',#3982,#3983);
#3982 = CARTESIAN_POINT('',(0.,0.));
#3983 = VECTOR('',#3984,1.);
#3984 = DIRECTION('',(0.,-1.));
#3985 = ( GEOMETRIC_REPRESENTATION_CONTEXT(2) 
PARAMETRIC_REPRESENTATION_CONTEXT() REPRESENTATION_CONTEXT('2D SPACE',''
  ) );
#3986 = PCURVE('',#3765,#3987);
#3987 = DEFINITIONAL_REPRESENTATION('',(#3988),#3992);
#3988 = LINE('',#3989,#3990);
#3989 = CARTESIAN_POINT('',(-4.712388980385,0.));
#3990 = VECTOR('',#3991,1.);
#3991 = DIRECTION('',(-0.,-1.));
#3992 = ( GEOMETRIC_REPRESENTATION_CONTEXT(2) 
PARAMETRIC_REPRESENTATION_CONTEXT() REPRESENTATION_CONTEXT('2D SPACE',''
  ) );
#3993 = ORIENTED_EDGE('',*,*,#3714,.T.);
#3994 = ORIENTED_EDGE('',*,*,#3995,.F.);
#3995 = EDGE_CURVE('',#3996,#3717,#3998,.T.);
#3996 = VERTEX_POINT('',#3997);
#3997 = CARTESIAN_POINT('',(-7.5,-9.,-1.5));
#3998 = SURFACE_CURVE('',#3999,(#4003,#4010),.PCURVE_S1.);
#3999 = LINE('',#4000,#4001);
#4000 = CARTESIAN_POINT('',(-7.5,-9.,-1.5));
#4001 = VECTOR('',#4002,1.);
#4002 = DIRECTION('',(-0.,-0.,-1.));
#4003 = PCURVE('',#3732,#4004);
#4004 = DEFINITIONAL_REPRESENTATION('',(#4005),#4009);
#4005 = LINE('',#4006,#4007);
#4006 = CARTESIAN_POINT('',(15.,0.));
#4007 = VECTOR('',#4008,1.);
#4008 = DIRECTION('',(0.,-1.));
#4009 = ( GEOMETRIC_REPRESENTATION_CONTEXT(2) 
PARAMETRIC_REPRESENTATION_CONTEXT() REPRESENTATION_CONTEXT('2D SPACE',''
  ) );
#4010 = PCURVE('',#3946,#4011);
#4011 = DEFINITIONAL_REPRESENTATION('',(#4012),#4016);
#4012 = LINE('',#4013,#4014);
#4013 = CARTESIAN_POINT('',(-4.712388980385,0.));
#4014 = VECTOR('',#4015,1.);
#4015 = DIRECTION('',(-0.,-1.));
#4016 = ( GEOMETRIC_REPRESENTATION_CONTEXT(2) 
PARAMETRIC_REPRESENTATION_CONTEXT() REPRESENTATION_CONTEXT('2D SPACE',''
  ) );
#4017 = ORIENTED_EDGE('',*,*,#4018,.F.);
#4018 = EDGE_CURVE('',#3972,#3996,#4019,.T.);
#4019 = SURFACE_CURVE('',#4020,(#4024,#4031),.PCURVE_S1.);
#4020 = LINE('',#4021,#4022);
#4021 = CARTESIAN_POINT('',(7.5,-9.,-1.5));
#4022 = VECTOR('',#4023,1.);
#4023 = DIRECTION('',(-1.,0.,0.));
#4024 = PCURVE('',#3732,#4025);
#4025 = DEFINITIONAL_REPRESENTATION('',(#4026),#4030);
#4026 = LINE('',#4027,#4028);
#4027 = CARTESIAN_POINT('',(0.,0.));
#4028 = VECTOR('',#4029,1.);
#4029 = DIRECTION('',(1.,0.));
#4030 = ( GEOMETRIC_REPRESENTATION_CONTEXT(2) 
PARAMETRIC_REPRESENTATION_CONTEXT() REPRESENTATION_CONTEXT('2D SPACE',''
  ) );
#4031 = PCURVE('',#4032,#4037);
#4032 = B_SPLINE_SURFACE_WITH_KNOTS('',1,1,(
    (#4033,#4034)
    ,(#4035,#4036
    )),.UNSPECIFIED.,.F.,.F.,.F.,(2,2),(2,2),(-15.,0.),(0.,1.),
  .PIECEWISE_BEZIER_KNOTS.);
#4033 = CARTESIAN_POINT('',(-6.,-7.5,0.));
#4034 = CARTESIAN_POINT('',(-7.5,-9.,-1.5));
#4035 = CARTESIAN_POINT('',(6.,-7.5,0.));
#4036 = CARTESIAN_POINT('',(7.5,-9.,-1.5));
#4037 = DEFINITIONAL_REPRESENTATION('',(#4038),#4042);
#4038 = LINE('',#4039,#4040);
#4039 = CARTESIAN_POINT('',(0.,1.));
#4040 = VECTOR('',#4041,1.);
#4041 = DIRECTION('',(-1.,0.));
#4042 = ( GEOMETRIC_REPRESENTATION_CONTEXT(2) 
PARAMETRIC_REPRESENTATION_CONTEXT() REPRESENTATION_CONTEXT('2D SPACE',''
  ) );
#4043 = ADVANCED_FACE('',(#4044),#3765,.T.);
#4044 = FACE_BOUND('',#4045,.F.);
#4045 = EDGE_LOOP('',(#4046,#4069,#4070,#4071));
#4046 = ORIENTED_EDGE('',*,*,#4047,.T.);
#4047 = EDGE_CURVE('',#4048,#3745,#4050,.T.);
#4048 = VERTEX_POINT('',#4049);
#4049 = CARTESIAN_POINT('',(9.,-7.5,-1.5));
#4050 = SURFACE_CURVE('',#4051,(#4055,#4062),.PCURVE_S1.);
#4051 = LINE('',#4052,#4053);
#4052 = CARTESIAN_POINT('',(9.,-7.5,-1.5));
#4053 = VECTOR('',#4054,1.);
#4054 = DIRECTION('',(-0.,-0.,-1.));
#4055 = PCURVE('',#3765,#4056);
#4056 = DEFINITIONAL_REPRESENTATION('',(#4057),#4061);
#4057 = LINE('',#4058,#4059);
#4058 = CARTESIAN_POINT('',(-3.14159265359,0.));
#4059 = VECTOR('',#4060,1.);
#4060 = DIRECTION('',(-0.,-1.));
#4061 = ( GEOMETRIC_REPRESENTATION_CONTEXT(2) 
PARAMETRIC_REPRESENTATION_CONTEXT() REPRESENTATION_CONTEXT('2D SPACE',''
  ) );
#4062 = PCURVE('',#3793,#4063);
#4063 = DEFINITIONAL_REPRESENTATION('',(#4064),#4068);
#4064 = LINE('',#4065,#4066);
#4065 = CARTESIAN_POINT('',(15.,0.));
#4066 = VECTOR('',#4067,1.);
#4067 = DIRECTION('',(0.,-1.));
#4068 = ( GEOMETRIC_REPRESENTATION_CONTEXT(2) 
PARAMETRIC_REPRESENTATION_CONTEXT() REPRESENTATION_CONTEXT('2D SPACE',''
  ) );
#4069 = ORIENTED_EDGE('',*,*,#3744,.T.);
#4070 = ORIENTED_EDGE('',*,*,#3971,.F.);
#4071 = ORIENTED_EDGE('',*,*,#4072,.F.);
#4072 = EDGE_CURVE('',#4048,#3972,#4073,.T.);
#4073 = SURFACE_CURVE('',#4074,(#4079,#4086),.PCURVE_S1.);
#4074 = CIRCLE('',#4075,1.5);
#4075 = AXIS2_PLACEMENT_3D('',#4076,#4077,#4078);
#4076 = CARTESIAN_POINT('',(7.5,-7.5,-1.5));
#4077 = DIRECTION('',(0.,0.,-1.));
#4078 = DIRECTION('',(-1.,0.,0.));
#4079 = PCURVE('',#3765,#4080);
#4080 = DEFINITIONAL_REPRESENTATION('',(#4081),#4085);
#4081 = LINE('',#4082,#4083);
#4082 = CARTESIAN_POINT('',(-0.,0.));
#4083 = VECTOR('',#4084,1.);
#4084 = DIRECTION('',(-1.,0.));
#4085 = ( GEOMETRIC_REPRESENTATION_CONTEXT(2) 
PARAMETRIC_REPRESENTATION_CONTEXT() REPRESENTATION_CONTEXT('2D SPACE',''
  ) );
#4086 = PCURVE('',#4087,#4106);
#4087 = B_SPLINE_SURFACE_WITH_KNOTS('',8,1,(
    (#4088,#4089)
    ,(#4090,#4091)
    ,(#4092,#4093)
    ,(#4094,#4095)
    ,(#4096,#4097)
    ,(#4098,#4099)
    ,(#4100,#4101)
    ,(#4102,#4103)
    ,(#4104,#4105
    )),.UNSPECIFIED.,.F.,.F.,.F.,(9,9),(2,2),(1.570796326795,
    3.14159265359),(0.,1.),.PIECEWISE_BEZIER_KNOTS.);
#4088 = CARTESIAN_POINT('',(6.,-7.5,0.));
#4089 = CARTESIAN_POINT('',(7.5,-9.,-1.5));
#4090 = CARTESIAN_POINT('',(6.294524311274,-7.5,0.));
#4091 = CARTESIAN_POINT('',(7.794524311274,-9.,-1.5));
#4092 = CARTESIAN_POINT('',(6.589048715256,-7.433908816558,0.));
#4093 = CARTESIAN_POINT('',(8.089048715256,-8.933908816558,-1.5));
#4094 = CARTESIAN_POINT('',(6.866269851502,-7.301727098807,0.));
#4095 = CARTESIAN_POINT('',(8.366269851502,-8.801727098807,-1.5));
#4096 = CARTESIAN_POINT('',(7.10888813367,-7.10888813367,0.));
#4097 = CARTESIAN_POINT('',(8.60888813367,-8.60888813367,-1.5));
#4098 = CARTESIAN_POINT('',(7.301727098807,-6.866269851503,0.));
#4099 = CARTESIAN_POINT('',(8.801727098807,-8.366269851502,-1.5));
#4100 = CARTESIAN_POINT('',(7.433908816558,-6.589048715256,0.));
#4101 = CARTESIAN_POINT('',(8.933908816558,-8.089048715257,-1.5));
#4102 = CARTESIAN_POINT('',(7.5,-6.294524311274,0.));
#4103 = CARTESIAN_POINT('',(9.,-7.794524311274,-1.5));
#4104 = CARTESIAN_POINT('',(7.5,-6.,0.));
#4105 = CARTESIAN_POINT('',(9.,-7.5,-1.5));
#4106 = DEFINITIONAL_REPRESENTATION('',(#4107),#4111);
#4107 = LINE('',#4108,#4109);
#4108 = CARTESIAN_POINT('',(6.28318530718,1.));
#4109 = VECTOR('',#4110,1.);
#4110 = DIRECTION('',(-1.,0.));
#4111 = ( GEOMETRIC_REPRESENTATION_CONTEXT(2) 
PARAMETRIC_REPRESENTATION_CONTEXT() REPRESENTATION_CONTEXT('2D SPACE',''
  ) );
#4112 = ADVANCED_FACE('',(#4113),#3793,.F.);
#4113 = FACE_BOUND('',#4114,.F.);
#4114 = EDGE_LOOP('',(#4115,#4138,#4139,#4140));
#4115 = ORIENTED_EDGE('',*,*,#4116,.T.);
#4116 = EDGE_CURVE('',#4117,#3778,#4119,.T.);
#4117 = VERTEX_POINT('',#4118);
#4118 = CARTESIAN_POINT('',(9.,7.5,-1.5));
#4119 = SURFACE_CURVE('',#4120,(#4124,#4131),.PCURVE_S1.);
#4120 = LINE('',#4121,#4122);
#4121 = CARTESIAN_POINT('',(9.,7.5,-1.5));
#4122 = VECTOR('',#4123,1.);
#4123 = DIRECTION('',(-0.,-0.,-1.));
#4124 = PCURVE('',#3793,#4125);
#4125 = DEFINITIONAL_REPRESENTATION('',(#4126),#4130);
#4126 = LINE('',#4127,#4128);
#4127 = CARTESIAN_POINT('',(0.,0.));
#4128 = VECTOR('',#4129,1.);
#4129 = DIRECTION('',(0.,-1.));
#4130 = ( GEOMETRIC_REPRESENTATION_CONTEXT(2) 
PARAMETRIC_REPRESENTATION_CONTEXT() REPRESENTATION_CONTEXT('2D SPACE',''
  ) );
#4131 = PCURVE('',#3826,#4132);
#4132 = DEFINITIONAL_REPRESENTATION('',(#4133),#4137);
#4133 = LINE('',#4134,#4135);
#4134 = CARTESIAN_POINT('',(-3.14159265359,0.));
#4135 = VECTOR('',#4136,1.);
#4136 = DIRECTION('',(-0.,-1.));
#4137 = ( GEOMETRIC_REPRESENTATION_CONTEXT(2) 
PARAMETRIC_REPRESENTATION_CONTEXT() REPRESENTATION_CONTEXT('2D SPACE',''
  ) );
#4138 = ORIENTED_EDGE('',*,*,#3777,.T.);
#4139 = ORIENTED_EDGE('',*,*,#4047,.F.);
#4140 = ORIENTED_EDGE('',*,*,#4141,.F.);
#4141 = EDGE_CURVE('',#4117,#4048,#4142,.T.);
#4142 = SURFACE_CURVE('',#4143,(#4147,#4154),.PCURVE_S1.);
#4143 = LINE('',#4144,#4145);
#4144 = CARTESIAN_POINT('',(9.,7.5,-1.5));
#4145 = VECTOR('',#4146,1.);
#4146 = DIRECTION('',(0.,-1.,0.));
#4147 = PCURVE('',#3793,#4148);
#4148 = DEFINITIONAL_REPRESENTATION('',(#4149),#4153);
#4149 = LINE('',#4150,#4151);
#4150 = CARTESIAN_POINT('',(0.,0.));
#4151 = VECTOR('',#4152,1.);
#4152 = DIRECTION('',(1.,0.));
#4153 = ( GEOMETRIC_REPRESENTATION_CONTEXT(2) 
PARAMETRIC_REPRESENTATION_CONTEXT() REPRESENTATION_CONTEXT('2D SPACE',''
  ) );
#4154 = PCURVE('',#4155,#4160);
#4155 = B_SPLINE_SURFACE_WITH_KNOTS('',1,1,(
    (#4156,#4157)
    ,(#4158,#4159
    )),.UNSPECIFIED.,.F.,.F.,.F.,(2,2),(2,2),(-15.,0.),(0.,1.),
  .PIECEWISE_BEZIER_KNOTS.);
#4156 = CARTESIAN_POINT('',(7.5,-6.,0.));
#4157 = CARTESIAN_POINT('',(9.,-7.5,-1.5));
#4158 = CARTESIAN_POINT('',(7.5,6.,0.));
#4159 = CARTESIAN_POINT('',(9.,7.5,-1.5));
#4160 = DEFINITIONAL_REPRESENTATION('',(#4161),#4165);
#4161 = LINE('',#4162,#4163);
#4162 = CARTESIAN_POINT('',(0.,1.));
#4163 = VECTOR('',#4164,1.);
#4164 = DIRECTION('',(-1.,0.));
#4165 = ( GEOMETRIC_REPRESENTATION_CONTEXT(2) 
PARAMETRIC_REPRESENTATION_CONTEXT() REPRESENTATION_CONTEXT('2D SPACE',''
  ) );
#4166 = ADVANCED_FACE('',(#4167),#3826,.T.);
#4167 = FACE_BOUND('',#4168,.F.);
#4168 = EDGE_LOOP('',(#4169,#4192,#4193,#4194));
#4169 = ORIENTED_EDGE('',*,*,#4170,.T.);
#4170 = EDGE_CURVE('',#4171,#3806,#4173,.T.);
#4171 = VERTEX_POINT('',#4172);
#4172 = CARTESIAN_POINT('',(7.5,9.,-1.5));
#4173 = SURFACE_CURVE('',#4174,(#4178,#4185),.PCURVE_S1.);
#4174 = LINE('',#4175,#4176);
#4175 = CARTESIAN_POINT('',(7.5,9.,-1.5));
#4176 = VECTOR('',#4177,1.);
#4177 = DIRECTION('',(-0.,-0.,-1.));
#4178 = PCURVE('',#3826,#4179);
#4179 = DEFINITIONAL_REPRESENTATION('',(#4180),#4184);
#4180 = LINE('',#4181,#4182);
#4181 = CARTESIAN_POINT('',(-1.570796326795,0.));
#4182 = VECTOR('',#4183,1.);
#4183 = DIRECTION('',(-0.,-1.));
#4184 = ( GEOMETRIC_REPRESENTATION_CONTEXT(2) 
PARAMETRIC_REPRESENTATION_CONTEXT() REPRESENTATION_CONTEXT('2D SPACE',''
  ) );
#4185 = PCURVE('',#3854,#4186);
#4186 = DEFINITIONAL_REPRESENTATION('',(#4187),#4191);
#4187 = LINE('',#4188,#4189);
#4188 = CARTESIAN_POINT('',(15.,0.));
#4189 = VECTOR('',#4190,1.);
#4190 = DIRECTION('',(0.,-1.));
#4191 = ( GEOMETRIC_REPRESENTATION_CONTEXT(2) 
PARAMETRIC_REPRESENTATION_CONTEXT() REPRESENTATION_CONTEXT('2D SPACE',''
  ) );
#4192 = ORIENTED_EDGE('',*,*,#3805,.T.);
#4193 = ORIENTED_EDGE('',*,*,#4116,.F.);
#4194 = ORIENTED_EDGE('',*,*,#4195,.F.);
#4195 = EDGE_CURVE('',#4171,#4117,#4196,.T.);
#4196 = SURFACE_CURVE('',#4197,(#4202,#4209),.PCURVE_S1.);
#4197 = CIRCLE('',#4198,1.5);
#4198 = AXIS2_PLACEMENT_3D('',#4199,#4200,#4201);
#4199 = CARTESIAN_POINT('',(7.5,7.5,-1.5));
#4200 = DIRECTION('',(0.,0.,-1.));
#4201 = DIRECTION('',(-1.,0.,0.));
#4202 = PCURVE('',#3826,#4203);
#4203 = DEFINITIONAL_REPRESENTATION('',(#4204),#4208);
#4204 = LINE('',#4205,#4206);
#4205 = CARTESIAN_POINT('',(-0.,0.));
#4206 = VECTOR('',#4207,1.);
#4207 = DIRECTION('',(-1.,0.));
#4208 = ( GEOMETRIC_REPRESENTATION_CONTEXT(2) 
PARAMETRIC_REPRESENTATION_CONTEXT() REPRESENTATION_CONTEXT('2D SPACE',''
  ) );
#4209 = PCURVE('',#4210,#4229);
#4210 = B_SPLINE_SURFACE_WITH_KNOTS('',8,1,(
    (#4211,#4212)
    ,(#4213,#4214)
    ,(#4215,#4216)
    ,(#4217,#4218)
    ,(#4219,#4220)
    ,(#4221,#4222)
    ,(#4223,#4224)
    ,(#4225,#4226)
    ,(#4227,#4228
    )),.UNSPECIFIED.,.F.,.F.,.F.,(9,9),(2,2),(3.14159265359,
    4.712388980385),(0.,1.),.PIECEWISE_BEZIER_KNOTS.);
#4211 = CARTESIAN_POINT('',(7.5,6.,0.));
#4212 = CARTESIAN_POINT('',(9.,7.5,-1.5));
#4213 = CARTESIAN_POINT('',(7.5,6.294524311274,0.));
#4214 = CARTESIAN_POINT('',(9.,7.794524311274,-1.5));
#4215 = CARTESIAN_POINT('',(7.433908816558,6.589048715256,0.));
#4216 = CARTESIAN_POINT('',(8.933908816559,8.089048715257,-1.5));
#4217 = CARTESIAN_POINT('',(7.301727098807,6.866269851502,0.));
#4218 = CARTESIAN_POINT('',(8.801727098806,8.366269851502,-1.5));
#4219 = CARTESIAN_POINT('',(7.10888813367,7.10888813367,0.));
#4220 = CARTESIAN_POINT('',(8.608888133671,8.60888813367,-1.5));
#4221 = CARTESIAN_POINT('',(6.866269851502,7.301727098807,0.));
#4222 = CARTESIAN_POINT('',(8.366269851502,8.801727098807,-1.5));
#4223 = CARTESIAN_POINT('',(6.589048715256,7.433908816558,0.));
#4224 = CARTESIAN_POINT('',(8.089048715257,8.933908816558,-1.5));
#4225 = CARTESIAN_POINT('',(6.294524311274,7.5,0.));
#4226 = CARTESIAN_POINT('',(7.794524311274,9.,-1.5));
#4227 = CARTESIAN_POINT('',(6.,7.5,0.));
#4228 = CARTESIAN_POINT('',(7.5,9.,-1.5));
#4229 = DEFINITIONAL_REPRESENTATION('',(#4230),#4234);
#4230 = LINE('',#4231,#4232);
#4231 = CARTESIAN_POINT('',(6.28318530718,1.));
#4232 = VECTOR('',#4233,1.);
#4233 = DIRECTION('',(-1.,0.));
#4234 = ( GEOMETRIC_REPRESENTATION_CONTEXT(2) 
PARAMETRIC_REPRESENTATION_CONTEXT() REPRESENTATION_CONTEXT('2D SPACE',''
  ) );
#4235 = ADVANCED_FACE('',(#4236),#3854,.F.);
#4236 = FACE_BOUND('',#4237,.F.);
#4237 = EDGE_LOOP('',(#4238,#4261,#4262,#4263));
#4238 = ORIENTED_EDGE('',*,*,#4239,.T.);
#4239 = EDGE_CURVE('',#4240,#3839,#4242,.T.);
#4240 = VERTEX_POINT('',#4241);
#4241 = CARTESIAN_POINT('',(-7.5,9.,-1.5));
#4242 = SURFACE_CURVE('',#4243,(#4247,#4254),.PCURVE_S1.);
#4243 = LINE('',#4244,#4245);
#4244 = CARTESIAN_POINT('',(-7.5,9.,-1.5));
#4245 = VECTOR('',#4246,1.);
#4246 = DIRECTION('',(-0.,-0.,-1.));
#4247 = PCURVE('',#3854,#4248);
#4248 = DEFINITIONAL_REPRESENTATION('',(#4249),#4253);
#4249 = LINE('',#4250,#4251);
#4250 = CARTESIAN_POINT('',(0.,0.));
#4251 = VECTOR('',#4252,1.);
#4252 = DIRECTION('',(0.,-1.));
#4253 = ( GEOMETRIC_REPRESENTATION_CONTEXT(2) 
PARAMETRIC_REPRESENTATION_CONTEXT() REPRESENTATION_CONTEXT('2D SPACE',''
  ) );
#4254 = PCURVE('',#3887,#4255);
#4255 = DEFINITIONAL_REPRESENTATION('',(#4256),#4260);
#4256 = LINE('',#4257,#4258);
#4257 = CARTESIAN_POINT('',(-1.570796326795,0.));
#4258 = VECTOR('',#4259,1.);
#4259 = DIRECTION('',(-0.,-1.));
#4260 = ( GEOMETRIC_REPRESENTATION_CONTEXT(2) 
PARAMETRIC_REPRESENTATION_CONTEXT() REPRESENTATION_CONTEXT('2D SPACE',''
  ) );
#4261 = ORIENTED_EDGE('',*,*,#3838,.T.);
#4262 = ORIENTED_EDGE('',*,*,#4170,.F.);
#4263 = ORIENTED_EDGE('',*,*,#4264,.F.);
#4264 = EDGE_CURVE('',#4240,#4171,#4265,.T.);
#4265 = SURFACE_CURVE('',#4266,(#4270,#4277),.PCURVE_S1.);
#4266 = LINE('',#4267,#4268);
#4267 = CARTESIAN_POINT('',(-7.5,9.,-1.5));
#4268 = VECTOR('',#4269,1.);
#4269 = DIRECTION('',(1.,0.,0.));
#4270 = PCURVE('',#3854,#4271);
#4271 = DEFINITIONAL_REPRESENTATION('',(#4272),#4276);
#4272 = LINE('',#4273,#4274);
#4273 = CARTESIAN_POINT('',(0.,0.));
#4274 = VECTOR('',#4275,1.);
#4275 = DIRECTION('',(1.,0.));
#4276 = ( GEOMETRIC_REPRESENTATION_CONTEXT(2) 
PARAMETRIC_REPRESENTATION_CONTEXT() REPRESENTATION_CONTEXT('2D SPACE',''
  ) );
#4277 = PCURVE('',#4278,#4283);
#4278 = B_SPLINE_SURFACE_WITH_KNOTS('',1,1,(
    (#4279,#4280)
    ,(#4281,#4282
    )),.UNSPECIFIED.,.F.,.F.,.F.,(2,2),(2,2),(-15.,0.),(0.,1.),
  .PIECEWISE_BEZIER_KNOTS.);
#4279 = CARTESIAN_POINT('',(6.,7.5,0.));
#4280 = CARTESIAN_POINT('',(7.5,9.,-1.5));
#4281 = CARTESIAN_POINT('',(-6.,7.5,0.));
#4282 = CARTESIAN_POINT('',(-7.5,9.,-1.5));
#4283 = DEFINITIONAL_REPRESENTATION('',(#4284),#4288);
#4284 = LINE('',#4285,#4286);
#4285 = CARTESIAN_POINT('',(0.,1.));
#4286 = VECTOR('',#4287,1.);
#4287 = DIRECTION('',(-1.,0.));
#4288 = ( GEOMETRIC_REPRESENTATION_CONTEXT(2) 
PARAMETRIC_REPRESENTATION_CONTEXT() REPRESENTATION_CONTEXT('2D SPACE',''
  ) );
#4289 = ADVANCED_FACE('',(#4290),#3887,.T.);
#4290 = FACE_BOUND('',#4291,.F.);
#4291 = EDGE_LOOP('',(#4292,#4315,#4316,#4317));
#4292 = ORIENTED_EDGE('',*,*,#4293,.T.);
#4293 = EDGE_CURVE('',#4294,#3867,#4296,.T.);
#4294 = VERTEX_POINT('',#4295);
#4295 = CARTESIAN_POINT('',(-9.,7.5,-1.5));
#4296 = SURFACE_CURVE('',#4297,(#4301,#4308),.PCURVE_S1.);
#4297 = LINE('',#4298,#4299);
#4298 = CARTESIAN_POINT('',(-9.,7.5,-1.5));
#4299 = VECTOR('',#4300,1.);
#4300 = DIRECTION('',(-0.,-0.,-1.));
#4301 = PCURVE('',#3887,#4302);
#4302 = DEFINITIONAL_REPRESENTATION('',(#4303),#4307);
#4303 = LINE('',#4304,#4305);
#4304 = CARTESIAN_POINT('',(-1.28E-15,0.));
#4305 = VECTOR('',#4306,1.);
#4306 = DIRECTION('',(-0.,-1.));
#4307 = ( GEOMETRIC_REPRESENTATION_CONTEXT(2) 
PARAMETRIC_REPRESENTATION_CONTEXT() REPRESENTATION_CONTEXT('2D SPACE',''
  ) );
#4308 = PCURVE('',#3915,#4309);
#4309 = DEFINITIONAL_REPRESENTATION('',(#4310),#4314);
#4310 = LINE('',#4311,#4312);
#4311 = CARTESIAN_POINT('',(15.,0.));
#4312 = VECTOR('',#4313,1.);
#4313 = DIRECTION('',(0.,-1.));
#4314 = ( GEOMETRIC_REPRESENTATION_CONTEXT(2) 
PARAMETRIC_REPRESENTATION_CONTEXT() REPRESENTATION_CONTEXT('2D SPACE',''
  ) );
#4315 = ORIENTED_EDGE('',*,*,#3866,.T.);
#4316 = ORIENTED_EDGE('',*,*,#4239,.F.);
#4317 = ORIENTED_EDGE('',*,*,#4318,.F.);
#4318 = EDGE_CURVE('',#4294,#4240,#4319,.T.);
#4319 = SURFACE_CURVE('',#4320,(#4325,#4332),.PCURVE_S1.);
#4320 = CIRCLE('',#4321,1.5);
#4321 = AXIS2_PLACEMENT_3D('',#4322,#4323,#4324);
#4322 = CARTESIAN_POINT('',(-7.5,7.5,-1.5));
#4323 = DIRECTION('',(0.,0.,-1.));
#4324 = DIRECTION('',(-1.,0.,0.));
#4325 = PCURVE('',#3887,#4326);
#4326 = DEFINITIONAL_REPRESENTATION('',(#4327),#4331);
#4327 = LINE('',#4328,#4329);
#4328 = CARTESIAN_POINT('',(-0.,0.));
#4329 = VECTOR('',#4330,1.);
#4330 = DIRECTION('',(-1.,0.));
#4331 = ( GEOMETRIC_REPRESENTATION_CONTEXT(2) 
PARAMETRIC_REPRESENTATION_CONTEXT() REPRESENTATION_CONTEXT('2D SPACE',''
  ) );
#4332 = PCURVE('',#4333,#4352);
#4333 = B_SPLINE_SURFACE_WITH_KNOTS('',8,1,(
    (#4334,#4335)
    ,(#4336,#4337)
    ,(#4338,#4339)
    ,(#4340,#4341)
    ,(#4342,#4343)
    ,(#4344,#4345)
    ,(#4346,#4347)
    ,(#4348,#4349)
    ,(#4350,#4351
    )),.UNSPECIFIED.,.F.,.F.,.F.,(9,9),(2,2),(1.570796326795,
    3.14159265359),(0.,1.),.PIECEWISE_BEZIER_KNOTS.);
#4334 = CARTESIAN_POINT('',(-6.,7.5,0.));
#4335 = CARTESIAN_POINT('',(-7.5,9.,-1.5));
#4336 = CARTESIAN_POINT('',(-6.294524311274,7.5,0.));
#4337 = CARTESIAN_POINT('',(-7.794524311274,9.,-1.5));
#4338 = CARTESIAN_POINT('',(-6.589048715256,7.433908816558,0.));
#4339 = CARTESIAN_POINT('',(-8.089048715256,8.933908816558,-1.5));
#4340 = CARTESIAN_POINT('',(-6.866269851503,7.301727098807,0.));
#4341 = CARTESIAN_POINT('',(-8.366269851503,8.801727098807,-1.5));
#4342 = CARTESIAN_POINT('',(-7.108888133669,7.10888813367,0.));
#4343 = CARTESIAN_POINT('',(-8.60888813367,8.60888813367,-1.5));
#4344 = CARTESIAN_POINT('',(-7.301727098808,6.866269851503,0.));
#4345 = CARTESIAN_POINT('',(-8.801727098807,8.366269851502,-1.5));
#4346 = CARTESIAN_POINT('',(-7.433908816558,6.589048715256,0.));
#4347 = CARTESIAN_POINT('',(-8.933908816558,8.089048715256,-1.5));
#4348 = CARTESIAN_POINT('',(-7.5,6.294524311274,0.));
#4349 = CARTESIAN_POINT('',(-9.,7.794524311274,-1.5));
#4350 = CARTESIAN_POINT('',(-7.5,6.,0.));
#4351 = CARTESIAN_POINT('',(-9.,7.5,-1.5));
#4352 = DEFINITIONAL_REPRESENTATION('',(#4353),#4357);
#4353 = LINE('',#4354,#4355);
#4354 = CARTESIAN_POINT('',(3.14159265359,1.));
#4355 = VECTOR('',#4356,1.);
#4356 = DIRECTION('',(-1.,0.));
#4357 = ( GEOMETRIC_REPRESENTATION_CONTEXT(2) 
PARAMETRIC_REPRESENTATION_CONTEXT() REPRESENTATION_CONTEXT('2D SPACE',''
  ) );
#4358 = ADVANCED_FACE('',(#4359),#3915,.F.);
#4359 = FACE_BOUND('',#4360,.F.);
#4360 = EDGE_LOOP('',(#4361,#4384,#4385,#4386));
#4361 = ORIENTED_EDGE('',*,*,#4362,.T.);
#4362 = EDGE_CURVE('',#4363,#3900,#4365,.T.);
#4363 = VERTEX_POINT('',#4364);
#4364 = CARTESIAN_POINT('',(-9.,-7.5,-1.5));
#4365 = SURFACE_CURVE('',#4366,(#4370,#4377),.PCURVE_S1.);
#4366 = LINE('',#4367,#4368);
#4367 = CARTESIAN_POINT('',(-9.,-7.5,-1.5));
#4368 = VECTOR('',#4369,1.);
#4369 = DIRECTION('',(-0.,-0.,-1.));
#4370 = PCURVE('',#3915,#4371);
#4371 = DEFINITIONAL_REPRESENTATION('',(#4372),#4376);
#4372 = LINE('',#4373,#4374);
#4373 = CARTESIAN_POINT('',(0.,0.));
#4374 = VECTOR('',#4375,1.);
#4375 = DIRECTION('',(0.,-1.));
#4376 = ( GEOMETRIC_REPRESENTATION_CONTEXT(2) 
PARAMETRIC_REPRESENTATION_CONTEXT() REPRESENTATION_CONTEXT('2D SPACE',''
  ) );
#4377 = PCURVE('',#3946,#4378);
#4378 = DEFINITIONAL_REPRESENTATION('',(#4379),#4383);
#4379 = LINE('',#4380,#4381);
#4380 = CARTESIAN_POINT('',(-6.28318530718,0.));
#4381 = VECTOR('',#4382,1.);
#4382 = DIRECTION('',(-0.,-1.));
#4383 = ( GEOMETRIC_REPRESENTATION_CONTEXT(2) 
PARAMETRIC_REPRESENTATION_CONTEXT() REPRESENTATION_CONTEXT('2D SPACE',''
  ) );
#4384 = ORIENTED_EDGE('',*,*,#3899,.T.);
#4385 = ORIENTED_EDGE('',*,*,#4293,.F.);
#4386 = ORIENTED_EDGE('',*,*,#4387,.F.);
#4387 = EDGE_CURVE('',#4363,#4294,#4388,.T.);
#4388 = SURFACE_CURVE('',#4389,(#4393,#4400),.PCURVE_S1.);
#4389 = LINE('',#4390,#4391);
#4390 = CARTESIAN_POINT('',(-9.,-7.5,-1.5));
#4391 = VECTOR('',#4392,1.);
#4392 = DIRECTION('',(0.,1.,0.));
#4393 = PCURVE('',#3915,#4394);
#4394 = DEFINITIONAL_REPRESENTATION('',(#4395),#4399);
#4395 = LINE('',#4396,#4397);
#4396 = CARTESIAN_POINT('',(0.,0.));
#4397 = VECTOR('',#4398,1.);
#4398 = DIRECTION('',(1.,0.));
#4399 = ( GEOMETRIC_REPRESENTATION_CONTEXT(2) 
PARAMETRIC_REPRESENTATION_CONTEXT() REPRESENTATION_CONTEXT('2D SPACE',''
  ) );
#4400 = PCURVE('',#4401,#4406);
#4401 = B_SPLINE_SURFACE_WITH_KNOTS('',1,1,(
    (#4402,#4403)
    ,(#4404,#4405
    )),.UNSPECIFIED.,.F.,.F.,.F.,(2,2),(2,2),(-15.,0.),(0.,1.),
  .PIECEWISE_BEZIER_KNOTS.);
#4402 = CARTESIAN_POINT('',(-7.5,6.,0.));
#4403 = CARTESIAN_POINT('',(-9.,7.5,-1.5));
#4404 = CARTESIAN_POINT('',(-7.5,-6.,0.));
#4405 = CARTESIAN_POINT('',(-9.,-7.5,-1.5));
#4406 = DEFINITIONAL_REPRESENTATION('',(#4407),#4411);
#4407 = LINE('',#4408,#4409);
#4408 = CARTESIAN_POINT('',(0.,1.));
#4409 = VECTOR('',#4410,1.);
#4410 = DIRECTION('',(-1.,0.));
#4411 = ( GEOMETRIC_REPRESENTATION_CONTEXT(2) 
PARAMETRIC_REPRESENTATION_CONTEXT() REPRESENTATION_CONTEXT('2D SPACE',''
  ) );
#4412 = ADVANCED_FACE('',(#4413),#3946,.T.);
#4413 = FACE_BOUND('',#4414,.F.);
#4414 = EDGE_LOOP('',(#4415,#4416,#4417,#4418));
#4415 = ORIENTED_EDGE('',*,*,#3995,.T.);
#4416 = ORIENTED_EDGE('',*,*,#3927,.T.);
#4417 = ORIENTED_EDGE('',*,*,#4362,.F.);
#4418 = ORIENTED_EDGE('',*,*,#4419,.F.);
#4419 = EDGE_CURVE('',#3996,#4363,#4420,.T.);
#4420 = SURFACE_CURVE('',#4421,(#4426,#4433),.PCURVE_S1.);
#4421 = CIRCLE('',#4422,1.5);
#4422 = AXIS2_PLACEMENT_3D('',#4423,#4424,#4425);
#4423 = CARTESIAN_POINT('',(-7.5,-7.5,-1.5));
#4424 = DIRECTION('',(0.,0.,-1.));
#4425 = DIRECTION('',(-1.,0.,0.));
#4426 = PCURVE('',#3946,#4427);
#4427 = DEFINITIONAL_REPRESENTATION('',(#4428),#4432);
#4428 = LINE('',#4429,#4430);
#4429 = CARTESIAN_POINT('',(-0.,0.));
#4430 = VECTOR('',#4431,1.);
#4431 = DIRECTION('',(-1.,0.));
#4432 = ( GEOMETRIC_REPRESENTATION_CONTEXT(2) 
PARAMETRIC_REPRESENTATION_CONTEXT() REPRESENTATION_CONTEXT('2D SPACE',''
  ) );
#4433 = PCURVE('',#4434,#4453);
#4434 = B_SPLINE_SURFACE_WITH_KNOTS('',8,1,(
    (#4435,#4436)
    ,(#4437,#4438)
    ,(#4439,#4440)
    ,(#4441,#4442)
    ,(#4443,#4444)
    ,(#4445,#4446)
    ,(#4447,#4448)
    ,(#4449,#4450)
    ,(#4451,#4452
    )),.UNSPECIFIED.,.F.,.F.,.F.,(9,9),(2,2),(3.14159265359,
    4.712388980385),(0.,1.),.PIECEWISE_BEZIER_KNOTS.);
#4435 = CARTESIAN_POINT('',(-7.5,-6.,0.));
#4436 = CARTESIAN_POINT('',(-9.,-7.5,-1.5));
#4437 = CARTESIAN_POINT('',(-7.5,-6.294524311274,0.));
#4438 = CARTESIAN_POINT('',(-9.,-7.794524311274,-1.5));
#4439 = CARTESIAN_POINT('',(-7.433908816558,-6.589048715256,0.));
#4440 = CARTESIAN_POINT('',(-8.933908816558,-8.089048715256,-1.5));
#4441 = CARTESIAN_POINT('',(-7.301727098808,-6.866269851503,0.));
#4442 = CARTESIAN_POINT('',(-8.801727098807,-8.366269851503,-1.5));
#4443 = CARTESIAN_POINT('',(-7.108888133669,-7.108888133669,0.));
#4444 = CARTESIAN_POINT('',(-8.60888813367,-8.60888813367,-1.5));
#4445 = CARTESIAN_POINT('',(-6.866269851503,-7.301727098808,0.));
#4446 = CARTESIAN_POINT('',(-8.366269851503,-8.801727098807,-1.5));
#4447 = CARTESIAN_POINT('',(-6.589048715256,-7.433908816558,0.));
#4448 = CARTESIAN_POINT('',(-8.089048715256,-8.933908816558,-1.5));
#4449 = CARTESIAN_POINT('',(-6.294524311274,-7.5,0.));
#4450 = CARTESIAN_POINT('',(-7.794524311274,-9.,-1.5));
#4451 = CARTESIAN_POINT('',(-6.,-7.5,0.));
#4452 = CARTESIAN_POINT('',(-7.5,-9.,-1.5));
#4453 = DEFINITIONAL_REPRESENTATION('',(#4454),#4458);
#4454 = LINE('',#4455,#4456);
#4455 = CARTESIAN_POINT('',(9.424777960769,1.));
#4456 = VECTOR('',#4457,1.);
#4457 = DIRECTION('',(-1.,0.));
#4458 = ( GEOMETRIC_REPRESENTATION_CONTEXT(2) 
PARAMETRIC_REPRESENTATION_CONTEXT() REPRESENTATION_CONTEXT('2D SPACE',''
  ) );
#4459 = ADVANCED_FACE('',(#4460),#4032,.F.);
#4460 = FACE_BOUND('',#4461,.F.);
#4461 = EDGE_LOOP('',(#4462,#4491,#4511,#4512));
#4462 = ORIENTED_EDGE('',*,*,#4463,.T.);
#4463 = EDGE_CURVE('',#4464,#4466,#4468,.T.);
#4464 = VERTEX_POINT('',#4465);
#4465 = CARTESIAN_POINT('',(-6.,-7.5,0.));
#4466 = VERTEX_POINT('',#4467);
#4467 = CARTESIAN_POINT('',(6.,-7.5,0.));
#4468 = SURFACE_CURVE('',#4469,(#4473,#4479),.PCURVE_S1.);
#4469 = LINE('',#4470,#4471);
#4470 = CARTESIAN_POINT('',(-6.,-7.5,0.));
#4471 = VECTOR('',#4472,1.);
#4472 = DIRECTION('',(1.,0.,0.));
#4473 = PCURVE('',#4032,#4474);
#4474 = DEFINITIONAL_REPRESENTATION('',(#4475),#4478);
#4475 = B_SPLINE_CURVE_WITH_KNOTS('',1,(#4476,#4477),.UNSPECIFIED.,.F.,
  .F.,(2,2),(0.,12.),.PIECEWISE_BEZIER_KNOTS.);
#4476 = CARTESIAN_POINT('',(-15.,0.));
#4477 = CARTESIAN_POINT('',(0.,0.));
#4478 = ( GEOMETRIC_REPRESENTATION_CONTEXT(2) 
PARAMETRIC_REPRESENTATION_CONTEXT() REPRESENTATION_CONTEXT('2D SPACE',''
  ) );
#4479 = PCURVE('',#4480,#4485);
#4480 = PLANE('',#4481);
#4481 = AXIS2_PLACEMENT_3D('',#4482,#4483,#4484);
#4482 = CARTESIAN_POINT('',(5.E-17,-6.6E-16,0.));
#4483 = DIRECTION('',(0.,0.,1.));
#4484 = DIRECTION('',(1.,0.,0.));
#4485 = DEFINITIONAL_REPRESENTATION('',(#4486),#4490);
#4486 = LINE('',#4487,#4488);
#4487 = CARTESIAN_POINT('',(-6.,-7.5));
#4488 = VECTOR('',#4489,1.);
#4489 = DIRECTION('',(1.,0.));
#4490 = ( GEOMETRIC_REPRESENTATION_CONTEXT(2) 
PARAMETRIC_REPRESENTATION_CONTEXT() REPRESENTATION_CONTEXT('2D SPACE',''
  ) );
#4491 = ORIENTED_EDGE('',*,*,#4492,.T.);
#4492 = EDGE_CURVE('',#4466,#3972,#4493,.T.);
#4493 = SURFACE_CURVE('',#4494,(#4497,#4504),.PCURVE_S1.);
#4494 = B_SPLINE_CURVE_WITH_KNOTS('',1,(#4495,#4496),.UNSPECIFIED.,.F.,
  .F.,(2,2),(0.,1.),.PIECEWISE_BEZIER_KNOTS.);
#4495 = CARTESIAN_POINT('',(6.,-7.5,0.));
#4496 = CARTESIAN_POINT('',(7.5,-9.,-1.5));
#4497 = PCURVE('',#4032,#4498);
#4498 = DEFINITIONAL_REPRESENTATION('',(#4499),#4503);
#4499 = LINE('',#4500,#4501);
#4500 = CARTESIAN_POINT('',(0.,0.));
#4501 = VECTOR('',#4502,1.);
#4502 = DIRECTION('',(0.,1.));
#4503 = ( GEOMETRIC_REPRESENTATION_CONTEXT(2) 
PARAMETRIC_REPRESENTATION_CONTEXT() REPRESENTATION_CONTEXT('2D SPACE',''
  ) );
#4504 = PCURVE('',#4087,#4505);
#4505 = DEFINITIONAL_REPRESENTATION('',(#4506),#4510);
#4506 = LINE('',#4507,#4508);
#4507 = CARTESIAN_POINT('',(1.570796326795,0.));
#4508 = VECTOR('',#4509,1.);
#4509 = DIRECTION('',(0.,1.));
#4510 = ( GEOMETRIC_REPRESENTATION_CONTEXT(2) 
PARAMETRIC_REPRESENTATION_CONTEXT() REPRESENTATION_CONTEXT('2D SPACE',''
  ) );
#4511 = ORIENTED_EDGE('',*,*,#4018,.T.);
#4512 = ORIENTED_EDGE('',*,*,#4513,.F.);
#4513 = EDGE_CURVE('',#4464,#3996,#4514,.T.);
#4514 = SURFACE_CURVE('',#4515,(#4518,#4525),.PCURVE_S1.);
#4515 = B_SPLINE_CURVE_WITH_KNOTS('',1,(#4516,#4517),.UNSPECIFIED.,.F.,
  .F.,(2,2),(0.,1.),.PIECEWISE_BEZIER_KNOTS.);
#4516 = CARTESIAN_POINT('',(-6.,-7.5,0.));
#4517 = CARTESIAN_POINT('',(-7.5,-9.,-1.5));
#4518 = PCURVE('',#4032,#4519);
#4519 = DEFINITIONAL_REPRESENTATION('',(#4520),#4524);
#4520 = LINE('',#4521,#4522);
#4521 = CARTESIAN_POINT('',(-15.,0.));
#4522 = VECTOR('',#4523,1.);
#4523 = DIRECTION('',(0.,1.));
#4524 = ( GEOMETRIC_REPRESENTATION_CONTEXT(2) 
PARAMETRIC_REPRESENTATION_CONTEXT() REPRESENTATION_CONTEXT('2D SPACE',''
  ) );
#4525 = PCURVE('',#4434,#4526);
#4526 = DEFINITIONAL_REPRESENTATION('',(#4527),#4531);
#4527 = LINE('',#4528,#4529);
#4528 = CARTESIAN_POINT('',(4.712388980385,0.));
#4529 = VECTOR('',#4530,1.);
#4530 = DIRECTION('',(0.,1.));
#4531 = ( GEOMETRIC_REPRESENTATION_CONTEXT(2) 
PARAMETRIC_REPRESENTATION_CONTEXT() REPRESENTATION_CONTEXT('2D SPACE',''
  ) );
#4532 = ADVANCED_FACE('',(#4533),#4087,.F.);
#4533 = FACE_BOUND('',#4534,.F.);
#4534 = EDGE_LOOP('',(#4535,#4559,#4579,#4580));
#4535 = ORIENTED_EDGE('',*,*,#4536,.T.);
#4536 = EDGE_CURVE('',#4466,#4537,#4539,.T.);
#4537 = VERTEX_POINT('',#4538);
#4538 = CARTESIAN_POINT('',(7.5,-6.,0.));
#4539 = SURFACE_CURVE('',#4540,(#4545,#4552),.PCURVE_S1.);
#4540 = CIRCLE('',#4541,1.5);
#4541 = AXIS2_PLACEMENT_3D('',#4542,#4543,#4544);
#4542 = CARTESIAN_POINT('',(6.,-6.,0.));
#4543 = DIRECTION('',(0.,0.,1.));
#4544 = DIRECTION('',(1.,0.,0.));
#4545 = PCURVE('',#4087,#4546);
#4546 = DEFINITIONAL_REPRESENTATION('',(#4547),#4551);
#4547 = LINE('',#4548,#4549);
#4548 = CARTESIAN_POINT('',(-3.14159265359,0.));
#4549 = VECTOR('',#4550,1.);
#4550 = DIRECTION('',(1.,0.));
#4551 = ( GEOMETRIC_REPRESENTATION_CONTEXT(2) 
PARAMETRIC_REPRESENTATION_CONTEXT() REPRESENTATION_CONTEXT('2D SPACE',''
  ) );
#4552 = PCURVE('',#4480,#4553);
#4553 = DEFINITIONAL_REPRESENTATION('',(#4554),#4558);
#4554 = CIRCLE('',#4555,1.5);
#4555 = AXIS2_PLACEMENT_2D('',#4556,#4557);
#4556 = CARTESIAN_POINT('',(6.,-6.));
#4557 = DIRECTION('',(1.,0.));
#4558 = ( GEOMETRIC_REPRESENTATION_CONTEXT(2) 
PARAMETRIC_REPRESENTATION_CONTEXT() REPRESENTATION_CONTEXT('2D SPACE',''
  ) );
#4559 = ORIENTED_EDGE('',*,*,#4560,.T.);
#4560 = EDGE_CURVE('',#4537,#4048,#4561,.T.);
#4561 = SURFACE_CURVE('',#4562,(#4565,#4572),.PCURVE_S1.);
#4562 = B_SPLINE_CURVE_WITH_KNOTS('',1,(#4563,#4564),.UNSPECIFIED.,.F.,
  .F.,(2,2),(0.,1.),.PIECEWISE_BEZIER_KNOTS.);
#4563 = CARTESIAN_POINT('',(7.5,-6.,0.));
#4564 = CARTESIAN_POINT('',(9.,-7.5,-1.5));
#4565 = PCURVE('',#4087,#4566);
#4566 = DEFINITIONAL_REPRESENTATION('',(#4567),#4571);
#4567 = LINE('',#4568,#4569);
#4568 = CARTESIAN_POINT('',(3.14159265359,0.));
#4569 = VECTOR('',#4570,1.);
#4570 = DIRECTION('',(0.,1.));
#4571 = ( GEOMETRIC_REPRESENTATION_CONTEXT(2) 
PARAMETRIC_REPRESENTATION_CONTEXT() REPRESENTATION_CONTEXT('2D SPACE',''
  ) );
#4572 = PCURVE('',#4155,#4573);
#4573 = DEFINITIONAL_REPRESENTATION('',(#4574),#4578);
#4574 = LINE('',#4575,#4576);
#4575 = CARTESIAN_POINT('',(-15.,0.));
#4576 = VECTOR('',#4577,1.);
#4577 = DIRECTION('',(0.,1.));
#4578 = ( GEOMETRIC_REPRESENTATION_CONTEXT(2) 
PARAMETRIC_REPRESENTATION_CONTEXT() REPRESENTATION_CONTEXT('2D SPACE',''
  ) );
#4579 = ORIENTED_EDGE('',*,*,#4072,.T.);
#4580 = ORIENTED_EDGE('',*,*,#4492,.F.);
#4581 = ADVANCED_FACE('',(#4582),#4155,.F.);
#4582 = FACE_BOUND('',#4583,.F.);
#4583 = EDGE_LOOP('',(#4584,#4606,#4626,#4627));
#4584 = ORIENTED_EDGE('',*,*,#4585,.T.);
#4585 = EDGE_CURVE('',#4537,#4586,#4588,.T.);
#4586 = VERTEX_POINT('',#4587);
#4587 = CARTESIAN_POINT('',(7.5,6.,0.));
#4588 = SURFACE_CURVE('',#4589,(#4593,#4599),.PCURVE_S1.);
#4589 = LINE('',#4590,#4591);
#4590 = CARTESIAN_POINT('',(7.5,-6.,0.));
#4591 = VECTOR('',#4592,1.);
#4592 = DIRECTION('',(0.,1.,0.));
#4593 = PCURVE('',#4155,#4594);
#4594 = DEFINITIONAL_REPRESENTATION('',(#4595),#4598);
#4595 = B_SPLINE_CURVE_WITH_KNOTS('',1,(#4596,#4597),.UNSPECIFIED.,.F.,
  .F.,(2,2),(0.,12.),.PIECEWISE_BEZIER_KNOTS.);
#4596 = CARTESIAN_POINT('',(-15.,0.));
#4597 = CARTESIAN_POINT('',(0.,0.));
#4598 = ( GEOMETRIC_REPRESENTATION_CONTEXT(2) 
PARAMETRIC_REPRESENTATION_CONTEXT() REPRESENTATION_CONTEXT('2D SPACE',''
  ) );
#4599 = PCURVE('',#4480,#4600);
#4600 = DEFINITIONAL_REPRESENTATION('',(#4601),#4605);
#4601 = LINE('',#4602,#4603);
#4602 = CARTESIAN_POINT('',(7.5,-6.));
#4603 = VECTOR('',#4604,1.);
#4604 = DIRECTION('',(0.,1.));
#4605 = ( GEOMETRIC_REPRESENTATION_CONTEXT(2) 
PARAMETRIC_REPRESENTATION_CONTEXT() REPRESENTATION_CONTEXT('2D SPACE',''
  ) );
#4606 = ORIENTED_EDGE('',*,*,#4607,.T.);
#4607 = EDGE_CURVE('',#4586,#4117,#4608,.T.);
#4608 = SURFACE_CURVE('',#4609,(#4612,#4619),.PCURVE_S1.);
#4609 = B_SPLINE_CURVE_WITH_KNOTS('',1,(#4610,#4611),.UNSPECIFIED.,.F.,
  .F.,(2,2),(0.,1.),.PIECEWISE_BEZIER_KNOTS.);
#4610 = CARTESIAN_POINT('',(7.5,6.,0.));
#4611 = CARTESIAN_POINT('',(9.,7.5,-1.5));
#4612 = PCURVE('',#4155,#4613);
#4613 = DEFINITIONAL_REPRESENTATION('',(#4614),#4618);
#4614 = LINE('',#4615,#4616);
#4615 = CARTESIAN_POINT('',(0.,0.));
#4616 = VECTOR('',#4617,1.);
#4617 = DIRECTION('',(0.,1.));
#4618 = ( GEOMETRIC_REPRESENTATION_CONTEXT(2) 
PARAMETRIC_REPRESENTATION_CONTEXT() REPRESENTATION_CONTEXT('2D SPACE',''
  ) );
#4619 = PCURVE('',#4210,#4620);
#4620 = DEFINITIONAL_REPRESENTATION('',(#4621),#4625);
#4621 = LINE('',#4622,#4623);
#4622 = CARTESIAN_POINT('',(3.14159265359,0.));
#4623 = VECTOR('',#4624,1.);
#4624 = DIRECTION('',(0.,1.));
#4625 = ( GEOMETRIC_REPRESENTATION_CONTEXT(2) 
PARAMETRIC_REPRESENTATION_CONTEXT() REPRESENTATION_CONTEXT('2D SPACE',''
  ) );
#4626 = ORIENTED_EDGE('',*,*,#4141,.T.);
#4627 = ORIENTED_EDGE('',*,*,#4560,.F.);
#4628 = ADVANCED_FACE('',(#4629),#4210,.F.);
#4629 = FACE_BOUND('',#4630,.F.);
#4630 = EDGE_LOOP('',(#4631,#4655,#4675,#4676));
#4631 = ORIENTED_EDGE('',*,*,#4632,.T.);
#4632 = EDGE_CURVE('',#4586,#4633,#4635,.T.);
#4633 = VERTEX_POINT('',#4634);
#4634 = CARTESIAN_POINT('',(6.,7.5,0.));
#4635 = SURFACE_CURVE('',#4636,(#4641,#4648),.PCURVE_S1.);
#4636 = CIRCLE('',#4637,1.5);
#4637 = AXIS2_PLACEMENT_3D('',#4638,#4639,#4640);
#4638 = CARTESIAN_POINT('',(6.,6.,0.));
#4639 = DIRECTION('',(0.,0.,1.));
#4640 = DIRECTION('',(1.,0.,0.));
#4641 = PCURVE('',#4210,#4642);
#4642 = DEFINITIONAL_REPRESENTATION('',(#4643),#4647);
#4643 = LINE('',#4644,#4645);
#4644 = CARTESIAN_POINT('',(3.14159265359,0.));
#4645 = VECTOR('',#4646,1.);
#4646 = DIRECTION('',(1.,0.));
#4647 = ( GEOMETRIC_REPRESENTATION_CONTEXT(2) 
PARAMETRIC_REPRESENTATION_CONTEXT() REPRESENTATION_CONTEXT('2D SPACE',''
  ) );
#4648 = PCURVE('',#4480,#4649);
#4649 = DEFINITIONAL_REPRESENTATION('',(#4650),#4654);
#4650 = CIRCLE('',#4651,1.5);
#4651 = AXIS2_PLACEMENT_2D('',#4652,#4653);
#4652 = CARTESIAN_POINT('',(6.,6.));
#4653 = DIRECTION('',(1.,0.));
#4654 = ( GEOMETRIC_REPRESENTATION_CONTEXT(2) 
PARAMETRIC_REPRESENTATION_CONTEXT() REPRESENTATION_CONTEXT('2D SPACE',''
  ) );
#4655 = ORIENTED_EDGE('',*,*,#4656,.T.);
#4656 = EDGE_CURVE('',#4633,#4171,#4657,.T.);
#4657 = SURFACE_CURVE('',#4658,(#4661,#4668),.PCURVE_S1.);
#4658 = B_SPLINE_CURVE_WITH_KNOTS('',1,(#4659,#4660),.UNSPECIFIED.,.F.,
  .F.,(2,2),(0.,1.),.PIECEWISE_BEZIER_KNOTS.);
#4659 = CARTESIAN_POINT('',(6.,7.5,0.));
#4660 = CARTESIAN_POINT('',(7.5,9.,-1.5));
#4661 = PCURVE('',#4210,#4662);
#4662 = DEFINITIONAL_REPRESENTATION('',(#4663),#4667);
#4663 = LINE('',#4664,#4665);
#4664 = CARTESIAN_POINT('',(4.712388980385,0.));
#4665 = VECTOR('',#4666,1.);
#4666 = DIRECTION('',(0.,1.));
#4667 = ( GEOMETRIC_REPRESENTATION_CONTEXT(2) 
PARAMETRIC_REPRESENTATION_CONTEXT() REPRESENTATION_CONTEXT('2D SPACE',''
  ) );
#4668 = PCURVE('',#4278,#4669);
#4669 = DEFINITIONAL_REPRESENTATION('',(#4670),#4674);
#4670 = LINE('',#4671,#4672);
#4671 = CARTESIAN_POINT('',(-15.,0.));
#4672 = VECTOR('',#4673,1.);
#4673 = DIRECTION('',(0.,1.));
#4674 = ( GEOMETRIC_REPRESENTATION_CONTEXT(2) 
PARAMETRIC_REPRESENTATION_CONTEXT() REPRESENTATION_CONTEXT('2D SPACE',''
  ) );
#4675 = ORIENTED_EDGE('',*,*,#4195,.T.);
#4676 = ORIENTED_EDGE('',*,*,#4607,.F.);
#4677 = ADVANCED_FACE('',(#4678),#4278,.F.);
#4678 = FACE_BOUND('',#4679,.F.);
#4679 = EDGE_LOOP('',(#4680,#4702,#4722,#4723));
#4680 = ORIENTED_EDGE('',*,*,#4681,.T.);
#4681 = EDGE_CURVE('',#4633,#4682,#4684,.T.);
#4682 = VERTEX_POINT('',#4683);
#4683 = CARTESIAN_POINT('',(-6.,7.5,0.));
#4684 = SURFACE_CURVE('',#4685,(#4689,#4695),.PCURVE_S1.);
#4685 = LINE('',#4686,#4687);
#4686 = CARTESIAN_POINT('',(6.,7.5,0.));
#4687 = VECTOR('',#4688,1.);
#4688 = DIRECTION('',(-1.,0.,0.));
#4689 = PCURVE('',#4278,#4690);
#4690 = DEFINITIONAL_REPRESENTATION('',(#4691),#4694);
#4691 = B_SPLINE_CURVE_WITH_KNOTS('',1,(#4692,#4693),.UNSPECIFIED.,.F.,
  .F.,(2,2),(0.,12.),.PIECEWISE_BEZIER_KNOTS.);
#4692 = CARTESIAN_POINT('',(-15.,0.));
#4693 = CARTESIAN_POINT('',(0.,0.));
#4694 = ( GEOMETRIC_REPRESENTATION_CONTEXT(2) 
PARAMETRIC_REPRESENTATION_CONTEXT() REPRESENTATION_CONTEXT('2D SPACE',''
  ) );
#4695 = PCURVE('',#4480,#4696);
#4696 = DEFINITIONAL_REPRESENTATION('',(#4697),#4701);
#4697 = LINE('',#4698,#4699);
#4698 = CARTESIAN_POINT('',(6.,7.5));
#4699 = VECTOR('',#4700,1.);
#4700 = DIRECTION('',(-1.,0.));
#4701 = ( GEOMETRIC_REPRESENTATION_CONTEXT(2) 
PARAMETRIC_REPRESENTATION_CONTEXT() REPRESENTATION_CONTEXT('2D SPACE',''
  ) );
#4702 = ORIENTED_EDGE('',*,*,#4703,.T.);
#4703 = EDGE_CURVE('',#4682,#4240,#4704,.T.);
#4704 = SURFACE_CURVE('',#4705,(#4708,#4715),.PCURVE_S1.);
#4705 = B_SPLINE_CURVE_WITH_KNOTS('',1,(#4706,#4707),.UNSPECIFIED.,.F.,
  .F.,(2,2),(0.,1.),.PIECEWISE_BEZIER_KNOTS.);
#4706 = CARTESIAN_POINT('',(-6.,7.5,0.));
#4707 = CARTESIAN_POINT('',(-7.5,9.,-1.5));
#4708 = PCURVE('',#4278,#4709);
#4709 = DEFINITIONAL_REPRESENTATION('',(#4710),#4714);
#4710 = LINE('',#4711,#4712);
#4711 = CARTESIAN_POINT('',(0.,0.));
#4712 = VECTOR('',#4713,1.);
#4713 = DIRECTION('',(0.,1.));
#4714 = ( GEOMETRIC_REPRESENTATION_CONTEXT(2) 
PARAMETRIC_REPRESENTATION_CONTEXT() REPRESENTATION_CONTEXT('2D SPACE',''
  ) );
#4715 = PCURVE('',#4333,#4716);
#4716 = DEFINITIONAL_REPRESENTATION('',(#4717),#4721);
#4717 = LINE('',#4718,#4719);
#4718 = CARTESIAN_POINT('',(1.570796326795,0.));
#4719 = VECTOR('',#4720,1.);
#4720 = DIRECTION('',(0.,1.));
#4721 = ( GEOMETRIC_REPRESENTATION_CONTEXT(2) 
PARAMETRIC_REPRESENTATION_CONTEXT() REPRESENTATION_CONTEXT('2D SPACE',''
  ) );
#4722 = ORIENTED_EDGE('',*,*,#4264,.T.);
#4723 = ORIENTED_EDGE('',*,*,#4656,.F.);
#4724 = ADVANCED_FACE('',(#4725),#4333,.F.);
#4725 = FACE_BOUND('',#4726,.F.);
#4726 = EDGE_LOOP('',(#4727,#4751,#4771,#4772));
#4727 = ORIENTED_EDGE('',*,*,#4728,.T.);
#4728 = EDGE_CURVE('',#4682,#4729,#4731,.T.);
#4729 = VERTEX_POINT('',#4730);
#4730 = CARTESIAN_POINT('',(-7.5,6.,0.));
#4731 = SURFACE_CURVE('',#4732,(#4737,#4744),.PCURVE_S1.);
#4732 = CIRCLE('',#4733,1.5);
#4733 = AXIS2_PLACEMENT_3D('',#4734,#4735,#4736);
#4734 = CARTESIAN_POINT('',(-6.,6.,0.));
#4735 = DIRECTION('',(0.,0.,1.));
#4736 = DIRECTION('',(1.,0.,0.));
#4737 = PCURVE('',#4333,#4738);
#4738 = DEFINITIONAL_REPRESENTATION('',(#4739),#4743);
#4739 = LINE('',#4740,#4741);
#4740 = CARTESIAN_POINT('',(0.,0.));
#4741 = VECTOR('',#4742,1.);
#4742 = DIRECTION('',(1.,0.));
#4743 = ( GEOMETRIC_REPRESENTATION_CONTEXT(2) 
PARAMETRIC_REPRESENTATION_CONTEXT() REPRESENTATION_CONTEXT('2D SPACE',''
  ) );
#4744 = PCURVE('',#4480,#4745);
#4745 = DEFINITIONAL_REPRESENTATION('',(#4746),#4750);
#4746 = CIRCLE('',#4747,1.5);
#4747 = AXIS2_PLACEMENT_2D('',#4748,#4749);
#4748 = CARTESIAN_POINT('',(-6.,6.));
#4749 = DIRECTION('',(1.,0.));
#4750 = ( GEOMETRIC_REPRESENTATION_CONTEXT(2) 
PARAMETRIC_REPRESENTATION_CONTEXT() REPRESENTATION_CONTEXT('2D SPACE',''
  ) );
#4751 = ORIENTED_EDGE('',*,*,#4752,.T.);
#4752 = EDGE_CURVE('',#4729,#4294,#4753,.T.);
#4753 = SURFACE_CURVE('',#4754,(#4757,#4764),.PCURVE_S1.);
#4754 = B_SPLINE_CURVE_WITH_KNOTS('',1,(#4755,#4756),.UNSPECIFIED.,.F.,
  .F.,(2,2),(0.,1.),.PIECEWISE_BEZIER_KNOTS.);
#4755 = CARTESIAN_POINT('',(-7.5,6.,0.));
#4756 = CARTESIAN_POINT('',(-9.,7.5,-1.5));
#4757 = PCURVE('',#4333,#4758);
#4758 = DEFINITIONAL_REPRESENTATION('',(#4759),#4763);
#4759 = LINE('',#4760,#4761);
#4760 = CARTESIAN_POINT('',(3.14159265359,0.));
#4761 = VECTOR('',#4762,1.);
#4762 = DIRECTION('',(0.,1.));
#4763 = ( GEOMETRIC_REPRESENTATION_CONTEXT(2) 
PARAMETRIC_REPRESENTATION_CONTEXT() REPRESENTATION_CONTEXT('2D SPACE',''
  ) );
#4764 = PCURVE('',#4401,#4765);
#4765 = DEFINITIONAL_REPRESENTATION('',(#4766),#4770);
#4766 = LINE('',#4767,#4768);
#4767 = CARTESIAN_POINT('',(-15.,0.));
#4768 = VECTOR('',#4769,1.);
#4769 = DIRECTION('',(0.,1.));
#4770 = ( GEOMETRIC_REPRESENTATION_CONTEXT(2) 
PARAMETRIC_REPRESENTATION_CONTEXT() REPRESENTATION_CONTEXT('2D SPACE',''
  ) );
#4771 = ORIENTED_EDGE('',*,*,#4318,.T.);
#4772 = ORIENTED_EDGE('',*,*,#4703,.F.);
#4773 = ADVANCED_FACE('',(#4774),#4401,.F.);
#4774 = FACE_BOUND('',#4775,.F.);
#4775 = EDGE_LOOP('',(#4776,#4798,#4818,#4819));
#4776 = ORIENTED_EDGE('',*,*,#4777,.T.);
#4777 = EDGE_CURVE('',#4729,#4778,#4780,.T.);
#4778 = VERTEX_POINT('',#4779);
#4779 = CARTESIAN_POINT('',(-7.5,-6.,0.));
#4780 = SURFACE_CURVE('',#4781,(#4785,#4791),.PCURVE_S1.);
#4781 = LINE('',#4782,#4783);
#4782 = CARTESIAN_POINT('',(-7.5,6.,0.));
#4783 = VECTOR('',#4784,1.);
#4784 = DIRECTION('',(0.,-1.,0.));
#4785 = PCURVE('',#4401,#4786);
#4786 = DEFINITIONAL_REPRESENTATION('',(#4787),#4790);
#4787 = B_SPLINE_CURVE_WITH_KNOTS('',1,(#4788,#4789),.UNSPECIFIED.,.F.,
  .F.,(2,2),(0.,12.),.PIECEWISE_BEZIER_KNOTS.);
#4788 = CARTESIAN_POINT('',(-15.,0.));
#4789 = CARTESIAN_POINT('',(0.,0.));
#4790 = ( GEOMETRIC_REPRESENTATION_CONTEXT(2) 
PARAMETRIC_REPRESENTATION_CONTEXT() REPRESENTATION_CONTEXT('2D SPACE',''
  ) );
#4791 = PCURVE('',#4480,#4792);
#4792 = DEFINITIONAL_REPRESENTATION('',(#4793),#4797);
#4793 = LINE('',#4794,#4795);
#4794 = CARTESIAN_POINT('',(-7.5,6.));
#4795 = VECTOR('',#4796,1.);
#4796 = DIRECTION('',(0.,-1.));
#4797 = ( GEOMETRIC_REPRESENTATION_CONTEXT(2) 
PARAMETRIC_REPRESENTATION_CONTEXT() REPRESENTATION_CONTEXT('2D SPACE',''
  ) );
#4798 = ORIENTED_EDGE('',*,*,#4799,.T.);
#4799 = EDGE_CURVE('',#4778,#4363,#4800,.T.);
#4800 = SURFACE_CURVE('',#4801,(#4804,#4811),.PCURVE_S1.);
#4801 = B_SPLINE_CURVE_WITH_KNOTS('',1,(#4802,#4803),.UNSPECIFIED.,.F.,
  .F.,(2,2),(0.,1.),.PIECEWISE_BEZIER_KNOTS.);
#4802 = CARTESIAN_POINT('',(-7.5,-6.,0.));
#4803 = CARTESIAN_POINT('',(-9.,-7.5,-1.5));
#4804 = PCURVE('',#4401,#4805);
#4805 = DEFINITIONAL_REPRESENTATION('',(#4806),#4810);
#4806 = LINE('',#4807,#4808);
#4807 = CARTESIAN_POINT('',(0.,0.));
#4808 = VECTOR('',#4809,1.);
#4809 = DIRECTION('',(0.,1.));
#4810 = ( GEOMETRIC_REPRESENTATION_CONTEXT(2) 
PARAMETRIC_REPRESENTATION_CONTEXT() REPRESENTATION_CONTEXT('2D SPACE',''
  ) );
#4811 = PCURVE('',#4434,#4812);
#4812 = DEFINITIONAL_REPRESENTATION('',(#4813),#4817);
#4813 = LINE('',#4814,#4815);
#4814 = CARTESIAN_POINT('',(3.14159265359,0.));
#4815 = VECTOR('',#4816,1.);
#4816 = DIRECTION('',(0.,1.));
#4817 = ( GEOMETRIC_REPRESENTATION_CONTEXT(2) 
PARAMETRIC_REPRESENTATION_CONTEXT() REPRESENTATION_CONTEXT('2D SPACE',''
  ) );
#4818 = ORIENTED_EDGE('',*,*,#4387,.T.);
#4819 = ORIENTED_EDGE('',*,*,#4752,.F.);
#4820 = ADVANCED_FACE('',(#4821),#4434,.F.);
#4821 = FACE_BOUND('',#4822,.F.);
#4822 = EDGE_LOOP('',(#4823,#4845,#4846,#4847));
#4823 = ORIENTED_EDGE('',*,*,#4824,.T.);
#4824 = EDGE_CURVE('',#4778,#4464,#4825,.T.);
#4825 = SURFACE_CURVE('',#4826,(#4831,#4838),.PCURVE_S1.);
#4826 = CIRCLE('',#4827,1.5);
#4827 = AXIS2_PLACEMENT_3D('',#4828,#4829,#4830);
#4828 = CARTESIAN_POINT('',(-6.,-6.,0.));
#4829 = DIRECTION('',(0.,0.,1.));
#4830 = DIRECTION('',(1.,0.,0.));
#4831 = PCURVE('',#4434,#4832);
#4832 = DEFINITIONAL_REPRESENTATION('',(#4833),#4837);
#4833 = LINE('',#4834,#4835);
#4834 = CARTESIAN_POINT('',(0.,0.));
#4835 = VECTOR('',#4836,1.);
#4836 = DIRECTION('',(1.,0.));
#4837 = ( GEOMETRIC_REPRESENTATION_CONTEXT(2) 
PARAMETRIC_REPRESENTATION_CONTEXT() REPRESENTATION_CONTEXT('2D SPACE',''
  ) );
#4838 = PCURVE('',#4480,#4839);
#4839 = DEFINITIONAL_REPRESENTATION('',(#4840),#4844);
#4840 = CIRCLE('',#4841,1.5);
#4841 = AXIS2_PLACEMENT_2D('',#4842,#4843);
#4842 = CARTESIAN_POINT('',(-6.,-6.));
#4843 = DIRECTION('',(1.,0.));
#4844 = ( GEOMETRIC_REPRESENTATION_CONTEXT(2) 
PARAMETRIC_REPRESENTATION_CONTEXT() REPRESENTATION_CONTEXT('2D SPACE',''
  ) );
#4845 = ORIENTED_EDGE('',*,*,#4513,.T.);
#4846 = ORIENTED_EDGE('',*,*,#4419,.T.);
#4847 = ORIENTED_EDGE('',*,*,#4799,.F.);
#4848 = ADVANCED_FACE('',(#4849),#4480,.T.);
#4849 = FACE_BOUND('',#4850,.T.);
#4850 = EDGE_LOOP('',(#4851,#4852,#4853,#4854,#4855,#4856,#4857,#4858));
#4851 = ORIENTED_EDGE('',*,*,#4463,.T.);
#4852 = ORIENTED_EDGE('',*,*,#4536,.T.);
#4853 = ORIENTED_EDGE('',*,*,#4585,.T.);
#4854 = ORIENTED_EDGE('',*,*,#4632,.T.);
#4855 = ORIENTED_EDGE('',*,*,#4681,.T.);
#4856 = ORIENTED_EDGE('',*,*,#4728,.T.);
#4857 = ORIENTED_EDGE('',*,*,#4777,.T.);
#4858 = ORIENTED_EDGE('',*,*,#4824,.T.);
#4859 = ( GEOMETRIC_REPRESENTATION_CONTEXT(3) 
GLOBAL_UNCERTAINTY_ASSIGNED_CONTEXT((#4863)) 
GLOBAL_UNIT_ASSIGNED_CONTEXT((#4860,#4861,#4862)) REPRESENTATION_CONTEXT
('Context #1','3D Context with UNIT and UNCERTAINTY') );
#4860 = ( LENGTH_UNIT() NAMED_UNIT(*) SI_UNIT(.MILLI.,.METRE.) );
#4861 = ( NAMED_UNIT(*) PLANE_ANGLE_UNIT() SI_UNIT($,.RADIAN.) );
#4862 = ( NAMED_UNIT(*) SI_UNIT($,.STERADIAN.) SOLID_ANGLE_UNIT() );
#4863 = UNCERTAINTY_MEASURE_WITH_UNIT(LENGTH_MEASURE(1.E-06),#4860,
  'distance_accuracy_value','confusion accuracy');
#4864 = PRODUCT_RELATED_PRODUCT_CATEGORY('part',$,(#7));
#4865 = MECHANICAL_DESIGN_GEOMETRIC_PRESENTATION_REPRESENTATION('',(
    #4866),#4859);
#4866 = STYLED_ITEM('color',(#4867),#15);
#4867 = PRESENTATION_STYLE_ASSIGNMENT((#4868,#4874));
#4868 = SURFACE_STYLE_USAGE(.BOTH.,#4869);
#4869 = SURFACE_SIDE_STYLE('',(#4870));
#4870 = SURFACE_STYLE_FILL_AREA(#4871);
#4871 = FILL_AREA_STYLE('',(#4872));
#4872 = FILL_AREA_STYLE_COLOUR('',#4873);
#4873 = COLOUR_RGB('',0.250980406631,0.250980406631,0.250980406631);
#4874 = CURVE_STYLE('',#4875,POSITIVE_LENGTH_MEASURE(0.1),#4876);
#4875 = DRAUGHTING_PRE_DEFINED_CURVE_FONT('continuous');
#4876 = COLOUR_RGB('',9.803921802644E-02,9.803921802644E-02,
  9.803921802644E-02);
ENDSEC;
END-ISO-10303-21;
