ISO-10303-21;
HEADER;
/* Generated by software containing ST-Developer
 * from STEP Tools, Inc. (www.steptools.com) 
 */
/* OPTION: using custom renumber hook */

FILE_DESCRIPTION(
/* description */ ('STEP AP242 Edition 2',
'CAx-IF Rec.Pracs.---Representation and Presentation of Product Manufa
cturing Information (PMI)---4.0---2014-10-13',
'CAx-IF Rec.Pracs.---3D Tessellated Geometry---0.4---2014-09-14','2;1',
'CAx-IF Rec.Pracs.---User Defined Attributes---1.5---2016-08-15'),
/* implementation_level */ '2;1');

FILE_NAME(
/* name */ 'Same_Sky_RING23-920205-TH - Part 1',
/* time_stamp */ '2026-07-11T09:02:22Z',
/* author */ (''),
/* organization */ (''),
/* preprocessor_version */ 'ST-DEVELOPER v20',
/* originating_system */ 'ONSHAPE BY PTC INC, 1.217',
/* authorisation */ '  ');

FILE_SCHEMA (('AP242_MANAGED_MODEL_BASED_3D_ENGINEERING_MIM_LF { 1 0 10303 442 3 1 4 }'));
ENDSEC;

DATA;
#10=SHAPE_REPRESENTATION_RELATIONSHIP('','',#8635,#11);
#11=ADVANCED_BREP_SHAPE_REPRESENTATION('',(#8633),#13962);
#12=B_SPLINE_SURFACE_WITH_KNOTS('',3,3,((#12071,#12072,#12073,#12074,#12075,
#12076),(#12077,#12078,#12079,#12080,#12081,#12082),(#12083,#12084,#12085,
#12086,#12087,#12088),(#12089,#12090,#12091,#12092,#12093,#12094)),
 .UNSPECIFIED.,.F.,.F.,.F.,(4,4),(4,2,4),(0.000965570351636736,0.00143546142079479),
(-0.0062656478919358,0.496867176054032,1.),.UNSPECIFIED.);
#13=B_SPLINE_SURFACE_WITH_KNOTS('',1,3,((#13153,#13154,#13155,#13156,#13157,
#13158),(#13159,#13160,#13161,#13162,#13163,#13164),(#13165,#13166,#13167,
#13168,#13169,#13170),(#13171,#13172,#13173,#13174,#13175,#13176)),
 .RULED_SURF.,.F.,.F.,.F.,(2,1,1,2),(4,2,4),(-0.01,0.,1.,1.0101),(0.,0.5,
1.),.UNSPECIFIED.);
#14=B_SPLINE_SURFACE_WITH_KNOTS('',1,3,((#13188,#13189,#13190,#13191,#13192,
#13193),(#13194,#13195,#13196,#13197,#13198,#13199),(#13200,#13201,#13202,
#13203,#13204,#13205),(#13206,#13207,#13208,#13209,#13210,#13211)),
 .RULED_SURF.,.F.,.F.,.F.,(2,1,1,2),(4,2,4),(-0.01,0.,1.,1.0101),(0.,0.5,
1.),.UNSPECIFIED.);
#15=B_SPLINE_SURFACE_WITH_KNOTS('',1,3,((#13385,#13386,#13387,#13388,#13389,
#13390),(#13391,#13392,#13393,#13394,#13395,#13396),(#13397,#13398,#13399,
#13400,#13401,#13402),(#13403,#13404,#13405,#13406,#13407,#13408)),
 .RULED_SURF.,.F.,.F.,.F.,(2,1,1,2),(4,2,4),(-0.0101,0.,1.,1.01),(0.,0.5,
1.),.UNSPECIFIED.);
#16=B_SPLINE_SURFACE_WITH_KNOTS('',1,3,((#13414,#13415,#13416,#13417,#13418,
#13419),(#13420,#13421,#13422,#13423,#13424,#13425),(#13426,#13427,#13428,
#13429,#13430,#13431),(#13432,#13433,#13434,#13435,#13436,#13437)),
 .RULED_SURF.,.F.,.F.,.F.,(2,1,1,2),(4,2,4),(-0.0101,0.,1.,1.01),(0.,0.5,
1.),.UNSPECIFIED.);
#17=B_SPLINE_SURFACE_WITH_KNOTS('',1,3,((#13613,#13614,#13615,#13616,#13617,
#13618),(#13619,#13620,#13621,#13622,#13623,#13624),(#13625,#13626,#13627,
#13628,#13629,#13630),(#13631,#13632,#13633,#13634,#13635,#13636)),
 .RULED_SURF.,.F.,.F.,.F.,(2,1,1,2),(4,2,4),(-0.01,0.,1.,1.0101),(0.,0.5,
1.),.UNSPECIFIED.);
#18=B_SPLINE_SURFACE_WITH_KNOTS('',1,3,((#13646,#13647,#13648,#13649,#13650,
#13651),(#13652,#13653,#13654,#13655,#13656,#13657),(#13658,#13659,#13660,
#13661,#13662,#13663),(#13664,#13665,#13666,#13667,#13668,#13669)),
 .RULED_SURF.,.F.,.F.,.F.,(2,1,1,2),(4,2,4),(-0.01,0.,1.,1.0101),(0.,0.5,
1.),.UNSPECIFIED.);
#19=PLANE('',#8797);
#20=PLANE('',#8798);
#21=PLANE('',#8809);
#22=PLANE('',#8811);
#23=PLANE('',#8814);
#24=PLANE('',#8817);
#25=PLANE('',#8820);
#26=PLANE('',#8821);
#27=PLANE('',#8823);
#28=PLANE('',#8824);
#29=PLANE('',#8829);
#30=PLANE('',#8830);
#31=PLANE('',#8835);
#32=PLANE('',#8836);
#33=PLANE('',#8837);
#34=PLANE('',#8839);
#35=PLANE('',#8841);
#36=PLANE('',#8842);
#37=PLANE('',#8843);
#38=PLANE('',#8849);
#39=PLANE('',#8863);
#40=PLANE('',#8868);
#41=PLANE('',#8869);
#42=PLANE('',#8870);
#43=PLANE('',#8871);
#44=PLANE('',#8874);
#45=PLANE('',#8879);
#46=PLANE('',#8882);
#47=PLANE('',#8883);
#48=PLANE('',#8886);
#49=PLANE('',#8891);
#50=PLANE('',#8894);
#51=PLANE('',#8895);
#52=PLANE('',#8896);
#53=PLANE('',#8897);
#54=PLANE('',#8898);
#55=PLANE('',#8899);
#56=PLANE('',#8900);
#57=PLANE('',#8901);
#58=PLANE('',#8902);
#59=PLANE('',#8903);
#60=PLANE('',#8904);
#61=PLANE('',#8905);
#62=PLANE('',#8908);
#63=PLANE('',#8909);
#64=PLANE('',#8910);
#65=PLANE('',#8911);
#66=PLANE('',#8914);
#67=PLANE('',#8915);
#68=PLANE('',#8918);
#69=PLANE('',#8919);
#70=PLANE('',#8922);
#71=PLANE('',#8923);
#72=PLANE('',#8926);
#73=PLANE('',#8927);
#74=PLANE('',#8930);
#75=PLANE('',#8931);
#76=PLANE('',#8934);
#77=PLANE('',#8935);
#78=PLANE('',#8937);
#79=PLANE('',#8938);
#80=PLANE('',#8939);
#81=PLANE('',#8940);
#82=PLANE('',#8941);
#83=PLANE('',#8942);
#84=PLANE('',#8944);
#85=PLANE('',#8945);
#86=PLANE('',#8951);
#87=PLANE('',#8952);
#88=PLANE('',#8953);
#89=PLANE('',#8955);
#90=PLANE('',#8957);
#91=PLANE('',#8958);
#92=PLANE('',#8960);
#93=PLANE('',#8961);
#94=PLANE('',#8963);
#95=PLANE('',#8964);
#96=PLANE('',#8965);
#97=PLANE('',#8967);
#98=PLANE('',#8968);
#99=PLANE('',#8969);
#100=PLANE('',#8971);
#101=PLANE('',#8972);
#102=PLANE('',#8973);
#103=PLANE('',#8975);
#104=PLANE('',#8977);
#105=PLANE('',#8978);
#106=PLANE('',#8979);
#107=PLANE('',#8981);
#108=PLANE('',#8982);
#109=PLANE('',#8983);
#110=PLANE('',#8984);
#111=PLANE('',#8985);
#112=PLANE('',#8987);
#113=PLANE('',#8988);
#114=PLANE('',#8991);
#115=PLANE('',#8992);
#116=PLANE('',#8993);
#117=PLANE('',#8995);
#118=PLANE('',#8996);
#119=PLANE('',#8997);
#120=PLANE('',#8998);
#121=PLANE('',#8999);
#122=PLANE('',#9000);
#123=PLANE('',#9001);
#124=PLANE('',#9002);
#125=PLANE('',#9008);
#126=PLANE('',#9009);
#127=PLANE('',#9010);
#128=PLANE('',#9011);
#129=PLANE('',#9012);
#130=PLANE('',#9013);
#131=PLANE('',#9014);
#132=PLANE('',#9015);
#133=PLANE('',#9016);
#134=PLANE('',#9017);
#135=PLANE('',#9018);
#136=PLANE('',#9019);
#137=PLANE('',#9020);
#138=PLANE('',#9021);
#139=PLANE('',#9022);
#140=PLANE('',#9023);
#141=PLANE('',#9024);
#142=PLANE('',#9025);
#143=PLANE('',#9026);
#144=PLANE('',#9027);
#145=PLANE('',#9028);
#146=PLANE('',#9029);
#147=PLANE('',#9030);
#148=PLANE('',#9033);
#149=PLANE('',#9036);
#150=PLANE('',#9043);
#151=PLANE('',#9044);
#152=PLANE('',#9046);
#153=PLANE('',#9048);
#154=PLANE('',#9050);
#155=PLANE('',#9052);
#156=PLANE('',#9054);
#157=PLANE('',#9056);
#158=PLANE('',#9057);
#159=PLANE('',#9080);
#160=PLANE('',#9081);
#161=PLANE('',#9082);
#162=PLANE('',#9086);
#163=PLANE('',#9091);
#164=PLANE('',#9094);
#165=PLANE('',#9097);
#166=PLANE('',#9099);
#167=PLANE('',#9100);
#168=PLANE('',#9104);
#169=PLANE('',#9105);
#170=PLANE('',#9106);
#171=PLANE('',#9107);
#172=PLANE('',#9110);
#173=PLANE('',#9111);
#174=PLANE('',#9112);
#175=PLANE('',#9115);
#176=PLANE('',#9119);
#177=PLANE('',#9120);
#178=PLANE('',#9121);
#179=PLANE('',#9124);
#180=PLANE('',#9132);
#181=PLANE('',#9133);
#182=PLANE('',#9134);
#183=PLANE('',#9135);
#184=PLANE('',#9136);
#185=PLANE('',#9137);
#186=PLANE('',#9138);
#187=PLANE('',#9139);
#188=PLANE('',#9140);
#189=PLANE('',#9141);
#190=PLANE('',#9142);
#191=PLANE('',#9146);
#192=PLANE('',#9147);
#193=PLANE('',#9148);
#194=PLANE('',#9149);
#195=PLANE('',#9150);
#196=PLANE('',#9151);
#197=PLANE('',#9152);
#198=PLANE('',#9155);
#199=PLANE('',#9158);
#200=PLANE('',#9159);
#201=PLANE('',#9160);
#202=PLANE('',#9162);
#203=PLANE('',#9165);
#204=PLANE('',#9167);
#205=PLANE('',#9168);
#206=PLANE('',#9170);
#207=PLANE('',#9171);
#208=PLANE('',#9174);
#209=PLANE('',#9175);
#210=PLANE('',#9176);
#211=PLANE('',#9178);
#212=PLANE('',#9180);
#213=PLANE('',#9181);
#214=PLANE('',#9182);
#215=PLANE('',#9183);
#216=PLANE('',#9184);
#217=PLANE('',#9188);
#218=PLANE('',#9189);
#219=PLANE('',#9190);
#220=PLANE('',#9191);
#221=PLANE('',#9192);
#222=PLANE('',#9193);
#223=PLANE('',#9194);
#224=PLANE('',#9195);
#225=PLANE('',#9196);
#226=PLANE('',#9197);
#227=PLANE('',#9198);
#228=PLANE('',#9199);
#229=PLANE('',#9200);
#230=PLANE('',#9201);
#231=PLANE('',#9202);
#232=PLANE('',#9203);
#233=PLANE('',#9204);
#234=PLANE('',#9205);
#235=PLANE('',#9206);
#236=PLANE('',#9210);
#237=PLANE('',#9211);
#238=PLANE('',#9212);
#239=PLANE('',#9213);
#240=PLANE('',#9214);
#241=PLANE('',#9216);
#242=PLANE('',#9219);
#243=PLANE('',#9221);
#244=PLANE('',#9228);
#245=PLANE('',#9229);
#246=PLANE('',#9230);
#247=PLANE('',#9231);
#248=PLANE('',#9232);
#249=PLANE('',#9234);
#250=PLANE('',#9235);
#251=PLANE('',#9236);
#252=PLANE('',#9237);
#253=PLANE('',#9238);
#254=PLANE('',#9239);
#255=PLANE('',#9241);
#256=PLANE('',#9242);
#257=PLANE('',#9243);
#258=PLANE('',#9244);
#259=PLANE('',#9245);
#260=PLANE('',#9249);
#261=PLANE('',#9250);
#262=PLANE('',#9251);
#263=PLANE('',#9252);
#264=PLANE('',#9253);
#265=PLANE('',#9256);
#266=PLANE('',#9260);
#267=PLANE('',#9261);
#268=PLANE('',#9262);
#269=PLANE('',#9266);
#270=PLANE('',#9267);
#271=PLANE('',#9268);
#272=PLANE('',#9269);
#273=PLANE('',#9270);
#274=PLANE('',#9273);
#275=PLANE('',#9275);
#276=PLANE('',#9279);
#277=PLANE('',#9283);
#278=PLANE('',#9284);
#279=PLANE('',#9285);
#280=PLANE('',#9286);
#281=PLANE('',#9290);
#282=PLANE('',#9292);
#283=PLANE('',#9295);
#284=PLANE('',#9298);
#285=PLANE('',#9300);
#286=PLANE('',#9301);
#287=PLANE('',#9303);
#288=PLANE('',#9304);
#289=PLANE('',#9306);
#290=PLANE('',#9307);
#291=PLANE('',#9308);
#292=PLANE('',#9309);
#293=PLANE('',#9310);
#294=PLANE('',#9311);
#295=PLANE('',#9312);
#296=PLANE('',#9313);
#297=PLANE('',#9314);
#298=PLANE('',#9315);
#299=PLANE('',#9316);
#300=PLANE('',#9317);
#301=PLANE('',#9318);
#302=PLANE('',#9319);
#303=PLANE('',#9320);
#304=PLANE('',#9321);
#305=PLANE('',#9322);
#306=PLANE('',#9323);
#307=PLANE('',#9324);
#308=PLANE('',#9325);
#309=(
BOUNDED_CURVE()
B_SPLINE_CURVE(3,(#11719,#11720,#11721,#11722),.UNSPECIFIED.,.F.,.F.)
B_SPLINE_CURVE_WITH_KNOTS((4,4),(1.35417399501529,1.48244613752609),
 .UNSPECIFIED.)
CURVE()
GEOMETRIC_REPRESENTATION_ITEM()
RATIONAL_B_SPLINE_CURVE((1.,0.998629324733332,0.998629324733332,1.))
REPRESENTATION_ITEM('')
);
#310=(
BOUNDED_CURVE()
B_SPLINE_CURVE(3,(#11730,#11731,#11732,#11733),.UNSPECIFIED.,.F.,.F.)
B_SPLINE_CURVE_WITH_KNOTS((4,4),(4.8007391696535,4.9290113121643),
 .UNSPECIFIED.)
CURVE()
GEOMETRIC_REPRESENTATION_ITEM()
RATIONAL_B_SPLINE_CURVE((1.,0.998629324733332,0.998629324733332,1.))
REPRESENTATION_ITEM('')
);
#311=(
BOUNDED_CURVE()
B_SPLINE_CURVE(3,(#11745,#11746,#11747,#11748),.UNSPECIFIED.,.F.,.F.)
B_SPLINE_CURVE_WITH_KNOTS((4,4),(1.35417399501529,1.48244613752609),
 .UNSPECIFIED.)
CURVE()
GEOMETRIC_REPRESENTATION_ITEM()
RATIONAL_B_SPLINE_CURVE((1.,0.998629324733332,0.998629324733332,1.))
REPRESENTATION_ITEM('')
);
#312=(
BOUNDED_CURVE()
B_SPLINE_CURVE(3,(#11756,#11757,#11758,#11759),.UNSPECIFIED.,.F.,.F.)
B_SPLINE_CURVE_WITH_KNOTS((4,4),(4.8007391696535,4.9290113121643),
 .UNSPECIFIED.)
CURVE()
GEOMETRIC_REPRESENTATION_ITEM()
RATIONAL_B_SPLINE_CURVE((1.,0.998629324733332,0.998629324733332,1.))
REPRESENTATION_ITEM('')
);
#313=(
BOUNDED_CURVE()
B_SPLINE_CURVE(3,(#11801,#11802,#11803,#11804),.UNSPECIFIED.,.F.,.F.)
B_SPLINE_CURVE_WITH_KNOTS((4,4),(4.84131729760245,5.07759620167506),
 .UNSPECIFIED.)
CURVE()
GEOMETRIC_REPRESENTATION_ITEM()
RATIONAL_B_SPLINE_CURVE((1.,0.995353098437967,0.995353098437967,1.))
REPRESENTATION_ITEM('')
);
#314=(
BOUNDED_CURVE()
B_SPLINE_CURVE(3,(#11808,#11809,#11810,#11811),.UNSPECIFIED.,.F.,.F.)
B_SPLINE_CURVE_WITH_KNOTS((4,4),(1.20558910550453,1.44186800957713),
 .UNSPECIFIED.)
CURVE()
GEOMETRIC_REPRESENTATION_ITEM()
RATIONAL_B_SPLINE_CURVE((1.,0.995353098437967,0.995353098437967,1.))
REPRESENTATION_ITEM('')
);
#315=(
BOUNDED_CURVE()
B_SPLINE_CURVE(3,(#11874,#11875,#11876,#11877),.UNSPECIFIED.,.F.,.F.)
B_SPLINE_CURVE_WITH_KNOTS((4,4),(2.35999258846563,3.92319271871396),
 .UNSPECIFIED.)
CURVE()
GEOMETRIC_REPRESENTATION_ITEM()
RATIONAL_B_SPLINE_CURVE((1.,0.806524890385349,0.806524890385349,1.))
REPRESENTATION_ITEM('')
);
#316=(
BOUNDED_CURVE()
B_SPLINE_CURVE(3,(#11910,#11911,#11912,#11913),.UNSPECIFIED.,.F.,.F.)
B_SPLINE_CURVE_WITH_KNOTS((4,4),(2.35999258846563,3.92319271871396),
 .UNSPECIFIED.)
CURVE()
GEOMETRIC_REPRESENTATION_ITEM()
RATIONAL_B_SPLINE_CURVE((1.,0.806524890385348,0.806524890385348,1.))
REPRESENTATION_ITEM('')
);
#317=(
BOUNDED_CURVE()
B_SPLINE_CURVE(3,(#11941,#11942,#11943,#11944),.UNSPECIFIED.,.F.,.F.)
B_SPLINE_CURVE_WITH_KNOTS((4,4),(2.35999258846563,3.92319271871396),
 .UNSPECIFIED.)
CURVE()
GEOMETRIC_REPRESENTATION_ITEM()
RATIONAL_B_SPLINE_CURVE((1.,0.806524890385348,0.806524890385348,1.))
REPRESENTATION_ITEM('')
);
#318=(
BOUNDED_CURVE()
B_SPLINE_CURVE(3,(#11948,#11949,#11950,#11951),.UNSPECIFIED.,.F.,.F.)
B_SPLINE_CURVE_WITH_KNOTS((4,4),(2.35999258846562,3.92319271871396),
 .UNSPECIFIED.)
CURVE()
GEOMETRIC_REPRESENTATION_ITEM()
RATIONAL_B_SPLINE_CURVE((1.,0.806524890385348,0.806524890385348,1.))
REPRESENTATION_ITEM('')
);
#319=(
BOUNDED_CURVE()
B_SPLINE_CURVE(3,(#11994,#11995,#11996,#11997),.UNSPECIFIED.,.F.,.F.)
B_SPLINE_CURVE_WITH_KNOTS((4,4),(2.35999258846563,3.92319271871396),
 .UNSPECIFIED.)
CURVE()
GEOMETRIC_REPRESENTATION_ITEM()
RATIONAL_B_SPLINE_CURVE((1.,0.806524890385348,0.806524890385348,1.))
REPRESENTATION_ITEM('')
);
#320=(
BOUNDED_CURVE()
B_SPLINE_CURVE(3,(#12106,#12107,#12108,#12109),.UNSPECIFIED.,.F.,.F.)
B_SPLINE_CURVE_WITH_KNOTS((4,4),(2.35999258846562,3.92319271871396),
 .UNSPECIFIED.)
CURVE()
GEOMETRIC_REPRESENTATION_ITEM()
RATIONAL_B_SPLINE_CURVE((1.,0.806524890385348,0.806524890385348,1.))
REPRESENTATION_ITEM('')
);
#321=(
BOUNDED_CURVE()
B_SPLINE_CURVE(3,(#12145,#12146,#12147,#12148),.UNSPECIFIED.,.F.,.F.)
B_SPLINE_CURVE_WITH_KNOTS((4,4),(2.35999258846563,3.92319271871396),
 .UNSPECIFIED.)
CURVE()
GEOMETRIC_REPRESENTATION_ITEM()
RATIONAL_B_SPLINE_CURVE((1.,0.806524890385348,0.806524890385348,1.))
REPRESENTATION_ITEM('')
);
#322=(
BOUNDED_CURVE()
B_SPLINE_CURVE(3,(#12156,#12157,#12158,#12159),.UNSPECIFIED.,.F.,.F.)
B_SPLINE_CURVE_WITH_KNOTS((4,4),(2.35999258846562,3.92319271871396),
 .UNSPECIFIED.)
CURVE()
GEOMETRIC_REPRESENTATION_ITEM()
RATIONAL_B_SPLINE_CURVE((1.,0.806524890385348,0.806524890385348,1.))
REPRESENTATION_ITEM('')
);
#323=(
BOUNDED_CURVE()
B_SPLINE_CURVE(3,(#13095,#13096,#13097,#13098),.UNSPECIFIED.,.F.,.F.)
B_SPLINE_CURVE_WITH_KNOTS((4,4),(0.841068670567918,1.5707963267949),
 .UNSPECIFIED.)
CURVE()
GEOMETRIC_REPRESENTATION_ITEM()
RATIONAL_B_SPLINE_CURVE((1.,0.956114905975142,0.956114905975142,1.))
REPRESENTATION_ITEM('')
);
#324=(
BOUNDED_CURVE()
B_SPLINE_CURVE(3,(#13106,#13107,#13108,#13109),.UNSPECIFIED.,.F.,.F.)
B_SPLINE_CURVE_WITH_KNOTS((4,4),(0.841068670567918,1.5707963267949),
 .UNSPECIFIED.)
CURVE()
GEOMETRIC_REPRESENTATION_ITEM()
RATIONAL_B_SPLINE_CURVE((1.,0.956114905975142,0.956114905975142,1.))
REPRESENTATION_ITEM('')
);
#325=(
BOUNDED_CURVE()
B_SPLINE_CURVE(3,(#13711,#13712,#13713,#13714),.UNSPECIFIED.,.F.,.F.)
B_SPLINE_CURVE_WITH_KNOTS((4,4),(1.20558910550453,1.44186800957713),
 .UNSPECIFIED.)
CURVE()
GEOMETRIC_REPRESENTATION_ITEM()
RATIONAL_B_SPLINE_CURVE((1.,0.995353098437967,0.995353098437967,1.))
REPRESENTATION_ITEM('')
);
#326=(
BOUNDED_CURVE()
B_SPLINE_CURVE(3,(#13819,#13820,#13821,#13822),.UNSPECIFIED.,.F.,.F.)
B_SPLINE_CURVE_WITH_KNOTS((4,4),(4.84131729760245,5.07759620167506),
 .UNSPECIFIED.)
CURVE()
GEOMETRIC_REPRESENTATION_ITEM()
RATIONAL_B_SPLINE_CURVE((1.,0.995353098437967,0.995353098437967,1.))
REPRESENTATION_ITEM('')
);
#327=ELLIPSE('',#8752,0.000884435731130288,0.000749999999999981);
#328=ELLIPSE('',#8753,0.000884435731130227,0.000749999999999914);
#329=ELLIPSE('',#8799,0.000609638343056615,0.000599685991025532);
#330=ELLIPSE('',#8813,0.000609638343056615,0.000599685991025532);
#331=OVER_RIDING_STYLED_ITEM('',(#7661),#7273,#7659);
#332=OVER_RIDING_STYLED_ITEM('',(#7662),#7274,#7659);
#333=OVER_RIDING_STYLED_ITEM('',(#7663),#7275,#7659);
#334=OVER_RIDING_STYLED_ITEM('',(#7664),#7286,#7659);
#335=OVER_RIDING_STYLED_ITEM('',(#7665),#7321,#7659);
#336=OVER_RIDING_STYLED_ITEM('',(#7666),#7322,#7659);
#337=OVER_RIDING_STYLED_ITEM('',(#7667),#7337,#7659);
#338=OVER_RIDING_STYLED_ITEM('',(#7668),#7338,#7659);
#339=OVER_RIDING_STYLED_ITEM('',(#7669),#7339,#7659);
#340=OVER_RIDING_STYLED_ITEM('',(#7670),#7340,#7659);
#341=OVER_RIDING_STYLED_ITEM('',(#7671),#7341,#7659);
#342=OVER_RIDING_STYLED_ITEM('',(#7672),#7342,#7659);
#343=OVER_RIDING_STYLED_ITEM('',(#7673),#7343,#7659);
#344=OVER_RIDING_STYLED_ITEM('',(#7674),#7345,#7659);
#345=OVER_RIDING_STYLED_ITEM('',(#7675),#7347,#7659);
#346=OVER_RIDING_STYLED_ITEM('',(#7676),#7350,#7659);
#347=OVER_RIDING_STYLED_ITEM('',(#7677),#7351,#7659);
#348=OVER_RIDING_STYLED_ITEM('',(#7678),#7352,#7659);
#349=OVER_RIDING_STYLED_ITEM('',(#7679),#7353,#7659);
#350=OVER_RIDING_STYLED_ITEM('',(#7680),#7354,#7659);
#351=OVER_RIDING_STYLED_ITEM('',(#7681),#7355,#7659);
#352=OVER_RIDING_STYLED_ITEM('',(#7682),#7356,#7659);
#353=OVER_RIDING_STYLED_ITEM('',(#7683),#7357,#7659);
#354=OVER_RIDING_STYLED_ITEM('',(#7684),#7358,#7659);
#355=OVER_RIDING_STYLED_ITEM('',(#7685),#7359,#7659);
#356=OVER_RIDING_STYLED_ITEM('',(#7686),#7360,#7659);
#357=OVER_RIDING_STYLED_ITEM('',(#7687),#7361,#7659);
#358=OVER_RIDING_STYLED_ITEM('',(#7688),#7362,#7659);
#359=OVER_RIDING_STYLED_ITEM('',(#7689),#7370,#7659);
#360=OVER_RIDING_STYLED_ITEM('',(#7690),#7371,#7659);
#361=OVER_RIDING_STYLED_ITEM('',(#7691),#7374,#7659);
#362=OVER_RIDING_STYLED_ITEM('',(#7692),#7376,#7659);
#363=OVER_RIDING_STYLED_ITEM('',(#7693),#7377,#7659);
#364=OVER_RIDING_STYLED_ITEM('',(#7694),#7378,#7659);
#365=OVER_RIDING_STYLED_ITEM('',(#7695),#7379,#7659);
#366=OVER_RIDING_STYLED_ITEM('',(#7696),#7380,#7659);
#367=OVER_RIDING_STYLED_ITEM('',(#7697),#7382,#7659);
#368=OVER_RIDING_STYLED_ITEM('',(#7698),#7385,#7659);
#369=OVER_RIDING_STYLED_ITEM('',(#7699),#7388,#7659);
#370=OVER_RIDING_STYLED_ITEM('',(#7700),#7389,#7659);
#371=OVER_RIDING_STYLED_ITEM('',(#7701),#7390,#7659);
#372=OVER_RIDING_STYLED_ITEM('',(#7702),#7391,#7659);
#373=OVER_RIDING_STYLED_ITEM('',(#7703),#7392,#7659);
#374=OVER_RIDING_STYLED_ITEM('',(#7704),#7393,#7659);
#375=OVER_RIDING_STYLED_ITEM('',(#7705),#7399,#7659);
#376=OVER_RIDING_STYLED_ITEM('',(#7706),#7401,#7659);
#377=OVER_RIDING_STYLED_ITEM('',(#7707),#7402,#7659);
#378=OVER_RIDING_STYLED_ITEM('',(#7708),#7433,#7659);
#379=OVER_RIDING_STYLED_ITEM('',(#7709),#7434,#7659);
#380=OVER_RIDING_STYLED_ITEM('',(#7710),#7436,#7659);
#381=OVER_RIDING_STYLED_ITEM('',(#7711),#7437,#7659);
#382=OVER_RIDING_STYLED_ITEM('',(#7712),#7438,#7659);
#383=OVER_RIDING_STYLED_ITEM('',(#7713),#7441,#7659);
#384=OVER_RIDING_STYLED_ITEM('',(#7714),#7442,#7659);
#385=OVER_RIDING_STYLED_ITEM('',(#7715),#7443,#7659);
#386=OVER_RIDING_STYLED_ITEM('',(#7716),#7444,#7659);
#387=OVER_RIDING_STYLED_ITEM('',(#7717),#7445,#7659);
#388=OVER_RIDING_STYLED_ITEM('',(#7718),#7446,#7659);
#389=OVER_RIDING_STYLED_ITEM('',(#7719),#7447,#7659);
#390=OVER_RIDING_STYLED_ITEM('',(#7720),#7448,#7659);
#391=OVER_RIDING_STYLED_ITEM('',(#7721),#7449,#7659);
#392=OVER_RIDING_STYLED_ITEM('',(#7722),#7450,#7659);
#393=OVER_RIDING_STYLED_ITEM('',(#7723),#7451,#7659);
#394=OVER_RIDING_STYLED_ITEM('',(#7724),#7452,#7659);
#395=OVER_RIDING_STYLED_ITEM('',(#7725),#7454,#7659);
#396=OVER_RIDING_STYLED_ITEM('',(#7726),#7455,#7659);
#397=OVER_RIDING_STYLED_ITEM('',(#7727),#7456,#7659);
#398=OVER_RIDING_STYLED_ITEM('',(#7728),#7457,#7659);
#399=OVER_RIDING_STYLED_ITEM('',(#7729),#7458,#7659);
#400=OVER_RIDING_STYLED_ITEM('',(#7730),#7459,#7659);
#401=OVER_RIDING_STYLED_ITEM('',(#7731),#7460,#7659);
#402=OVER_RIDING_STYLED_ITEM('',(#7732),#7461,#7659);
#403=OVER_RIDING_STYLED_ITEM('',(#7733),#7465,#7659);
#404=OVER_RIDING_STYLED_ITEM('',(#7734),#7466,#7659);
#405=OVER_RIDING_STYLED_ITEM('',(#7735),#7467,#7659);
#406=OVER_RIDING_STYLED_ITEM('',(#7736),#7468,#7659);
#407=OVER_RIDING_STYLED_ITEM('',(#7737),#7469,#7659);
#408=OVER_RIDING_STYLED_ITEM('',(#7738),#7470,#7659);
#409=OVER_RIDING_STYLED_ITEM('',(#7739),#7471,#7659);
#410=OVER_RIDING_STYLED_ITEM('',(#7740),#7472,#7659);
#411=OVER_RIDING_STYLED_ITEM('',(#7741),#7475,#7659);
#412=OVER_RIDING_STYLED_ITEM('',(#7742),#7480,#7659);
#413=OVER_RIDING_STYLED_ITEM('',(#7743),#7481,#7659);
#414=OVER_RIDING_STYLED_ITEM('',(#7744),#7487,#7659);
#415=OVER_RIDING_STYLED_ITEM('',(#7745),#7505,#7659);
#416=OVER_RIDING_STYLED_ITEM('',(#7746),#7506,#7659);
#417=OVER_RIDING_STYLED_ITEM('',(#7747),#7507,#7659);
#418=OVER_RIDING_STYLED_ITEM('',(#7748),#7509,#7659);
#419=OVER_RIDING_STYLED_ITEM('',(#7749),#7510,#7659);
#420=OVER_RIDING_STYLED_ITEM('',(#7750),#7511,#7659);
#421=OVER_RIDING_STYLED_ITEM('',(#7751),#7512,#7659);
#422=OVER_RIDING_STYLED_ITEM('',(#7752),#7513,#7659);
#423=OVER_RIDING_STYLED_ITEM('',(#7753),#7514,#7659);
#424=OVER_RIDING_STYLED_ITEM('',(#7754),#7515,#7659);
#425=OVER_RIDING_STYLED_ITEM('',(#7755),#7516,#7659);
#426=OVER_RIDING_STYLED_ITEM('',(#7756),#7517,#7659);
#427=OVER_RIDING_STYLED_ITEM('',(#7757),#7518,#7659);
#428=OVER_RIDING_STYLED_ITEM('',(#7758),#7521,#7659);
#429=OVER_RIDING_STYLED_ITEM('',(#7759),#7522,#7659);
#430=OVER_RIDING_STYLED_ITEM('',(#7760),#7523,#7659);
#431=OVER_RIDING_STYLED_ITEM('',(#7761),#7526,#7659);
#432=OVER_RIDING_STYLED_ITEM('',(#7762),#7527,#7659);
#433=OVER_RIDING_STYLED_ITEM('',(#7763),#7528,#7659);
#434=OVER_RIDING_STYLED_ITEM('',(#7764),#7529,#7659);
#435=OVER_RIDING_STYLED_ITEM('',(#7765),#7530,#7659);
#436=OVER_RIDING_STYLED_ITEM('',(#7766),#7531,#7659);
#437=OVER_RIDING_STYLED_ITEM('',(#7767),#7533,#7659);
#438=OVER_RIDING_STYLED_ITEM('',(#7768),#7534,#7659);
#439=OVER_RIDING_STYLED_ITEM('',(#7769),#7540,#7659);
#440=OVER_RIDING_STYLED_ITEM('',(#7770),#7541,#7659);
#441=OVER_RIDING_STYLED_ITEM('',(#7771),#7542,#7659);
#442=OVER_RIDING_STYLED_ITEM('',(#7772),#7543,#7659);
#443=OVER_RIDING_STYLED_ITEM('',(#7773),#7544,#7659);
#444=OVER_RIDING_STYLED_ITEM('',(#7774),#7545,#7659);
#445=OVER_RIDING_STYLED_ITEM('',(#7775),#7546,#7659);
#446=OVER_RIDING_STYLED_ITEM('',(#7776),#7547,#7659);
#447=OVER_RIDING_STYLED_ITEM('',(#7777),#7548,#7659);
#448=OVER_RIDING_STYLED_ITEM('',(#7778),#7549,#7659);
#449=OVER_RIDING_STYLED_ITEM('',(#7779),#7550,#7659);
#450=OVER_RIDING_STYLED_ITEM('',(#7780),#7551,#7659);
#451=OVER_RIDING_STYLED_ITEM('',(#7781),#7552,#7659);
#452=OVER_RIDING_STYLED_ITEM('',(#7782),#7553,#7659);
#453=OVER_RIDING_STYLED_ITEM('',(#7783),#7554,#7659);
#454=OVER_RIDING_STYLED_ITEM('',(#7784),#7555,#7659);
#455=OVER_RIDING_STYLED_ITEM('',(#7785),#7556,#7659);
#456=OVER_RIDING_STYLED_ITEM('',(#7786),#7557,#7659);
#457=OVER_RIDING_STYLED_ITEM('',(#7787),#7558,#7659);
#458=OVER_RIDING_STYLED_ITEM('',(#7788),#7559,#7659);
#459=OVER_RIDING_STYLED_ITEM('',(#7789),#7560,#7659);
#460=OVER_RIDING_STYLED_ITEM('',(#7790),#7561,#7659);
#461=OVER_RIDING_STYLED_ITEM('',(#7791),#7562,#7659);
#462=OVER_RIDING_STYLED_ITEM('',(#7792),#7563,#7659);
#463=OVER_RIDING_STYLED_ITEM('',(#7793),#7564,#7659);
#464=OVER_RIDING_STYLED_ITEM('',(#7794),#7565,#7659);
#465=OVER_RIDING_STYLED_ITEM('',(#7795),#7566,#7659);
#466=OVER_RIDING_STYLED_ITEM('',(#7796),#7567,#7659);
#467=OVER_RIDING_STYLED_ITEM('',(#7797),#7568,#7659);
#468=OVER_RIDING_STYLED_ITEM('',(#7798),#7569,#7659);
#469=OVER_RIDING_STYLED_ITEM('',(#7799),#7570,#7659);
#470=OVER_RIDING_STYLED_ITEM('',(#7800),#7571,#7659);
#471=OVER_RIDING_STYLED_ITEM('',(#7801),#7572,#7659);
#472=OVER_RIDING_STYLED_ITEM('',(#7802),#7573,#7659);
#473=OVER_RIDING_STYLED_ITEM('',(#7803),#7574,#7659);
#474=OVER_RIDING_STYLED_ITEM('',(#7804),#7575,#7659);
#475=OVER_RIDING_STYLED_ITEM('',(#7805),#7576,#7659);
#476=OVER_RIDING_STYLED_ITEM('',(#7806),#7577,#7659);
#477=OVER_RIDING_STYLED_ITEM('',(#7807),#7578,#7659);
#478=OVER_RIDING_STYLED_ITEM('',(#7808),#7579,#7659);
#479=OVER_RIDING_STYLED_ITEM('',(#7809),#7580,#7659);
#480=OVER_RIDING_STYLED_ITEM('',(#7810),#7581,#7659);
#481=OVER_RIDING_STYLED_ITEM('',(#7811),#7582,#7659);
#482=OVER_RIDING_STYLED_ITEM('',(#7812),#7583,#7659);
#483=OVER_RIDING_STYLED_ITEM('',(#7813),#7587,#7659);
#484=OVER_RIDING_STYLED_ITEM('',(#7814),#7589,#7659);
#485=OVER_RIDING_STYLED_ITEM('',(#7815),#7590,#7659);
#486=OVER_RIDING_STYLED_ITEM('',(#7816),#7620,#7659);
#487=OVER_RIDING_STYLED_ITEM('',(#7817),#7621,#7659);
#488=OVER_RIDING_STYLED_ITEM('',(#7818),#7622,#7659);
#489=OVER_RIDING_STYLED_ITEM('',(#7819),#7653,#7659);
#490=OVER_RIDING_STYLED_ITEM('',(#7820),#7654,#7659);
#491=OVER_RIDING_STYLED_ITEM('',(#7821),#7655,#7659);
#492=DRAUGHTING_PRE_DEFINED_COLOUR('white');
#493=LINE('',#11615,#1226);
#494=LINE('',#11619,#1227);
#495=LINE('',#11627,#1228);
#496=LINE('',#11631,#1229);
#497=LINE('',#11643,#1230);
#498=LINE('',#11647,#1231);
#499=LINE('',#11655,#1232);
#500=LINE('',#11657,#1233);
#501=LINE('',#11661,#1234);
#502=LINE('',#11666,#1235);
#503=LINE('',#11670,#1236);
#504=LINE('',#11675,#1237);
#505=LINE('',#11685,#1238);
#506=LINE('',#11695,#1239);
#507=LINE('',#11701,#1240);
#508=LINE('',#11703,#1241);
#509=LINE('',#11705,#1242);
#510=LINE('',#11724,#1243);
#511=LINE('',#11728,#1244);
#512=LINE('',#11750,#1245);
#513=LINE('',#11754,#1246);
#514=LINE('',#11767,#1247);
#515=LINE('',#11771,#1248);
#516=LINE('',#11775,#1249);
#517=LINE('',#11779,#1250);
#518=LINE('',#11799,#1251);
#519=LINE('',#11813,#1252);
#520=LINE('',#11862,#1253);
#521=LINE('',#11865,#1254);
#522=LINE('',#11867,#1255);
#523=LINE('',#11869,#1256);
#524=LINE('',#11871,#1257);
#525=LINE('',#11879,#1258);
#526=LINE('',#11882,#1259);
#527=LINE('',#11884,#1260);
#528=LINE('',#11886,#1261);
#529=LINE('',#11890,#1262);
#530=LINE('',#11892,#1263);
#531=LINE('',#11894,#1264);
#532=LINE('',#11898,#1265);
#533=LINE('',#11900,#1266);
#534=LINE('',#11902,#1267);
#535=LINE('',#11908,#1268);
#536=LINE('',#11915,#1269);
#537=LINE('',#11917,#1270);
#538=LINE('',#11919,#1271);
#539=LINE('',#11920,#1272);
#540=LINE('',#11924,#1273);
#541=LINE('',#11925,#1274);
#542=LINE('',#11929,#1275);
#543=LINE('',#11930,#1276);
#544=LINE('',#11932,#1277);
#545=LINE('',#11934,#1278);
#546=LINE('',#11936,#1279);
#547=LINE('',#11938,#1280);
#548=LINE('',#11939,#1281);
#549=LINE('',#11946,#1282);
#550=LINE('',#11953,#1283);
#551=LINE('',#11954,#1284);
#552=LINE('',#11956,#1285);
#553=LINE('',#11958,#1286);
#554=LINE('',#11960,#1287);
#555=LINE('',#11962,#1288);
#556=LINE('',#11966,#1289);
#557=LINE('',#11970,#1290);
#558=LINE('',#11974,#1291);
#559=LINE('',#11978,#1292);
#560=LINE('',#11982,#1293);
#561=LINE('',#11984,#1294);
#562=LINE('',#11986,#1295);
#563=LINE('',#11988,#1296);
#564=LINE('',#11990,#1297);
#565=LINE('',#11992,#1298);
#566=LINE('',#11999,#1299);
#567=LINE('',#12008,#1300);
#568=LINE('',#12010,#1301);
#569=LINE('',#12015,#1302);
#570=LINE('',#12016,#1303);
#571=LINE('',#12018,#1304);
#572=LINE('',#12020,#1305);
#573=LINE('',#12023,#1306);
#574=LINE('',#12025,#1307);
#575=LINE('',#12027,#1308);
#576=LINE('',#12028,#1309);
#577=LINE('',#12031,#1310);
#578=LINE('',#12033,#1311);
#579=LINE('',#12035,#1312);
#580=LINE('',#12036,#1313);
#581=LINE('',#12039,#1314);
#582=LINE('',#12041,#1315);
#583=LINE('',#12043,#1316);
#584=LINE('',#12044,#1317);
#585=LINE('',#12047,#1318);
#586=LINE('',#12049,#1319);
#587=LINE('',#12051,#1320);
#588=LINE('',#12052,#1321);
#589=LINE('',#12054,#1322);
#590=LINE('',#12056,#1323);
#591=LINE('',#12058,#1324);
#592=LINE('',#12062,#1325);
#593=LINE('',#12064,#1326);
#594=LINE('',#12066,#1327);
#595=LINE('',#12068,#1328);
#596=LINE('',#12070,#1329);
#597=LINE('',#12100,#1330);
#598=LINE('',#12102,#1331);
#599=LINE('',#12104,#1332);
#600=LINE('',#12111,#1333);
#601=LINE('',#12113,#1334);
#602=LINE('',#12117,#1335);
#603=LINE('',#12123,#1336);
#604=LINE('',#12127,#1337);
#605=LINE('',#12133,#1338);
#606=LINE('',#12135,#1339);
#607=LINE('',#12137,#1340);
#608=LINE('',#12139,#1341);
#609=LINE('',#12141,#1342);
#610=LINE('',#12143,#1343);
#611=LINE('',#12150,#1344);
#612=LINE('',#12152,#1345);
#613=LINE('',#12154,#1346);
#614=LINE('',#12161,#1347);
#615=LINE('',#12163,#1348);
#616=LINE('',#12165,#1349);
#617=LINE('',#12171,#1350);
#618=LINE('',#12177,#1351);
#619=LINE('',#12181,#1352);
#620=LINE('',#12186,#1353);
#621=LINE('',#12189,#1354);
#622=LINE('',#12193,#1355);
#623=LINE('',#12197,#1356);
#624=LINE('',#12201,#1357);
#625=LINE('',#12203,#1358);
#626=LINE('',#12208,#1359);
#627=LINE('',#12212,#1360);
#628=LINE('',#12221,#1361);
#629=LINE('',#12227,#1362);
#630=LINE('',#12231,#1363);
#631=LINE('',#12233,#1364);
#632=LINE('',#12235,#1365);
#633=LINE('',#12239,#1366);
#634=LINE('',#12241,#1367);
#635=LINE('',#12243,#1368);
#636=LINE('',#12245,#1369);
#637=LINE('',#12249,#1370);
#638=LINE('',#12253,#1371);
#639=LINE('',#12257,#1372);
#640=LINE('',#12259,#1373);
#641=LINE('',#12261,#1374);
#642=LINE('',#12263,#1375);
#643=LINE('',#12267,#1376);
#644=LINE('',#12269,#1377);
#645=LINE('',#12271,#1378);
#646=LINE('',#12273,#1379);
#647=LINE('',#12275,#1380);
#648=LINE('',#12277,#1381);
#649=LINE('',#12281,#1382);
#650=LINE('',#12283,#1383);
#651=LINE('',#12285,#1384);
#652=LINE('',#12287,#1385);
#653=LINE('',#12291,#1386);
#654=LINE('',#12295,#1387);
#655=LINE('',#12299,#1388);
#656=LINE('',#12301,#1389);
#657=LINE('',#12303,#1390);
#658=LINE('',#12305,#1391);
#659=LINE('',#12309,#1392);
#660=LINE('',#12311,#1393);
#661=LINE('',#12313,#1394);
#662=LINE('',#12322,#1395);
#663=LINE('',#12324,#1396);
#664=LINE('',#12325,#1397);
#665=LINE('',#12327,#1398);
#666=LINE('',#12330,#1399);
#667=LINE('',#12332,#1400);
#668=LINE('',#12334,#1401);
#669=LINE('',#12336,#1402);
#670=LINE('',#12338,#1403);
#671=LINE('',#12342,#1404);
#672=LINE('',#12344,#1405);
#673=LINE('',#12346,#1406);
#674=LINE('',#12349,#1407);
#675=LINE('',#12351,#1408);
#676=LINE('',#12353,#1409);
#677=LINE('',#12355,#1410);
#678=LINE('',#12357,#1411);
#679=LINE('',#12359,#1412);
#680=LINE('',#12361,#1413);
#681=LINE('',#12363,#1414);
#682=LINE('',#12365,#1415);
#683=LINE('',#12370,#1416);
#684=LINE('',#12373,#1417);
#685=LINE('',#12375,#1418);
#686=LINE('',#12377,#1419);
#687=LINE('',#12379,#1420);
#688=LINE('',#12381,#1421);
#689=LINE('',#12387,#1422);
#690=LINE('',#12389,#1423);
#691=LINE('',#12391,#1424);
#692=LINE('',#12393,#1425);
#693=LINE('',#12395,#1426);
#694=LINE('',#12397,#1427);
#695=LINE('',#12402,#1428);
#696=LINE('',#12405,#1429);
#697=LINE('',#12407,#1430);
#698=LINE('',#12409,#1431);
#699=LINE('',#12411,#1432);
#700=LINE('',#12413,#1433);
#701=LINE('',#12419,#1434);
#702=LINE('',#12421,#1435);
#703=LINE('',#12423,#1436);
#704=LINE('',#12425,#1437);
#705=LINE('',#12427,#1438);
#706=LINE('',#12429,#1439);
#707=LINE('',#12434,#1440);
#708=LINE('',#12437,#1441);
#709=LINE('',#12439,#1442);
#710=LINE('',#12441,#1443);
#711=LINE('',#12443,#1444);
#712=LINE('',#12445,#1445);
#713=LINE('',#12451,#1446);
#714=LINE('',#12453,#1447);
#715=LINE('',#12455,#1448);
#716=LINE('',#12457,#1449);
#717=LINE('',#12459,#1450);
#718=LINE('',#12461,#1451);
#719=LINE('',#12463,#1452);
#720=LINE('',#12465,#1453);
#721=LINE('',#12468,#1454);
#722=LINE('',#12471,#1455);
#723=LINE('',#12473,#1456);
#724=LINE('',#12475,#1457);
#725=LINE('',#12477,#1458);
#726=LINE('',#12478,#1459);
#727=LINE('',#12480,#1460);
#728=LINE('',#12482,#1461);
#729=LINE('',#12484,#1462);
#730=LINE('',#12486,#1463);
#731=LINE('',#12487,#1464);
#732=LINE('',#12489,#1465);
#733=LINE('',#12491,#1466);
#734=LINE('',#12493,#1467);
#735=LINE('',#12495,#1468);
#736=LINE('',#12497,#1469);
#737=LINE('',#12499,#1470);
#738=LINE('',#12501,#1471);
#739=LINE('',#12504,#1472);
#740=LINE('',#12506,#1473);
#741=LINE('',#12508,#1474);
#742=LINE('',#12510,#1475);
#743=LINE('',#12511,#1476);
#744=LINE('',#12513,#1477);
#745=LINE('',#12518,#1478);
#746=LINE('',#12520,#1479);
#747=LINE('',#12522,#1480);
#748=LINE('',#12526,#1481);
#749=LINE('',#12528,#1482);
#750=LINE('',#12530,#1483);
#751=LINE('',#12534,#1484);
#752=LINE('',#12536,#1485);
#753=LINE('',#12538,#1486);
#754=LINE('',#12539,#1487);
#755=LINE('',#12541,#1488);
#756=LINE('',#12543,#1489);
#757=LINE('',#12548,#1490);
#758=LINE('',#12550,#1491);
#759=LINE('',#12552,#1492);
#760=LINE('',#12554,#1493);
#761=LINE('',#12556,#1494);
#762=LINE('',#12558,#1495);
#763=LINE('',#12560,#1496);
#764=LINE('',#12562,#1497);
#765=LINE('',#12565,#1498);
#766=LINE('',#12567,#1499);
#767=LINE('',#12569,#1500);
#768=LINE('',#12570,#1501);
#769=LINE('',#12572,#1502);
#770=LINE('',#12574,#1503);
#771=LINE('',#12578,#1504);
#772=LINE('',#12580,#1505);
#773=LINE('',#12583,#1506);
#774=LINE('',#12587,#1507);
#775=LINE('',#12589,#1508);
#776=LINE('',#12591,#1509);
#777=LINE('',#12593,#1510);
#778=LINE('',#12597,#1511);
#779=LINE('',#12599,#1512);
#780=LINE('',#12601,#1513);
#781=LINE('',#12603,#1514);
#782=LINE('',#12606,#1515);
#783=LINE('',#12607,#1516);
#784=LINE('',#12609,#1517);
#785=LINE('',#12611,#1518);
#786=LINE('',#12613,#1519);
#787=LINE('',#12616,#1520);
#788=LINE('',#12618,#1521);
#789=LINE('',#12621,#1522);
#790=LINE('',#12622,#1523);
#791=LINE('',#12624,#1524);
#792=LINE('',#12626,#1525);
#793=LINE('',#12627,#1526);
#794=LINE('',#12629,#1527);
#795=LINE('',#12633,#1528);
#796=LINE('',#12635,#1529);
#797=LINE('',#12637,#1530);
#798=LINE('',#12639,#1531);
#799=LINE('',#12641,#1532);
#800=LINE('',#12643,#1533);
#801=LINE('',#12650,#1534);
#802=LINE('',#12651,#1535);
#803=LINE('',#12653,#1536);
#804=LINE('',#12655,#1537);
#805=LINE('',#12657,#1538);
#806=LINE('',#12659,#1539);
#807=LINE('',#12663,#1540);
#808=LINE('',#12665,#1541);
#809=LINE('',#12667,#1542);
#810=LINE('',#12669,#1543);
#811=LINE('',#12671,#1544);
#812=LINE('',#12673,#1545);
#813=LINE('',#12675,#1546);
#814=LINE('',#12677,#1547);
#815=LINE('',#12679,#1548);
#816=LINE('',#12681,#1549);
#817=LINE('',#12686,#1550);
#818=LINE('',#12687,#1551);
#819=LINE('',#12689,#1552);
#820=LINE('',#12691,#1553);
#821=LINE('',#12693,#1554);
#822=LINE('',#12695,#1555);
#823=LINE('',#12697,#1556);
#824=LINE('',#12699,#1557);
#825=LINE('',#12703,#1558);
#826=LINE('',#12705,#1559);
#827=LINE('',#12707,#1560);
#828=LINE('',#12711,#1561);
#829=LINE('',#12713,#1562);
#830=LINE('',#12715,#1563);
#831=LINE('',#12722,#1564);
#832=LINE('',#12724,#1565);
#833=LINE('',#12726,#1566);
#834=LINE('',#12728,#1567);
#835=LINE('',#12730,#1568);
#836=LINE('',#12732,#1569);
#837=LINE('',#12734,#1570);
#838=LINE('',#12736,#1571);
#839=LINE('',#12738,#1572);
#840=LINE('',#12740,#1573);
#841=LINE('',#12742,#1574);
#842=LINE('',#12744,#1575);
#843=LINE('',#12746,#1576);
#844=LINE('',#12748,#1577);
#845=LINE('',#12750,#1578);
#846=LINE('',#12752,#1579);
#847=LINE('',#12756,#1580);
#848=LINE('',#12758,#1581);
#849=LINE('',#12762,#1582);
#850=LINE('',#12764,#1583);
#851=LINE('',#12768,#1584);
#852=LINE('',#12770,#1585);
#853=LINE('',#12772,#1586);
#854=LINE('',#12773,#1587);
#855=LINE('',#12775,#1588);
#856=LINE('',#12779,#1589);
#857=LINE('',#12781,#1590);
#858=LINE('',#12783,#1591);
#859=LINE('',#12785,#1592);
#860=LINE('',#12787,#1593);
#861=LINE('',#12789,#1594);
#862=LINE('',#12791,#1595);
#863=LINE('',#12793,#1596);
#864=LINE('',#12795,#1597);
#865=LINE('',#12797,#1598);
#866=LINE('',#12799,#1599);
#867=LINE('',#12801,#1600);
#868=LINE('',#12803,#1601);
#869=LINE('',#12805,#1602);
#870=LINE('',#12807,#1603);
#871=LINE('',#12809,#1604);
#872=LINE('',#12811,#1605);
#873=LINE('',#12813,#1606);
#874=LINE('',#12815,#1607);
#875=LINE('',#12817,#1608);
#876=LINE('',#12818,#1609);
#877=LINE('',#12820,#1610);
#878=LINE('',#12821,#1611);
#879=LINE('',#12823,#1612);
#880=LINE('',#12825,#1613);
#881=LINE('',#12827,#1614);
#882=LINE('',#12829,#1615);
#883=LINE('',#12831,#1616);
#884=LINE('',#12833,#1617);
#885=LINE('',#12835,#1618);
#886=LINE('',#12837,#1619);
#887=LINE('',#12838,#1620);
#888=LINE('',#12841,#1621);
#889=LINE('',#12843,#1622);
#890=LINE('',#12845,#1623);
#891=LINE('',#12847,#1624);
#892=LINE('',#12849,#1625);
#893=LINE('',#12851,#1626);
#894=LINE('',#12853,#1627);
#895=LINE('',#12855,#1628);
#896=LINE('',#12857,#1629);
#897=LINE('',#12859,#1630);
#898=LINE('',#12861,#1631);
#899=LINE('',#12863,#1632);
#900=LINE('',#12865,#1633);
#901=LINE('',#12867,#1634);
#902=LINE('',#12869,#1635);
#903=LINE('',#12871,#1636);
#904=LINE('',#12873,#1637);
#905=LINE('',#12875,#1638);
#906=LINE('',#12876,#1639);
#907=LINE('',#12880,#1640);
#908=LINE('',#12884,#1641);
#909=LINE('',#12888,#1642);
#910=LINE('',#12893,#1643);
#911=LINE('',#12897,#1644);
#912=LINE('',#12898,#1645);
#913=LINE('',#12902,#1646);
#914=LINE('',#12903,#1647);
#915=LINE('',#12907,#1648);
#916=LINE('',#12911,#1649);
#917=LINE('',#12913,#1650);
#918=LINE('',#12915,#1651);
#919=LINE('',#12917,#1652);
#920=LINE('',#12919,#1653);
#921=LINE('',#12922,#1654);
#922=LINE('',#12923,#1655);
#923=LINE('',#12925,#1656);
#924=LINE('',#12927,#1657);
#925=LINE('',#12929,#1658);
#926=LINE('',#12931,#1659);
#927=LINE('',#12933,#1660);
#928=LINE('',#12935,#1661);
#929=LINE('',#12937,#1662);
#930=LINE('',#12939,#1663);
#931=LINE('',#12941,#1664);
#932=LINE('',#12943,#1665);
#933=LINE('',#12946,#1666);
#934=LINE('',#12947,#1667);
#935=LINE('',#12949,#1668);
#936=LINE('',#12951,#1669);
#937=LINE('',#12954,#1670);
#938=LINE('',#12955,#1671);
#939=LINE('',#12957,#1672);
#940=LINE('',#12959,#1673);
#941=LINE('',#12961,#1674);
#942=LINE('',#12963,#1675);
#943=LINE('',#12970,#1676);
#944=LINE('',#12972,#1677);
#945=LINE('',#12978,#1678);
#946=LINE('',#12980,#1679);
#947=LINE('',#12986,#1680);
#948=LINE('',#12987,#1681);
#949=LINE('',#12993,#1682);
#950=LINE('',#13003,#1683);
#951=LINE('',#13004,#1684);
#952=LINE('',#13006,#1685);
#953=LINE('',#13012,#1686);
#954=LINE('',#13014,#1687);
#955=LINE('',#13016,#1688);
#956=LINE('',#13017,#1689);
#957=LINE('',#13019,#1690);
#958=LINE('',#13021,#1691);
#959=LINE('',#13023,#1692);
#960=LINE('',#13027,#1693);
#961=LINE('',#13031,#1694);
#962=LINE('',#13033,#1695);
#963=LINE('',#13037,#1696);
#964=LINE('',#13041,#1697);
#965=LINE('',#13047,#1698);
#966=LINE('',#13051,#1699);
#967=LINE('',#13053,#1700);
#968=LINE('',#13055,#1701);
#969=LINE('',#13059,#1702);
#970=LINE('',#13061,#1703);
#971=LINE('',#13064,#1704);
#972=LINE('',#13066,#1705);
#973=LINE('',#13068,#1706);
#974=LINE('',#13072,#1707);
#975=LINE('',#13076,#1708);
#976=LINE('',#13078,#1709);
#977=LINE('',#13079,#1710);
#978=LINE('',#13081,#1711);
#979=LINE('',#13083,#1712);
#980=LINE('',#13085,#1713);
#981=LINE('',#13086,#1714);
#982=LINE('',#13091,#1715);
#983=LINE('',#13093,#1716);
#984=LINE('',#13100,#1717);
#985=LINE('',#13102,#1718);
#986=LINE('',#13104,#1719);
#987=LINE('',#13113,#1720);
#988=LINE('',#13117,#1721);
#989=LINE('',#13121,#1722);
#990=LINE('',#13123,#1723);
#991=LINE('',#13125,#1724);
#992=LINE('',#13130,#1725);
#993=LINE('',#13136,#1726);
#994=LINE('',#13137,#1727);
#995=LINE('',#13142,#1728);
#996=LINE('',#13146,#1729);
#997=LINE('',#13149,#1730);
#998=LINE('',#13152,#1731);
#999=LINE('',#13182,#1732);
#1000=LINE('',#13217,#1733);
#1001=LINE('',#13225,#1734);
#1002=LINE('',#13228,#1735);
#1003=LINE('',#13229,#1736);
#1004=LINE('',#13234,#1737);
#1005=LINE('',#13236,#1738);
#1006=LINE('',#13238,#1739);
#1007=LINE('',#13240,#1740);
#1008=LINE('',#13242,#1741);
#1009=LINE('',#13244,#1742);
#1010=LINE('',#13247,#1743);
#1011=LINE('',#13249,#1744);
#1012=LINE('',#13250,#1745);
#1013=LINE('',#13252,#1746);
#1014=LINE('',#13254,#1747);
#1015=LINE('',#13257,#1748);
#1016=LINE('',#13259,#1749);
#1017=LINE('',#13260,#1750);
#1018=LINE('',#13262,#1751);
#1019=LINE('',#13264,#1752);
#1020=LINE('',#13266,#1753);
#1021=LINE('',#13268,#1754);
#1022=LINE('',#13270,#1755);
#1023=LINE('',#13272,#1756);
#1024=LINE('',#13274,#1757);
#1025=LINE('',#13276,#1758);
#1026=LINE('',#13278,#1759);
#1027=LINE('',#13280,#1760);
#1028=LINE('',#13282,#1761);
#1029=LINE('',#13284,#1762);
#1030=LINE('',#13287,#1763);
#1031=LINE('',#13289,#1764);
#1032=LINE('',#13290,#1765);
#1033=LINE('',#13292,#1766);
#1034=LINE('',#13294,#1767);
#1035=LINE('',#13297,#1768);
#1036=LINE('',#13300,#1769);
#1037=LINE('',#13302,#1770);
#1038=LINE('',#13306,#1771);
#1039=LINE('',#13310,#1772);
#1040=LINE('',#13314,#1773);
#1041=LINE('',#13316,#1774);
#1042=LINE('',#13318,#1775);
#1043=LINE('',#13322,#1776);
#1044=LINE('',#13324,#1777);
#1045=LINE('',#13326,#1778);
#1046=LINE('',#13328,#1779);
#1047=LINE('',#13332,#1780);
#1048=LINE('',#13336,#1781);
#1049=LINE('',#13338,#1782);
#1050=LINE('',#13340,#1783);
#1051=LINE('',#13342,#1784);
#1052=LINE('',#13346,#1785);
#1053=LINE('',#13348,#1786);
#1054=LINE('',#13350,#1787);
#1055=LINE('',#13352,#1788);
#1056=LINE('',#13355,#1789);
#1057=LINE('',#13356,#1790);
#1058=LINE('',#13358,#1791);
#1059=LINE('',#13360,#1792);
#1060=LINE('',#13361,#1793);
#1061=LINE('',#13369,#1794);
#1062=LINE('',#13379,#1795);
#1063=LINE('',#13380,#1796);
#1064=LINE('',#13384,#1797);
#1065=LINE('',#13413,#1798);
#1066=LINE('',#13442,#1799);
#1067=LINE('',#13444,#1800);
#1068=LINE('',#13446,#1801);
#1069=LINE('',#13448,#1802);
#1070=LINE('',#13453,#1803);
#1071=LINE('',#13455,#1804);
#1072=LINE('',#13457,#1805);
#1073=LINE('',#13458,#1806);
#1074=LINE('',#13460,#1807);
#1075=LINE('',#13462,#1808);
#1076=LINE('',#13467,#1809);
#1077=LINE('',#13469,#1810);
#1078=LINE('',#13471,#1811);
#1079=LINE('',#13472,#1812);
#1080=LINE('',#13474,#1813);
#1081=LINE('',#13476,#1814);
#1082=LINE('',#13478,#1815);
#1083=LINE('',#13480,#1816);
#1084=LINE('',#13482,#1817);
#1085=LINE('',#13489,#1818);
#1086=LINE('',#13491,#1819);
#1087=LINE('',#13495,#1820);
#1088=LINE('',#13496,#1821);
#1089=LINE('',#13499,#1822);
#1090=LINE('',#13501,#1823);
#1091=LINE('',#13504,#1824);
#1092=LINE('',#13505,#1825);
#1093=LINE('',#13507,#1826);
#1094=LINE('',#13509,#1827);
#1095=LINE('',#13513,#1828);
#1096=LINE('',#13514,#1829);
#1097=LINE('',#13517,#1830);
#1098=LINE('',#13519,#1831);
#1099=LINE('',#13522,#1832);
#1100=LINE('',#13524,#1833);
#1101=LINE('',#13529,#1834);
#1102=LINE('',#13530,#1835);
#1103=LINE('',#13533,#1836);
#1104=LINE('',#13535,#1837);
#1105=LINE('',#13537,#1838);
#1106=LINE('',#13539,#1839);
#1107=LINE('',#13542,#1840);
#1108=LINE('',#13544,#1841);
#1109=LINE('',#13548,#1842);
#1110=LINE('',#13550,#1843);
#1111=LINE('',#13554,#1844);
#1112=LINE('',#13556,#1845);
#1113=LINE('',#13560,#1846);
#1114=LINE('',#13562,#1847);
#1115=LINE('',#13580,#1848);
#1116=LINE('',#13582,#1849);
#1117=LINE('',#13583,#1850);
#1118=LINE('',#13586,#1851);
#1119=LINE('',#13588,#1852);
#1120=LINE('',#13590,#1853);
#1121=LINE('',#13592,#1854);
#1122=LINE('',#13595,#1855);
#1123=LINE('',#13597,#1856);
#1124=LINE('',#13599,#1857);
#1125=LINE('',#13601,#1858);
#1126=LINE('',#13603,#1859);
#1127=LINE('',#13605,#1860);
#1128=LINE('',#13607,#1861);
#1129=LINE('',#13608,#1862);
#1130=LINE('',#13610,#1863);
#1131=LINE('',#13612,#1864);
#1132=LINE('',#13642,#1865);
#1133=LINE('',#13644,#1866);
#1134=LINE('',#13645,#1867);
#1135=LINE('',#13670,#1868);
#1136=LINE('',#13677,#1869);
#1137=LINE('',#13681,#1870);
#1138=LINE('',#13683,#1871);
#1139=LINE('',#13685,#1872);
#1140=LINE('',#13688,#1873);
#1141=LINE('',#13690,#1874);
#1142=LINE('',#13692,#1875);
#1143=LINE('',#13708,#1876);
#1144=LINE('',#13716,#1877);
#1145=LINE('',#13717,#1878);
#1146=LINE('',#13719,#1879);
#1147=LINE('',#13721,#1880);
#1148=LINE('',#13723,#1881);
#1149=LINE('',#13725,#1882);
#1150=LINE('',#13727,#1883);
#1151=LINE('',#13729,#1884);
#1152=LINE('',#13731,#1885);
#1153=LINE('',#13733,#1886);
#1154=LINE('',#13740,#1887);
#1155=LINE('',#13741,#1888);
#1156=LINE('',#13753,#1889);
#1157=LINE('',#13754,#1890);
#1158=LINE('',#13768,#1891);
#1159=LINE('',#13774,#1892);
#1160=LINE('',#13775,#1893);
#1161=LINE('',#13789,#1894);
#1162=LINE('',#13791,#1895);
#1163=LINE('',#13792,#1896);
#1164=LINE('',#13794,#1897);
#1165=LINE('',#13796,#1898);
#1166=LINE('',#13798,#1899);
#1167=LINE('',#13800,#1900);
#1168=LINE('',#13802,#1901);
#1169=LINE('',#13804,#1902);
#1170=LINE('',#13806,#1903);
#1171=LINE('',#13808,#1904);
#1172=LINE('',#13811,#1905);
#1173=LINE('',#13817,#1906);
#1174=LINE('',#13831,#1907);
#1175=LINE('',#13833,#1908);
#1176=LINE('',#13837,#1909);
#1177=LINE('',#13843,#1910);
#1178=LINE('',#13845,#1911);
#1179=LINE('',#13847,#1912);
#1180=LINE('',#13851,#1913);
#1181=LINE('',#13852,#1914);
#1182=LINE('',#13854,#1915);
#1183=LINE('',#13855,#1916);
#1184=LINE('',#13857,#1917);
#1185=LINE('',#13859,#1918);
#1186=LINE('',#13862,#1919);
#1187=LINE('',#13865,#1920);
#1188=LINE('',#13869,#1921);
#1189=LINE('',#13871,#1922);
#1190=LINE('',#13873,#1923);
#1191=LINE('',#13879,#1924);
#1192=LINE('',#13880,#1925);
#1193=LINE('',#13882,#1926);
#1194=LINE('',#13886,#1927);
#1195=LINE('',#13887,#1928);
#1196=LINE('',#13891,#1929);
#1197=LINE('',#13893,#1930);
#1198=LINE('',#13895,#1931);
#1199=LINE('',#13898,#1932);
#1200=LINE('',#13900,#1933);
#1201=LINE('',#13903,#1934);
#1202=LINE('',#13910,#1935);
#1203=LINE('',#13912,#1936);
#1204=LINE('',#13914,#1937);
#1205=LINE('',#13916,#1938);
#1206=LINE('',#13917,#1939);
#1207=LINE('',#13919,#1940);
#1208=LINE('',#13921,#1941);
#1209=LINE('',#13924,#1942);
#1210=LINE('',#13925,#1943);
#1211=LINE('',#13927,#1944);
#1212=LINE('',#13929,#1945);
#1213=LINE('',#13931,#1946);
#1214=LINE('',#13933,#1947);
#1215=LINE('',#13936,#1948);
#1216=LINE('',#13937,#1949);
#1217=LINE('',#13939,#1950);
#1218=LINE('',#13941,#1951);
#1219=LINE('',#13943,#1952);
#1220=LINE('',#13945,#1953);
#1221=LINE('',#13946,#1954);
#1222=LINE('',#13948,#1955);
#1223=LINE('',#13949,#1956);
#1224=LINE('',#13957,#1957);
#1225=LINE('',#13959,#1958);
#1226=VECTOR('',#9500,1.);
#1227=VECTOR('',#9503,1.);
#1228=VECTOR('',#9510,1.);
#1229=VECTOR('',#9513,1.);
#1230=VECTOR('',#9524,1.);
#1231=VECTOR('',#9527,1.);
#1232=VECTOR('',#9534,1.);
#1233=VECTOR('',#9535,1.);
#1234=VECTOR('',#9538,1.);
#1235=VECTOR('',#9543,1.);
#1236=VECTOR('',#9546,1.);
#1237=VECTOR('',#9551,1.);
#1238=VECTOR('',#9560,1.);
#1239=VECTOR('',#9571,1.);
#1240=VECTOR('',#9576,1.);
#1241=VECTOR('',#9579,1.);
#1242=VECTOR('',#9580,1.);
#1243=VECTOR('',#9595,1.);
#1244=VECTOR('',#9598,1.);
#1245=VECTOR('',#9609,1.);
#1246=VECTOR('',#9612,1.);
#1247=VECTOR('',#9619,1.);
#1248=VECTOR('',#9622,1.);
#1249=VECTOR('',#9625,1.);
#1250=VECTOR('',#9628,1.);
#1251=VECTOR('',#9641,1.);
#1252=VECTOR('',#9644,1.);
#1253=VECTOR('',#9677,1.);
#1254=VECTOR('',#9678,1.);
#1255=VECTOR('',#9679,1.);
#1256=VECTOR('',#9680,1.);
#1257=VECTOR('',#9683,1.);
#1258=VECTOR('',#9684,1.);
#1259=VECTOR('',#9687,1.);
#1260=VECTOR('',#9688,1.);
#1261=VECTOR('',#9689,1.);
#1262=VECTOR('',#9692,1.);
#1263=VECTOR('',#9693,1.);
#1264=VECTOR('',#9694,1.);
#1265=VECTOR('',#9697,1.);
#1266=VECTOR('',#9698,1.);
#1267=VECTOR('',#9699,1.);
#1268=VECTOR('',#9700,1.);
#1269=VECTOR('',#9701,1.);
#1270=VECTOR('',#9702,1.);
#1271=VECTOR('',#9703,1.);
#1272=VECTOR('',#9704,1.);
#1273=VECTOR('',#9707,1.);
#1274=VECTOR('',#9708,1.);
#1275=VECTOR('',#9711,1.);
#1276=VECTOR('',#9712,1.);
#1277=VECTOR('',#9713,1.);
#1278=VECTOR('',#9714,1.);
#1279=VECTOR('',#9715,1.);
#1280=VECTOR('',#9716,1.);
#1281=VECTOR('',#9717,1.);
#1282=VECTOR('',#9718,1.);
#1283=VECTOR('',#9719,1.);
#1284=VECTOR('',#9720,1.);
#1285=VECTOR('',#9721,1.);
#1286=VECTOR('',#9722,1.);
#1287=VECTOR('',#9723,1.);
#1288=VECTOR('',#9724,1.);
#1289=VECTOR('',#9727,1.);
#1290=VECTOR('',#9730,1.);
#1291=VECTOR('',#9733,1.);
#1292=VECTOR('',#9736,1.);
#1293=VECTOR('',#9739,1.);
#1294=VECTOR('',#9740,1.);
#1295=VECTOR('',#9743,1.);
#1296=VECTOR('',#9744,1.);
#1297=VECTOR('',#9745,1.);
#1298=VECTOR('',#9748,1.);
#1299=VECTOR('',#9751,1.);
#1300=VECTOR('',#9758,1.);
#1301=VECTOR('',#9759,1.);
#1302=VECTOR('',#9764,1.);
#1303=VECTOR('',#9765,1.);
#1304=VECTOR('',#9766,1.);
#1305=VECTOR('',#9769,1.);
#1306=VECTOR('',#9770,1.);
#1307=VECTOR('',#9771,1.);
#1308=VECTOR('',#9772,1.);
#1309=VECTOR('',#9773,1.);
#1310=VECTOR('',#9774,1.);
#1311=VECTOR('',#9775,1.);
#1312=VECTOR('',#9776,1.);
#1313=VECTOR('',#9777,1.);
#1314=VECTOR('',#9778,1.);
#1315=VECTOR('',#9779,1.);
#1316=VECTOR('',#9780,1.);
#1317=VECTOR('',#9781,1.);
#1318=VECTOR('',#9782,1.);
#1319=VECTOR('',#9783,1.);
#1320=VECTOR('',#9784,1.);
#1321=VECTOR('',#9785,1.);
#1322=VECTOR('',#9786,1.);
#1323=VECTOR('',#9787,1.);
#1324=VECTOR('',#9790,1.);
#1325=VECTOR('',#9793,1.);
#1326=VECTOR('',#9794,1.);
#1327=VECTOR('',#9797,1.);
#1328=VECTOR('',#9798,1.);
#1329=VECTOR('',#9799,1.);
#1330=VECTOR('',#9802,1.);
#1331=VECTOR('',#9803,1.);
#1332=VECTOR('',#9806,1.);
#1333=VECTOR('',#9809,1.);
#1334=VECTOR('',#9810,1.);
#1335=VECTOR('',#9815,1.);
#1336=VECTOR('',#9824,1.);
#1337=VECTOR('',#9829,1.);
#1338=VECTOR('',#9838,1.);
#1339=VECTOR('',#9841,1.);
#1340=VECTOR('',#9842,1.);
#1341=VECTOR('',#9845,1.);
#1342=VECTOR('',#9846,1.);
#1343=VECTOR('',#9849,1.);
#1344=VECTOR('',#9852,1.);
#1345=VECTOR('',#9853,1.);
#1346=VECTOR('',#9856,1.);
#1347=VECTOR('',#9859,1.);
#1348=VECTOR('',#9862,1.);
#1349=VECTOR('',#9863,1.);
#1350=VECTOR('',#9870,1.);
#1351=VECTOR('',#9879,1.);
#1352=VECTOR('',#9884,1.);
#1353=VECTOR('',#9887,1.);
#1354=VECTOR('',#9890,1.);
#1355=VECTOR('',#9893,1.);
#1356=VECTOR('',#9896,1.);
#1357=VECTOR('',#9899,1.);
#1358=VECTOR('',#9900,1.);
#1359=VECTOR('',#9905,1.);
#1360=VECTOR('',#9908,1.);
#1361=VECTOR('',#9919,1.);
#1362=VECTOR('',#9928,1.);
#1363=VECTOR('',#9935,1.);
#1364=VECTOR('',#9936,1.);
#1365=VECTOR('',#9939,1.);
#1366=VECTOR('',#9942,1.);
#1367=VECTOR('',#9945,1.);
#1368=VECTOR('',#9946,1.);
#1369=VECTOR('',#9949,1.);
#1370=VECTOR('',#9952,1.);
#1371=VECTOR('',#9955,1.);
#1372=VECTOR('',#9958,1.);
#1373=VECTOR('',#9961,1.);
#1374=VECTOR('',#9962,1.);
#1375=VECTOR('',#9965,1.);
#1376=VECTOR('',#9968,1.);
#1377=VECTOR('',#9971,1.);
#1378=VECTOR('',#9972,1.);
#1379=VECTOR('',#9975,1.);
#1380=VECTOR('',#9976,1.);
#1381=VECTOR('',#9979,1.);
#1382=VECTOR('',#9982,1.);
#1383=VECTOR('',#9985,1.);
#1384=VECTOR('',#9986,1.);
#1385=VECTOR('',#9989,1.);
#1386=VECTOR('',#9992,1.);
#1387=VECTOR('',#9995,1.);
#1388=VECTOR('',#9998,1.);
#1389=VECTOR('',#10001,1.);
#1390=VECTOR('',#10002,1.);
#1391=VECTOR('',#10005,1.);
#1392=VECTOR('',#10008,1.);
#1393=VECTOR('',#10011,1.);
#1394=VECTOR('',#10012,1.);
#1395=VECTOR('',#10029,1.);
#1396=VECTOR('',#10030,1.);
#1397=VECTOR('',#10031,1.);
#1398=VECTOR('',#10032,1.);
#1399=VECTOR('',#10037,1.);
#1400=VECTOR('',#10038,1.);
#1401=VECTOR('',#10039,1.);
#1402=VECTOR('',#10040,1.);
#1403=VECTOR('',#10043,1.);
#1404=VECTOR('',#10046,1.);
#1405=VECTOR('',#10047,1.);
#1406=VECTOR('',#10048,1.);
#1407=VECTOR('',#10051,1.);
#1408=VECTOR('',#10052,1.);
#1409=VECTOR('',#10053,1.);
#1410=VECTOR('',#10056,1.);
#1411=VECTOR('',#10059,1.);
#1412=VECTOR('',#10060,1.);
#1413=VECTOR('',#10063,1.);
#1414=VECTOR('',#10064,1.);
#1415=VECTOR('',#10065,1.);
#1416=VECTOR('',#10070,1.);
#1417=VECTOR('',#10073,1.);
#1418=VECTOR('',#10074,1.);
#1419=VECTOR('',#10075,1.);
#1420=VECTOR('',#10078,1.);
#1421=VECTOR('',#10079,1.);
#1422=VECTOR('',#10086,1.);
#1423=VECTOR('',#10087,1.);
#1424=VECTOR('',#10088,1.);
#1425=VECTOR('',#10091,1.);
#1426=VECTOR('',#10092,1.);
#1427=VECTOR('',#10093,1.);
#1428=VECTOR('',#10098,1.);
#1429=VECTOR('',#10101,1.);
#1430=VECTOR('',#10102,1.);
#1431=VECTOR('',#10103,1.);
#1432=VECTOR('',#10106,1.);
#1433=VECTOR('',#10107,1.);
#1434=VECTOR('',#10114,1.);
#1435=VECTOR('',#10115,1.);
#1436=VECTOR('',#10116,1.);
#1437=VECTOR('',#10119,1.);
#1438=VECTOR('',#10120,1.);
#1439=VECTOR('',#10121,1.);
#1440=VECTOR('',#10126,1.);
#1441=VECTOR('',#10129,1.);
#1442=VECTOR('',#10130,1.);
#1443=VECTOR('',#10131,1.);
#1444=VECTOR('',#10134,1.);
#1445=VECTOR('',#10135,1.);
#1446=VECTOR('',#10142,1.);
#1447=VECTOR('',#10143,1.);
#1448=VECTOR('',#10144,1.);
#1449=VECTOR('',#10147,1.);
#1450=VECTOR('',#10148,1.);
#1451=VECTOR('',#10149,1.);
#1452=VECTOR('',#10150,1.);
#1453=VECTOR('',#10153,1.);
#1454=VECTOR('',#10154,1.);
#1455=VECTOR('',#10157,1.);
#1456=VECTOR('',#10158,1.);
#1457=VECTOR('',#10161,1.);
#1458=VECTOR('',#10162,1.);
#1459=VECTOR('',#10163,1.);
#1460=VECTOR('',#10164,1.);
#1461=VECTOR('',#10167,1.);
#1462=VECTOR('',#10168,1.);
#1463=VECTOR('',#10171,1.);
#1464=VECTOR('',#10172,1.);
#1465=VECTOR('',#10175,1.);
#1466=VECTOR('',#10176,1.);
#1467=VECTOR('',#10179,1.);
#1468=VECTOR('',#10180,1.);
#1469=VECTOR('',#10181,1.);
#1470=VECTOR('',#10182,1.);
#1471=VECTOR('',#10185,1.);
#1472=VECTOR('',#10188,1.);
#1473=VECTOR('',#10189,1.);
#1474=VECTOR('',#10192,1.);
#1475=VECTOR('',#10193,1.);
#1476=VECTOR('',#10194,1.);
#1477=VECTOR('',#10197,1.);
#1478=VECTOR('',#10200,1.);
#1479=VECTOR('',#10201,1.);
#1480=VECTOR('',#10202,1.);
#1481=VECTOR('',#10205,1.);
#1482=VECTOR('',#10206,1.);
#1483=VECTOR('',#10207,1.);
#1484=VECTOR('',#10210,1.);
#1485=VECTOR('',#10211,1.);
#1486=VECTOR('',#10212,1.);
#1487=VECTOR('',#10213,1.);
#1488=VECTOR('',#10214,1.);
#1489=VECTOR('',#10215,1.);
#1490=VECTOR('',#10220,1.);
#1491=VECTOR('',#10221,1.);
#1492=VECTOR('',#10224,1.);
#1493=VECTOR('',#10225,1.);
#1494=VECTOR('',#10228,1.);
#1495=VECTOR('',#10229,1.);
#1496=VECTOR('',#10232,1.);
#1497=VECTOR('',#10233,1.);
#1498=VECTOR('',#10236,1.);
#1499=VECTOR('',#10237,1.);
#1500=VECTOR('',#10238,1.);
#1501=VECTOR('',#10239,1.);
#1502=VECTOR('',#10242,1.);
#1503=VECTOR('',#10243,1.);
#1504=VECTOR('',#10246,1.);
#1505=VECTOR('',#10247,1.);
#1506=VECTOR('',#10252,1.);
#1507=VECTOR('',#10255,1.);
#1508=VECTOR('',#10258,1.);
#1509=VECTOR('',#10259,1.);
#1510=VECTOR('',#10260,1.);
#1511=VECTOR('',#10265,1.);
#1512=VECTOR('',#10268,1.);
#1513=VECTOR('',#10269,1.);
#1514=VECTOR('',#10272,1.);
#1515=VECTOR('',#10273,1.);
#1516=VECTOR('',#10274,1.);
#1517=VECTOR('',#10277,1.);
#1518=VECTOR('',#10278,1.);
#1519=VECTOR('',#10279,1.);
#1520=VECTOR('',#10282,1.);
#1521=VECTOR('',#10285,1.);
#1522=VECTOR('',#10286,1.);
#1523=VECTOR('',#10287,1.);
#1524=VECTOR('',#10288,1.);
#1525=VECTOR('',#10291,1.);
#1526=VECTOR('',#10292,1.);
#1527=VECTOR('',#10293,1.);
#1528=VECTOR('',#10300,1.);
#1529=VECTOR('',#10301,1.);
#1530=VECTOR('',#10304,1.);
#1531=VECTOR('',#10305,1.);
#1532=VECTOR('',#10308,1.);
#1533=VECTOR('',#10309,1.);
#1534=VECTOR('',#10316,1.);
#1535=VECTOR('',#10317,1.);
#1536=VECTOR('',#10320,1.);
#1537=VECTOR('',#10323,1.);
#1538=VECTOR('',#10324,1.);
#1539=VECTOR('',#10325,1.);
#1540=VECTOR('',#10330,1.);
#1541=VECTOR('',#10333,1.);
#1542=VECTOR('',#10334,1.);
#1543=VECTOR('',#10337,1.);
#1544=VECTOR('',#10338,1.);
#1545=VECTOR('',#10341,1.);
#1546=VECTOR('',#10344,1.);
#1547=VECTOR('',#10345,1.);
#1548=VECTOR('',#10346,1.);
#1549=VECTOR('',#10347,1.);
#1550=VECTOR('',#10352,1.);
#1551=VECTOR('',#10353,1.);
#1552=VECTOR('',#10354,1.);
#1553=VECTOR('',#10357,1.);
#1554=VECTOR('',#10358,1.);
#1555=VECTOR('',#10359,1.);
#1556=VECTOR('',#10360,1.);
#1557=VECTOR('',#10363,1.);
#1558=VECTOR('',#10366,1.);
#1559=VECTOR('',#10367,1.);
#1560=VECTOR('',#10368,1.);
#1561=VECTOR('',#10373,1.);
#1562=VECTOR('',#10374,1.);
#1563=VECTOR('',#10377,1.);
#1564=VECTOR('',#10390,1.);
#1565=VECTOR('',#10391,1.);
#1566=VECTOR('',#10392,1.);
#1567=VECTOR('',#10393,1.);
#1568=VECTOR('',#10394,1.);
#1569=VECTOR('',#10395,1.);
#1570=VECTOR('',#10398,1.);
#1571=VECTOR('',#10399,1.);
#1572=VECTOR('',#10402,1.);
#1573=VECTOR('',#10403,1.);
#1574=VECTOR('',#10404,1.);
#1575=VECTOR('',#10405,1.);
#1576=VECTOR('',#10406,1.);
#1577=VECTOR('',#10409,1.);
#1578=VECTOR('',#10412,1.);
#1579=VECTOR('',#10413,1.);
#1580=VECTOR('',#10416,1.);
#1581=VECTOR('',#10417,1.);
#1582=VECTOR('',#10420,1.);
#1583=VECTOR('',#10421,1.);
#1584=VECTOR('',#10424,1.);
#1585=VECTOR('',#10425,1.);
#1586=VECTOR('',#10428,1.);
#1587=VECTOR('',#10429,1.);
#1588=VECTOR('',#10430,1.);
#1589=VECTOR('',#10433,1.);
#1590=VECTOR('',#10434,1.);
#1591=VECTOR('',#10437,1.);
#1592=VECTOR('',#10440,1.);
#1593=VECTOR('',#10441,1.);
#1594=VECTOR('',#10442,1.);
#1595=VECTOR('',#10445,1.);
#1596=VECTOR('',#10446,1.);
#1597=VECTOR('',#10449,1.);
#1598=VECTOR('',#10450,1.);
#1599=VECTOR('',#10453,1.);
#1600=VECTOR('',#10456,1.);
#1601=VECTOR('',#10457,1.);
#1602=VECTOR('',#10458,1.);
#1603=VECTOR('',#10459,1.);
#1604=VECTOR('',#10462,1.);
#1605=VECTOR('',#10463,1.);
#1606=VECTOR('',#10466,1.);
#1607=VECTOR('',#10467,1.);
#1608=VECTOR('',#10468,1.);
#1609=VECTOR('',#10469,1.);
#1610=VECTOR('',#10472,1.);
#1611=VECTOR('',#10473,1.);
#1612=VECTOR('',#10474,1.);
#1613=VECTOR('',#10475,1.);
#1614=VECTOR('',#10476,1.);
#1615=VECTOR('',#10479,1.);
#1616=VECTOR('',#10480,1.);
#1617=VECTOR('',#10483,1.);
#1618=VECTOR('',#10484,1.);
#1619=VECTOR('',#10485,1.);
#1620=VECTOR('',#10486,1.);
#1621=VECTOR('',#10491,1.);
#1622=VECTOR('',#10494,1.);
#1623=VECTOR('',#10495,1.);
#1624=VECTOR('',#10496,1.);
#1625=VECTOR('',#10499,1.);
#1626=VECTOR('',#10500,1.);
#1627=VECTOR('',#10503,1.);
#1628=VECTOR('',#10504,1.);
#1629=VECTOR('',#10507,1.);
#1630=VECTOR('',#10510,1.);
#1631=VECTOR('',#10511,1.);
#1632=VECTOR('',#10512,1.);
#1633=VECTOR('',#10513,1.);
#1634=VECTOR('',#10516,1.);
#1635=VECTOR('',#10517,1.);
#1636=VECTOR('',#10520,1.);
#1637=VECTOR('',#10521,1.);
#1638=VECTOR('',#10522,1.);
#1639=VECTOR('',#10523,1.);
#1640=VECTOR('',#10530,1.);
#1641=VECTOR('',#10533,1.);
#1642=VECTOR('',#10536,1.);
#1643=VECTOR('',#10541,1.);
#1644=VECTOR('',#10544,1.);
#1645=VECTOR('',#10545,1.);
#1646=VECTOR('',#10552,1.);
#1647=VECTOR('',#10553,1.);
#1648=VECTOR('',#10558,1.);
#1649=VECTOR('',#10563,1.);
#1650=VECTOR('',#10566,1.);
#1651=VECTOR('',#10569,1.);
#1652=VECTOR('',#10572,1.);
#1653=VECTOR('',#10575,1.);
#1654=VECTOR('',#10576,1.);
#1655=VECTOR('',#10577,1.);
#1656=VECTOR('',#10580,1.);
#1657=VECTOR('',#10583,1.);
#1658=VECTOR('',#10584,1.);
#1659=VECTOR('',#10585,1.);
#1660=VECTOR('',#10588,1.);
#1661=VECTOR('',#10591,1.);
#1662=VECTOR('',#10592,1.);
#1663=VECTOR('',#10593,1.);
#1664=VECTOR('',#10596,1.);
#1665=VECTOR('',#10599,1.);
#1666=VECTOR('',#10600,1.);
#1667=VECTOR('',#10601,1.);
#1668=VECTOR('',#10604,1.);
#1669=VECTOR('',#10607,1.);
#1670=VECTOR('',#10608,1.);
#1671=VECTOR('',#10609,1.);
#1672=VECTOR('',#10612,1.);
#1673=VECTOR('',#10615,1.);
#1674=VECTOR('',#10616,1.);
#1675=VECTOR('',#10617,1.);
#1676=VECTOR('',#10626,1.);
#1677=VECTOR('',#10629,1.);
#1678=VECTOR('',#10636,1.);
#1679=VECTOR('',#10639,1.);
#1680=VECTOR('',#10646,1.);
#1681=VECTOR('',#10647,1.);
#1682=VECTOR('',#10654,1.);
#1683=VECTOR('',#10665,1.);
#1684=VECTOR('',#10666,1.);
#1685=VECTOR('',#10669,1.);
#1686=VECTOR('',#10676,1.);
#1687=VECTOR('',#10677,1.);
#1688=VECTOR('',#10678,1.);
#1689=VECTOR('',#10679,1.);
#1690=VECTOR('',#10680,1.);
#1691=VECTOR('',#10683,1.);
#1692=VECTOR('',#10686,1.);
#1693=VECTOR('',#10691,1.);
#1694=VECTOR('',#10696,1.);
#1695=VECTOR('',#10697,1.);
#1696=VECTOR('',#10700,1.);
#1697=VECTOR('',#10705,1.);
#1698=VECTOR('',#10712,1.);
#1699=VECTOR('',#10715,1.);
#1700=VECTOR('',#10718,1.);
#1701=VECTOR('',#10719,1.);
#1702=VECTOR('',#10724,1.);
#1703=VECTOR('',#10727,1.);
#1704=VECTOR('',#10732,1.);
#1705=VECTOR('',#10733,1.);
#1706=VECTOR('',#10736,1.);
#1707=VECTOR('',#10741,1.);
#1708=VECTOR('',#10746,1.);
#1709=VECTOR('',#10749,1.);
#1710=VECTOR('',#10750,1.);
#1711=VECTOR('',#10751,1.);
#1712=VECTOR('',#10752,1.);
#1713=VECTOR('',#10755,1.);
#1714=VECTOR('',#10756,1.);
#1715=VECTOR('',#10765,1.);
#1716=VECTOR('',#10766,1.);
#1717=VECTOR('',#10769,1.);
#1718=VECTOR('',#10772,1.);
#1719=VECTOR('',#10773,1.);
#1720=VECTOR('',#10780,1.);
#1721=VECTOR('',#10785,1.);
#1722=VECTOR('',#10790,1.);
#1723=VECTOR('',#10791,1.);
#1724=VECTOR('',#10794,1.);
#1725=VECTOR('',#10803,1.);
#1726=VECTOR('',#10814,1.);
#1727=VECTOR('',#10815,1.);
#1728=VECTOR('',#10824,1.);
#1729=VECTOR('',#10831,1.);
#1730=VECTOR('',#10836,1.);
#1731=VECTOR('',#10841,1.);
#1732=VECTOR('',#10842,1.);
#1733=VECTOR('',#10843,1.);
#1734=VECTOR('',#10848,1.);
#1735=VECTOR('',#10851,1.);
#1736=VECTOR('',#10852,1.);
#1737=VECTOR('',#10859,1.);
#1738=VECTOR('',#10860,1.);
#1739=VECTOR('',#10861,1.);
#1740=VECTOR('',#10862,1.);
#1741=VECTOR('',#10863,1.);
#1742=VECTOR('',#10866,1.);
#1743=VECTOR('',#10867,1.);
#1744=VECTOR('',#10868,1.);
#1745=VECTOR('',#10869,1.);
#1746=VECTOR('',#10870,1.);
#1747=VECTOR('',#10873,1.);
#1748=VECTOR('',#10874,1.);
#1749=VECTOR('',#10875,1.);
#1750=VECTOR('',#10876,1.);
#1751=VECTOR('',#10877,1.);
#1752=VECTOR('',#10880,1.);
#1753=VECTOR('',#10881,1.);
#1754=VECTOR('',#10882,1.);
#1755=VECTOR('',#10883,1.);
#1756=VECTOR('',#10884,1.);
#1757=VECTOR('',#10887,1.);
#1758=VECTOR('',#10888,1.);
#1759=VECTOR('',#10889,1.);
#1760=VECTOR('',#10890,1.);
#1761=VECTOR('',#10891,1.);
#1762=VECTOR('',#10894,1.);
#1763=VECTOR('',#10895,1.);
#1764=VECTOR('',#10896,1.);
#1765=VECTOR('',#10897,1.);
#1766=VECTOR('',#10898,1.);
#1767=VECTOR('',#10901,1.);
#1768=VECTOR('',#10904,1.);
#1769=VECTOR('',#10907,1.);
#1770=VECTOR('',#10910,1.);
#1771=VECTOR('',#10913,1.);
#1772=VECTOR('',#10916,1.);
#1773=VECTOR('',#10923,1.);
#1774=VECTOR('',#10924,1.);
#1775=VECTOR('',#10925,1.);
#1776=VECTOR('',#10928,1.);
#1777=VECTOR('',#10929,1.);
#1778=VECTOR('',#10930,1.);
#1779=VECTOR('',#10933,1.);
#1780=VECTOR('',#10936,1.);
#1781=VECTOR('',#10939,1.);
#1782=VECTOR('',#10942,1.);
#1783=VECTOR('',#10943,1.);
#1784=VECTOR('',#10944,1.);
#1785=VECTOR('',#10947,1.);
#1786=VECTOR('',#10948,1.);
#1787=VECTOR('',#10949,1.);
#1788=VECTOR('',#10952,1.);
#1789=VECTOR('',#10953,1.);
#1790=VECTOR('',#10954,1.);
#1791=VECTOR('',#10955,1.);
#1792=VECTOR('',#10956,1.);
#1793=VECTOR('',#10957,1.);
#1794=VECTOR('',#10962,1.);
#1795=VECTOR('',#10969,1.);
#1796=VECTOR('',#10970,1.);
#1797=VECTOR('',#10975,1.);
#1798=VECTOR('',#10976,1.);
#1799=VECTOR('',#10977,1.);
#1800=VECTOR('',#10980,1.);
#1801=VECTOR('',#10981,1.);
#1802=VECTOR('',#10982,1.);
#1803=VECTOR('',#10987,1.);
#1804=VECTOR('',#10988,1.);
#1805=VECTOR('',#10989,1.);
#1806=VECTOR('',#10990,1.);
#1807=VECTOR('',#10991,1.);
#1808=VECTOR('',#10992,1.);
#1809=VECTOR('',#10997,1.);
#1810=VECTOR('',#10998,1.);
#1811=VECTOR('',#10999,1.);
#1812=VECTOR('',#11000,1.);
#1813=VECTOR('',#11001,1.);
#1814=VECTOR('',#11002,1.);
#1815=VECTOR('',#11005,1.);
#1816=VECTOR('',#11006,1.);
#1817=VECTOR('',#11007,1.);
#1818=VECTOR('',#11020,1.);
#1819=VECTOR('',#11023,1.);
#1820=VECTOR('',#11030,1.);
#1821=VECTOR('',#11031,1.);
#1822=VECTOR('',#11036,1.);
#1823=VECTOR('',#11039,1.);
#1824=VECTOR('',#11044,1.);
#1825=VECTOR('',#11045,1.);
#1826=VECTOR('',#11048,1.);
#1827=VECTOR('',#11051,1.);
#1828=VECTOR('',#11058,1.);
#1829=VECTOR('',#11059,1.);
#1830=VECTOR('',#11064,1.);
#1831=VECTOR('',#11067,1.);
#1832=VECTOR('',#11072,1.);
#1833=VECTOR('',#11075,1.);
#1834=VECTOR('',#11084,1.);
#1835=VECTOR('',#11085,1.);
#1836=VECTOR('',#11090,1.);
#1837=VECTOR('',#11093,1.);
#1838=VECTOR('',#11096,1.);
#1839=VECTOR('',#11099,1.);
#1840=VECTOR('',#11104,1.);
#1841=VECTOR('',#11105,1.);
#1842=VECTOR('',#11110,1.);
#1843=VECTOR('',#11111,1.);
#1844=VECTOR('',#11116,1.);
#1845=VECTOR('',#11117,1.);
#1846=VECTOR('',#11120,1.);
#1847=VECTOR('',#11123,1.);
#1848=VECTOR('',#11132,1.);
#1849=VECTOR('',#11135,1.);
#1850=VECTOR('',#11136,1.);
#1851=VECTOR('',#11141,1.);
#1852=VECTOR('',#11144,1.);
#1853=VECTOR('',#11147,1.);
#1854=VECTOR('',#11150,1.);
#1855=VECTOR('',#11155,1.);
#1856=VECTOR('',#11156,1.);
#1857=VECTOR('',#11157,1.);
#1858=VECTOR('',#11160,1.);
#1859=VECTOR('',#11161,1.);
#1860=VECTOR('',#11162,1.);
#1861=VECTOR('',#11165,1.);
#1862=VECTOR('',#11166,1.);
#1863=VECTOR('',#11167,1.);
#1864=VECTOR('',#11168,1.);
#1865=VECTOR('',#11169,1.);
#1866=VECTOR('',#11172,1.);
#1867=VECTOR('',#11173,1.);
#1868=VECTOR('',#11174,1.);
#1869=VECTOR('',#11177,1.);
#1870=VECTOR('',#11180,1.);
#1871=VECTOR('',#11183,1.);
#1872=VECTOR('',#11186,1.);
#1873=VECTOR('',#11191,1.);
#1874=VECTOR('',#11194,1.);
#1875=VECTOR('',#11195,1.);
#1876=VECTOR('',#11204,1.);
#1877=VECTOR('',#11205,1.);
#1878=VECTOR('',#11206,1.);
#1879=VECTOR('',#11207,1.);
#1880=VECTOR('',#11210,1.);
#1881=VECTOR('',#11211,1.);
#1882=VECTOR('',#11214,1.);
#1883=VECTOR('',#11215,1.);
#1884=VECTOR('',#11218,1.);
#1885=VECTOR('',#11219,1.);
#1886=VECTOR('',#11222,1.);
#1887=VECTOR('',#11223,1.);
#1888=VECTOR('',#11224,1.);
#1889=VECTOR('',#11233,1.);
#1890=VECTOR('',#11234,1.);
#1891=VECTOR('',#11241,1.);
#1892=VECTOR('',#11248,1.);
#1893=VECTOR('',#11249,1.);
#1894=VECTOR('',#11256,1.);
#1895=VECTOR('',#11257,1.);
#1896=VECTOR('',#11258,1.);
#1897=VECTOR('',#11259,1.);
#1898=VECTOR('',#11262,1.);
#1899=VECTOR('',#11263,1.);
#1900=VECTOR('',#11266,1.);
#1901=VECTOR('',#11267,1.);
#1902=VECTOR('',#11270,1.);
#1903=VECTOR('',#11271,1.);
#1904=VECTOR('',#11274,1.);
#1905=VECTOR('',#11275,1.);
#1906=VECTOR('',#11276,1.);
#1907=VECTOR('',#11283,1.);
#1908=VECTOR('',#11284,1.);
#1909=VECTOR('',#11289,1.);
#1910=VECTOR('',#11300,1.);
#1911=VECTOR('',#11303,1.);
#1912=VECTOR('',#11304,1.);
#1913=VECTOR('',#11309,1.);
#1914=VECTOR('',#11310,1.);
#1915=VECTOR('',#11313,1.);
#1916=VECTOR('',#11314,1.);
#1917=VECTOR('',#11317,1.);
#1918=VECTOR('',#11318,1.);
#1919=VECTOR('',#11323,1.);
#1920=VECTOR('',#11326,1.);
#1921=VECTOR('',#11329,1.);
#1922=VECTOR('',#11332,1.);
#1923=VECTOR('',#11335,1.);
#1924=VECTOR('',#11342,1.);
#1925=VECTOR('',#11343,1.);
#1926=VECTOR('',#11346,1.);
#1927=VECTOR('',#11349,1.);
#1928=VECTOR('',#11350,1.);
#1929=VECTOR('',#11353,1.);
#1930=VECTOR('',#11356,1.);
#1931=VECTOR('',#11359,1.);
#1932=VECTOR('',#11364,1.);
#1933=VECTOR('',#11367,1.);
#1934=VECTOR('',#11372,1.);
#1935=VECTOR('',#11385,1.);
#1936=VECTOR('',#11386,1.);
#1937=VECTOR('',#11387,1.);
#1938=VECTOR('',#11388,1.);
#1939=VECTOR('',#11389,1.);
#1940=VECTOR('',#11390,1.);
#1941=VECTOR('',#11393,1.);
#1942=VECTOR('',#11394,1.);
#1943=VECTOR('',#11395,1.);
#1944=VECTOR('',#11398,1.);
#1945=VECTOR('',#11399,1.);
#1946=VECTOR('',#11400,1.);
#1947=VECTOR('',#11403,1.);
#1948=VECTOR('',#11404,1.);
#1949=VECTOR('',#11405,1.);
#1950=VECTOR('',#11408,1.);
#1951=VECTOR('',#11409,1.);
#1952=VECTOR('',#11410,1.);
#1953=VECTOR('',#11413,1.);
#1954=VECTOR('',#11414,1.);
#1955=VECTOR('',#11417,1.);
#1956=VECTOR('',#11418,1.);
#1957=VECTOR('',#11433,1.);
#1958=VECTOR('',#11436,1.);
#1959=B_SPLINE_CURVE_WITH_KNOTS('',3,(#11571,#11572,#11573,#11574),
 .UNSPECIFIED.,.F.,.F.,(4,4),(0.,1.),.UNSPECIFIED.);
#1960=B_SPLINE_CURVE_WITH_KNOTS('',3,(#11580,#11581,#11582,#11583),
 .UNSPECIFIED.,.F.,.F.,(4,4),(0.,0.000420115458909514),.UNSPECIFIED.);
#1961=B_SPLINE_CURVE_WITH_KNOTS('',3,(#11590,#11591,#11592,#11593),
 .UNSPECIFIED.,.F.,.F.,(4,4),(0.,1.),.UNSPECIFIED.);
#1962=B_SPLINE_CURVE_WITH_KNOTS('',3,(#11597,#11598,#11599,#11600,#11601,
#11602,#11603,#11604,#11605,#11606),.UNSPECIFIED.,.F.,.F.,(4,3,3,4),(4.11364355774398E-9,
0.000120707441301531,0.0002414005960908,0.000420282505692679),
 .UNSPECIFIED.);
#1963=B_SPLINE_CURVE_WITH_KNOTS('',3,(#11787,#11788,#11789,#11790),
 .UNSPECIFIED.,.F.,.F.,(4,4),(0.,0.00142709173092862),.UNSPECIFIED.);
#1964=B_SPLINE_CURVE_WITH_KNOTS('',3,(#11791,#11792,#11793,#11794),
 .UNSPECIFIED.,.F.,.F.,(4,4),(2.49130692054224E-18,0.00142709173092862),
 .UNSPECIFIED.);
#1965=B_SPLINE_CURVE_WITH_KNOTS('',3,(#11823,#11824,#11825,#11826),
 .UNSPECIFIED.,.F.,.F.,(4,4),(0.,1.),.UNSPECIFIED.);
#1966=B_SPLINE_CURVE_WITH_KNOTS('',3,(#11834,#11835,#11836,#11837),
 .UNSPECIFIED.,.F.,.F.,(4,4),(0.,1.),.UNSPECIFIED.);
#1967=B_SPLINE_CURVE_WITH_KNOTS('',3,(#11846,#11847,#11848,#11849),
 .UNSPECIFIED.,.F.,.F.,(4,4),(0.,1.),.UNSPECIFIED.);
#1968=B_SPLINE_CURVE_WITH_KNOTS('',3,(#11853,#11854,#11855,#11856),
 .UNSPECIFIED.,.F.,.F.,(4,4),(0.,1.),.UNSPECIFIED.);
#1969=B_SPLINE_CURVE_WITH_KNOTS('',3,(#11904,#11905,#11906,#11907),
 .UNSPECIFIED.,.F.,.F.,(4,4),(2.99540215538102E-12,0.000697953980495442),
 .UNSPECIFIED.);
#1970=B_SPLINE_CURVE_WITH_KNOTS('',3,(#12001,#12002,#12003,#12004),
 .UNSPECIFIED.,.F.,.F.,(4,4),(2.49622745226763E-7,0.999999268434731),
 .UNSPECIFIED.);
#1971=B_SPLINE_CURVE_WITH_KNOTS('',3,(#12095,#12096,#12097,#12098),
 .UNSPECIFIED.,.F.,.F.,(4,4),(9.15722734950473E-10,0.000791277919179312),
 .UNSPECIFIED.);
#1972=B_SPLINE_CURVE_WITH_KNOTS('',3,(#13177,#13178,#13179,#13180),
 .UNSPECIFIED.,.F.,.F.,(4,4),(0.,0.00051517799018762),.UNSPECIFIED.);
#1973=B_SPLINE_CURVE_WITH_KNOTS('',3,(#13184,#13185,#13186,#13187),
 .UNSPECIFIED.,.F.,.F.,(4,4),(0.,1.),.UNSPECIFIED.);
#1974=B_SPLINE_CURVE_WITH_KNOTS('',3,(#13212,#13213,#13214,#13215),
 .UNSPECIFIED.,.F.,.F.,(4,4),(0.,1.),.UNSPECIFIED.);
#1975=B_SPLINE_CURVE_WITH_KNOTS('',3,(#13219,#13220,#13221,#13222),
 .UNSPECIFIED.,.F.,.F.,(4,4),(8.13151629364128E-20,0.000515177990187621),
 .UNSPECIFIED.);
#1976=B_SPLINE_CURVE_WITH_KNOTS('',3,(#13364,#13365,#13366,#13367),
 .UNSPECIFIED.,.F.,.F.,(4,4),(0.,1.),.UNSPECIFIED.);
#1977=B_SPLINE_CURVE_WITH_KNOTS('',3,(#13371,#13372,#13373,#13374),
 .UNSPECIFIED.,.F.,.F.,(4,4),(0.,1.),.UNSPECIFIED.);
#1978=B_SPLINE_CURVE_WITH_KNOTS('',3,(#13409,#13410,#13411,#13412),
 .UNSPECIFIED.,.F.,.F.,(4,4),(9.75781955236954E-19,0.000517679401305478),
 .UNSPECIFIED.);
#1979=B_SPLINE_CURVE_WITH_KNOTS('',3,(#13438,#13439,#13440,#13441),
 .UNSPECIFIED.,.F.,.F.,(4,4),(6.71878750061685E-18,0.000517679401305486),
 .UNSPECIFIED.);
#1980=B_SPLINE_CURVE_WITH_KNOTS('',3,(#13569,#13570,#13571,#13572),
 .UNSPECIFIED.,.F.,.F.,(4,4),(8.13151629364128E-20,0.000515177990187545),
 .UNSPECIFIED.);
#1981=B_SPLINE_CURVE_WITH_KNOTS('',3,(#13573,#13574,#13575,#13576),
 .UNSPECIFIED.,.F.,.F.,(4,4),(6.85109403149117E-18,0.000515177990187515),
 .UNSPECIFIED.);
#1982=B_SPLINE_CURVE_WITH_KNOTS('',3,(#13637,#13638,#13639,#13640),
 .UNSPECIFIED.,.F.,.F.,(4,4),(0.,1.),.UNSPECIFIED.);
#1983=B_SPLINE_CURVE_WITH_KNOTS('',3,(#13672,#13673,#13674,#13675),
 .UNSPECIFIED.,.F.,.F.,(4,4),(0.,1.),.UNSPECIFIED.);
#1984=B_SPLINE_CURVE_WITH_KNOTS('',3,(#13696,#13697,#13698,#13699),
 .UNSPECIFIED.,.F.,.F.,(4,4),(8.67361737988404E-19,0.00142709173092862),
 .UNSPECIFIED.);
#1985=B_SPLINE_CURVE_WITH_KNOTS('',3,(#13701,#13702,#13703,#13704),
 .UNSPECIFIED.,.F.,.F.,(4,4),(4.59476642940294E-18,0.00172238728266909),
 .UNSPECIFIED.);
#1986=B_SPLINE_CURVE_WITH_KNOTS('',3,(#13735,#13736,#13737,#13738),
 .UNSPECIFIED.,.F.,.F.,(4,4),(0.,0.00172238728266908),.UNSPECIFIED.);
#1987=B_SPLINE_CURVE_WITH_KNOTS('',3,(#13743,#13744,#13745,#13746),
 .UNSPECIFIED.,.F.,.F.,(4,4),(0.,0.00142709173092862),.UNSPECIFIED.);
#1988=B_SPLINE_CURVE_WITH_KNOTS('',3,(#13756,#13757,#13758,#13759),
 .UNSPECIFIED.,.F.,.F.,(4,4),(0.,0.00142709173092862),.UNSPECIFIED.);
#1989=B_SPLINE_CURVE_WITH_KNOTS('',3,(#13761,#13762,#13763,#13764),
 .UNSPECIFIED.,.F.,.F.,(4,4),(9.69739903612216E-19,0.00142709173092862),
 .UNSPECIFIED.);
#1990=B_SPLINE_CURVE_WITH_KNOTS('',3,(#13777,#13778,#13779,#13780),
 .UNSPECIFIED.,.F.,.F.,(4,4),(8.67361737988404E-19,0.00142709173092862),
 .UNSPECIFIED.);
#1991=B_SPLINE_CURVE_WITH_KNOTS('',3,(#13782,#13783,#13784,#13785),
 .UNSPECIFIED.,.F.,.F.,(4,4),(7.33741379967498E-18,0.00172238728266908),
 .UNSPECIFIED.);
#1992=B_SPLINE_CURVE_WITH_KNOTS('',3,(#13812,#13813,#13814,#13815),
 .UNSPECIFIED.,.F.,.F.,(4,4),(0.,0.00172238728266909),.UNSPECIFIED.);
#1993=B_SPLINE_CURVE_WITH_KNOTS('',3,(#13824,#13825,#13826,#13827),
 .UNSPECIFIED.,.F.,.F.,(4,4),(2.12459368048518E-18,0.00142709173092862),
 .UNSPECIFIED.);
#1994=CONICAL_SURFACE('',#8668,0.00602499999990869,0.785398163397448);
#1995=CONICAL_SURFACE('',#8690,0.000749999999991815,0.0872664625962854);
#1996=CONICAL_SURFACE('',#8693,0.000749999999991815,0.0872664625962854);
#1997=CONICAL_SURFACE('',#8696,0.000749999999997056,0.0872664625962854);
#1998=CONICAL_SURFACE('',#8699,0.000749999999995896,0.0872664625962854);
#1999=CONICAL_SURFACE('',#8702,0.000749999999997294,0.0872664625962854);
#2000=CONICAL_SURFACE('',#8705,0.000749999999997294,0.0872664626050998);
#2001=CONICAL_SURFACE('',#8708,0.000749999999996476,0.0872664625962854);
#2002=CONICAL_SURFACE('',#8711,0.000750000000003354,0.0872664626050998);
#2003=CONICAL_SURFACE('',#8716,0.000750000000003354,0.0872664626050998);
#2004=CONICAL_SURFACE('',#8756,0.00614999999997679,0.132551532297376);
#2005=CONICAL_SURFACE('',#8777,0.0085,0.78539816339745);
#2006=CONICAL_SURFACE('',#8785,0.000749999999996533,0.0872664626050998);
#2007=CONICAL_SURFACE('',#8791,0.000749999999996533,0.0872664626050998);
#2008=CONICAL_SURFACE('',#8826,0.00891999093082074,0.0872664625997164);
#2009=CONICAL_SURFACE('',#8832,0.00891999093082074,0.0872664625997155);
#2010=CONICAL_SURFACE('',#8846,0.00891999093082074,0.0872664625997155);
#2011=CONICAL_SURFACE('',#8865,0.00891999093082074,0.0872664625997164);
#2012=CONICAL_SURFACE('',#9247,0.0085,0.78539816339745);
#2013=CONICAL_SURFACE('',#9254,0.0085,0.78539816339745);
#2014=CONICAL_SURFACE('',#9258,0.0085,0.78539816339745);
#2015=CONICAL_SURFACE('',#9264,0.0085,0.785398163397452);
#2016=CONICAL_SURFACE('',#9271,0.0085,0.78539816339745);
#2017=CYLINDRICAL_SURFACE('',#8656,0.000875);
#2018=CYLINDRICAL_SURFACE('',#8658,0.000875);
#2019=CYLINDRICAL_SURFACE('',#8660,0.001);
#2020=CYLINDRICAL_SURFACE('',#8662,0.0015);
#2021=CYLINDRICAL_SURFACE('',#8665,0.0015);
#2022=CYLINDRICAL_SURFACE('',#8686,0.001);
#2023=CYLINDRICAL_SURFACE('',#8688,0.000875);
#2024=CYLINDRICAL_SURFACE('',#8721,0.01095);
#2025=CYLINDRICAL_SURFACE('',#8738,0.0009);
#2026=CYLINDRICAL_SURFACE('',#8741,0.011);
#2027=CYLINDRICAL_SURFACE('',#8747,0.00895);
#2028=CYLINDRICAL_SURFACE('',#8750,0.00075);
#2029=CYLINDRICAL_SURFACE('',#8754,0.005525);
#2030=CYLINDRICAL_SURFACE('',#8758,0.0085);
#2031=CYLINDRICAL_SURFACE('',#8775,0.00615);
#2032=CYLINDRICAL_SURFACE('',#8779,0.007);
#2033=CYLINDRICAL_SURFACE('',#8782,0.0062);
#2034=CYLINDRICAL_SURFACE('',#8810,0.0006);
#2035=CYLINDRICAL_SURFACE('',#8812,0.000599685991025532);
#2036=CYLINDRICAL_SURFACE('',#8815,0.01095);
#2037=CYLINDRICAL_SURFACE('',#8818,0.01095);
#2038=CYLINDRICAL_SURFACE('',#8822,0.0006);
#2039=CYLINDRICAL_SURFACE('',#8838,0.0005);
#2040=CYLINDRICAL_SURFACE('',#8840,0.0005);
#2041=CYLINDRICAL_SURFACE('',#8851,0.01095);
#2042=CYLINDRICAL_SURFACE('',#8872,0.005525);
#2043=CYLINDRICAL_SURFACE('',#8875,0.005525);
#2044=CYLINDRICAL_SURFACE('',#8880,0.005525);
#2045=CYLINDRICAL_SURFACE('',#8884,0.005525);
#2046=CYLINDRICAL_SURFACE('',#8887,0.005525);
#2047=CYLINDRICAL_SURFACE('',#8892,0.005525);
#2048=CYLINDRICAL_SURFACE('',#9037,0.011);
#2049=CYLINDRICAL_SURFACE('',#9039,1.00000000000008E-5);
#2050=CYLINDRICAL_SURFACE('',#9042,0.011);
#2051=CYLINDRICAL_SURFACE('',#9045,0.0006);
#2052=CYLINDRICAL_SURFACE('',#9047,0.0003);
#2053=CYLINDRICAL_SURFACE('',#9049,0.0003);
#2054=CYLINDRICAL_SURFACE('',#9051,0.0006);
#2055=CYLINDRICAL_SURFACE('',#9053,0.0006);
#2056=CYLINDRICAL_SURFACE('',#9055,0.0003);
#2057=CYLINDRICAL_SURFACE('',#9058,0.00041);
#2058=CYLINDRICAL_SURFACE('',#9061,0.011);
#2059=CYLINDRICAL_SURFACE('',#9062,0.00041);
#2060=CYLINDRICAL_SURFACE('',#9065,0.00041);
#2061=CYLINDRICAL_SURFACE('',#9068,0.011);
#2062=CYLINDRICAL_SURFACE('',#9071,0.00041);
#2063=CYLINDRICAL_SURFACE('',#9074,0.011);
#2064=CYLINDRICAL_SURFACE('',#9077,0.00041);
#2065=CYLINDRICAL_SURFACE('',#9083,1.00000000000006E-5);
#2066=CYLINDRICAL_SURFACE('',#9089,0.0009);
#2067=CYLINDRICAL_SURFACE('',#9095,0.01105);
#2068=CYLINDRICAL_SURFACE('',#9098,0.01105);
#2069=CYLINDRICAL_SURFACE('',#9101,1.00000000000008E-5);
#2070=CYLINDRICAL_SURFACE('',#9108,0.01105);
#2071=CYLINDRICAL_SURFACE('',#9109,0.01105);
#2072=CYLINDRICAL_SURFACE('',#9113,0.00075);
#2073=CYLINDRICAL_SURFACE('',#9116,1.00000000000006E-5);
#2074=CYLINDRICAL_SURFACE('',#9122,0.005525);
#2075=CYLINDRICAL_SURFACE('',#9125,0.005525);
#2076=CYLINDRICAL_SURFACE('',#9127,0.005525);
#2077=CYLINDRICAL_SURFACE('',#9129,0.005525);
#2078=CYLINDRICAL_SURFACE('',#9130,0.005525);
#2079=CYLINDRICAL_SURFACE('',#9145,0.0001);
#2080=CYLINDRICAL_SURFACE('',#9169,0.0001);
#2081=CYLINDRICAL_SURFACE('',#9185,0.0005);
#2082=CYLINDRICAL_SURFACE('',#9186,0.0004);
#2083=CYLINDRICAL_SURFACE('',#9187,0.0004);
#2084=CYLINDRICAL_SURFACE('',#9207,0.0004);
#2085=CYLINDRICAL_SURFACE('',#9208,0.0005);
#2086=CYLINDRICAL_SURFACE('',#9209,0.0004);
#2087=CYLINDRICAL_SURFACE('',#9215,0.0005);
#2088=CYLINDRICAL_SURFACE('',#9217,0.0004);
#2089=CYLINDRICAL_SURFACE('',#9223,0.0004);
#2090=CYLINDRICAL_SURFACE('',#9225,0.0005);
#2091=CYLINDRICAL_SURFACE('',#9233,0.0005);
#2092=CYLINDRICAL_SURFACE('',#9276,0.0001);
#2093=CYLINDRICAL_SURFACE('',#9280,1.E-5);
#2094=CYLINDRICAL_SURFACE('',#9281,0.0009);
#2095=CYLINDRICAL_SURFACE('',#9291,0.0073);
#2096=CYLINDRICAL_SURFACE('',#9293,0.007);
#2097=CYLINDRICAL_SURFACE('',#9299,0.0073);
#2098=CYLINDRICAL_SURFACE('',#9302,0.0073);
#2099=CYLINDRICAL_SURFACE('',#9305,0.0073);
#2100=ORIENTED_EDGE('',*,*,#4246,.F.);
#2101=ORIENTED_EDGE('',*,*,#4247,.T.);
#2102=ORIENTED_EDGE('',*,*,#4248,.F.);
#2103=ORIENTED_EDGE('',*,*,#4249,.T.);
#2104=ORIENTED_EDGE('',*,*,#4250,.F.);
#2105=ORIENTED_EDGE('',*,*,#4251,.T.);
#2106=ORIENTED_EDGE('',*,*,#4252,.T.);
#2107=ORIENTED_EDGE('',*,*,#4253,.F.);
#2108=ORIENTED_EDGE('',*,*,#4254,.T.);
#2109=ORIENTED_EDGE('',*,*,#4255,.F.);
#2110=ORIENTED_EDGE('',*,*,#4256,.T.);
#2111=ORIENTED_EDGE('',*,*,#4257,.F.);
#2112=ORIENTED_EDGE('',*,*,#4258,.F.);
#2113=ORIENTED_EDGE('',*,*,#4259,.T.);
#2114=ORIENTED_EDGE('',*,*,#4246,.T.);
#2115=ORIENTED_EDGE('',*,*,#4260,.T.);
#2116=ORIENTED_EDGE('',*,*,#4248,.T.);
#2117=ORIENTED_EDGE('',*,*,#4261,.T.);
#2118=ORIENTED_EDGE('',*,*,#4250,.T.);
#2119=ORIENTED_EDGE('',*,*,#4262,.T.);
#2120=ORIENTED_EDGE('',*,*,#4263,.F.);
#2121=ORIENTED_EDGE('',*,*,#4264,.T.);
#2122=ORIENTED_EDGE('',*,*,#4265,.F.);
#2123=ORIENTED_EDGE('',*,*,#4266,.T.);
#2124=ORIENTED_EDGE('',*,*,#4267,.T.);
#2125=ORIENTED_EDGE('',*,*,#4268,.F.);
#2126=ORIENTED_EDGE('',*,*,#4269,.F.);
#2127=ORIENTED_EDGE('',*,*,#4270,.F.);
#2128=ORIENTED_EDGE('',*,*,#4271,.F.);
#2129=ORIENTED_EDGE('',*,*,#4272,.F.);
#2130=ORIENTED_EDGE('',*,*,#4273,.F.);
#2131=ORIENTED_EDGE('',*,*,#4274,.F.);
#2132=ORIENTED_EDGE('',*,*,#4275,.T.);
#2133=ORIENTED_EDGE('',*,*,#4276,.F.);
#2134=ORIENTED_EDGE('',*,*,#4277,.F.);
#2135=ORIENTED_EDGE('',*,*,#4278,.F.);
#2136=ORIENTED_EDGE('',*,*,#4279,.F.);
#2137=ORIENTED_EDGE('',*,*,#4280,.F.);
#2138=ORIENTED_EDGE('',*,*,#4281,.F.);
#2139=ORIENTED_EDGE('',*,*,#4282,.F.);
#2140=ORIENTED_EDGE('',*,*,#4283,.T.);
#2141=ORIENTED_EDGE('',*,*,#4253,.T.);
#2142=ORIENTED_EDGE('',*,*,#4284,.T.);
#2143=ORIENTED_EDGE('',*,*,#4255,.T.);
#2144=ORIENTED_EDGE('',*,*,#4285,.T.);
#2145=ORIENTED_EDGE('',*,*,#4286,.F.);
#2146=ORIENTED_EDGE('',*,*,#4287,.T.);
#2147=ORIENTED_EDGE('',*,*,#4288,.F.);
#2148=ORIENTED_EDGE('',*,*,#4289,.T.);
#2149=ORIENTED_EDGE('',*,*,#4290,.F.);
#2150=ORIENTED_EDGE('',*,*,#4291,.T.);
#2151=ORIENTED_EDGE('',*,*,#4292,.F.);
#2152=ORIENTED_EDGE('',*,*,#4293,.T.);
#2153=ORIENTED_EDGE('',*,*,#4294,.F.);
#2154=ORIENTED_EDGE('',*,*,#4295,.T.);
#2155=ORIENTED_EDGE('',*,*,#4296,.F.);
#2156=ORIENTED_EDGE('',*,*,#4297,.T.);
#2157=ORIENTED_EDGE('',*,*,#4298,.F.);
#2158=ORIENTED_EDGE('',*,*,#4299,.T.);
#2159=ORIENTED_EDGE('',*,*,#4300,.T.);
#2160=ORIENTED_EDGE('',*,*,#4301,.F.);
#2161=ORIENTED_EDGE('',*,*,#4302,.F.);
#2162=ORIENTED_EDGE('',*,*,#4303,.F.);
#2163=ORIENTED_EDGE('',*,*,#4304,.F.);
#2164=ORIENTED_EDGE('',*,*,#4305,.F.);
#2165=ORIENTED_EDGE('',*,*,#4306,.F.);
#2166=ORIENTED_EDGE('',*,*,#4307,.T.);
#2167=ORIENTED_EDGE('',*,*,#4308,.F.);
#2168=ORIENTED_EDGE('',*,*,#4309,.F.);
#2169=ORIENTED_EDGE('',*,*,#4310,.F.);
#2170=ORIENTED_EDGE('',*,*,#4311,.T.);
#2171=ORIENTED_EDGE('',*,*,#4312,.T.);
#2172=ORIENTED_EDGE('',*,*,#4313,.T.);
#2173=ORIENTED_EDGE('',*,*,#4314,.T.);
#2174=ORIENTED_EDGE('',*,*,#4315,.T.);
#2175=ORIENTED_EDGE('',*,*,#4316,.T.);
#2176=ORIENTED_EDGE('',*,*,#4317,.F.);
#2177=ORIENTED_EDGE('',*,*,#4318,.T.);
#2178=ORIENTED_EDGE('',*,*,#4319,.T.);
#2179=ORIENTED_EDGE('',*,*,#4320,.T.);
#2180=ORIENTED_EDGE('',*,*,#4321,.F.);
#2181=ORIENTED_EDGE('',*,*,#4322,.T.);
#2182=ORIENTED_EDGE('',*,*,#4323,.T.);
#2183=ORIENTED_EDGE('',*,*,#4324,.T.);
#2184=ORIENTED_EDGE('',*,*,#4325,.T.);
#2185=ORIENTED_EDGE('',*,*,#4326,.T.);
#2186=ORIENTED_EDGE('',*,*,#4327,.T.);
#2187=ORIENTED_EDGE('',*,*,#4328,.T.);
#2188=ORIENTED_EDGE('',*,*,#4329,.T.);
#2189=ORIENTED_EDGE('',*,*,#4330,.T.);
#2190=ORIENTED_EDGE('',*,*,#4331,.T.);
#2191=ORIENTED_EDGE('',*,*,#4332,.T.);
#2192=ORIENTED_EDGE('',*,*,#4333,.T.);
#2193=ORIENTED_EDGE('',*,*,#4334,.T.);
#2194=ORIENTED_EDGE('',*,*,#4335,.T.);
#2195=ORIENTED_EDGE('',*,*,#4336,.F.);
#2196=ORIENTED_EDGE('',*,*,#4337,.T.);
#2197=ORIENTED_EDGE('',*,*,#4338,.T.);
#2198=ORIENTED_EDGE('',*,*,#4339,.T.);
#2199=ORIENTED_EDGE('',*,*,#4340,.F.);
#2200=ORIENTED_EDGE('',*,*,#4341,.T.);
#2201=ORIENTED_EDGE('',*,*,#4342,.T.);
#2202=ORIENTED_EDGE('',*,*,#4343,.T.);
#2203=ORIENTED_EDGE('',*,*,#4344,.T.);
#2204=ORIENTED_EDGE('',*,*,#4345,.T.);
#2205=ORIENTED_EDGE('',*,*,#4346,.T.);
#2206=ORIENTED_EDGE('',*,*,#4347,.F.);
#2207=ORIENTED_EDGE('',*,*,#4348,.F.);
#2208=ORIENTED_EDGE('',*,*,#4349,.T.);
#2209=ORIENTED_EDGE('',*,*,#4350,.T.);
#2210=ORIENTED_EDGE('',*,*,#4351,.F.);
#2211=ORIENTED_EDGE('',*,*,#4352,.F.);
#2212=ORIENTED_EDGE('',*,*,#4353,.T.);
#2213=ORIENTED_EDGE('',*,*,#4354,.T.);
#2214=ORIENTED_EDGE('',*,*,#4267,.F.);
#2215=ORIENTED_EDGE('',*,*,#4355,.T.);
#2216=ORIENTED_EDGE('',*,*,#4356,.F.);
#2217=ORIENTED_EDGE('',*,*,#4357,.T.);
#2218=ORIENTED_EDGE('',*,*,#4256,.F.);
#2219=ORIENTED_EDGE('',*,*,#4358,.T.);
#2220=ORIENTED_EDGE('',*,*,#4359,.T.);
#2221=ORIENTED_EDGE('',*,*,#4360,.T.);
#2222=ORIENTED_EDGE('',*,*,#4361,.T.);
#2223=ORIENTED_EDGE('',*,*,#4362,.T.);
#2224=ORIENTED_EDGE('',*,*,#4363,.T.);
#2225=ORIENTED_EDGE('',*,*,#4364,.T.);
#2226=ORIENTED_EDGE('',*,*,#4365,.T.);
#2227=ORIENTED_EDGE('',*,*,#4366,.T.);
#2228=ORIENTED_EDGE('',*,*,#4367,.T.);
#2229=ORIENTED_EDGE('',*,*,#4368,.T.);
#2230=ORIENTED_EDGE('',*,*,#4369,.T.);
#2231=ORIENTED_EDGE('',*,*,#4370,.T.);
#2232=ORIENTED_EDGE('',*,*,#4371,.T.);
#2233=ORIENTED_EDGE('',*,*,#4372,.T.);
#2234=ORIENTED_EDGE('',*,*,#4373,.T.);
#2235=ORIENTED_EDGE('',*,*,#4374,.T.);
#2236=ORIENTED_EDGE('',*,*,#4375,.T.);
#2237=ORIENTED_EDGE('',*,*,#4376,.T.);
#2238=ORIENTED_EDGE('',*,*,#4377,.T.);
#2239=ORIENTED_EDGE('',*,*,#4378,.T.);
#2240=ORIENTED_EDGE('',*,*,#4379,.T.);
#2241=ORIENTED_EDGE('',*,*,#4380,.F.);
#2242=ORIENTED_EDGE('',*,*,#4381,.T.);
#2243=ORIENTED_EDGE('',*,*,#4382,.T.);
#2244=ORIENTED_EDGE('',*,*,#4383,.T.);
#2245=ORIENTED_EDGE('',*,*,#4384,.F.);
#2246=ORIENTED_EDGE('',*,*,#4385,.T.);
#2247=ORIENTED_EDGE('',*,*,#4357,.F.);
#2248=ORIENTED_EDGE('',*,*,#4386,.T.);
#2249=ORIENTED_EDGE('',*,*,#4387,.T.);
#2250=ORIENTED_EDGE('',*,*,#4388,.T.);
#2251=ORIENTED_EDGE('',*,*,#4368,.F.);
#2252=ORIENTED_EDGE('',*,*,#4389,.T.);
#2253=ORIENTED_EDGE('',*,*,#4390,.F.);
#2254=ORIENTED_EDGE('',*,*,#4391,.T.);
#2255=ORIENTED_EDGE('',*,*,#4392,.T.);
#2256=ORIENTED_EDGE('',*,*,#4393,.F.);
#2257=ORIENTED_EDGE('',*,*,#4394,.T.);
#2258=ORIENTED_EDGE('',*,*,#4395,.T.);
#2259=ORIENTED_EDGE('',*,*,#4396,.F.);
#2260=ORIENTED_EDGE('',*,*,#4397,.F.);
#2261=ORIENTED_EDGE('',*,*,#4398,.T.);
#2262=ORIENTED_EDGE('',*,*,#4399,.T.);
#2263=ORIENTED_EDGE('',*,*,#4400,.F.);
#2264=ORIENTED_EDGE('',*,*,#4401,.T.);
#2265=ORIENTED_EDGE('',*,*,#4402,.F.);
#2266=ORIENTED_EDGE('',*,*,#4403,.T.);
#2267=ORIENTED_EDGE('',*,*,#4404,.F.);
#2268=ORIENTED_EDGE('',*,*,#4405,.T.);
#2269=ORIENTED_EDGE('',*,*,#4406,.F.);
#2270=ORIENTED_EDGE('',*,*,#4407,.T.);
#2271=ORIENTED_EDGE('',*,*,#4408,.T.);
#2272=ORIENTED_EDGE('',*,*,#4409,.T.);
#2273=ORIENTED_EDGE('',*,*,#4410,.F.);
#2274=ORIENTED_EDGE('',*,*,#4411,.F.);
#2275=ORIENTED_EDGE('',*,*,#4412,.F.);
#2276=ORIENTED_EDGE('',*,*,#4413,.T.);
#2277=ORIENTED_EDGE('',*,*,#4414,.F.);
#2278=ORIENTED_EDGE('',*,*,#4415,.F.);
#2279=ORIENTED_EDGE('',*,*,#4259,.F.);
#2280=ORIENTED_EDGE('',*,*,#4260,.F.);
#2281=ORIENTED_EDGE('',*,*,#4261,.F.);
#2282=ORIENTED_EDGE('',*,*,#4262,.F.);
#2283=ORIENTED_EDGE('',*,*,#4264,.F.);
#2284=ORIENTED_EDGE('',*,*,#4266,.F.);
#2285=ORIENTED_EDGE('',*,*,#4283,.F.);
#2286=ORIENTED_EDGE('',*,*,#4284,.F.);
#2287=ORIENTED_EDGE('',*,*,#4285,.F.);
#2288=ORIENTED_EDGE('',*,*,#4287,.F.);
#2289=ORIENTED_EDGE('',*,*,#4289,.F.);
#2290=ORIENTED_EDGE('',*,*,#4291,.F.);
#2291=ORIENTED_EDGE('',*,*,#4293,.F.);
#2292=ORIENTED_EDGE('',*,*,#4295,.F.);
#2293=ORIENTED_EDGE('',*,*,#4297,.F.);
#2294=ORIENTED_EDGE('',*,*,#4416,.F.);
#2295=ORIENTED_EDGE('',*,*,#4417,.F.);
#2296=ORIENTED_EDGE('',*,*,#4418,.F.);
#2297=ORIENTED_EDGE('',*,*,#4299,.F.);
#2298=ORIENTED_EDGE('',*,*,#4419,.F.);
#2299=ORIENTED_EDGE('',*,*,#4420,.F.);
#2300=ORIENTED_EDGE('',*,*,#4421,.F.);
#2301=ORIENTED_EDGE('',*,*,#4422,.F.);
#2302=ORIENTED_EDGE('',*,*,#4423,.F.);
#2303=ORIENTED_EDGE('',*,*,#4424,.F.);
#2304=ORIENTED_EDGE('',*,*,#4425,.F.);
#2305=ORIENTED_EDGE('',*,*,#4426,.F.);
#2306=ORIENTED_EDGE('',*,*,#4427,.F.);
#2307=ORIENTED_EDGE('',*,*,#4428,.F.);
#2308=ORIENTED_EDGE('',*,*,#4429,.F.);
#2309=ORIENTED_EDGE('',*,*,#4430,.F.);
#2310=ORIENTED_EDGE('',*,*,#4431,.F.);
#2311=ORIENTED_EDGE('',*,*,#4307,.F.);
#2312=ORIENTED_EDGE('',*,*,#4432,.F.);
#2313=ORIENTED_EDGE('',*,*,#4433,.F.);
#2314=ORIENTED_EDGE('',*,*,#4434,.F.);
#2315=ORIENTED_EDGE('',*,*,#4435,.F.);
#2316=ORIENTED_EDGE('',*,*,#4436,.F.);
#2317=ORIENTED_EDGE('',*,*,#4331,.F.);
#2318=ORIENTED_EDGE('',*,*,#4437,.F.);
#2319=ORIENTED_EDGE('',*,*,#4438,.F.);
#2320=ORIENTED_EDGE('',*,*,#4439,.F.);
#2321=ORIENTED_EDGE('',*,*,#4323,.F.);
#2322=ORIENTED_EDGE('',*,*,#4440,.F.);
#2323=ORIENTED_EDGE('',*,*,#4441,.F.);
#2324=ORIENTED_EDGE('',*,*,#4442,.F.);
#2325=ORIENTED_EDGE('',*,*,#4315,.F.);
#2326=ORIENTED_EDGE('',*,*,#4443,.F.);
#2327=ORIENTED_EDGE('',*,*,#4444,.F.);
#2328=ORIENTED_EDGE('',*,*,#4445,.T.);
#2329=ORIENTED_EDGE('',*,*,#4446,.T.);
#2330=ORIENTED_EDGE('',*,*,#4447,.F.);
#2331=ORIENTED_EDGE('',*,*,#4398,.F.);
#2332=ORIENTED_EDGE('',*,*,#4448,.F.);
#2333=ORIENTED_EDGE('',*,*,#4449,.F.);
#2334=ORIENTED_EDGE('',*,*,#4450,.F.);
#2335=ORIENTED_EDGE('',*,*,#4451,.F.);
#2336=ORIENTED_EDGE('',*,*,#4452,.F.);
#2337=ORIENTED_EDGE('',*,*,#4408,.F.);
#2338=ORIENTED_EDGE('',*,*,#4453,.F.);
#2339=ORIENTED_EDGE('',*,*,#4454,.T.);
#2340=ORIENTED_EDGE('',*,*,#4455,.T.);
#2341=ORIENTED_EDGE('',*,*,#4456,.F.);
#2342=ORIENTED_EDGE('',*,*,#4457,.F.);
#2343=ORIENTED_EDGE('',*,*,#4458,.F.);
#2344=ORIENTED_EDGE('',*,*,#4459,.F.);
#2345=ORIENTED_EDGE('',*,*,#4460,.F.);
#2346=ORIENTED_EDGE('',*,*,#4461,.F.);
#2347=ORIENTED_EDGE('',*,*,#4462,.F.);
#2348=ORIENTED_EDGE('',*,*,#4463,.F.);
#2349=ORIENTED_EDGE('',*,*,#4464,.F.);
#2350=ORIENTED_EDGE('',*,*,#4465,.F.);
#2351=ORIENTED_EDGE('',*,*,#4466,.F.);
#2352=ORIENTED_EDGE('',*,*,#4467,.F.);
#2353=ORIENTED_EDGE('',*,*,#4468,.F.);
#2354=ORIENTED_EDGE('',*,*,#4469,.F.);
#2355=ORIENTED_EDGE('',*,*,#4416,.T.);
#2356=ORIENTED_EDGE('',*,*,#4470,.F.);
#2357=ORIENTED_EDGE('',*,*,#4471,.F.);
#2358=ORIENTED_EDGE('',*,*,#4472,.F.);
#2359=ORIENTED_EDGE('',*,*,#4417,.T.);
#2360=ORIENTED_EDGE('',*,*,#4469,.T.);
#2361=ORIENTED_EDGE('',*,*,#4473,.F.);
#2362=ORIENTED_EDGE('',*,*,#4472,.T.);
#2363=ORIENTED_EDGE('',*,*,#4474,.F.);
#2364=ORIENTED_EDGE('',*,*,#4301,.T.);
#2365=ORIENTED_EDGE('',*,*,#4300,.F.);
#2366=ORIENTED_EDGE('',*,*,#4418,.T.);
#2367=ORIENTED_EDGE('',*,*,#4475,.F.);
#2368=ORIENTED_EDGE('',*,*,#4419,.T.);
#2369=ORIENTED_EDGE('',*,*,#4303,.T.);
#2370=ORIENTED_EDGE('',*,*,#4476,.F.);
#2371=ORIENTED_EDGE('',*,*,#4475,.T.);
#2372=ORIENTED_EDGE('',*,*,#4477,.F.);
#2373=ORIENTED_EDGE('',*,*,#4478,.F.);
#2374=ORIENTED_EDGE('',*,*,#4420,.T.);
#2375=ORIENTED_EDGE('',*,*,#4479,.T.);
#2376=ORIENTED_EDGE('',*,*,#4480,.T.);
#2377=ORIENTED_EDGE('',*,*,#4423,.T.);
#2378=ORIENTED_EDGE('',*,*,#4481,.T.);
#2379=ORIENTED_EDGE('',*,*,#4482,.T.);
#2380=ORIENTED_EDGE('',*,*,#4483,.F.);
#2381=ORIENTED_EDGE('',*,*,#4484,.F.);
#2382=ORIENTED_EDGE('',*,*,#4485,.F.);
#2383=ORIENTED_EDGE('',*,*,#4486,.F.);
#2384=ORIENTED_EDGE('',*,*,#4487,.F.);
#2385=ORIENTED_EDGE('',*,*,#4488,.F.);
#2386=ORIENTED_EDGE('',*,*,#4489,.F.);
#2387=ORIENTED_EDGE('',*,*,#4490,.F.);
#2388=ORIENTED_EDGE('',*,*,#4491,.F.);
#2389=ORIENTED_EDGE('',*,*,#4492,.F.);
#2390=ORIENTED_EDGE('',*,*,#4493,.F.);
#2391=ORIENTED_EDGE('',*,*,#4494,.F.);
#2392=ORIENTED_EDGE('',*,*,#4495,.F.);
#2393=ORIENTED_EDGE('',*,*,#4496,.F.);
#2394=ORIENTED_EDGE('',*,*,#4497,.F.);
#2395=ORIENTED_EDGE('',*,*,#4498,.F.);
#2396=ORIENTED_EDGE('',*,*,#4425,.T.);
#2397=ORIENTED_EDGE('',*,*,#4499,.F.);
#2398=ORIENTED_EDGE('',*,*,#4500,.F.);
#2399=ORIENTED_EDGE('',*,*,#4501,.F.);
#2400=ORIENTED_EDGE('',*,*,#4427,.T.);
#2401=ORIENTED_EDGE('',*,*,#4502,.T.);
#2402=ORIENTED_EDGE('',*,*,#4503,.T.);
#2403=ORIENTED_EDGE('',*,*,#4504,.T.);
#2404=ORIENTED_EDGE('',*,*,#4505,.T.);
#2405=ORIENTED_EDGE('',*,*,#4506,.F.);
#2406=ORIENTED_EDGE('',*,*,#4430,.T.);
#2407=ORIENTED_EDGE('',*,*,#4507,.F.);
#2408=ORIENTED_EDGE('',*,*,#4508,.F.);
#2409=ORIENTED_EDGE('',*,*,#4308,.T.);
#2410=ORIENTED_EDGE('',*,*,#4431,.T.);
#2411=ORIENTED_EDGE('',*,*,#4506,.T.);
#2412=ORIENTED_EDGE('',*,*,#4509,.F.);
#2413=ORIENTED_EDGE('',*,*,#4510,.F.);
#2414=ORIENTED_EDGE('',*,*,#4432,.T.);
#2415=ORIENTED_EDGE('',*,*,#4306,.T.);
#2416=ORIENTED_EDGE('',*,*,#4305,.T.);
#2417=ORIENTED_EDGE('',*,*,#4511,.F.);
#2418=ORIENTED_EDGE('',*,*,#4512,.F.);
#2419=ORIENTED_EDGE('',*,*,#4433,.T.);
#2420=ORIENTED_EDGE('',*,*,#4510,.T.);
#2421=ORIENTED_EDGE('',*,*,#4513,.F.);
#2422=ORIENTED_EDGE('',*,*,#4512,.T.);
#2423=ORIENTED_EDGE('',*,*,#4514,.F.);
#2424=ORIENTED_EDGE('',*,*,#4515,.F.);
#2425=ORIENTED_EDGE('',*,*,#4434,.T.);
#2426=ORIENTED_EDGE('',*,*,#4516,.F.);
#2427=ORIENTED_EDGE('',*,*,#4437,.T.);
#2428=ORIENTED_EDGE('',*,*,#4330,.F.);
#2429=ORIENTED_EDGE('',*,*,#4517,.F.);
#2430=ORIENTED_EDGE('',*,*,#4518,.T.);
#2431=ORIENTED_EDGE('',*,*,#4519,.T.);
#2432=ORIENTED_EDGE('',*,*,#4438,.T.);
#2433=ORIENTED_EDGE('',*,*,#4516,.T.);
#2434=ORIENTED_EDGE('',*,*,#4519,.F.);
#2435=ORIENTED_EDGE('',*,*,#4520,.F.);
#2436=ORIENTED_EDGE('',*,*,#4324,.F.);
#2437=ORIENTED_EDGE('',*,*,#4439,.T.);
#2438=ORIENTED_EDGE('',*,*,#4521,.F.);
#2439=ORIENTED_EDGE('',*,*,#4440,.T.);
#2440=ORIENTED_EDGE('',*,*,#4322,.F.);
#2441=ORIENTED_EDGE('',*,*,#4522,.F.);
#2442=ORIENTED_EDGE('',*,*,#4523,.T.);
#2443=ORIENTED_EDGE('',*,*,#4524,.T.);
#2444=ORIENTED_EDGE('',*,*,#4441,.T.);
#2445=ORIENTED_EDGE('',*,*,#4521,.T.);
#2446=ORIENTED_EDGE('',*,*,#4524,.F.);
#2447=ORIENTED_EDGE('',*,*,#4525,.F.);
#2448=ORIENTED_EDGE('',*,*,#4316,.F.);
#2449=ORIENTED_EDGE('',*,*,#4442,.T.);
#2450=ORIENTED_EDGE('',*,*,#4399,.F.);
#2451=ORIENTED_EDGE('',*,*,#4447,.T.);
#2452=ORIENTED_EDGE('',*,*,#4526,.T.);
#2453=ORIENTED_EDGE('',*,*,#4527,.F.);
#2454=ORIENTED_EDGE('',*,*,#4528,.F.);
#2455=ORIENTED_EDGE('',*,*,#4448,.T.);
#2456=ORIENTED_EDGE('',*,*,#4403,.F.);
#2457=ORIENTED_EDGE('',*,*,#4529,.F.);
#2458=ORIENTED_EDGE('',*,*,#4530,.F.);
#2459=ORIENTED_EDGE('',*,*,#4449,.T.);
#2460=ORIENTED_EDGE('',*,*,#4528,.T.);
#2461=ORIENTED_EDGE('',*,*,#4531,.F.);
#2462=ORIENTED_EDGE('',*,*,#4530,.T.);
#2463=ORIENTED_EDGE('',*,*,#4532,.F.);
#2464=ORIENTED_EDGE('',*,*,#4533,.F.);
#2465=ORIENTED_EDGE('',*,*,#4450,.T.);
#2466=ORIENTED_EDGE('',*,*,#4534,.F.);
#2467=ORIENTED_EDGE('',*,*,#4451,.T.);
#2468=ORIENTED_EDGE('',*,*,#4533,.T.);
#2469=ORIENTED_EDGE('',*,*,#4535,.F.);
#2470=ORIENTED_EDGE('',*,*,#4534,.T.);
#2471=ORIENTED_EDGE('',*,*,#4536,.F.);
#2472=ORIENTED_EDGE('',*,*,#4409,.F.);
#2473=ORIENTED_EDGE('',*,*,#4452,.T.);
#2474=ORIENTED_EDGE('',*,*,#4407,.F.);
#2475=ORIENTED_EDGE('',*,*,#4537,.F.);
#2476=ORIENTED_EDGE('',*,*,#4538,.T.);
#2477=ORIENTED_EDGE('',*,*,#4453,.T.);
#2478=ORIENTED_EDGE('',*,*,#4539,.F.);
#2479=ORIENTED_EDGE('',*,*,#4459,.T.);
#2480=ORIENTED_EDGE('',*,*,#4540,.F.);
#2481=ORIENTED_EDGE('',*,*,#4541,.F.);
#2482=ORIENTED_EDGE('',*,*,#4542,.T.);
#2483=ORIENTED_EDGE('',*,*,#4543,.T.);
#2484=ORIENTED_EDGE('',*,*,#4460,.T.);
#2485=ORIENTED_EDGE('',*,*,#4539,.T.);
#2486=ORIENTED_EDGE('',*,*,#4543,.F.);
#2487=ORIENTED_EDGE('',*,*,#4544,.F.);
#2488=ORIENTED_EDGE('',*,*,#4545,.F.);
#2489=ORIENTED_EDGE('',*,*,#4461,.T.);
#2490=ORIENTED_EDGE('',*,*,#4546,.T.);
#2491=ORIENTED_EDGE('',*,*,#4547,.T.);
#2492=ORIENTED_EDGE('',*,*,#4548,.T.);
#2493=ORIENTED_EDGE('',*,*,#4549,.T.);
#2494=ORIENTED_EDGE('',*,*,#4540,.T.);
#2495=ORIENTED_EDGE('',*,*,#4458,.T.);
#2496=ORIENTED_EDGE('',*,*,#4550,.T.);
#2497=ORIENTED_EDGE('',*,*,#4551,.T.);
#2498=ORIENTED_EDGE('',*,*,#4552,.T.);
#2499=ORIENTED_EDGE('',*,*,#4553,.T.);
#2500=ORIENTED_EDGE('',*,*,#4554,.T.);
#2501=ORIENTED_EDGE('',*,*,#4555,.T.);
#2502=ORIENTED_EDGE('',*,*,#4556,.T.);
#2503=ORIENTED_EDGE('',*,*,#4557,.T.);
#2504=ORIENTED_EDGE('',*,*,#4466,.T.);
#2505=ORIENTED_EDGE('',*,*,#4558,.T.);
#2506=ORIENTED_EDGE('',*,*,#4559,.T.);
#2507=ORIENTED_EDGE('',*,*,#4560,.T.);
#2508=ORIENTED_EDGE('',*,*,#4561,.T.);
#2509=ORIENTED_EDGE('',*,*,#4562,.T.);
#2510=ORIENTED_EDGE('',*,*,#4563,.T.);
#2511=ORIENTED_EDGE('',*,*,#4564,.T.);
#2512=ORIENTED_EDGE('',*,*,#4462,.T.);
#2513=ORIENTED_EDGE('',*,*,#4545,.T.);
#2514=ORIENTED_EDGE('',*,*,#4565,.T.);
#2515=ORIENTED_EDGE('',*,*,#4566,.F.);
#2516=ORIENTED_EDGE('',*,*,#4463,.T.);
#2517=ORIENTED_EDGE('',*,*,#4564,.F.);
#2518=ORIENTED_EDGE('',*,*,#4567,.F.);
#2519=ORIENTED_EDGE('',*,*,#4568,.T.);
#2520=ORIENTED_EDGE('',*,*,#4569,.T.);
#2521=ORIENTED_EDGE('',*,*,#4464,.T.);
#2522=ORIENTED_EDGE('',*,*,#4566,.T.);
#2523=ORIENTED_EDGE('',*,*,#4569,.F.);
#2524=ORIENTED_EDGE('',*,*,#4570,.F.);
#2525=ORIENTED_EDGE('',*,*,#4558,.F.);
#2526=ORIENTED_EDGE('',*,*,#4465,.T.);
#2527=ORIENTED_EDGE('',*,*,#4263,.T.);
#2528=ORIENTED_EDGE('',*,*,#4265,.T.);
#2529=ORIENTED_EDGE('',*,*,#4268,.T.);
#2530=ORIENTED_EDGE('',*,*,#4571,.T.);
#2531=ORIENTED_EDGE('',*,*,#4572,.T.);
#2532=ORIENTED_EDGE('',*,*,#4573,.F.);
#2533=ORIENTED_EDGE('',*,*,#4574,.F.);
#2534=ORIENTED_EDGE('',*,*,#4575,.F.);
#2535=ORIENTED_EDGE('',*,*,#4269,.T.);
#2536=ORIENTED_EDGE('',*,*,#4270,.T.);
#2537=ORIENTED_EDGE('',*,*,#4576,.T.);
#2538=ORIENTED_EDGE('',*,*,#4577,.T.);
#2539=ORIENTED_EDGE('',*,*,#4578,.F.);
#2540=ORIENTED_EDGE('',*,*,#4579,.F.);
#2541=ORIENTED_EDGE('',*,*,#4580,.F.);
#2542=ORIENTED_EDGE('',*,*,#4271,.T.);
#2543=ORIENTED_EDGE('',*,*,#4581,.F.);
#2544=ORIENTED_EDGE('',*,*,#4582,.F.);
#2545=ORIENTED_EDGE('',*,*,#4583,.F.);
#2546=ORIENTED_EDGE('',*,*,#4584,.F.);
#2547=ORIENTED_EDGE('',*,*,#4272,.T.);
#2548=ORIENTED_EDGE('',*,*,#4585,.T.);
#2549=ORIENTED_EDGE('',*,*,#4586,.T.);
#2550=ORIENTED_EDGE('',*,*,#4587,.F.);
#2551=ORIENTED_EDGE('',*,*,#4588,.F.);
#2552=ORIENTED_EDGE('',*,*,#4589,.F.);
#2553=ORIENTED_EDGE('',*,*,#4273,.T.);
#2554=ORIENTED_EDGE('',*,*,#4274,.T.);
#2555=ORIENTED_EDGE('',*,*,#4590,.T.);
#2556=ORIENTED_EDGE('',*,*,#4591,.T.);
#2557=ORIENTED_EDGE('',*,*,#4276,.T.);
#2558=ORIENTED_EDGE('',*,*,#4592,.T.);
#2559=ORIENTED_EDGE('',*,*,#4593,.T.);
#2560=ORIENTED_EDGE('',*,*,#4594,.F.);
#2561=ORIENTED_EDGE('',*,*,#4595,.F.);
#2562=ORIENTED_EDGE('',*,*,#4596,.F.);
#2563=ORIENTED_EDGE('',*,*,#4277,.T.);
#2564=ORIENTED_EDGE('',*,*,#4278,.T.);
#2565=ORIENTED_EDGE('',*,*,#4597,.T.);
#2566=ORIENTED_EDGE('',*,*,#4598,.T.);
#2567=ORIENTED_EDGE('',*,*,#4599,.F.);
#2568=ORIENTED_EDGE('',*,*,#4600,.F.);
#2569=ORIENTED_EDGE('',*,*,#4601,.F.);
#2570=ORIENTED_EDGE('',*,*,#4279,.T.);
#2571=ORIENTED_EDGE('',*,*,#4602,.F.);
#2572=ORIENTED_EDGE('',*,*,#4603,.F.);
#2573=ORIENTED_EDGE('',*,*,#4604,.F.);
#2574=ORIENTED_EDGE('',*,*,#4605,.F.);
#2575=ORIENTED_EDGE('',*,*,#4280,.T.);
#2576=ORIENTED_EDGE('',*,*,#4606,.T.);
#2577=ORIENTED_EDGE('',*,*,#4607,.T.);
#2578=ORIENTED_EDGE('',*,*,#4608,.F.);
#2579=ORIENTED_EDGE('',*,*,#4609,.F.);
#2580=ORIENTED_EDGE('',*,*,#4610,.F.);
#2581=ORIENTED_EDGE('',*,*,#4281,.T.);
#2582=ORIENTED_EDGE('',*,*,#4282,.T.);
#2583=ORIENTED_EDGE('',*,*,#4611,.T.);
#2584=ORIENTED_EDGE('',*,*,#4612,.T.);
#2585=ORIENTED_EDGE('',*,*,#4286,.T.);
#2586=ORIENTED_EDGE('',*,*,#4288,.T.);
#2587=ORIENTED_EDGE('',*,*,#4290,.T.);
#2588=ORIENTED_EDGE('',*,*,#4292,.T.);
#2589=ORIENTED_EDGE('',*,*,#4294,.T.);
#2590=ORIENTED_EDGE('',*,*,#4296,.T.);
#2591=ORIENTED_EDGE('',*,*,#4298,.T.);
#2592=ORIENTED_EDGE('',*,*,#4473,.T.);
#2593=ORIENTED_EDGE('',*,*,#4471,.T.);
#2594=ORIENTED_EDGE('',*,*,#4613,.F.);
#2595=ORIENTED_EDGE('',*,*,#4614,.T.);
#2596=ORIENTED_EDGE('',*,*,#4336,.T.);
#2597=ORIENTED_EDGE('',*,*,#4615,.T.);
#2598=ORIENTED_EDGE('',*,*,#4616,.F.);
#2599=ORIENTED_EDGE('',*,*,#4477,.T.);
#2600=ORIENTED_EDGE('',*,*,#4476,.T.);
#2601=ORIENTED_EDGE('',*,*,#4302,.T.);
#2602=ORIENTED_EDGE('',*,*,#4474,.T.);
#2603=ORIENTED_EDGE('',*,*,#4304,.T.);
#2604=ORIENTED_EDGE('',*,*,#4617,.T.);
#2605=ORIENTED_EDGE('',*,*,#4499,.T.);
#2606=ORIENTED_EDGE('',*,*,#4424,.T.);
#2607=ORIENTED_EDGE('',*,*,#4480,.F.);
#2608=ORIENTED_EDGE('',*,*,#4618,.T.);
#2609=ORIENTED_EDGE('',*,*,#4619,.T.);
#2610=ORIENTED_EDGE('',*,*,#4620,.T.);
#2611=ORIENTED_EDGE('',*,*,#4555,.F.);
#2612=ORIENTED_EDGE('',*,*,#4621,.F.);
#2613=ORIENTED_EDGE('',*,*,#4622,.F.);
#2614=ORIENTED_EDGE('',*,*,#4623,.T.);
#2615=ORIENTED_EDGE('',*,*,#4624,.F.);
#2616=ORIENTED_EDGE('',*,*,#4625,.T.);
#2617=ORIENTED_EDGE('',*,*,#4626,.F.);
#2618=ORIENTED_EDGE('',*,*,#4618,.F.);
#2619=ORIENTED_EDGE('',*,*,#4479,.F.);
#2620=ORIENTED_EDGE('',*,*,#4627,.F.);
#2621=ORIENTED_EDGE('',*,*,#4628,.F.);
#2622=ORIENTED_EDGE('',*,*,#4629,.F.);
#2623=ORIENTED_EDGE('',*,*,#4630,.F.);
#2624=ORIENTED_EDGE('',*,*,#4627,.T.);
#2625=ORIENTED_EDGE('',*,*,#4482,.F.);
#2626=ORIENTED_EDGE('',*,*,#4481,.F.);
#2627=ORIENTED_EDGE('',*,*,#4422,.T.);
#2628=ORIENTED_EDGE('',*,*,#4631,.T.);
#2629=ORIENTED_EDGE('',*,*,#4632,.T.);
#2630=ORIENTED_EDGE('',*,*,#4633,.T.);
#2631=ORIENTED_EDGE('',*,*,#4634,.T.);
#2632=ORIENTED_EDGE('',*,*,#4635,.T.);
#2633=ORIENTED_EDGE('',*,*,#4486,.T.);
#2634=ORIENTED_EDGE('',*,*,#4636,.T.);
#2635=ORIENTED_EDGE('',*,*,#4637,.F.);
#2636=ORIENTED_EDGE('',*,*,#4483,.T.);
#2637=ORIENTED_EDGE('',*,*,#4635,.F.);
#2638=ORIENTED_EDGE('',*,*,#4638,.F.);
#2639=ORIENTED_EDGE('',*,*,#4639,.F.);
#2640=ORIENTED_EDGE('',*,*,#4640,.F.);
#2641=ORIENTED_EDGE('',*,*,#4641,.T.);
#2642=ORIENTED_EDGE('',*,*,#4637,.T.);
#2643=ORIENTED_EDGE('',*,*,#4642,.F.);
#2644=ORIENTED_EDGE('',*,*,#4643,.F.);
#2645=ORIENTED_EDGE('',*,*,#4484,.T.);
#2646=ORIENTED_EDGE('',*,*,#4644,.F.);
#2647=ORIENTED_EDGE('',*,*,#4633,.F.);
#2648=ORIENTED_EDGE('',*,*,#4485,.T.);
#2649=ORIENTED_EDGE('',*,*,#4643,.T.);
#2650=ORIENTED_EDGE('',*,*,#4645,.F.);
#2651=ORIENTED_EDGE('',*,*,#4646,.T.);
#2652=ORIENTED_EDGE('',*,*,#4647,.F.);
#2653=ORIENTED_EDGE('',*,*,#4648,.F.);
#2654=ORIENTED_EDGE('',*,*,#4649,.F.);
#2655=ORIENTED_EDGE('',*,*,#4650,.F.);
#2656=ORIENTED_EDGE('',*,*,#4651,.F.);
#2657=ORIENTED_EDGE('',*,*,#4490,.T.);
#2658=ORIENTED_EDGE('',*,*,#4652,.F.);
#2659=ORIENTED_EDGE('',*,*,#4653,.F.);
#2660=ORIENTED_EDGE('',*,*,#4487,.T.);
#2661=ORIENTED_EDGE('',*,*,#4651,.T.);
#2662=ORIENTED_EDGE('',*,*,#4654,.F.);
#2663=ORIENTED_EDGE('',*,*,#4655,.T.);
#2664=ORIENTED_EDGE('',*,*,#4656,.F.);
#2665=ORIENTED_EDGE('',*,*,#4657,.F.);
#2666=ORIENTED_EDGE('',*,*,#4653,.T.);
#2667=ORIENTED_EDGE('',*,*,#4658,.T.);
#2668=ORIENTED_EDGE('',*,*,#4659,.T.);
#2669=ORIENTED_EDGE('',*,*,#4488,.T.);
#2670=ORIENTED_EDGE('',*,*,#4660,.F.);
#2671=ORIENTED_EDGE('',*,*,#4649,.T.);
#2672=ORIENTED_EDGE('',*,*,#4489,.T.);
#2673=ORIENTED_EDGE('',*,*,#4659,.F.);
#2674=ORIENTED_EDGE('',*,*,#4661,.F.);
#2675=ORIENTED_EDGE('',*,*,#4662,.F.);
#2676=ORIENTED_EDGE('',*,*,#4663,.F.);
#2677=ORIENTED_EDGE('',*,*,#4664,.T.);
#2678=ORIENTED_EDGE('',*,*,#4665,.T.);
#2679=ORIENTED_EDGE('',*,*,#4666,.T.);
#2680=ORIENTED_EDGE('',*,*,#4667,.T.);
#2681=ORIENTED_EDGE('',*,*,#4494,.T.);
#2682=ORIENTED_EDGE('',*,*,#4668,.T.);
#2683=ORIENTED_EDGE('',*,*,#4669,.F.);
#2684=ORIENTED_EDGE('',*,*,#4491,.T.);
#2685=ORIENTED_EDGE('',*,*,#4667,.F.);
#2686=ORIENTED_EDGE('',*,*,#4670,.F.);
#2687=ORIENTED_EDGE('',*,*,#4671,.F.);
#2688=ORIENTED_EDGE('',*,*,#4672,.F.);
#2689=ORIENTED_EDGE('',*,*,#4673,.T.);
#2690=ORIENTED_EDGE('',*,*,#4669,.T.);
#2691=ORIENTED_EDGE('',*,*,#4674,.F.);
#2692=ORIENTED_EDGE('',*,*,#4675,.F.);
#2693=ORIENTED_EDGE('',*,*,#4492,.T.);
#2694=ORIENTED_EDGE('',*,*,#4676,.F.);
#2695=ORIENTED_EDGE('',*,*,#4665,.F.);
#2696=ORIENTED_EDGE('',*,*,#4493,.T.);
#2697=ORIENTED_EDGE('',*,*,#4675,.T.);
#2698=ORIENTED_EDGE('',*,*,#4677,.F.);
#2699=ORIENTED_EDGE('',*,*,#4678,.T.);
#2700=ORIENTED_EDGE('',*,*,#4679,.F.);
#2701=ORIENTED_EDGE('',*,*,#4680,.F.);
#2702=ORIENTED_EDGE('',*,*,#4681,.F.);
#2703=ORIENTED_EDGE('',*,*,#4412,.T.);
#2704=ORIENTED_EDGE('',*,*,#4682,.F.);
#2705=ORIENTED_EDGE('',*,*,#4683,.F.);
#2706=ORIENTED_EDGE('',*,*,#4684,.F.);
#2707=ORIENTED_EDGE('',*,*,#4685,.F.);
#2708=ORIENTED_EDGE('',*,*,#4686,.F.);
#2709=ORIENTED_EDGE('',*,*,#4684,.T.);
#2710=ORIENTED_EDGE('',*,*,#4687,.F.);
#2711=ORIENTED_EDGE('',*,*,#4688,.T.);
#2712=ORIENTED_EDGE('',*,*,#4689,.T.);
#2713=ORIENTED_EDGE('',*,*,#4690,.F.);
#2714=ORIENTED_EDGE('',*,*,#4691,.F.);
#2715=ORIENTED_EDGE('',*,*,#4496,.T.);
#2716=ORIENTED_EDGE('',*,*,#4692,.F.);
#2717=ORIENTED_EDGE('',*,*,#4693,.F.);
#2718=ORIENTED_EDGE('',*,*,#4685,.T.);
#2719=ORIENTED_EDGE('',*,*,#4694,.T.);
#2720=ORIENTED_EDGE('',*,*,#4695,.T.);
#2721=ORIENTED_EDGE('',*,*,#4497,.T.);
#2722=ORIENTED_EDGE('',*,*,#4691,.T.);
#2723=ORIENTED_EDGE('',*,*,#4696,.T.);
#2724=ORIENTED_EDGE('',*,*,#4502,.F.);
#2725=ORIENTED_EDGE('',*,*,#4426,.T.);
#2726=ORIENTED_EDGE('',*,*,#4498,.T.);
#2727=ORIENTED_EDGE('',*,*,#4695,.F.);
#2728=ORIENTED_EDGE('',*,*,#4697,.T.);
#2729=ORIENTED_EDGE('',*,*,#4688,.F.);
#2730=ORIENTED_EDGE('',*,*,#4698,.T.);
#2731=ORIENTED_EDGE('',*,*,#4500,.T.);
#2732=ORIENTED_EDGE('',*,*,#4617,.F.);
#2733=ORIENTED_EDGE('',*,*,#4699,.T.);
#2734=ORIENTED_EDGE('',*,*,#4501,.T.);
#2735=ORIENTED_EDGE('',*,*,#4698,.F.);
#2736=ORIENTED_EDGE('',*,*,#4700,.F.);
#2737=ORIENTED_EDGE('',*,*,#4701,.F.);
#2738=ORIENTED_EDGE('',*,*,#4702,.F.);
#2739=ORIENTED_EDGE('',*,*,#4703,.T.);
#2740=ORIENTED_EDGE('',*,*,#4701,.T.);
#2741=ORIENTED_EDGE('',*,*,#4704,.T.);
#2742=ORIENTED_EDGE('',*,*,#4619,.F.);
#2743=ORIENTED_EDGE('',*,*,#4705,.T.);
#2744=ORIENTED_EDGE('',*,*,#4706,.T.);
#2745=ORIENTED_EDGE('',*,*,#4707,.F.);
#2746=ORIENTED_EDGE('',*,*,#4706,.F.);
#2747=ORIENTED_EDGE('',*,*,#4708,.F.);
#2748=ORIENTED_EDGE('',*,*,#4709,.F.);
#2749=ORIENTED_EDGE('',*,*,#4414,.T.);
#2750=ORIENTED_EDGE('',*,*,#4710,.T.);
#2751=ORIENTED_EDGE('',*,*,#4711,.T.);
#2752=ORIENTED_EDGE('',*,*,#4712,.T.);
#2753=ORIENTED_EDGE('',*,*,#4713,.T.);
#2754=ORIENTED_EDGE('',*,*,#4714,.T.);
#2755=ORIENTED_EDGE('',*,*,#4715,.T.);
#2756=ORIENTED_EDGE('',*,*,#4716,.T.);
#2757=ORIENTED_EDGE('',*,*,#4717,.T.);
#2758=ORIENTED_EDGE('',*,*,#4718,.T.);
#2759=ORIENTED_EDGE('',*,*,#4719,.T.);
#2760=ORIENTED_EDGE('',*,*,#4720,.T.);
#2761=ORIENTED_EDGE('',*,*,#4721,.T.);
#2762=ORIENTED_EDGE('',*,*,#4722,.T.);
#2763=ORIENTED_EDGE('',*,*,#4723,.T.);
#2764=ORIENTED_EDGE('',*,*,#4340,.T.);
#2765=ORIENTED_EDGE('',*,*,#4724,.T.);
#2766=ORIENTED_EDGE('',*,*,#4725,.T.);
#2767=ORIENTED_EDGE('',*,*,#4726,.T.);
#2768=ORIENTED_EDGE('',*,*,#4727,.T.);
#2769=ORIENTED_EDGE('',*,*,#4682,.T.);
#2770=ORIENTED_EDGE('',*,*,#4415,.T.);
#2771=ORIENTED_EDGE('',*,*,#4709,.T.);
#2772=ORIENTED_EDGE('',*,*,#4728,.T.);
#2773=ORIENTED_EDGE('',*,*,#4729,.T.);
#2774=ORIENTED_EDGE('',*,*,#4730,.T.);
#2775=ORIENTED_EDGE('',*,*,#4347,.T.);
#2776=ORIENTED_EDGE('',*,*,#4731,.T.);
#2777=ORIENTED_EDGE('',*,*,#4428,.T.);
#2778=ORIENTED_EDGE('',*,*,#4505,.F.);
#2779=ORIENTED_EDGE('',*,*,#4732,.T.);
#2780=ORIENTED_EDGE('',*,*,#4733,.T.);
#2781=ORIENTED_EDGE('',*,*,#4504,.F.);
#2782=ORIENTED_EDGE('',*,*,#4734,.F.);
#2783=ORIENTED_EDGE('',*,*,#4334,.F.);
#2784=ORIENTED_EDGE('',*,*,#4735,.F.);
#2785=ORIENTED_EDGE('',*,*,#4736,.F.);
#2786=ORIENTED_EDGE('',*,*,#4734,.T.);
#2787=ORIENTED_EDGE('',*,*,#4503,.F.);
#2788=ORIENTED_EDGE('',*,*,#4696,.F.);
#2789=ORIENTED_EDGE('',*,*,#4737,.F.);
#2790=ORIENTED_EDGE('',*,*,#4738,.T.);
#2791=ORIENTED_EDGE('',*,*,#4739,.F.);
#2792=ORIENTED_EDGE('',*,*,#4740,.T.);
#2793=ORIENTED_EDGE('',*,*,#4345,.F.);
#2794=ORIENTED_EDGE('',*,*,#4741,.T.);
#2795=ORIENTED_EDGE('',*,*,#4509,.T.);
#2796=ORIENTED_EDGE('',*,*,#4508,.T.);
#2797=ORIENTED_EDGE('',*,*,#4742,.T.);
#2798=ORIENTED_EDGE('',*,*,#4743,.T.);
#2799=ORIENTED_EDGE('',*,*,#4744,.T.);
#2800=ORIENTED_EDGE('',*,*,#4745,.T.);
#2801=ORIENTED_EDGE('',*,*,#4746,.T.);
#2802=ORIENTED_EDGE('',*,*,#4514,.T.);
#2803=ORIENTED_EDGE('',*,*,#4513,.T.);
#2804=ORIENTED_EDGE('',*,*,#4511,.T.);
#2805=ORIENTED_EDGE('',*,*,#4309,.T.);
#2806=ORIENTED_EDGE('',*,*,#4310,.T.);
#2807=ORIENTED_EDGE('',*,*,#4518,.F.);
#2808=ORIENTED_EDGE('',*,*,#4517,.T.);
#2809=ORIENTED_EDGE('',*,*,#4329,.F.);
#2810=ORIENTED_EDGE('',*,*,#4747,.F.);
#2811=ORIENTED_EDGE('',*,*,#4748,.F.);
#2812=ORIENTED_EDGE('',*,*,#4749,.F.);
#2813=ORIENTED_EDGE('',*,*,#4325,.F.);
#2814=ORIENTED_EDGE('',*,*,#4520,.T.);
#2815=ORIENTED_EDGE('',*,*,#4320,.F.);
#2816=ORIENTED_EDGE('',*,*,#4750,.F.);
#2817=ORIENTED_EDGE('',*,*,#4751,.F.);
#2818=ORIENTED_EDGE('',*,*,#4752,.F.);
#2819=ORIENTED_EDGE('',*,*,#4753,.T.);
#2820=ORIENTED_EDGE('',*,*,#4750,.T.);
#2821=ORIENTED_EDGE('',*,*,#4319,.F.);
#2822=ORIENTED_EDGE('',*,*,#4754,.T.);
#2823=ORIENTED_EDGE('',*,*,#4318,.F.);
#2824=ORIENTED_EDGE('',*,*,#4755,.F.);
#2825=ORIENTED_EDGE('',*,*,#4756,.F.);
#2826=ORIENTED_EDGE('',*,*,#4754,.F.);
#2827=ORIENTED_EDGE('',*,*,#4757,.T.);
#2828=ORIENTED_EDGE('',*,*,#4758,.T.);
#2829=ORIENTED_EDGE('',*,*,#4443,.T.);
#2830=ORIENTED_EDGE('',*,*,#4314,.F.);
#2831=ORIENTED_EDGE('',*,*,#4759,.T.);
#2832=ORIENTED_EDGE('',*,*,#4342,.F.);
#2833=ORIENTED_EDGE('',*,*,#4760,.T.);
#2834=ORIENTED_EDGE('',*,*,#4761,.F.);
#2835=ORIENTED_EDGE('',*,*,#4762,.T.);
#2836=ORIENTED_EDGE('',*,*,#4763,.F.);
#2837=ORIENTED_EDGE('',*,*,#4759,.F.);
#2838=ORIENTED_EDGE('',*,*,#4313,.F.);
#2839=ORIENTED_EDGE('',*,*,#4764,.F.);
#2840=ORIENTED_EDGE('',*,*,#4765,.F.);
#2841=ORIENTED_EDGE('',*,*,#4766,.F.);
#2842=ORIENTED_EDGE('',*,*,#4764,.T.);
#2843=ORIENTED_EDGE('',*,*,#4312,.F.);
#2844=ORIENTED_EDGE('',*,*,#4767,.F.);
#2845=ORIENTED_EDGE('',*,*,#4768,.F.);
#2846=ORIENTED_EDGE('',*,*,#4769,.F.);
#2847=ORIENTED_EDGE('',*,*,#4767,.T.);
#2848=ORIENTED_EDGE('',*,*,#4311,.F.);
#2849=ORIENTED_EDGE('',*,*,#4770,.F.);
#2850=ORIENTED_EDGE('',*,*,#4771,.F.);
#2851=ORIENTED_EDGE('',*,*,#4349,.F.);
#2852=ORIENTED_EDGE('',*,*,#4755,.T.);
#2853=ORIENTED_EDGE('',*,*,#4317,.T.);
#2854=ORIENTED_EDGE('',*,*,#4525,.T.);
#2855=ORIENTED_EDGE('',*,*,#4523,.F.);
#2856=ORIENTED_EDGE('',*,*,#4522,.T.);
#2857=ORIENTED_EDGE('',*,*,#4321,.T.);
#2858=ORIENTED_EDGE('',*,*,#4752,.T.);
#2859=ORIENTED_EDGE('',*,*,#4772,.T.);
#2860=ORIENTED_EDGE('',*,*,#4400,.T.);
#2861=ORIENTED_EDGE('',*,*,#4527,.T.);
#2862=ORIENTED_EDGE('',*,*,#4773,.T.);
#2863=ORIENTED_EDGE('',*,*,#4774,.T.);
#2864=ORIENTED_EDGE('',*,*,#4775,.T.);
#2865=ORIENTED_EDGE('',*,*,#4537,.T.);
#2866=ORIENTED_EDGE('',*,*,#4406,.T.);
#2867=ORIENTED_EDGE('',*,*,#4776,.T.);
#2868=ORIENTED_EDGE('',*,*,#4777,.T.);
#2869=ORIENTED_EDGE('',*,*,#4565,.F.);
#2870=ORIENTED_EDGE('',*,*,#4544,.T.);
#2871=ORIENTED_EDGE('',*,*,#4542,.F.);
#2872=ORIENTED_EDGE('',*,*,#4541,.T.);
#2873=ORIENTED_EDGE('',*,*,#4549,.F.);
#2874=ORIENTED_EDGE('',*,*,#4778,.T.);
#2875=ORIENTED_EDGE('',*,*,#4779,.T.);
#2876=ORIENTED_EDGE('',*,*,#4780,.T.);
#2877=ORIENTED_EDGE('',*,*,#4781,.T.);
#2878=ORIENTED_EDGE('',*,*,#4547,.F.);
#2879=ORIENTED_EDGE('',*,*,#4782,.T.);
#2880=ORIENTED_EDGE('',*,*,#4546,.F.);
#2881=ORIENTED_EDGE('',*,*,#4777,.F.);
#2882=ORIENTED_EDGE('',*,*,#4783,.F.);
#2883=ORIENTED_EDGE('',*,*,#4782,.F.);
#2884=ORIENTED_EDGE('',*,*,#4562,.F.);
#2885=ORIENTED_EDGE('',*,*,#4784,.F.);
#2886=ORIENTED_EDGE('',*,*,#4785,.F.);
#2887=ORIENTED_EDGE('',*,*,#4786,.F.);
#2888=ORIENTED_EDGE('',*,*,#4787,.T.);
#2889=ORIENTED_EDGE('',*,*,#4784,.T.);
#2890=ORIENTED_EDGE('',*,*,#4561,.F.);
#2891=ORIENTED_EDGE('',*,*,#4788,.T.);
#2892=ORIENTED_EDGE('',*,*,#4560,.F.);
#2893=ORIENTED_EDGE('',*,*,#4789,.F.);
#2894=ORIENTED_EDGE('',*,*,#4790,.F.);
#2895=ORIENTED_EDGE('',*,*,#4788,.F.);
#2896=ORIENTED_EDGE('',*,*,#4791,.T.);
#2897=ORIENTED_EDGE('',*,*,#4467,.T.);
#2898=ORIENTED_EDGE('',*,*,#4557,.F.);
#2899=ORIENTED_EDGE('',*,*,#4792,.T.);
#2900=ORIENTED_EDGE('',*,*,#4793,.F.);
#2901=ORIENTED_EDGE('',*,*,#4556,.F.);
#2902=ORIENTED_EDGE('',*,*,#4629,.T.);
#2903=ORIENTED_EDGE('',*,*,#4554,.F.);
#2904=ORIENTED_EDGE('',*,*,#4794,.T.);
#2905=ORIENTED_EDGE('',*,*,#4795,.T.);
#2906=ORIENTED_EDGE('',*,*,#4796,.T.);
#2907=ORIENTED_EDGE('',*,*,#4797,.F.);
#2908=ORIENTED_EDGE('',*,*,#4621,.T.);
#2909=ORIENTED_EDGE('',*,*,#4798,.F.);
#2910=ORIENTED_EDGE('',*,*,#4799,.F.);
#2911=ORIENTED_EDGE('',*,*,#4794,.F.);
#2912=ORIENTED_EDGE('',*,*,#4553,.F.);
#2913=ORIENTED_EDGE('',*,*,#4800,.F.);
#2914=ORIENTED_EDGE('',*,*,#4801,.F.);
#2915=ORIENTED_EDGE('',*,*,#4552,.F.);
#2916=ORIENTED_EDGE('',*,*,#4802,.T.);
#2917=ORIENTED_EDGE('',*,*,#4803,.F.);
#2918=ORIENTED_EDGE('',*,*,#4804,.T.);
#2919=ORIENTED_EDGE('',*,*,#4805,.T.);
#2920=ORIENTED_EDGE('',*,*,#4800,.T.);
#2921=ORIENTED_EDGE('',*,*,#4802,.F.);
#2922=ORIENTED_EDGE('',*,*,#4551,.F.);
#2923=ORIENTED_EDGE('',*,*,#4806,.F.);
#2924=ORIENTED_EDGE('',*,*,#4807,.F.);
#2925=ORIENTED_EDGE('',*,*,#4808,.T.);
#2926=ORIENTED_EDGE('',*,*,#4809,.F.);
#2927=ORIENTED_EDGE('',*,*,#4810,.T.);
#2928=ORIENTED_EDGE('',*,*,#4811,.F.);
#2929=ORIENTED_EDGE('',*,*,#4806,.T.);
#2930=ORIENTED_EDGE('',*,*,#4550,.F.);
#2931=ORIENTED_EDGE('',*,*,#4457,.T.);
#2932=ORIENTED_EDGE('',*,*,#4812,.T.);
#2933=ORIENTED_EDGE('',*,*,#4813,.T.);
#2934=ORIENTED_EDGE('',*,*,#4548,.F.);
#2935=ORIENTED_EDGE('',*,*,#4781,.F.);
#2936=ORIENTED_EDGE('',*,*,#4814,.F.);
#2937=ORIENTED_EDGE('',*,*,#4778,.F.);
#2938=ORIENTED_EDGE('',*,*,#4568,.F.);
#2939=ORIENTED_EDGE('',*,*,#4567,.T.);
#2940=ORIENTED_EDGE('',*,*,#4563,.F.);
#2941=ORIENTED_EDGE('',*,*,#4786,.T.);
#2942=ORIENTED_EDGE('',*,*,#4815,.F.);
#2943=ORIENTED_EDGE('',*,*,#4789,.T.);
#2944=ORIENTED_EDGE('',*,*,#4559,.F.);
#2945=ORIENTED_EDGE('',*,*,#4570,.T.);
#2946=ORIENTED_EDGE('',*,*,#4247,.F.);
#2947=ORIENTED_EDGE('',*,*,#4249,.F.);
#2948=ORIENTED_EDGE('',*,*,#4251,.F.);
#2949=ORIENTED_EDGE('',*,*,#4816,.F.);
#2950=ORIENTED_EDGE('',*,*,#4817,.F.);
#2951=ORIENTED_EDGE('',*,*,#4818,.F.);
#2952=ORIENTED_EDGE('',*,*,#4819,.F.);
#2953=ORIENTED_EDGE('',*,*,#4820,.T.);
#2954=ORIENTED_EDGE('',*,*,#4821,.F.);
#2955=ORIENTED_EDGE('',*,*,#4573,.T.);
#2956=ORIENTED_EDGE('',*,*,#4572,.F.);
#2957=ORIENTED_EDGE('',*,*,#4821,.T.);
#2958=ORIENTED_EDGE('',*,*,#4822,.F.);
#2959=ORIENTED_EDGE('',*,*,#4823,.F.);
#2960=ORIENTED_EDGE('',*,*,#4574,.T.);
#2961=ORIENTED_EDGE('',*,*,#4575,.T.);
#2962=ORIENTED_EDGE('',*,*,#4823,.T.);
#2963=ORIENTED_EDGE('',*,*,#4824,.F.);
#2964=ORIENTED_EDGE('',*,*,#4825,.F.);
#2965=ORIENTED_EDGE('',*,*,#4826,.F.);
#2966=ORIENTED_EDGE('',*,*,#4827,.F.);
#2967=ORIENTED_EDGE('',*,*,#4828,.F.);
#2968=ORIENTED_EDGE('',*,*,#4576,.F.);
#2969=ORIENTED_EDGE('',*,*,#4828,.T.);
#2970=ORIENTED_EDGE('',*,*,#4829,.F.);
#2971=ORIENTED_EDGE('',*,*,#4578,.T.);
#2972=ORIENTED_EDGE('',*,*,#4577,.F.);
#2973=ORIENTED_EDGE('',*,*,#4600,.T.);
#2974=ORIENTED_EDGE('',*,*,#4830,.T.);
#2975=ORIENTED_EDGE('',*,*,#4831,.T.);
#2976=ORIENTED_EDGE('',*,*,#4832,.T.);
#2977=ORIENTED_EDGE('',*,*,#4833,.T.);
#2978=ORIENTED_EDGE('',*,*,#4834,.T.);
#2979=ORIENTED_EDGE('',*,*,#4835,.T.);
#2980=ORIENTED_EDGE('',*,*,#4836,.T.);
#2981=ORIENTED_EDGE('',*,*,#4837,.T.);
#2982=ORIENTED_EDGE('',*,*,#4838,.T.);
#2983=ORIENTED_EDGE('',*,*,#4839,.T.);
#2984=ORIENTED_EDGE('',*,*,#4840,.T.);
#2985=ORIENTED_EDGE('',*,*,#4579,.T.);
#2986=ORIENTED_EDGE('',*,*,#4829,.T.);
#2987=ORIENTED_EDGE('',*,*,#4827,.T.);
#2988=ORIENTED_EDGE('',*,*,#4841,.T.);
#2989=ORIENTED_EDGE('',*,*,#4817,.T.);
#2990=ORIENTED_EDGE('',*,*,#4842,.T.);
#2991=ORIENTED_EDGE('',*,*,#4356,.T.);
#2992=ORIENTED_EDGE('',*,*,#4843,.T.);
#2993=ORIENTED_EDGE('',*,*,#4844,.T.);
#2994=ORIENTED_EDGE('',*,*,#4845,.T.);
#2995=ORIENTED_EDGE('',*,*,#4846,.T.);
#2996=ORIENTED_EDGE('',*,*,#4847,.T.);
#2997=ORIENTED_EDGE('',*,*,#4258,.T.);
#2998=ORIENTED_EDGE('',*,*,#4257,.T.);
#2999=ORIENTED_EDGE('',*,*,#4580,.T.);
#3000=ORIENTED_EDGE('',*,*,#4840,.F.);
#3001=ORIENTED_EDGE('',*,*,#4848,.F.);
#3002=ORIENTED_EDGE('',*,*,#4585,.F.);
#3003=ORIENTED_EDGE('',*,*,#4584,.T.);
#3004=ORIENTED_EDGE('',*,*,#4849,.T.);
#3005=ORIENTED_EDGE('',*,*,#4850,.T.);
#3006=ORIENTED_EDGE('',*,*,#4851,.T.);
#3007=ORIENTED_EDGE('',*,*,#4581,.T.);
#3008=ORIENTED_EDGE('',*,*,#4851,.F.);
#3009=ORIENTED_EDGE('',*,*,#4852,.T.);
#3010=ORIENTED_EDGE('',*,*,#4853,.T.);
#3011=ORIENTED_EDGE('',*,*,#4582,.T.);
#3012=ORIENTED_EDGE('',*,*,#4853,.F.);
#3013=ORIENTED_EDGE('',*,*,#4854,.T.);
#3014=ORIENTED_EDGE('',*,*,#4855,.T.);
#3015=ORIENTED_EDGE('',*,*,#4856,.F.);
#3016=ORIENTED_EDGE('',*,*,#4849,.F.);
#3017=ORIENTED_EDGE('',*,*,#4583,.T.);
#3018=ORIENTED_EDGE('',*,*,#4855,.F.);
#3019=ORIENTED_EDGE('',*,*,#4848,.T.);
#3020=ORIENTED_EDGE('',*,*,#4839,.F.);
#3021=ORIENTED_EDGE('',*,*,#4857,.F.);
#3022=ORIENTED_EDGE('',*,*,#4858,.F.);
#3023=ORIENTED_EDGE('',*,*,#4859,.T.);
#3024=ORIENTED_EDGE('',*,*,#4860,.F.);
#3025=ORIENTED_EDGE('',*,*,#4587,.T.);
#3026=ORIENTED_EDGE('',*,*,#4586,.F.);
#3027=ORIENTED_EDGE('',*,*,#4861,.F.);
#3028=ORIENTED_EDGE('',*,*,#4588,.T.);
#3029=ORIENTED_EDGE('',*,*,#4860,.T.);
#3030=ORIENTED_EDGE('',*,*,#4862,.F.);
#3031=ORIENTED_EDGE('',*,*,#4589,.T.);
#3032=ORIENTED_EDGE('',*,*,#4861,.T.);
#3033=ORIENTED_EDGE('',*,*,#4863,.F.);
#3034=ORIENTED_EDGE('',*,*,#4864,.F.);
#3035=ORIENTED_EDGE('',*,*,#4865,.F.);
#3036=ORIENTED_EDGE('',*,*,#4837,.F.);
#3037=ORIENTED_EDGE('',*,*,#4866,.F.);
#3038=ORIENTED_EDGE('',*,*,#4590,.F.);
#3039=ORIENTED_EDGE('',*,*,#4867,.F.);
#3040=ORIENTED_EDGE('',*,*,#4833,.F.);
#3041=ORIENTED_EDGE('',*,*,#4868,.F.);
#3042=ORIENTED_EDGE('',*,*,#4869,.F.);
#3043=ORIENTED_EDGE('',*,*,#4870,.T.);
#3044=ORIENTED_EDGE('',*,*,#4871,.F.);
#3045=ORIENTED_EDGE('',*,*,#4594,.T.);
#3046=ORIENTED_EDGE('',*,*,#4593,.F.);
#3047=ORIENTED_EDGE('',*,*,#4595,.T.);
#3048=ORIENTED_EDGE('',*,*,#4871,.T.);
#3049=ORIENTED_EDGE('',*,*,#4872,.F.);
#3050=ORIENTED_EDGE('',*,*,#4873,.F.);
#3051=ORIENTED_EDGE('',*,*,#4596,.T.);
#3052=ORIENTED_EDGE('',*,*,#4873,.T.);
#3053=ORIENTED_EDGE('',*,*,#4874,.F.);
#3054=ORIENTED_EDGE('',*,*,#4875,.F.);
#3055=ORIENTED_EDGE('',*,*,#4876,.F.);
#3056=ORIENTED_EDGE('',*,*,#4831,.F.);
#3057=ORIENTED_EDGE('',*,*,#4877,.F.);
#3058=ORIENTED_EDGE('',*,*,#4597,.F.);
#3059=ORIENTED_EDGE('',*,*,#4877,.T.);
#3060=ORIENTED_EDGE('',*,*,#4830,.F.);
#3061=ORIENTED_EDGE('',*,*,#4599,.T.);
#3062=ORIENTED_EDGE('',*,*,#4598,.F.);
#3063=ORIENTED_EDGE('',*,*,#4601,.T.);
#3064=ORIENTED_EDGE('',*,*,#4847,.F.);
#3065=ORIENTED_EDGE('',*,*,#4878,.F.);
#3066=ORIENTED_EDGE('',*,*,#4606,.F.);
#3067=ORIENTED_EDGE('',*,*,#4605,.T.);
#3068=ORIENTED_EDGE('',*,*,#4879,.T.);
#3069=ORIENTED_EDGE('',*,*,#4880,.T.);
#3070=ORIENTED_EDGE('',*,*,#4881,.T.);
#3071=ORIENTED_EDGE('',*,*,#4602,.T.);
#3072=ORIENTED_EDGE('',*,*,#4881,.F.);
#3073=ORIENTED_EDGE('',*,*,#4882,.T.);
#3074=ORIENTED_EDGE('',*,*,#4883,.T.);
#3075=ORIENTED_EDGE('',*,*,#4603,.T.);
#3076=ORIENTED_EDGE('',*,*,#4883,.F.);
#3077=ORIENTED_EDGE('',*,*,#4884,.T.);
#3078=ORIENTED_EDGE('',*,*,#4885,.T.);
#3079=ORIENTED_EDGE('',*,*,#4886,.F.);
#3080=ORIENTED_EDGE('',*,*,#4879,.F.);
#3081=ORIENTED_EDGE('',*,*,#4604,.T.);
#3082=ORIENTED_EDGE('',*,*,#4885,.F.);
#3083=ORIENTED_EDGE('',*,*,#4878,.T.);
#3084=ORIENTED_EDGE('',*,*,#4846,.F.);
#3085=ORIENTED_EDGE('',*,*,#4887,.F.);
#3086=ORIENTED_EDGE('',*,*,#4888,.F.);
#3087=ORIENTED_EDGE('',*,*,#4889,.T.);
#3088=ORIENTED_EDGE('',*,*,#4890,.F.);
#3089=ORIENTED_EDGE('',*,*,#4608,.T.);
#3090=ORIENTED_EDGE('',*,*,#4607,.F.);
#3091=ORIENTED_EDGE('',*,*,#4609,.T.);
#3092=ORIENTED_EDGE('',*,*,#4890,.T.);
#3093=ORIENTED_EDGE('',*,*,#4891,.F.);
#3094=ORIENTED_EDGE('',*,*,#4892,.F.);
#3095=ORIENTED_EDGE('',*,*,#4610,.T.);
#3096=ORIENTED_EDGE('',*,*,#4892,.T.);
#3097=ORIENTED_EDGE('',*,*,#4893,.F.);
#3098=ORIENTED_EDGE('',*,*,#4894,.F.);
#3099=ORIENTED_EDGE('',*,*,#4895,.F.);
#3100=ORIENTED_EDGE('',*,*,#4844,.F.);
#3101=ORIENTED_EDGE('',*,*,#4896,.F.);
#3102=ORIENTED_EDGE('',*,*,#4611,.F.);
#3103=ORIENTED_EDGE('',*,*,#4252,.F.);
#3104=ORIENTED_EDGE('',*,*,#4254,.F.);
#3105=ORIENTED_EDGE('',*,*,#4615,.F.);
#3106=ORIENTED_EDGE('',*,*,#4339,.F.);
#3107=ORIENTED_EDGE('',*,*,#4897,.F.);
#3108=ORIENTED_EDGE('',*,*,#4898,.F.);
#3109=ORIENTED_EDGE('',*,*,#4899,.F.);
#3110=ORIENTED_EDGE('',*,*,#4900,.T.);
#3111=ORIENTED_EDGE('',*,*,#4901,.F.);
#3112=ORIENTED_EDGE('',*,*,#4902,.T.);
#3113=ORIENTED_EDGE('',*,*,#4903,.F.);
#3114=ORIENTED_EDGE('',*,*,#4904,.F.);
#3115=ORIENTED_EDGE('',*,*,#4905,.F.);
#3116=ORIENTED_EDGE('',*,*,#4337,.F.);
#3117=ORIENTED_EDGE('',*,*,#4614,.F.);
#3118=ORIENTED_EDGE('',*,*,#4906,.F.);
#3119=ORIENTED_EDGE('',*,*,#4700,.T.);
#3120=ORIENTED_EDGE('',*,*,#4699,.F.);
#3121=ORIENTED_EDGE('',*,*,#4620,.F.);
#3122=ORIENTED_EDGE('',*,*,#4704,.F.);
#3123=ORIENTED_EDGE('',*,*,#4907,.T.);
#3124=ORIENTED_EDGE('',*,*,#4811,.T.);
#3125=ORIENTED_EDGE('',*,*,#4908,.T.);
#3126=ORIENTED_EDGE('',*,*,#4712,.F.);
#3127=ORIENTED_EDGE('',*,*,#4909,.T.);
#3128=ORIENTED_EDGE('',*,*,#4622,.T.);
#3129=ORIENTED_EDGE('',*,*,#4624,.T.);
#3130=ORIENTED_EDGE('',*,*,#4910,.T.);
#3131=ORIENTED_EDGE('',*,*,#4911,.F.);
#3132=ORIENTED_EDGE('',*,*,#4912,.T.);
#3133=ORIENTED_EDGE('',*,*,#4913,.T.);
#3134=ORIENTED_EDGE('',*,*,#4728,.F.);
#3135=ORIENTED_EDGE('',*,*,#4708,.T.);
#3136=ORIENTED_EDGE('',*,*,#4705,.F.);
#3137=ORIENTED_EDGE('',*,*,#4626,.T.);
#3138=ORIENTED_EDGE('',*,*,#4628,.T.);
#3139=ORIENTED_EDGE('',*,*,#4630,.T.);
#3140=ORIENTED_EDGE('',*,*,#4632,.F.);
#3141=ORIENTED_EDGE('',*,*,#4914,.F.);
#3142=ORIENTED_EDGE('',*,*,#4792,.F.);
#3143=ORIENTED_EDGE('',*,*,#4793,.T.);
#3144=ORIENTED_EDGE('',*,*,#4616,.T.);
#3145=ORIENTED_EDGE('',*,*,#4901,.T.);
#3146=ORIENTED_EDGE('',*,*,#4915,.T.);
#3147=ORIENTED_EDGE('',*,*,#4906,.T.);
#3148=ORIENTED_EDGE('',*,*,#4613,.T.);
#3149=ORIENTED_EDGE('',*,*,#4470,.T.);
#3150=ORIENTED_EDGE('',*,*,#4468,.T.);
#3151=ORIENTED_EDGE('',*,*,#4791,.F.);
#3152=ORIENTED_EDGE('',*,*,#4914,.T.);
#3153=ORIENTED_EDGE('',*,*,#4631,.F.);
#3154=ORIENTED_EDGE('',*,*,#4421,.T.);
#3155=ORIENTED_EDGE('',*,*,#4478,.T.);
#3156=ORIENTED_EDGE('',*,*,#4638,.T.);
#3157=ORIENTED_EDGE('',*,*,#4634,.F.);
#3158=ORIENTED_EDGE('',*,*,#4644,.T.);
#3159=ORIENTED_EDGE('',*,*,#4916,.T.);
#3160=ORIENTED_EDGE('',*,*,#4917,.T.);
#3161=ORIENTED_EDGE('',*,*,#4918,.T.);
#3162=ORIENTED_EDGE('',*,*,#4640,.T.);
#3163=ORIENTED_EDGE('',*,*,#4919,.F.);
#3164=ORIENTED_EDGE('',*,*,#4642,.T.);
#3165=ORIENTED_EDGE('',*,*,#4636,.F.);
#3166=ORIENTED_EDGE('',*,*,#4920,.F.);
#3167=ORIENTED_EDGE('',*,*,#4645,.T.);
#3168=ORIENTED_EDGE('',*,*,#4647,.T.);
#3169=ORIENTED_EDGE('',*,*,#4921,.F.);
#3170=ORIENTED_EDGE('',*,*,#4922,.T.);
#3171=ORIENTED_EDGE('',*,*,#4923,.F.);
#3172=ORIENTED_EDGE('',*,*,#4650,.T.);
#3173=ORIENTED_EDGE('',*,*,#4660,.T.);
#3174=ORIENTED_EDGE('',*,*,#4924,.F.);
#3175=ORIENTED_EDGE('',*,*,#4654,.T.);
#3176=ORIENTED_EDGE('',*,*,#4656,.T.);
#3177=ORIENTED_EDGE('',*,*,#4925,.F.);
#3178=ORIENTED_EDGE('',*,*,#4926,.T.);
#3179=ORIENTED_EDGE('',*,*,#4927,.F.);
#3180=ORIENTED_EDGE('',*,*,#4661,.T.);
#3181=ORIENTED_EDGE('',*,*,#4658,.F.);
#3182=ORIENTED_EDGE('',*,*,#4652,.T.);
#3183=ORIENTED_EDGE('',*,*,#4928,.T.);
#3184=ORIENTED_EDGE('',*,*,#4929,.T.);
#3185=ORIENTED_EDGE('',*,*,#4930,.F.);
#3186=ORIENTED_EDGE('',*,*,#4663,.T.);
#3187=ORIENTED_EDGE('',*,*,#4931,.F.);
#3188=ORIENTED_EDGE('',*,*,#4670,.T.);
#3189=ORIENTED_EDGE('',*,*,#4666,.F.);
#3190=ORIENTED_EDGE('',*,*,#4676,.T.);
#3191=ORIENTED_EDGE('',*,*,#4932,.T.);
#3192=ORIENTED_EDGE('',*,*,#4933,.T.);
#3193=ORIENTED_EDGE('',*,*,#4934,.T.);
#3194=ORIENTED_EDGE('',*,*,#4672,.T.);
#3195=ORIENTED_EDGE('',*,*,#4935,.F.);
#3196=ORIENTED_EDGE('',*,*,#4674,.T.);
#3197=ORIENTED_EDGE('',*,*,#4668,.F.);
#3198=ORIENTED_EDGE('',*,*,#4936,.F.);
#3199=ORIENTED_EDGE('',*,*,#4677,.T.);
#3200=ORIENTED_EDGE('',*,*,#4679,.T.);
#3201=ORIENTED_EDGE('',*,*,#4937,.F.);
#3202=ORIENTED_EDGE('',*,*,#4938,.T.);
#3203=ORIENTED_EDGE('',*,*,#4939,.F.);
#3204=ORIENTED_EDGE('',*,*,#4697,.F.);
#3205=ORIENTED_EDGE('',*,*,#4694,.F.);
#3206=ORIENTED_EDGE('',*,*,#4690,.T.);
#3207=ORIENTED_EDGE('',*,*,#4689,.F.);
#3208=ORIENTED_EDGE('',*,*,#4940,.T.);
#3209=ORIENTED_EDGE('',*,*,#4730,.F.);
#3210=ORIENTED_EDGE('',*,*,#4941,.T.);
#3211=ORIENTED_EDGE('',*,*,#4942,.T.);
#3212=ORIENTED_EDGE('',*,*,#4943,.T.);
#3213=ORIENTED_EDGE('',*,*,#4737,.T.);
#3214=ORIENTED_EDGE('',*,*,#4687,.T.);
#3215=ORIENTED_EDGE('',*,*,#4683,.T.);
#3216=ORIENTED_EDGE('',*,*,#4727,.F.);
#3217=ORIENTED_EDGE('',*,*,#4944,.T.);
#3218=ORIENTED_EDGE('',*,*,#4725,.F.);
#3219=ORIENTED_EDGE('',*,*,#4945,.T.);
#3220=ORIENTED_EDGE('',*,*,#4946,.T.);
#3221=ORIENTED_EDGE('',*,*,#4947,.T.);
#3222=ORIENTED_EDGE('',*,*,#4948,.T.);
#3223=ORIENTED_EDGE('',*,*,#4722,.F.);
#3224=ORIENTED_EDGE('',*,*,#4949,.T.);
#3225=ORIENTED_EDGE('',*,*,#4950,.T.);
#3226=ORIENTED_EDGE('',*,*,#4720,.F.);
#3227=ORIENTED_EDGE('',*,*,#4951,.T.);
#3228=ORIENTED_EDGE('',*,*,#4952,.T.);
#3229=ORIENTED_EDGE('',*,*,#4953,.T.);
#3230=ORIENTED_EDGE('',*,*,#4763,.T.);
#3231=ORIENTED_EDGE('',*,*,#4954,.T.);
#3232=ORIENTED_EDGE('',*,*,#4955,.T.);
#3233=ORIENTED_EDGE('',*,*,#4718,.F.);
#3234=ORIENTED_EDGE('',*,*,#4956,.T.);
#3235=ORIENTED_EDGE('',*,*,#4807,.T.);
#3236=ORIENTED_EDGE('',*,*,#4957,.T.);
#3237=ORIENTED_EDGE('',*,*,#4958,.T.);
#3238=ORIENTED_EDGE('',*,*,#4959,.T.);
#3239=ORIENTED_EDGE('',*,*,#4716,.F.);
#3240=ORIENTED_EDGE('',*,*,#4960,.T.);
#3241=ORIENTED_EDGE('',*,*,#4961,.T.);
#3242=ORIENTED_EDGE('',*,*,#4962,.T.);
#3243=ORIENTED_EDGE('',*,*,#4714,.F.);
#3244=ORIENTED_EDGE('',*,*,#4963,.T.);
#3245=ORIENTED_EDGE('',*,*,#4435,.T.);
#3246=ORIENTED_EDGE('',*,*,#4515,.T.);
#3247=ORIENTED_EDGE('',*,*,#4746,.F.);
#3248=ORIENTED_EDGE('',*,*,#4964,.T.);
#3249=ORIENTED_EDGE('',*,*,#4965,.T.);
#3250=ORIENTED_EDGE('',*,*,#4966,.T.);
#3251=ORIENTED_EDGE('',*,*,#4742,.F.);
#3252=ORIENTED_EDGE('',*,*,#4507,.T.);
#3253=ORIENTED_EDGE('',*,*,#4429,.T.);
#3254=ORIENTED_EDGE('',*,*,#4731,.F.);
#3255=ORIENTED_EDGE('',*,*,#4967,.T.);
#3256=ORIENTED_EDGE('',*,*,#4968,.T.);
#3257=ORIENTED_EDGE('',*,*,#4969,.F.);
#3258=ORIENTED_EDGE('',*,*,#4735,.T.);
#3259=ORIENTED_EDGE('',*,*,#4333,.F.);
#3260=ORIENTED_EDGE('',*,*,#4736,.T.);
#3261=ORIENTED_EDGE('',*,*,#4969,.T.);
#3262=ORIENTED_EDGE('',*,*,#4970,.F.);
#3263=ORIENTED_EDGE('',*,*,#4967,.F.);
#3264=ORIENTED_EDGE('',*,*,#4732,.F.);
#3265=ORIENTED_EDGE('',*,*,#4733,.F.);
#3266=ORIENTED_EDGE('',*,*,#4739,.T.);
#3267=ORIENTED_EDGE('',*,*,#4971,.T.);
#3268=ORIENTED_EDGE('',*,*,#4972,.F.);
#3269=ORIENTED_EDGE('',*,*,#4973,.T.);
#3270=ORIENTED_EDGE('',*,*,#4745,.F.);
#3271=ORIENTED_EDGE('',*,*,#4974,.F.);
#3272=ORIENTED_EDGE('',*,*,#4975,.F.);
#3273=ORIENTED_EDGE('',*,*,#4976,.F.);
#3274=ORIENTED_EDGE('',*,*,#4977,.F.);
#3275=ORIENTED_EDGE('',*,*,#4978,.F.);
#3276=ORIENTED_EDGE('',*,*,#4964,.F.);
#3277=ORIENTED_EDGE('',*,*,#4974,.T.);
#3278=ORIENTED_EDGE('',*,*,#4744,.F.);
#3279=ORIENTED_EDGE('',*,*,#4979,.T.);
#3280=ORIENTED_EDGE('',*,*,#4980,.T.);
#3281=ORIENTED_EDGE('',*,*,#4981,.F.);
#3282=ORIENTED_EDGE('',*,*,#4982,.F.);
#3283=ORIENTED_EDGE('',*,*,#4983,.F.);
#3284=ORIENTED_EDGE('',*,*,#4984,.F.);
#3285=ORIENTED_EDGE('',*,*,#4979,.F.);
#3286=ORIENTED_EDGE('',*,*,#4743,.F.);
#3287=ORIENTED_EDGE('',*,*,#4966,.F.);
#3288=ORIENTED_EDGE('',*,*,#4328,.F.);
#3289=ORIENTED_EDGE('',*,*,#4985,.F.);
#3290=ORIENTED_EDGE('',*,*,#4986,.F.);
#3291=ORIENTED_EDGE('',*,*,#4747,.T.);
#3292=ORIENTED_EDGE('',*,*,#4986,.T.);
#3293=ORIENTED_EDGE('',*,*,#4987,.T.);
#3294=ORIENTED_EDGE('',*,*,#4988,.T.);
#3295=ORIENTED_EDGE('',*,*,#4748,.T.);
#3296=ORIENTED_EDGE('',*,*,#4326,.F.);
#3297=ORIENTED_EDGE('',*,*,#4749,.T.);
#3298=ORIENTED_EDGE('',*,*,#4988,.F.);
#3299=ORIENTED_EDGE('',*,*,#4989,.F.);
#3300=ORIENTED_EDGE('',*,*,#4751,.T.);
#3301=ORIENTED_EDGE('',*,*,#4753,.F.);
#3302=ORIENTED_EDGE('',*,*,#4756,.T.);
#3303=ORIENTED_EDGE('',*,*,#4772,.F.);
#3304=ORIENTED_EDGE('',*,*,#4758,.F.);
#3305=ORIENTED_EDGE('',*,*,#4990,.T.);
#3306=ORIENTED_EDGE('',*,*,#4991,.T.);
#3307=ORIENTED_EDGE('',*,*,#4444,.T.);
#3308=ORIENTED_EDGE('',*,*,#4992,.T.);
#3309=ORIENTED_EDGE('',*,*,#4990,.F.);
#3310=ORIENTED_EDGE('',*,*,#4757,.F.);
#3311=ORIENTED_EDGE('',*,*,#4953,.F.);
#3312=ORIENTED_EDGE('',*,*,#4993,.T.);
#3313=ORIENTED_EDGE('',*,*,#4994,.F.);
#3314=ORIENTED_EDGE('',*,*,#4995,.T.);
#3315=ORIENTED_EDGE('',*,*,#4761,.T.);
#3316=ORIENTED_EDGE('',*,*,#4996,.F.);
#3317=ORIENTED_EDGE('',*,*,#4768,.T.);
#3318=ORIENTED_EDGE('',*,*,#4769,.T.);
#3319=ORIENTED_EDGE('',*,*,#4353,.F.);
#3320=ORIENTED_EDGE('',*,*,#4997,.T.);
#3321=ORIENTED_EDGE('',*,*,#4765,.T.);
#3322=ORIENTED_EDGE('',*,*,#4996,.T.);
#3323=ORIENTED_EDGE('',*,*,#4352,.T.);
#3324=ORIENTED_EDGE('',*,*,#4351,.T.);
#3325=ORIENTED_EDGE('',*,*,#4998,.T.);
#3326=ORIENTED_EDGE('',*,*,#4999,.T.);
#3327=ORIENTED_EDGE('',*,*,#5000,.T.);
#3328=ORIENTED_EDGE('',*,*,#5001,.F.);
#3329=ORIENTED_EDGE('',*,*,#4999,.F.);
#3330=ORIENTED_EDGE('',*,*,#5002,.F.);
#3331=ORIENTED_EDGE('',*,*,#4770,.T.);
#3332=ORIENTED_EDGE('',*,*,#4335,.F.);
#3333=ORIENTED_EDGE('',*,*,#4741,.F.);
#3334=ORIENTED_EDGE('',*,*,#4771,.T.);
#3335=ORIENTED_EDGE('',*,*,#5002,.T.);
#3336=ORIENTED_EDGE('',*,*,#4998,.F.);
#3337=ORIENTED_EDGE('',*,*,#4350,.F.);
#3338=ORIENTED_EDGE('',*,*,#4783,.T.);
#3339=ORIENTED_EDGE('',*,*,#4779,.F.);
#3340=ORIENTED_EDGE('',*,*,#4814,.T.);
#3341=ORIENTED_EDGE('',*,*,#4780,.F.);
#3342=ORIENTED_EDGE('',*,*,#4790,.T.);
#3343=ORIENTED_EDGE('',*,*,#4815,.T.);
#3344=ORIENTED_EDGE('',*,*,#4785,.T.);
#3345=ORIENTED_EDGE('',*,*,#4787,.F.);
#3346=ORIENTED_EDGE('',*,*,#5003,.F.);
#3347=ORIENTED_EDGE('',*,*,#4796,.F.);
#3348=ORIENTED_EDGE('',*,*,#5004,.F.);
#3349=ORIENTED_EDGE('',*,*,#5005,.F.);
#3350=ORIENTED_EDGE('',*,*,#4795,.F.);
#3351=ORIENTED_EDGE('',*,*,#4799,.T.);
#3352=ORIENTED_EDGE('',*,*,#5006,.T.);
#3353=ORIENTED_EDGE('',*,*,#5004,.T.);
#3354=ORIENTED_EDGE('',*,*,#4805,.F.);
#3355=ORIENTED_EDGE('',*,*,#5007,.T.);
#3356=ORIENTED_EDGE('',*,*,#5008,.T.);
#3357=ORIENTED_EDGE('',*,*,#4801,.T.);
#3358=ORIENTED_EDGE('',*,*,#5006,.F.);
#3359=ORIENTED_EDGE('',*,*,#4798,.T.);
#3360=ORIENTED_EDGE('',*,*,#5008,.F.);
#3361=ORIENTED_EDGE('',*,*,#5009,.F.);
#3362=ORIENTED_EDGE('',*,*,#5010,.F.);
#3363=ORIENTED_EDGE('',*,*,#5005,.T.);
#3364=ORIENTED_EDGE('',*,*,#5007,.F.);
#3365=ORIENTED_EDGE('',*,*,#4804,.F.);
#3366=ORIENTED_EDGE('',*,*,#5011,.F.);
#3367=ORIENTED_EDGE('',*,*,#5009,.T.);
#3368=ORIENTED_EDGE('',*,*,#5012,.T.);
#3369=ORIENTED_EDGE('',*,*,#5013,.F.);
#3370=ORIENTED_EDGE('',*,*,#5014,.T.);
#3371=ORIENTED_EDGE('',*,*,#4809,.T.);
#3372=ORIENTED_EDGE('',*,*,#4813,.F.);
#3373=ORIENTED_EDGE('',*,*,#5015,.T.);
#3374=ORIENTED_EDGE('',*,*,#5016,.T.);
#3375=ORIENTED_EDGE('',*,*,#4957,.F.);
#3376=ORIENTED_EDGE('',*,*,#4812,.F.);
#3377=ORIENTED_EDGE('',*,*,#4456,.T.);
#3378=ORIENTED_EDGE('',*,*,#5017,.T.);
#3379=ORIENTED_EDGE('',*,*,#5015,.F.);
#3380=ORIENTED_EDGE('',*,*,#4354,.F.);
#3381=ORIENTED_EDGE('',*,*,#4842,.F.);
#3382=ORIENTED_EDGE('',*,*,#4816,.T.);
#3383=ORIENTED_EDGE('',*,*,#4571,.F.);
#3384=ORIENTED_EDGE('',*,*,#4826,.T.);
#3385=ORIENTED_EDGE('',*,*,#5018,.F.);
#3386=ORIENTED_EDGE('',*,*,#4818,.T.);
#3387=ORIENTED_EDGE('',*,*,#4841,.F.);
#3388=ORIENTED_EDGE('',*,*,#4822,.T.);
#3389=ORIENTED_EDGE('',*,*,#4820,.F.);
#3390=ORIENTED_EDGE('',*,*,#5019,.F.);
#3391=ORIENTED_EDGE('',*,*,#4824,.T.);
#3392=ORIENTED_EDGE('',*,*,#4895,.T.);
#3393=ORIENTED_EDGE('',*,*,#5020,.F.);
#3394=ORIENTED_EDGE('',*,*,#4887,.T.);
#3395=ORIENTED_EDGE('',*,*,#4845,.F.);
#3396=ORIENTED_EDGE('',*,*,#4865,.T.);
#3397=ORIENTED_EDGE('',*,*,#5021,.F.);
#3398=ORIENTED_EDGE('',*,*,#4857,.T.);
#3399=ORIENTED_EDGE('',*,*,#4838,.F.);
#3400=ORIENTED_EDGE('',*,*,#5022,.F.);
#3401=ORIENTED_EDGE('',*,*,#4835,.F.);
#3402=ORIENTED_EDGE('',*,*,#5023,.F.);
#3403=ORIENTED_EDGE('',*,*,#4275,.F.);
#3404=ORIENTED_EDGE('',*,*,#4876,.T.);
#3405=ORIENTED_EDGE('',*,*,#5024,.F.);
#3406=ORIENTED_EDGE('',*,*,#4868,.T.);
#3407=ORIENTED_EDGE('',*,*,#4832,.F.);
#3408=ORIENTED_EDGE('',*,*,#4856,.T.);
#3409=ORIENTED_EDGE('',*,*,#4854,.F.);
#3410=ORIENTED_EDGE('',*,*,#4852,.F.);
#3411=ORIENTED_EDGE('',*,*,#4850,.F.);
#3412=ORIENTED_EDGE('',*,*,#4862,.T.);
#3413=ORIENTED_EDGE('',*,*,#4859,.F.);
#3414=ORIENTED_EDGE('',*,*,#5025,.F.);
#3415=ORIENTED_EDGE('',*,*,#4863,.T.);
#3416=ORIENTED_EDGE('',*,*,#4866,.T.);
#3417=ORIENTED_EDGE('',*,*,#4836,.F.);
#3418=ORIENTED_EDGE('',*,*,#5022,.T.);
#3419=ORIENTED_EDGE('',*,*,#4591,.F.);
#3420=ORIENTED_EDGE('',*,*,#5023,.T.);
#3421=ORIENTED_EDGE('',*,*,#4834,.F.);
#3422=ORIENTED_EDGE('',*,*,#4867,.T.);
#3423=ORIENTED_EDGE('',*,*,#4592,.F.);
#3424=ORIENTED_EDGE('',*,*,#4872,.T.);
#3425=ORIENTED_EDGE('',*,*,#4870,.F.);
#3426=ORIENTED_EDGE('',*,*,#5026,.F.);
#3427=ORIENTED_EDGE('',*,*,#4874,.T.);
#3428=ORIENTED_EDGE('',*,*,#4882,.F.);
#3429=ORIENTED_EDGE('',*,*,#4880,.F.);
#3430=ORIENTED_EDGE('',*,*,#4886,.T.);
#3431=ORIENTED_EDGE('',*,*,#4884,.F.);
#3432=ORIENTED_EDGE('',*,*,#4891,.T.);
#3433=ORIENTED_EDGE('',*,*,#4889,.F.);
#3434=ORIENTED_EDGE('',*,*,#5027,.F.);
#3435=ORIENTED_EDGE('',*,*,#4893,.T.);
#3436=ORIENTED_EDGE('',*,*,#4896,.T.);
#3437=ORIENTED_EDGE('',*,*,#4843,.F.);
#3438=ORIENTED_EDGE('',*,*,#4355,.F.);
#3439=ORIENTED_EDGE('',*,*,#4612,.F.);
#3440=ORIENTED_EDGE('',*,*,#4897,.T.);
#3441=ORIENTED_EDGE('',*,*,#4338,.F.);
#3442=ORIENTED_EDGE('',*,*,#4905,.T.);
#3443=ORIENTED_EDGE('',*,*,#5028,.T.);
#3444=ORIENTED_EDGE('',*,*,#5029,.F.);
#3445=ORIENTED_EDGE('',*,*,#5030,.F.);
#3446=ORIENTED_EDGE('',*,*,#5031,.F.);
#3447=ORIENTED_EDGE('',*,*,#4899,.T.);
#3448=ORIENTED_EDGE('',*,*,#4903,.T.);
#3449=ORIENTED_EDGE('',*,*,#5032,.F.);
#3450=ORIENTED_EDGE('',*,*,#5033,.F.);
#3451=ORIENTED_EDGE('',*,*,#5034,.F.);
#3452=ORIENTED_EDGE('',*,*,#5010,.T.);
#3453=ORIENTED_EDGE('',*,*,#5011,.T.);
#3454=ORIENTED_EDGE('',*,*,#4803,.T.);
#3455=ORIENTED_EDGE('',*,*,#4907,.F.);
#3456=ORIENTED_EDGE('',*,*,#4797,.T.);
#3457=ORIENTED_EDGE('',*,*,#5003,.T.);
#3458=ORIENTED_EDGE('',*,*,#5035,.F.);
#3459=ORIENTED_EDGE('',*,*,#5036,.F.);
#3460=ORIENTED_EDGE('',*,*,#5037,.F.);
#3461=ORIENTED_EDGE('',*,*,#4911,.T.);
#3462=ORIENTED_EDGE('',*,*,#5038,.F.);
#3463=ORIENTED_EDGE('',*,*,#5039,.F.);
#3464=ORIENTED_EDGE('',*,*,#4900,.F.);
#3465=ORIENTED_EDGE('',*,*,#5031,.T.);
#3466=ORIENTED_EDGE('',*,*,#5035,.T.);
#3467=ORIENTED_EDGE('',*,*,#5032,.T.);
#3468=ORIENTED_EDGE('',*,*,#4902,.F.);
#3469=ORIENTED_EDGE('',*,*,#4915,.F.);
#3470=ORIENTED_EDGE('',*,*,#5040,.T.);
#3471=ORIENTED_EDGE('',*,*,#5041,.T.);
#3472=ORIENTED_EDGE('',*,*,#5042,.T.);
#3473=ORIENTED_EDGE('',*,*,#5043,.T.);
#3474=ORIENTED_EDGE('',*,*,#5044,.T.);
#3475=ORIENTED_EDGE('',*,*,#4919,.T.);
#3476=ORIENTED_EDGE('',*,*,#4639,.T.);
#3477=ORIENTED_EDGE('',*,*,#4916,.F.);
#3478=ORIENTED_EDGE('',*,*,#4648,.T.);
#3479=ORIENTED_EDGE('',*,*,#4923,.T.);
#3480=ORIENTED_EDGE('',*,*,#5045,.F.);
#3481=ORIENTED_EDGE('',*,*,#5046,.F.);
#3482=ORIENTED_EDGE('',*,*,#5047,.F.);
#3483=ORIENTED_EDGE('',*,*,#4921,.T.);
#3484=ORIENTED_EDGE('',*,*,#4646,.F.);
#3485=ORIENTED_EDGE('',*,*,#4920,.T.);
#3486=ORIENTED_EDGE('',*,*,#4641,.F.);
#3487=ORIENTED_EDGE('',*,*,#4918,.F.);
#3488=ORIENTED_EDGE('',*,*,#5048,.F.);
#3489=ORIENTED_EDGE('',*,*,#5049,.F.);
#3490=ORIENTED_EDGE('',*,*,#5050,.F.);
#3491=ORIENTED_EDGE('',*,*,#5051,.F.);
#3492=ORIENTED_EDGE('',*,*,#5052,.F.);
#3493=ORIENTED_EDGE('',*,*,#4925,.T.);
#3494=ORIENTED_EDGE('',*,*,#4655,.F.);
#3495=ORIENTED_EDGE('',*,*,#4924,.T.);
#3496=ORIENTED_EDGE('',*,*,#4664,.F.);
#3497=ORIENTED_EDGE('',*,*,#4930,.T.);
#3498=ORIENTED_EDGE('',*,*,#5053,.F.);
#3499=ORIENTED_EDGE('',*,*,#5054,.F.);
#3500=ORIENTED_EDGE('',*,*,#5055,.T.);
#3501=ORIENTED_EDGE('',*,*,#5056,.T.);
#3502=ORIENTED_EDGE('',*,*,#5057,.T.);
#3503=ORIENTED_EDGE('',*,*,#5058,.T.);
#3504=ORIENTED_EDGE('',*,*,#5059,.T.);
#3505=ORIENTED_EDGE('',*,*,#4931,.T.);
#3506=ORIENTED_EDGE('',*,*,#4662,.T.);
#3507=ORIENTED_EDGE('',*,*,#4928,.F.);
#3508=ORIENTED_EDGE('',*,*,#4657,.T.);
#3509=ORIENTED_EDGE('',*,*,#4927,.T.);
#3510=ORIENTED_EDGE('',*,*,#5060,.T.);
#3511=ORIENTED_EDGE('',*,*,#5061,.T.);
#3512=ORIENTED_EDGE('',*,*,#5062,.T.);
#3513=ORIENTED_EDGE('',*,*,#5063,.T.);
#3514=ORIENTED_EDGE('',*,*,#5064,.T.);
#3515=ORIENTED_EDGE('',*,*,#4935,.T.);
#3516=ORIENTED_EDGE('',*,*,#4671,.T.);
#3517=ORIENTED_EDGE('',*,*,#4932,.F.);
#3518=ORIENTED_EDGE('',*,*,#4680,.T.);
#3519=ORIENTED_EDGE('',*,*,#4939,.T.);
#3520=ORIENTED_EDGE('',*,*,#5065,.F.);
#3521=ORIENTED_EDGE('',*,*,#5066,.F.);
#3522=ORIENTED_EDGE('',*,*,#5067,.F.);
#3523=ORIENTED_EDGE('',*,*,#4937,.T.);
#3524=ORIENTED_EDGE('',*,*,#4678,.F.);
#3525=ORIENTED_EDGE('',*,*,#4936,.T.);
#3526=ORIENTED_EDGE('',*,*,#4673,.F.);
#3527=ORIENTED_EDGE('',*,*,#4934,.F.);
#3528=ORIENTED_EDGE('',*,*,#5068,.F.);
#3529=ORIENTED_EDGE('',*,*,#5069,.F.);
#3530=ORIENTED_EDGE('',*,*,#5070,.T.);
#3531=ORIENTED_EDGE('',*,*,#5071,.T.);
#3532=ORIENTED_EDGE('',*,*,#5072,.T.);
#3533=ORIENTED_EDGE('',*,*,#5073,.T.);
#3534=ORIENTED_EDGE('',*,*,#5074,.T.);
#3535=ORIENTED_EDGE('',*,*,#4942,.F.);
#3536=ORIENTED_EDGE('',*,*,#4946,.F.);
#3537=ORIENTED_EDGE('',*,*,#5075,.T.);
#3538=ORIENTED_EDGE('',*,*,#5076,.T.);
#3539=ORIENTED_EDGE('',*,*,#5077,.T.);
#3540=ORIENTED_EDGE('',*,*,#5078,.T.);
#3541=ORIENTED_EDGE('',*,*,#5079,.T.);
#3542=ORIENTED_EDGE('',*,*,#4344,.F.);
#3543=ORIENTED_EDGE('',*,*,#5000,.F.);
#3544=ORIENTED_EDGE('',*,*,#5001,.T.);
#3545=ORIENTED_EDGE('',*,*,#4343,.F.);
#3546=ORIENTED_EDGE('',*,*,#4766,.T.);
#3547=ORIENTED_EDGE('',*,*,#4997,.F.);
#3548=ORIENTED_EDGE('',*,*,#5080,.T.);
#3549=ORIENTED_EDGE('',*,*,#5081,.T.);
#3550=ORIENTED_EDGE('',*,*,#5082,.T.);
#3551=ORIENTED_EDGE('',*,*,#5083,.T.);
#3552=ORIENTED_EDGE('',*,*,#5084,.T.);
#3553=ORIENTED_EDGE('',*,*,#5085,.T.);
#3554=ORIENTED_EDGE('',*,*,#5086,.T.);
#3555=ORIENTED_EDGE('',*,*,#4947,.F.);
#3556=ORIENTED_EDGE('',*,*,#5087,.T.);
#3557=ORIENTED_EDGE('',*,*,#5088,.T.);
#3558=ORIENTED_EDGE('',*,*,#5089,.T.);
#3559=ORIENTED_EDGE('',*,*,#5090,.T.);
#3560=ORIENTED_EDGE('',*,*,#5091,.T.);
#3561=ORIENTED_EDGE('',*,*,#4954,.F.);
#3562=ORIENTED_EDGE('',*,*,#5092,.T.);
#3563=ORIENTED_EDGE('',*,*,#5093,.T.);
#3564=ORIENTED_EDGE('',*,*,#5094,.T.);
#3565=ORIENTED_EDGE('',*,*,#5095,.T.);
#3566=ORIENTED_EDGE('',*,*,#5096,.T.);
#3567=ORIENTED_EDGE('',*,*,#5097,.T.);
#3568=ORIENTED_EDGE('',*,*,#5098,.T.);
#3569=ORIENTED_EDGE('',*,*,#4961,.F.);
#3570=ORIENTED_EDGE('',*,*,#5099,.T.);
#3571=ORIENTED_EDGE('',*,*,#5100,.T.);
#3572=ORIENTED_EDGE('',*,*,#4384,.T.);
#3573=ORIENTED_EDGE('',*,*,#5101,.T.);
#3574=ORIENTED_EDGE('',*,*,#5102,.T.);
#3575=ORIENTED_EDGE('',*,*,#5103,.T.);
#3576=ORIENTED_EDGE('',*,*,#4380,.T.);
#3577=ORIENTED_EDGE('',*,*,#5104,.T.);
#3578=ORIENTED_EDGE('',*,*,#4348,.T.);
#3579=ORIENTED_EDGE('',*,*,#4332,.F.);
#3580=ORIENTED_EDGE('',*,*,#4436,.T.);
#3581=ORIENTED_EDGE('',*,*,#4968,.F.);
#3582=ORIENTED_EDGE('',*,*,#4970,.T.);
#3583=ORIENTED_EDGE('',*,*,#4978,.T.);
#3584=ORIENTED_EDGE('',*,*,#5105,.F.);
#3585=ORIENTED_EDGE('',*,*,#5106,.F.);
#3586=ORIENTED_EDGE('',*,*,#5107,.F.);
#3587=ORIENTED_EDGE('',*,*,#4981,.T.);
#3588=ORIENTED_EDGE('',*,*,#4965,.F.);
#3589=ORIENTED_EDGE('',*,*,#4987,.F.);
#3590=ORIENTED_EDGE('',*,*,#4985,.T.);
#3591=ORIENTED_EDGE('',*,*,#4327,.F.);
#3592=ORIENTED_EDGE('',*,*,#4989,.T.);
#3593=ORIENTED_EDGE('',*,*,#5108,.F.);
#3594=ORIENTED_EDGE('',*,*,#5109,.F.);
#3595=ORIENTED_EDGE('',*,*,#4972,.T.);
#3596=ORIENTED_EDGE('',*,*,#5110,.F.);
#3597=ORIENTED_EDGE('',*,*,#5111,.F.);
#3598=ORIENTED_EDGE('',*,*,#5106,.T.);
#3599=ORIENTED_EDGE('',*,*,#4980,.F.);
#3600=ORIENTED_EDGE('',*,*,#4984,.T.);
#3601=ORIENTED_EDGE('',*,*,#5112,.T.);
#3602=ORIENTED_EDGE('',*,*,#4975,.T.);
#3603=ORIENTED_EDGE('',*,*,#5113,.F.);
#3604=ORIENTED_EDGE('',*,*,#5114,.F.);
#3605=ORIENTED_EDGE('',*,*,#5105,.T.);
#3606=ORIENTED_EDGE('',*,*,#4977,.T.);
#3607=ORIENTED_EDGE('',*,*,#5115,.F.);
#3608=ORIENTED_EDGE('',*,*,#4982,.T.);
#3609=ORIENTED_EDGE('',*,*,#5107,.T.);
#3610=ORIENTED_EDGE('',*,*,#5116,.F.);
#3611=ORIENTED_EDGE('',*,*,#4992,.F.);
#3612=ORIENTED_EDGE('',*,*,#5117,.T.);
#3613=ORIENTED_EDGE('',*,*,#5118,.F.);
#3614=ORIENTED_EDGE('',*,*,#5119,.F.);
#3615=ORIENTED_EDGE('',*,*,#4445,.F.);
#3616=ORIENTED_EDGE('',*,*,#4991,.F.);
#3617=ORIENTED_EDGE('',*,*,#5120,.F.);
#3618=ORIENTED_EDGE('',*,*,#5121,.F.);
#3619=ORIENTED_EDGE('',*,*,#5122,.F.);
#3620=ORIENTED_EDGE('',*,*,#5123,.F.);
#3621=ORIENTED_EDGE('',*,*,#4994,.T.);
#3622=ORIENTED_EDGE('',*,*,#5124,.F.);
#3623=ORIENTED_EDGE('',*,*,#5125,.F.);
#3624=ORIENTED_EDGE('',*,*,#5126,.F.);
#3625=ORIENTED_EDGE('',*,*,#5127,.F.);
#3626=ORIENTED_EDGE('',*,*,#5128,.F.);
#3627=ORIENTED_EDGE('',*,*,#5129,.F.);
#3628=ORIENTED_EDGE('',*,*,#5130,.F.);
#3629=ORIENTED_EDGE('',*,*,#5013,.T.);
#3630=ORIENTED_EDGE('',*,*,#5131,.F.);
#3631=ORIENTED_EDGE('',*,*,#5132,.F.);
#3632=ORIENTED_EDGE('',*,*,#5133,.F.);
#3633=ORIENTED_EDGE('',*,*,#4455,.F.);
#3634=ORIENTED_EDGE('',*,*,#5134,.F.);
#3635=ORIENTED_EDGE('',*,*,#5135,.F.);
#3636=ORIENTED_EDGE('',*,*,#5136,.T.);
#3637=ORIENTED_EDGE('',*,*,#5016,.F.);
#3638=ORIENTED_EDGE('',*,*,#5017,.F.);
#3639=ORIENTED_EDGE('',*,*,#4825,.T.);
#3640=ORIENTED_EDGE('',*,*,#5019,.T.);
#3641=ORIENTED_EDGE('',*,*,#4819,.T.);
#3642=ORIENTED_EDGE('',*,*,#5018,.T.);
#3643=ORIENTED_EDGE('',*,*,#5020,.T.);
#3644=ORIENTED_EDGE('',*,*,#4894,.T.);
#3645=ORIENTED_EDGE('',*,*,#5027,.T.);
#3646=ORIENTED_EDGE('',*,*,#4888,.T.);
#3647=ORIENTED_EDGE('',*,*,#4864,.T.);
#3648=ORIENTED_EDGE('',*,*,#5025,.T.);
#3649=ORIENTED_EDGE('',*,*,#4858,.T.);
#3650=ORIENTED_EDGE('',*,*,#5021,.T.);
#3651=ORIENTED_EDGE('',*,*,#5024,.T.);
#3652=ORIENTED_EDGE('',*,*,#4875,.T.);
#3653=ORIENTED_EDGE('',*,*,#5026,.T.);
#3654=ORIENTED_EDGE('',*,*,#4869,.T.);
#3655=ORIENTED_EDGE('',*,*,#4904,.T.);
#3656=ORIENTED_EDGE('',*,*,#5034,.T.);
#3657=ORIENTED_EDGE('',*,*,#5072,.F.);
#3658=ORIENTED_EDGE('',*,*,#5029,.T.);
#3659=ORIENTED_EDGE('',*,*,#4898,.T.);
#3660=ORIENTED_EDGE('',*,*,#5028,.F.);
#3661=ORIENTED_EDGE('',*,*,#5030,.T.);
#3662=ORIENTED_EDGE('',*,*,#5071,.F.);
#3663=ORIENTED_EDGE('',*,*,#5137,.F.);
#3664=ORIENTED_EDGE('',*,*,#5036,.T.);
#3665=ORIENTED_EDGE('',*,*,#5033,.T.);
#3666=ORIENTED_EDGE('',*,*,#5039,.T.);
#3667=ORIENTED_EDGE('',*,*,#5138,.F.);
#3668=ORIENTED_EDGE('',*,*,#5073,.F.);
#3669=ORIENTED_EDGE('',*,*,#5037,.T.);
#3670=ORIENTED_EDGE('',*,*,#5137,.T.);
#3671=ORIENTED_EDGE('',*,*,#5070,.F.);
#3672=ORIENTED_EDGE('',*,*,#4941,.F.);
#3673=ORIENTED_EDGE('',*,*,#4729,.F.);
#3674=ORIENTED_EDGE('',*,*,#4913,.F.);
#3675=ORIENTED_EDGE('',*,*,#4625,.F.);
#3676=ORIENTED_EDGE('',*,*,#4912,.F.);
#3677=ORIENTED_EDGE('',*,*,#4623,.F.);
#3678=ORIENTED_EDGE('',*,*,#4909,.F.);
#3679=ORIENTED_EDGE('',*,*,#4711,.F.);
#3680=ORIENTED_EDGE('',*,*,#4940,.F.);
#3681=ORIENTED_EDGE('',*,*,#5074,.F.);
#3682=ORIENTED_EDGE('',*,*,#5138,.T.);
#3683=ORIENTED_EDGE('',*,*,#5038,.T.);
#3684=ORIENTED_EDGE('',*,*,#4910,.F.);
#3685=ORIENTED_EDGE('',*,*,#5139,.F.);
#3686=ORIENTED_EDGE('',*,*,#5046,.T.);
#3687=ORIENTED_EDGE('',*,*,#5140,.F.);
#3688=ORIENTED_EDGE('',*,*,#5041,.F.);
#3689=ORIENTED_EDGE('',*,*,#5040,.F.);
#3690=ORIENTED_EDGE('',*,*,#4922,.F.);
#3691=ORIENTED_EDGE('',*,*,#5047,.T.);
#3692=ORIENTED_EDGE('',*,*,#5139,.T.);
#3693=ORIENTED_EDGE('',*,*,#5048,.T.);
#3694=ORIENTED_EDGE('',*,*,#4917,.F.);
#3695=ORIENTED_EDGE('',*,*,#5044,.F.);
#3696=ORIENTED_EDGE('',*,*,#5141,.F.);
#3697=ORIENTED_EDGE('',*,*,#5049,.T.);
#3698=ORIENTED_EDGE('',*,*,#5141,.T.);
#3699=ORIENTED_EDGE('',*,*,#5043,.F.);
#3700=ORIENTED_EDGE('',*,*,#5142,.F.);
#3701=ORIENTED_EDGE('',*,*,#5042,.F.);
#3702=ORIENTED_EDGE('',*,*,#5140,.T.);
#3703=ORIENTED_EDGE('',*,*,#5045,.T.);
#3704=ORIENTED_EDGE('',*,*,#5142,.T.);
#3705=ORIENTED_EDGE('',*,*,#5054,.T.);
#3706=ORIENTED_EDGE('',*,*,#5143,.F.);
#3707=ORIENTED_EDGE('',*,*,#5058,.F.);
#3708=ORIENTED_EDGE('',*,*,#5144,.F.);
#3709=ORIENTED_EDGE('',*,*,#5057,.F.);
#3710=ORIENTED_EDGE('',*,*,#5145,.T.);
#3711=ORIENTED_EDGE('',*,*,#5050,.T.);
#3712=ORIENTED_EDGE('',*,*,#5144,.T.);
#3713=ORIENTED_EDGE('',*,*,#5146,.F.);
#3714=ORIENTED_EDGE('',*,*,#5051,.T.);
#3715=ORIENTED_EDGE('',*,*,#5145,.F.);
#3716=ORIENTED_EDGE('',*,*,#5056,.F.);
#3717=ORIENTED_EDGE('',*,*,#5055,.F.);
#3718=ORIENTED_EDGE('',*,*,#4926,.F.);
#3719=ORIENTED_EDGE('',*,*,#5052,.T.);
#3720=ORIENTED_EDGE('',*,*,#5146,.T.);
#3721=ORIENTED_EDGE('',*,*,#5053,.T.);
#3722=ORIENTED_EDGE('',*,*,#4929,.F.);
#3723=ORIENTED_EDGE('',*,*,#5059,.F.);
#3724=ORIENTED_EDGE('',*,*,#5143,.T.);
#3725=ORIENTED_EDGE('',*,*,#5147,.F.);
#3726=ORIENTED_EDGE('',*,*,#5066,.T.);
#3727=ORIENTED_EDGE('',*,*,#5148,.F.);
#3728=ORIENTED_EDGE('',*,*,#5061,.F.);
#3729=ORIENTED_EDGE('',*,*,#5060,.F.);
#3730=ORIENTED_EDGE('',*,*,#4938,.F.);
#3731=ORIENTED_EDGE('',*,*,#5067,.T.);
#3732=ORIENTED_EDGE('',*,*,#5147,.T.);
#3733=ORIENTED_EDGE('',*,*,#5068,.T.);
#3734=ORIENTED_EDGE('',*,*,#4933,.F.);
#3735=ORIENTED_EDGE('',*,*,#5064,.F.);
#3736=ORIENTED_EDGE('',*,*,#5149,.F.);
#3737=ORIENTED_EDGE('',*,*,#5069,.T.);
#3738=ORIENTED_EDGE('',*,*,#5149,.T.);
#3739=ORIENTED_EDGE('',*,*,#5063,.F.);
#3740=ORIENTED_EDGE('',*,*,#5150,.F.);
#3741=ORIENTED_EDGE('',*,*,#5062,.F.);
#3742=ORIENTED_EDGE('',*,*,#5148,.T.);
#3743=ORIENTED_EDGE('',*,*,#5065,.T.);
#3744=ORIENTED_EDGE('',*,*,#5150,.T.);
#3745=ORIENTED_EDGE('',*,*,#5109,.T.);
#3746=ORIENTED_EDGE('',*,*,#5151,.F.);
#3747=ORIENTED_EDGE('',*,*,#5075,.F.);
#3748=ORIENTED_EDGE('',*,*,#4945,.F.);
#3749=ORIENTED_EDGE('',*,*,#4724,.F.);
#3750=ORIENTED_EDGE('',*,*,#4346,.F.);
#3751=ORIENTED_EDGE('',*,*,#4740,.F.);
#3752=ORIENTED_EDGE('',*,*,#4973,.F.);
#3753=ORIENTED_EDGE('',*,*,#4738,.F.);
#3754=ORIENTED_EDGE('',*,*,#4943,.F.);
#3755=ORIENTED_EDGE('',*,*,#4726,.F.);
#3756=ORIENTED_EDGE('',*,*,#4944,.F.);
#3757=ORIENTED_EDGE('',*,*,#5079,.F.);
#3758=ORIENTED_EDGE('',*,*,#5152,.F.);
#3759=ORIENTED_EDGE('',*,*,#5110,.T.);
#3760=ORIENTED_EDGE('',*,*,#4971,.F.);
#3761=ORIENTED_EDGE('',*,*,#5111,.T.);
#3762=ORIENTED_EDGE('',*,*,#5152,.T.);
#3763=ORIENTED_EDGE('',*,*,#5078,.F.);
#3764=ORIENTED_EDGE('',*,*,#5116,.T.);
#3765=ORIENTED_EDGE('',*,*,#5112,.F.);
#3766=ORIENTED_EDGE('',*,*,#4983,.T.);
#3767=ORIENTED_EDGE('',*,*,#5115,.T.);
#3768=ORIENTED_EDGE('',*,*,#5077,.F.);
#3769=ORIENTED_EDGE('',*,*,#5113,.T.);
#3770=ORIENTED_EDGE('',*,*,#4976,.T.);
#3771=ORIENTED_EDGE('',*,*,#5076,.F.);
#3772=ORIENTED_EDGE('',*,*,#5151,.T.);
#3773=ORIENTED_EDGE('',*,*,#5108,.T.);
#3774=ORIENTED_EDGE('',*,*,#5114,.T.);
#3775=ORIENTED_EDGE('',*,*,#5122,.T.);
#3776=ORIENTED_EDGE('',*,*,#5153,.F.);
#3777=ORIENTED_EDGE('',*,*,#5081,.F.);
#3778=ORIENTED_EDGE('',*,*,#5154,.F.);
#3779=ORIENTED_EDGE('',*,*,#5080,.F.);
#3780=ORIENTED_EDGE('',*,*,#4949,.F.);
#3781=ORIENTED_EDGE('',*,*,#4721,.F.);
#3782=ORIENTED_EDGE('',*,*,#4950,.F.);
#3783=ORIENTED_EDGE('',*,*,#4762,.F.);
#3784=ORIENTED_EDGE('',*,*,#4995,.F.);
#3785=ORIENTED_EDGE('',*,*,#5123,.T.);
#3786=ORIENTED_EDGE('',*,*,#5154,.T.);
#3787=ORIENTED_EDGE('',*,*,#5124,.T.);
#3788=ORIENTED_EDGE('',*,*,#4993,.F.);
#3789=ORIENTED_EDGE('',*,*,#4760,.F.);
#3790=ORIENTED_EDGE('',*,*,#4341,.F.);
#3791=ORIENTED_EDGE('',*,*,#4723,.F.);
#3792=ORIENTED_EDGE('',*,*,#4948,.F.);
#3793=ORIENTED_EDGE('',*,*,#5086,.F.);
#3794=ORIENTED_EDGE('',*,*,#5155,.F.);
#3795=ORIENTED_EDGE('',*,*,#5085,.F.);
#3796=ORIENTED_EDGE('',*,*,#5156,.F.);
#3797=ORIENTED_EDGE('',*,*,#5125,.T.);
#3798=ORIENTED_EDGE('',*,*,#5155,.T.);
#3799=ORIENTED_EDGE('',*,*,#5157,.F.);
#3800=ORIENTED_EDGE('',*,*,#5126,.T.);
#3801=ORIENTED_EDGE('',*,*,#5156,.T.);
#3802=ORIENTED_EDGE('',*,*,#5084,.F.);
#3803=ORIENTED_EDGE('',*,*,#5158,.T.);
#3804=ORIENTED_EDGE('',*,*,#5120,.T.);
#3805=ORIENTED_EDGE('',*,*,#5157,.T.);
#3806=ORIENTED_EDGE('',*,*,#5083,.F.);
#3807=ORIENTED_EDGE('',*,*,#5158,.F.);
#3808=ORIENTED_EDGE('',*,*,#5082,.F.);
#3809=ORIENTED_EDGE('',*,*,#5153,.T.);
#3810=ORIENTED_EDGE('',*,*,#5121,.T.);
#3811=ORIENTED_EDGE('',*,*,#5159,.F.);
#3812=ORIENTED_EDGE('',*,*,#5088,.F.);
#3813=ORIENTED_EDGE('',*,*,#5160,.F.);
#3814=ORIENTED_EDGE('',*,*,#5161,.T.);
#3815=ORIENTED_EDGE('',*,*,#5162,.F.);
#3816=ORIENTED_EDGE('',*,*,#5160,.T.);
#3817=ORIENTED_EDGE('',*,*,#5087,.F.);
#3818=ORIENTED_EDGE('',*,*,#4956,.F.);
#3819=ORIENTED_EDGE('',*,*,#4717,.F.);
#3820=ORIENTED_EDGE('',*,*,#4959,.F.);
#3821=ORIENTED_EDGE('',*,*,#5163,.T.);
#3822=ORIENTED_EDGE('',*,*,#5164,.T.);
#3823=ORIENTED_EDGE('',*,*,#5091,.F.);
#3824=ORIENTED_EDGE('',*,*,#5165,.F.);
#3825=ORIENTED_EDGE('',*,*,#5166,.F.);
#3826=ORIENTED_EDGE('',*,*,#5167,.T.);
#3827=ORIENTED_EDGE('',*,*,#5168,.T.);
#3828=ORIENTED_EDGE('',*,*,#4951,.F.);
#3829=ORIENTED_EDGE('',*,*,#4719,.F.);
#3830=ORIENTED_EDGE('',*,*,#4955,.F.);
#3831=ORIENTED_EDGE('',*,*,#5169,.F.);
#3832=ORIENTED_EDGE('',*,*,#5170,.F.);
#3833=ORIENTED_EDGE('',*,*,#5165,.T.);
#3834=ORIENTED_EDGE('',*,*,#5090,.F.);
#3835=ORIENTED_EDGE('',*,*,#5171,.T.);
#3836=ORIENTED_EDGE('',*,*,#5172,.T.);
#3837=ORIENTED_EDGE('',*,*,#5089,.F.);
#3838=ORIENTED_EDGE('',*,*,#5173,.T.);
#3839=ORIENTED_EDGE('',*,*,#5174,.T.);
#3840=ORIENTED_EDGE('',*,*,#5175,.T.);
#3841=ORIENTED_EDGE('',*,*,#5129,.T.);
#3842=ORIENTED_EDGE('',*,*,#5176,.F.);
#3843=ORIENTED_EDGE('',*,*,#5093,.F.);
#3844=ORIENTED_EDGE('',*,*,#5177,.F.);
#3845=ORIENTED_EDGE('',*,*,#5092,.F.);
#3846=ORIENTED_EDGE('',*,*,#4963,.F.);
#3847=ORIENTED_EDGE('',*,*,#4713,.F.);
#3848=ORIENTED_EDGE('',*,*,#4908,.F.);
#3849=ORIENTED_EDGE('',*,*,#4810,.F.);
#3850=ORIENTED_EDGE('',*,*,#5014,.F.);
#3851=ORIENTED_EDGE('',*,*,#5130,.T.);
#3852=ORIENTED_EDGE('',*,*,#5177,.T.);
#3853=ORIENTED_EDGE('',*,*,#5131,.T.);
#3854=ORIENTED_EDGE('',*,*,#5012,.F.);
#3855=ORIENTED_EDGE('',*,*,#4808,.F.);
#3856=ORIENTED_EDGE('',*,*,#4960,.F.);
#3857=ORIENTED_EDGE('',*,*,#4715,.F.);
#3858=ORIENTED_EDGE('',*,*,#4962,.F.);
#3859=ORIENTED_EDGE('',*,*,#5098,.F.);
#3860=ORIENTED_EDGE('',*,*,#5178,.F.);
#3861=ORIENTED_EDGE('',*,*,#5097,.F.);
#3862=ORIENTED_EDGE('',*,*,#5179,.F.);
#3863=ORIENTED_EDGE('',*,*,#5132,.T.);
#3864=ORIENTED_EDGE('',*,*,#5178,.T.);
#3865=ORIENTED_EDGE('',*,*,#5180,.F.);
#3866=ORIENTED_EDGE('',*,*,#5133,.T.);
#3867=ORIENTED_EDGE('',*,*,#5179,.T.);
#3868=ORIENTED_EDGE('',*,*,#5096,.F.);
#3869=ORIENTED_EDGE('',*,*,#5180,.T.);
#3870=ORIENTED_EDGE('',*,*,#5095,.F.);
#3871=ORIENTED_EDGE('',*,*,#5181,.T.);
#3872=ORIENTED_EDGE('',*,*,#5127,.T.);
#3873=ORIENTED_EDGE('',*,*,#5181,.F.);
#3874=ORIENTED_EDGE('',*,*,#5094,.F.);
#3875=ORIENTED_EDGE('',*,*,#5176,.T.);
#3876=ORIENTED_EDGE('',*,*,#5128,.T.);
#3877=ORIENTED_EDGE('',*,*,#5099,.F.);
#3878=ORIENTED_EDGE('',*,*,#5182,.F.);
#3879=ORIENTED_EDGE('',*,*,#5183,.F.);
#3880=ORIENTED_EDGE('',*,*,#5184,.F.);
#3881=ORIENTED_EDGE('',*,*,#5102,.F.);
#3882=ORIENTED_EDGE('',*,*,#5185,.F.);
#3883=ORIENTED_EDGE('',*,*,#5186,.F.);
#3884=ORIENTED_EDGE('',*,*,#5187,.F.);
#3885=ORIENTED_EDGE('',*,*,#4773,.F.);
#3886=ORIENTED_EDGE('',*,*,#4526,.F.);
#3887=ORIENTED_EDGE('',*,*,#4446,.F.);
#3888=ORIENTED_EDGE('',*,*,#5119,.T.);
#3889=ORIENTED_EDGE('',*,*,#5188,.F.);
#3890=ORIENTED_EDGE('',*,*,#5134,.T.);
#3891=ORIENTED_EDGE('',*,*,#4454,.F.);
#3892=ORIENTED_EDGE('',*,*,#4538,.F.);
#3893=ORIENTED_EDGE('',*,*,#4775,.F.);
#3894=ORIENTED_EDGE('',*,*,#5189,.T.);
#3895=ORIENTED_EDGE('',*,*,#5190,.F.);
#3896=ORIENTED_EDGE('',*,*,#5191,.T.);
#3897=ORIENTED_EDGE('',*,*,#5173,.F.);
#3898=ORIENTED_EDGE('',*,*,#5159,.T.);
#3899=ORIENTED_EDGE('',*,*,#5192,.F.);
#3900=ORIENTED_EDGE('',*,*,#5193,.T.);
#3901=ORIENTED_EDGE('',*,*,#5194,.F.);
#3902=ORIENTED_EDGE('',*,*,#5161,.F.);
#3903=ORIENTED_EDGE('',*,*,#5162,.T.);
#3904=ORIENTED_EDGE('',*,*,#5195,.F.);
#3905=ORIENTED_EDGE('',*,*,#5166,.T.);
#3906=ORIENTED_EDGE('',*,*,#5170,.T.);
#3907=ORIENTED_EDGE('',*,*,#5196,.T.);
#3908=ORIENTED_EDGE('',*,*,#5197,.F.);
#3909=ORIENTED_EDGE('',*,*,#5169,.T.);
#3910=ORIENTED_EDGE('',*,*,#5172,.F.);
#3911=ORIENTED_EDGE('',*,*,#5198,.T.);
#3912=ORIENTED_EDGE('',*,*,#5199,.T.);
#3913=ORIENTED_EDGE('',*,*,#5200,.T.);
#3914=ORIENTED_EDGE('',*,*,#5175,.F.);
#3915=ORIENTED_EDGE('',*,*,#5100,.F.);
#3916=ORIENTED_EDGE('',*,*,#5184,.T.);
#3917=ORIENTED_EDGE('',*,*,#5201,.F.);
#3918=ORIENTED_EDGE('',*,*,#4385,.F.);
#3919=ORIENTED_EDGE('',*,*,#5104,.F.);
#3920=ORIENTED_EDGE('',*,*,#4379,.F.);
#3921=ORIENTED_EDGE('',*,*,#5202,.F.);
#3922=ORIENTED_EDGE('',*,*,#5182,.T.);
#3923=ORIENTED_EDGE('',*,*,#5183,.T.);
#3924=ORIENTED_EDGE('',*,*,#5202,.T.);
#3925=ORIENTED_EDGE('',*,*,#4378,.F.);
#3926=ORIENTED_EDGE('',*,*,#5201,.T.);
#3927=ORIENTED_EDGE('',*,*,#5103,.F.);
#3928=ORIENTED_EDGE('',*,*,#5187,.T.);
#3929=ORIENTED_EDGE('',*,*,#5203,.F.);
#3930=ORIENTED_EDGE('',*,*,#4381,.F.);
#3931=ORIENTED_EDGE('',*,*,#5204,.T.);
#3932=ORIENTED_EDGE('',*,*,#4367,.F.);
#3933=ORIENTED_EDGE('',*,*,#5205,.T.);
#3934=ORIENTED_EDGE('',*,*,#5206,.T.);
#3935=ORIENTED_EDGE('',*,*,#5207,.T.);
#3936=ORIENTED_EDGE('',*,*,#4366,.F.);
#3937=ORIENTED_EDGE('',*,*,#5208,.T.);
#3938=ORIENTED_EDGE('',*,*,#5209,.T.);
#3939=ORIENTED_EDGE('',*,*,#5210,.T.);
#3940=ORIENTED_EDGE('',*,*,#5211,.F.);
#3941=ORIENTED_EDGE('',*,*,#5212,.F.);
#3942=ORIENTED_EDGE('',*,*,#5208,.F.);
#3943=ORIENTED_EDGE('',*,*,#4365,.F.);
#3944=ORIENTED_EDGE('',*,*,#5213,.F.);
#3945=ORIENTED_EDGE('',*,*,#5214,.T.);
#3946=ORIENTED_EDGE('',*,*,#5215,.T.);
#3947=ORIENTED_EDGE('',*,*,#5213,.T.);
#3948=ORIENTED_EDGE('',*,*,#4364,.F.);
#3949=ORIENTED_EDGE('',*,*,#5216,.F.);
#3950=ORIENTED_EDGE('',*,*,#4363,.F.);
#3951=ORIENTED_EDGE('',*,*,#5217,.T.);
#3952=ORIENTED_EDGE('',*,*,#5218,.T.);
#3953=ORIENTED_EDGE('',*,*,#5216,.T.);
#3954=ORIENTED_EDGE('',*,*,#5219,.T.);
#3955=ORIENTED_EDGE('',*,*,#5217,.F.);
#3956=ORIENTED_EDGE('',*,*,#4362,.F.);
#3957=ORIENTED_EDGE('',*,*,#5220,.F.);
#3958=ORIENTED_EDGE('',*,*,#5221,.T.);
#3959=ORIENTED_EDGE('',*,*,#5220,.T.);
#3960=ORIENTED_EDGE('',*,*,#4361,.F.);
#3961=ORIENTED_EDGE('',*,*,#5222,.F.);
#3962=ORIENTED_EDGE('',*,*,#5223,.T.);
#3963=ORIENTED_EDGE('',*,*,#4392,.F.);
#3964=ORIENTED_EDGE('',*,*,#5224,.T.);
#3965=ORIENTED_EDGE('',*,*,#5225,.T.);
#3966=ORIENTED_EDGE('',*,*,#5226,.T.);
#3967=ORIENTED_EDGE('',*,*,#5222,.T.);
#3968=ORIENTED_EDGE('',*,*,#4360,.F.);
#3969=ORIENTED_EDGE('',*,*,#5227,.T.);
#3970=ORIENTED_EDGE('',*,*,#5228,.T.);
#3971=ORIENTED_EDGE('',*,*,#4359,.F.);
#3972=ORIENTED_EDGE('',*,*,#5229,.T.);
#3973=ORIENTED_EDGE('',*,*,#5230,.T.);
#3974=ORIENTED_EDGE('',*,*,#4358,.F.);
#3975=ORIENTED_EDGE('',*,*,#5231,.T.);
#3976=ORIENTED_EDGE('',*,*,#5232,.T.);
#3977=ORIENTED_EDGE('',*,*,#5101,.F.);
#3978=ORIENTED_EDGE('',*,*,#4383,.F.);
#3979=ORIENTED_EDGE('',*,*,#5233,.F.);
#3980=ORIENTED_EDGE('',*,*,#5185,.T.);
#3981=ORIENTED_EDGE('',*,*,#5186,.T.);
#3982=ORIENTED_EDGE('',*,*,#5233,.T.);
#3983=ORIENTED_EDGE('',*,*,#4382,.F.);
#3984=ORIENTED_EDGE('',*,*,#5203,.T.);
#3985=ORIENTED_EDGE('',*,*,#5234,.T.);
#3986=ORIENTED_EDGE('',*,*,#5235,.T.);
#3987=ORIENTED_EDGE('',*,*,#4377,.F.);
#3988=ORIENTED_EDGE('',*,*,#5236,.T.);
#3989=ORIENTED_EDGE('',*,*,#5237,.T.);
#3990=ORIENTED_EDGE('',*,*,#4376,.F.);
#3991=ORIENTED_EDGE('',*,*,#5238,.T.);
#3992=ORIENTED_EDGE('',*,*,#5239,.T.);
#3993=ORIENTED_EDGE('',*,*,#5240,.T.);
#3994=ORIENTED_EDGE('',*,*,#4394,.F.);
#3995=ORIENTED_EDGE('',*,*,#5241,.F.);
#3996=ORIENTED_EDGE('',*,*,#5238,.F.);
#3997=ORIENTED_EDGE('',*,*,#4375,.F.);
#3998=ORIENTED_EDGE('',*,*,#5242,.F.);
#3999=ORIENTED_EDGE('',*,*,#5243,.T.);
#4000=ORIENTED_EDGE('',*,*,#5244,.T.);
#4001=ORIENTED_EDGE('',*,*,#5242,.T.);
#4002=ORIENTED_EDGE('',*,*,#4374,.F.);
#4003=ORIENTED_EDGE('',*,*,#5245,.F.);
#4004=ORIENTED_EDGE('',*,*,#4373,.F.);
#4005=ORIENTED_EDGE('',*,*,#5246,.T.);
#4006=ORIENTED_EDGE('',*,*,#5247,.T.);
#4007=ORIENTED_EDGE('',*,*,#5245,.T.);
#4008=ORIENTED_EDGE('',*,*,#5248,.T.);
#4009=ORIENTED_EDGE('',*,*,#5246,.F.);
#4010=ORIENTED_EDGE('',*,*,#4372,.F.);
#4011=ORIENTED_EDGE('',*,*,#5249,.F.);
#4012=ORIENTED_EDGE('',*,*,#5250,.T.);
#4013=ORIENTED_EDGE('',*,*,#5251,.T.);
#4014=ORIENTED_EDGE('',*,*,#5249,.T.);
#4015=ORIENTED_EDGE('',*,*,#4371,.F.);
#4016=ORIENTED_EDGE('',*,*,#5252,.F.);
#4017=ORIENTED_EDGE('',*,*,#5253,.F.);
#4018=ORIENTED_EDGE('',*,*,#5254,.F.);
#4019=ORIENTED_EDGE('',*,*,#5255,.T.);
#4020=ORIENTED_EDGE('',*,*,#5256,.T.);
#4021=ORIENTED_EDGE('',*,*,#5252,.T.);
#4022=ORIENTED_EDGE('',*,*,#4370,.F.);
#4023=ORIENTED_EDGE('',*,*,#5257,.T.);
#4024=ORIENTED_EDGE('',*,*,#4369,.F.);
#4025=ORIENTED_EDGE('',*,*,#5258,.T.);
#4026=ORIENTED_EDGE('',*,*,#5259,.T.);
#4027=ORIENTED_EDGE('',*,*,#5135,.T.);
#4028=ORIENTED_EDGE('',*,*,#5188,.T.);
#4029=ORIENTED_EDGE('',*,*,#5118,.T.);
#4030=ORIENTED_EDGE('',*,*,#5260,.T.);
#4031=ORIENTED_EDGE('',*,*,#5190,.T.);
#4032=ORIENTED_EDGE('',*,*,#5261,.F.);
#4033=ORIENTED_EDGE('',*,*,#5192,.T.);
#4034=ORIENTED_EDGE('',*,*,#5194,.T.);
#4035=ORIENTED_EDGE('',*,*,#5197,.T.);
#4036=ORIENTED_EDGE('',*,*,#5262,.F.);
#4037=ORIENTED_EDGE('',*,*,#4397,.T.);
#4038=ORIENTED_EDGE('',*,*,#4386,.F.);
#4039=ORIENTED_EDGE('',*,*,#5167,.F.);
#4040=ORIENTED_EDGE('',*,*,#5195,.T.);
#4041=ORIENTED_EDGE('',*,*,#5164,.F.);
#4042=ORIENTED_EDGE('',*,*,#5263,.F.);
#4043=ORIENTED_EDGE('',*,*,#5264,.T.);
#4044=ORIENTED_EDGE('',*,*,#5199,.F.);
#4045=ORIENTED_EDGE('',*,*,#5265,.T.);
#4046=ORIENTED_EDGE('',*,*,#5266,.T.);
#4047=ORIENTED_EDGE('',*,*,#5189,.F.);
#4048=ORIENTED_EDGE('',*,*,#4776,.F.);
#4049=ORIENTED_EDGE('',*,*,#5267,.F.);
#4050=ORIENTED_EDGE('',*,*,#5268,.F.);
#4051=ORIENTED_EDGE('',*,*,#5265,.F.);
#4052=ORIENTED_EDGE('',*,*,#5198,.F.);
#4053=ORIENTED_EDGE('',*,*,#5174,.F.);
#4054=ORIENTED_EDGE('',*,*,#5193,.F.);
#4055=ORIENTED_EDGE('',*,*,#5261,.T.);
#4056=ORIENTED_EDGE('',*,*,#5191,.F.);
#4057=ORIENTED_EDGE('',*,*,#5262,.T.);
#4058=ORIENTED_EDGE('',*,*,#5196,.F.);
#4059=ORIENTED_EDGE('',*,*,#5171,.F.);
#4060=ORIENTED_EDGE('',*,*,#5200,.F.);
#4061=ORIENTED_EDGE('',*,*,#5264,.F.);
#4062=ORIENTED_EDGE('',*,*,#5269,.F.);
#4063=ORIENTED_EDGE('',*,*,#5270,.F.);
#4064=ORIENTED_EDGE('',*,*,#4774,.F.);
#4065=ORIENTED_EDGE('',*,*,#5271,.F.);
#4066=ORIENTED_EDGE('',*,*,#5272,.F.);
#4067=ORIENTED_EDGE('',*,*,#5258,.F.);
#4068=ORIENTED_EDGE('',*,*,#4388,.F.);
#4069=ORIENTED_EDGE('',*,*,#5212,.T.);
#4070=ORIENTED_EDGE('',*,*,#5273,.F.);
#4071=ORIENTED_EDGE('',*,*,#5253,.T.);
#4072=ORIENTED_EDGE('',*,*,#5256,.F.);
#4073=ORIENTED_EDGE('',*,*,#5274,.F.);
#4074=ORIENTED_EDGE('',*,*,#5275,.F.);
#4075=ORIENTED_EDGE('',*,*,#5271,.T.);
#4076=ORIENTED_EDGE('',*,*,#4387,.F.);
#4077=ORIENTED_EDGE('',*,*,#5276,.F.);
#4078=ORIENTED_EDGE('',*,*,#5277,.F.);
#4079=ORIENTED_EDGE('',*,*,#5278,.F.);
#4080=ORIENTED_EDGE('',*,*,#5209,.F.);
#4081=ORIENTED_EDGE('',*,*,#5204,.F.);
#4082=ORIENTED_EDGE('',*,*,#5279,.F.);
#4083=ORIENTED_EDGE('',*,*,#5276,.T.);
#4084=ORIENTED_EDGE('',*,*,#4389,.F.);
#4085=ORIENTED_EDGE('',*,*,#5206,.F.);
#4086=ORIENTED_EDGE('',*,*,#5280,.T.);
#4087=ORIENTED_EDGE('',*,*,#5277,.T.);
#4088=ORIENTED_EDGE('',*,*,#5279,.T.);
#4089=ORIENTED_EDGE('',*,*,#5278,.T.);
#4090=ORIENTED_EDGE('',*,*,#5280,.F.);
#4091=ORIENTED_EDGE('',*,*,#5205,.F.);
#4092=ORIENTED_EDGE('',*,*,#5207,.F.);
#4093=ORIENTED_EDGE('',*,*,#5281,.F.);
#4094=ORIENTED_EDGE('',*,*,#5282,.T.);
#4095=ORIENTED_EDGE('',*,*,#5254,.T.);
#4096=ORIENTED_EDGE('',*,*,#5273,.T.);
#4097=ORIENTED_EDGE('',*,*,#5211,.T.);
#4098=ORIENTED_EDGE('',*,*,#5283,.T.);
#4099=ORIENTED_EDGE('',*,*,#5241,.T.);
#4100=ORIENTED_EDGE('',*,*,#4393,.T.);
#4101=ORIENTED_EDGE('',*,*,#5223,.F.);
#4102=ORIENTED_EDGE('',*,*,#5226,.F.);
#4103=ORIENTED_EDGE('',*,*,#5284,.F.);
#4104=ORIENTED_EDGE('',*,*,#5285,.F.);
#4105=ORIENTED_EDGE('',*,*,#5286,.F.);
#4106=ORIENTED_EDGE('',*,*,#5232,.F.);
#4107=ORIENTED_EDGE('',*,*,#5287,.F.);
#4108=ORIENTED_EDGE('',*,*,#5288,.F.);
#4109=ORIENTED_EDGE('',*,*,#5289,.F.);
#4110=ORIENTED_EDGE('',*,*,#5239,.F.);
#4111=ORIENTED_EDGE('',*,*,#5228,.F.);
#4112=ORIENTED_EDGE('',*,*,#5290,.F.);
#4113=ORIENTED_EDGE('',*,*,#5284,.T.);
#4114=ORIENTED_EDGE('',*,*,#5225,.F.);
#4115=ORIENTED_EDGE('',*,*,#5227,.F.);
#4116=ORIENTED_EDGE('',*,*,#5291,.T.);
#4117=ORIENTED_EDGE('',*,*,#5285,.T.);
#4118=ORIENTED_EDGE('',*,*,#5290,.T.);
#4119=ORIENTED_EDGE('',*,*,#5286,.T.);
#4120=ORIENTED_EDGE('',*,*,#5291,.F.);
#4121=ORIENTED_EDGE('',*,*,#5229,.F.);
#4122=ORIENTED_EDGE('',*,*,#5230,.F.);
#4123=ORIENTED_EDGE('',*,*,#5235,.F.);
#4124=ORIENTED_EDGE('',*,*,#5292,.F.);
#4125=ORIENTED_EDGE('',*,*,#5287,.T.);
#4126=ORIENTED_EDGE('',*,*,#5231,.F.);
#4127=ORIENTED_EDGE('',*,*,#5234,.F.);
#4128=ORIENTED_EDGE('',*,*,#5293,.T.);
#4129=ORIENTED_EDGE('',*,*,#5288,.T.);
#4130=ORIENTED_EDGE('',*,*,#5292,.T.);
#4131=ORIENTED_EDGE('',*,*,#5289,.T.);
#4132=ORIENTED_EDGE('',*,*,#5293,.F.);
#4133=ORIENTED_EDGE('',*,*,#5236,.F.);
#4134=ORIENTED_EDGE('',*,*,#5237,.F.);
#4135=ORIENTED_EDGE('',*,*,#5257,.F.);
#4136=ORIENTED_EDGE('',*,*,#5294,.F.);
#4137=ORIENTED_EDGE('',*,*,#5274,.T.);
#4138=ORIENTED_EDGE('',*,*,#5255,.F.);
#4139=ORIENTED_EDGE('',*,*,#5259,.F.);
#4140=ORIENTED_EDGE('',*,*,#5272,.T.);
#4141=ORIENTED_EDGE('',*,*,#5275,.T.);
#4142=ORIENTED_EDGE('',*,*,#5294,.T.);
#4143=ORIENTED_EDGE('',*,*,#5260,.F.);
#4144=ORIENTED_EDGE('',*,*,#5117,.F.);
#4145=ORIENTED_EDGE('',*,*,#4952,.F.);
#4146=ORIENTED_EDGE('',*,*,#5168,.F.);
#4147=ORIENTED_EDGE('',*,*,#5263,.T.);
#4148=ORIENTED_EDGE('',*,*,#5163,.F.);
#4149=ORIENTED_EDGE('',*,*,#4958,.F.);
#4150=ORIENTED_EDGE('',*,*,#5136,.F.);
#4151=ORIENTED_EDGE('',*,*,#4531,.T.);
#4152=ORIENTED_EDGE('',*,*,#4529,.T.);
#4153=ORIENTED_EDGE('',*,*,#4402,.T.);
#4154=ORIENTED_EDGE('',*,*,#5269,.T.);
#4155=ORIENTED_EDGE('',*,*,#5266,.F.);
#4156=ORIENTED_EDGE('',*,*,#5268,.T.);
#4157=ORIENTED_EDGE('',*,*,#4410,.T.);
#4158=ORIENTED_EDGE('',*,*,#4536,.T.);
#4159=ORIENTED_EDGE('',*,*,#4535,.T.);
#4160=ORIENTED_EDGE('',*,*,#4532,.T.);
#4161=ORIENTED_EDGE('',*,*,#5267,.T.);
#4162=ORIENTED_EDGE('',*,*,#4405,.F.);
#4163=ORIENTED_EDGE('',*,*,#5270,.T.);
#4164=ORIENTED_EDGE('',*,*,#4401,.F.);
#4165=ORIENTED_EDGE('',*,*,#4396,.T.);
#4166=ORIENTED_EDGE('',*,*,#5295,.T.);
#4167=ORIENTED_EDGE('',*,*,#5281,.T.);
#4168=ORIENTED_EDGE('',*,*,#5296,.T.);
#4169=ORIENTED_EDGE('',*,*,#5297,.T.);
#4170=ORIENTED_EDGE('',*,*,#5298,.T.);
#4171=ORIENTED_EDGE('',*,*,#4390,.T.);
#4172=ORIENTED_EDGE('',*,*,#5299,.T.);
#4173=ORIENTED_EDGE('',*,*,#5300,.T.);
#4174=ORIENTED_EDGE('',*,*,#5301,.F.);
#4175=ORIENTED_EDGE('',*,*,#5302,.T.);
#4176=ORIENTED_EDGE('',*,*,#5300,.F.);
#4177=ORIENTED_EDGE('',*,*,#5303,.T.);
#4178=ORIENTED_EDGE('',*,*,#5304,.T.);
#4179=ORIENTED_EDGE('',*,*,#5297,.F.);
#4180=ORIENTED_EDGE('',*,*,#5305,.T.);
#4181=ORIENTED_EDGE('',*,*,#5306,.F.);
#4182=ORIENTED_EDGE('',*,*,#5307,.T.);
#4183=ORIENTED_EDGE('',*,*,#5308,.T.);
#4184=ORIENTED_EDGE('',*,*,#5301,.T.);
#4185=ORIENTED_EDGE('',*,*,#5309,.T.);
#4186=ORIENTED_EDGE('',*,*,#5310,.T.);
#4187=ORIENTED_EDGE('',*,*,#5311,.T.);
#4188=ORIENTED_EDGE('',*,*,#5312,.T.);
#4189=ORIENTED_EDGE('',*,*,#5306,.T.);
#4190=ORIENTED_EDGE('',*,*,#5307,.F.);
#4191=ORIENTED_EDGE('',*,*,#5313,.F.);
#4192=ORIENTED_EDGE('',*,*,#5243,.F.);
#4193=ORIENTED_EDGE('',*,*,#5244,.F.);
#4194=ORIENTED_EDGE('',*,*,#5247,.F.);
#4195=ORIENTED_EDGE('',*,*,#5248,.F.);
#4196=ORIENTED_EDGE('',*,*,#5251,.F.);
#4197=ORIENTED_EDGE('',*,*,#5314,.F.);
#4198=ORIENTED_EDGE('',*,*,#5311,.F.);
#4199=ORIENTED_EDGE('',*,*,#5315,.F.);
#4200=ORIENTED_EDGE('',*,*,#5214,.F.);
#4201=ORIENTED_EDGE('',*,*,#5215,.F.);
#4202=ORIENTED_EDGE('',*,*,#5218,.F.);
#4203=ORIENTED_EDGE('',*,*,#5219,.F.);
#4204=ORIENTED_EDGE('',*,*,#5221,.F.);
#4205=ORIENTED_EDGE('',*,*,#5316,.F.);
#4206=ORIENTED_EDGE('',*,*,#5308,.F.);
#4207=ORIENTED_EDGE('',*,*,#5314,.T.);
#4208=ORIENTED_EDGE('',*,*,#5250,.F.);
#4209=ORIENTED_EDGE('',*,*,#5282,.F.);
#4210=ORIENTED_EDGE('',*,*,#5295,.F.);
#4211=ORIENTED_EDGE('',*,*,#5302,.F.);
#4212=ORIENTED_EDGE('',*,*,#5303,.F.);
#4213=ORIENTED_EDGE('',*,*,#5299,.F.);
#4214=ORIENTED_EDGE('',*,*,#4395,.F.);
#4215=ORIENTED_EDGE('',*,*,#5240,.F.);
#4216=ORIENTED_EDGE('',*,*,#5313,.T.);
#4217=ORIENTED_EDGE('',*,*,#5309,.F.);
#4218=ORIENTED_EDGE('',*,*,#5312,.F.);
#4219=ORIENTED_EDGE('',*,*,#5316,.T.);
#4220=ORIENTED_EDGE('',*,*,#5224,.F.);
#4221=ORIENTED_EDGE('',*,*,#4391,.F.);
#4222=ORIENTED_EDGE('',*,*,#5298,.F.);
#4223=ORIENTED_EDGE('',*,*,#5304,.F.);
#4224=ORIENTED_EDGE('',*,*,#5305,.F.);
#4225=ORIENTED_EDGE('',*,*,#5296,.F.);
#4226=ORIENTED_EDGE('',*,*,#5283,.F.);
#4227=ORIENTED_EDGE('',*,*,#5210,.F.);
#4228=ORIENTED_EDGE('',*,*,#5315,.T.);
#4229=ORIENTED_EDGE('',*,*,#5310,.F.);
#4230=ORIENTED_EDGE('',*,*,#4404,.T.);
#4231=ORIENTED_EDGE('',*,*,#4411,.T.);
#4232=ORIENTED_EDGE('',*,*,#4413,.F.);
#4233=ORIENTED_EDGE('',*,*,#4681,.T.);
#4234=ORIENTED_EDGE('',*,*,#5317,.F.);
#4235=ORIENTED_EDGE('',*,*,#4710,.F.);
#4236=ORIENTED_EDGE('',*,*,#4495,.T.);
#4237=ORIENTED_EDGE('',*,*,#4703,.F.);
#4238=ORIENTED_EDGE('',*,*,#5318,.F.);
#4239=ORIENTED_EDGE('',*,*,#4692,.T.);
#4240=ORIENTED_EDGE('',*,*,#4693,.T.);
#4241=ORIENTED_EDGE('',*,*,#5318,.T.);
#4242=ORIENTED_EDGE('',*,*,#4702,.T.);
#4243=ORIENTED_EDGE('',*,*,#4707,.T.);
#4244=ORIENTED_EDGE('',*,*,#5317,.T.);
#4245=ORIENTED_EDGE('',*,*,#4686,.T.);
#4246=EDGE_CURVE('',#5319,#5319,#6032,.T.);
#4247=EDGE_CURVE('',#5320,#5320,#6033,.T.);
#4248=EDGE_CURVE('',#5321,#5321,#6034,.T.);
#4249=EDGE_CURVE('',#5322,#5322,#6035,.T.);
#4250=EDGE_CURVE('',#5323,#5323,#6036,.T.);
#4251=EDGE_CURVE('',#5324,#5324,#6037,.T.);
#4252=EDGE_CURVE('',#5325,#5325,#6038,.T.);
#4253=EDGE_CURVE('',#5326,#5326,#6039,.T.);
#4254=EDGE_CURVE('',#5327,#5327,#6040,.T.);
#4255=EDGE_CURVE('',#5328,#5328,#6041,.T.);
#4256=EDGE_CURVE('',#5329,#5329,#6042,.T.);
#4257=EDGE_CURVE('',#5330,#5331,#6043,.T.);
#4258=EDGE_CURVE('',#5331,#5330,#6044,.T.);
#4259=EDGE_CURVE('',#5332,#5332,#6045,.T.);
#4260=EDGE_CURVE('',#5333,#5333,#6046,.T.);
#4261=EDGE_CURVE('',#5334,#5334,#6047,.T.);
#4262=EDGE_CURVE('',#5335,#5335,#6048,.T.);
#4263=EDGE_CURVE('',#5336,#5336,#6049,.T.);
#4264=EDGE_CURVE('',#5337,#5337,#6050,.T.);
#4265=EDGE_CURVE('',#5338,#5338,#6051,.T.);
#4266=EDGE_CURVE('',#5339,#5339,#6052,.T.);
#4267=EDGE_CURVE('',#5340,#5341,#6053,.T.);
#4268=EDGE_CURVE('',#5342,#5341,#6054,.T.);
#4269=EDGE_CURVE('',#5343,#5342,#6055,.T.);
#4270=EDGE_CURVE('',#5344,#5343,#6056,.T.);
#4271=EDGE_CURVE('',#5345,#5344,#6057,.T.);
#4272=EDGE_CURVE('',#5346,#5345,#6058,.T.);
#4273=EDGE_CURVE('',#5347,#5346,#6059,.T.);
#4274=EDGE_CURVE('',#5348,#5347,#6060,.T.);
#4275=EDGE_CURVE('',#5348,#5349,#6061,.T.);
#4276=EDGE_CURVE('',#5350,#5349,#6062,.T.);
#4277=EDGE_CURVE('',#5351,#5350,#6063,.T.);
#4278=EDGE_CURVE('',#5352,#5351,#6064,.T.);
#4279=EDGE_CURVE('',#5353,#5352,#6065,.T.);
#4280=EDGE_CURVE('',#5354,#5353,#6066,.T.);
#4281=EDGE_CURVE('',#5355,#5354,#6067,.T.);
#4282=EDGE_CURVE('',#5340,#5355,#6068,.T.);
#4283=EDGE_CURVE('',#5356,#5356,#6069,.T.);
#4284=EDGE_CURVE('',#5357,#5357,#6070,.T.);
#4285=EDGE_CURVE('',#5358,#5358,#6071,.T.);
#4286=EDGE_CURVE('',#5359,#5359,#6072,.T.);
#4287=EDGE_CURVE('',#5360,#5360,#6073,.T.);
#4288=EDGE_CURVE('',#5361,#5361,#6074,.T.);
#4289=EDGE_CURVE('',#5362,#5362,#6075,.T.);
#4290=EDGE_CURVE('',#5363,#5363,#6076,.T.);
#4291=EDGE_CURVE('',#5364,#5364,#6077,.T.);
#4292=EDGE_CURVE('',#5365,#5365,#6078,.T.);
#4293=EDGE_CURVE('',#5366,#5366,#6079,.T.);
#4294=EDGE_CURVE('',#5367,#5367,#6080,.T.);
#4295=EDGE_CURVE('',#5368,#5368,#6081,.T.);
#4296=EDGE_CURVE('',#5369,#5369,#6082,.T.);
#4297=EDGE_CURVE('',#5370,#5370,#6083,.T.);
#4298=EDGE_CURVE('',#5371,#5371,#6084,.T.);
#4299=EDGE_CURVE('',#5372,#5373,#6085,.T.);
#4300=EDGE_CURVE('',#5373,#5374,#1959,.T.);
#4301=EDGE_CURVE('',#5375,#5374,#6086,.T.);
#4302=EDGE_CURVE('',#5376,#5375,#6087,.T.);
#4303=EDGE_CURVE('',#5372,#5376,#1960,.T.);
#4304=EDGE_CURVE('',#5377,#5377,#6088,.T.);
#4305=EDGE_CURVE('',#5378,#5379,#6089,.T.);
#4306=EDGE_CURVE('',#5380,#5378,#1961,.T.);
#4307=EDGE_CURVE('',#5380,#5381,#6090,.T.);
#4308=EDGE_CURVE('',#5382,#5381,#1962,.T.);
#4309=EDGE_CURVE('',#5379,#5382,#6091,.T.);
#4310=EDGE_CURVE('',#5383,#5383,#6092,.T.);
#4311=EDGE_CURVE('',#5384,#5385,#6093,.T.);
#4312=EDGE_CURVE('',#5385,#5386,#493,.T.);
#4313=EDGE_CURVE('',#5386,#5387,#6094,.T.);
#4314=EDGE_CURVE('',#5387,#5388,#494,.T.);
#4315=EDGE_CURVE('',#5388,#5389,#6095,.T.);
#4316=EDGE_CURVE('',#5389,#5390,#6096,.T.);
#4317=EDGE_CURVE('',#5391,#5390,#6097,.T.);
#4318=EDGE_CURVE('',#5391,#5392,#495,.T.);
#4319=EDGE_CURVE('',#5392,#5393,#6098,.T.);
#4320=EDGE_CURVE('',#5393,#5394,#496,.T.);
#4321=EDGE_CURVE('',#5395,#5394,#6099,.T.);
#4322=EDGE_CURVE('',#5395,#5396,#6100,.T.);
#4323=EDGE_CURVE('',#5396,#5397,#6101,.T.);
#4324=EDGE_CURVE('',#5397,#5398,#6102,.T.);
#4325=EDGE_CURVE('',#5398,#5399,#6103,.T.);
#4326=EDGE_CURVE('',#5399,#5400,#497,.T.);
#4327=EDGE_CURVE('',#5400,#5401,#6104,.T.);
#4328=EDGE_CURVE('',#5401,#5402,#498,.T.);
#4329=EDGE_CURVE('',#5402,#5403,#6105,.T.);
#4330=EDGE_CURVE('',#5403,#5404,#6106,.T.);
#4331=EDGE_CURVE('',#5404,#5405,#6107,.T.);
#4332=EDGE_CURVE('',#5405,#5406,#499,.T.);
#4333=EDGE_CURVE('',#5406,#5407,#500,.T.);
#4334=EDGE_CURVE('',#5407,#5408,#6108,.T.);
#4335=EDGE_CURVE('',#5408,#5384,#501,.T.);
#4336=EDGE_CURVE('',#5409,#5410,#6109,.T.);
#4337=EDGE_CURVE('',#5409,#5411,#502,.T.);
#4338=EDGE_CURVE('',#5411,#5412,#6110,.T.);
#4339=EDGE_CURVE('',#5412,#5410,#503,.T.);
#4340=EDGE_CURVE('',#5413,#5414,#6111,.T.);
#4341=EDGE_CURVE('',#5413,#5415,#504,.T.);
#4342=EDGE_CURVE('',#5415,#5416,#6112,.T.);
#4343=EDGE_CURVE('',#5416,#5417,#6113,.T.);
#4344=EDGE_CURVE('',#5417,#5418,#6114,.T.);
#4345=EDGE_CURVE('',#5418,#5419,#6115,.T.);
#4346=EDGE_CURVE('',#5419,#5414,#505,.T.);
#4347=EDGE_CURVE('',#5420,#5420,#6116,.T.);
#4348=EDGE_CURVE('',#5421,#5421,#6117,.T.);
#4349=EDGE_CURVE('',#5422,#5423,#6118,.T.);
#4350=EDGE_CURVE('',#5423,#5424,#506,.T.);
#4351=EDGE_CURVE('',#5425,#5424,#327,.T.);
#4352=EDGE_CURVE('',#5426,#5425,#328,.T.);
#4353=EDGE_CURVE('',#5426,#5422,#507,.T.);
#4354=EDGE_CURVE('',#5427,#5341,#508,.T.);
#4355=EDGE_CURVE('',#5340,#5428,#509,.T.);
#4356=EDGE_CURVE('',#5427,#5428,#6119,.T.);
#4357=EDGE_CURVE('',#5429,#5429,#6120,.T.);
#4358=EDGE_CURVE('',#5430,#5431,#6121,.T.);
#4359=EDGE_CURVE('',#5431,#5432,#6122,.T.);
#4360=EDGE_CURVE('',#5432,#5433,#6123,.T.);
#4361=EDGE_CURVE('',#5433,#5434,#309,.T.);
#4362=EDGE_CURVE('',#5434,#5435,#510,.T.);
#4363=EDGE_CURVE('',#5435,#5436,#6124,.T.);
#4364=EDGE_CURVE('',#5436,#5437,#511,.T.);
#4365=EDGE_CURVE('',#5437,#5438,#310,.T.);
#4366=EDGE_CURVE('',#5438,#5439,#6125,.T.);
#4367=EDGE_CURVE('',#5439,#5440,#6126,.T.);
#4368=EDGE_CURVE('',#5440,#5441,#6127,.T.);
#4369=EDGE_CURVE('',#5441,#5442,#6128,.T.);
#4370=EDGE_CURVE('',#5442,#5443,#6129,.T.);
#4371=EDGE_CURVE('',#5443,#5444,#311,.T.);
#4372=EDGE_CURVE('',#5444,#5445,#512,.T.);
#4373=EDGE_CURVE('',#5445,#5446,#6130,.T.);
#4374=EDGE_CURVE('',#5446,#5447,#513,.T.);
#4375=EDGE_CURVE('',#5447,#5448,#312,.T.);
#4376=EDGE_CURVE('',#5448,#5449,#6131,.T.);
#4377=EDGE_CURVE('',#5449,#5430,#6132,.T.);
#4378=EDGE_CURVE('',#5450,#5451,#6133,.T.);
#4379=EDGE_CURVE('',#5451,#5452,#514,.T.);
#4380=EDGE_CURVE('',#5453,#5452,#6134,.T.);
#4381=EDGE_CURVE('',#5453,#5454,#515,.T.);
#4382=EDGE_CURVE('',#5454,#5455,#6135,.T.);
#4383=EDGE_CURVE('',#5455,#5456,#516,.T.);
#4384=EDGE_CURVE('',#5457,#5456,#6136,.T.);
#4385=EDGE_CURVE('',#5457,#5450,#517,.T.);
#4386=EDGE_CURVE('',#5458,#5458,#6137,.T.);
#4387=EDGE_CURVE('',#5459,#5460,#6138,.T.);
#4388=EDGE_CURVE('',#5460,#5441,#1963,.T.);
#4389=EDGE_CURVE('',#5440,#5459,#1964,.T.);
#4390=EDGE_CURVE('',#5461,#5462,#6139,.T.);
#4391=EDGE_CURVE('',#5461,#5463,#518,.T.);
#4392=EDGE_CURVE('',#5463,#5464,#313,.T.);
#4393=EDGE_CURVE('',#5465,#5464,#6140,.T.);
#4394=EDGE_CURVE('',#5465,#5466,#314,.T.);
#4395=EDGE_CURVE('',#5466,#5462,#519,.T.);
#4396=EDGE_CURVE('',#5467,#5467,#6141,.T.);
#4397=EDGE_CURVE('',#5468,#5468,#6142,.T.);
#4398=EDGE_CURVE('',#5469,#5470,#6143,.T.);
#4399=EDGE_CURVE('',#5470,#5471,#1965,.T.);
#4400=EDGE_CURVE('',#5472,#5471,#6144,.T.);
#4401=EDGE_CURVE('',#5472,#5473,#6145,.T.);
#4402=EDGE_CURVE('',#5474,#5473,#6146,.T.);
#4403=EDGE_CURVE('',#5474,#5469,#1966,.T.);
#4404=EDGE_CURVE('',#5475,#5475,#6147,.T.);
#4405=EDGE_CURVE('',#5476,#5477,#6148,.T.);
#4406=EDGE_CURVE('',#5478,#5477,#6149,.T.);
#4407=EDGE_CURVE('',#5478,#5479,#1967,.T.);
#4408=EDGE_CURVE('',#5479,#5480,#6150,.T.);
#4409=EDGE_CURVE('',#5480,#5481,#1968,.T.);
#4410=EDGE_CURVE('',#5476,#5481,#6151,.T.);
#4411=EDGE_CURVE('',#5482,#5482,#6152,.T.);
#4412=EDGE_CURVE('',#5483,#5484,#520,.T.);
#4413=EDGE_CURVE('',#5483,#5485,#521,.T.);
#4414=EDGE_CURVE('',#5486,#5485,#522,.T.);
#4415=EDGE_CURVE('',#5484,#5486,#523,.T.);
#4416=EDGE_CURVE('',#5487,#5488,#524,.T.);
#4417=EDGE_CURVE('',#5489,#5487,#315,.T.);
#4418=EDGE_CURVE('',#5373,#5489,#525,.T.);
#4419=EDGE_CURVE('',#5490,#5372,#329,.F.);
#4420=EDGE_CURVE('',#5491,#5490,#526,.T.);
#4421=EDGE_CURVE('',#5492,#5491,#527,.T.);
#4422=EDGE_CURVE('',#5493,#5492,#528,.T.);
#4423=EDGE_CURVE('',#5494,#5493,#6153,.T.);
#4424=EDGE_CURVE('',#5495,#5494,#529,.T.);
#4425=EDGE_CURVE('',#5496,#5495,#530,.T.);
#4426=EDGE_CURVE('',#5497,#5496,#531,.T.);
#4427=EDGE_CURVE('',#5498,#5497,#6154,.T.);
#4428=EDGE_CURVE('',#5499,#5498,#532,.T.);
#4429=EDGE_CURVE('',#5500,#5499,#533,.T.);
#4430=EDGE_CURVE('',#5501,#5500,#534,.T.);
#4431=EDGE_CURVE('',#5381,#5501,#1969,.T.);
#4432=EDGE_CURVE('',#5502,#5380,#535,.T.);
#4433=EDGE_CURVE('',#5503,#5502,#316,.T.);
#4434=EDGE_CURVE('',#5504,#5503,#536,.T.);
#4435=EDGE_CURVE('',#5505,#5504,#537,.T.);
#4436=EDGE_CURVE('',#5405,#5505,#538,.T.);
#4437=EDGE_CURVE('',#5506,#5404,#539,.T.);
#4438=EDGE_CURVE('',#5507,#5506,#6155,.T.);
#4439=EDGE_CURVE('',#5397,#5507,#540,.T.);
#4440=EDGE_CURVE('',#5508,#5396,#541,.T.);
#4441=EDGE_CURVE('',#5509,#5508,#6156,.T.);
#4442=EDGE_CURVE('',#5389,#5509,#542,.T.);
#4443=EDGE_CURVE('',#5510,#5388,#543,.T.);
#4444=EDGE_CURVE('',#5511,#5510,#544,.T.);
#4445=EDGE_CURVE('',#5511,#5512,#545,.T.);
#4446=EDGE_CURVE('',#5512,#5513,#546,.T.);
#4447=EDGE_CURVE('',#5470,#5513,#547,.T.);
#4448=EDGE_CURVE('',#5514,#5469,#548,.T.);
#4449=EDGE_CURVE('',#5515,#5514,#317,.T.);
#4450=EDGE_CURVE('',#5516,#5515,#549,.T.);
#4451=EDGE_CURVE('',#5517,#5516,#318,.T.);
#4452=EDGE_CURVE('',#5480,#5517,#550,.T.);
#4453=EDGE_CURVE('',#5518,#5479,#551,.T.);
#4454=EDGE_CURVE('',#5518,#5519,#552,.T.);
#4455=EDGE_CURVE('',#5519,#5520,#553,.T.);
#4456=EDGE_CURVE('',#5521,#5520,#554,.T.);
#4457=EDGE_CURVE('',#5522,#5521,#555,.T.);
#4458=EDGE_CURVE('',#5523,#5522,#6157,.T.);
#4459=EDGE_CURVE('',#5524,#5523,#556,.T.);
#4460=EDGE_CURVE('',#5525,#5524,#6158,.T.);
#4461=EDGE_CURVE('',#5526,#5525,#557,.T.);
#4462=EDGE_CURVE('',#5527,#5526,#6159,.T.);
#4463=EDGE_CURVE('',#5528,#5527,#558,.T.);
#4464=EDGE_CURVE('',#5529,#5528,#6160,.T.);
#4465=EDGE_CURVE('',#5530,#5529,#559,.T.);
#4466=EDGE_CURVE('',#5531,#5530,#6161,.T.);
#4467=EDGE_CURVE('',#5532,#5531,#560,.T.);
#4468=EDGE_CURVE('',#5488,#5532,#561,.T.);
#4469=EDGE_CURVE('',#5487,#5533,#562,.T.);
#4470=EDGE_CURVE('',#5534,#5488,#563,.T.);
#4471=EDGE_CURVE('',#5533,#5534,#564,.T.);
#4472=EDGE_CURVE('',#5489,#5535,#565,.T.);
#4473=EDGE_CURVE('',#5535,#5533,#319,.T.);
#4474=EDGE_CURVE('',#5375,#5535,#566,.T.);
#4475=EDGE_CURVE('',#5490,#5536,#1970,.T.);
#4476=EDGE_CURVE('',#5536,#5376,#330,.T.);
#4477=EDGE_CURVE('',#5537,#5536,#567,.T.);
#4478=EDGE_CURVE('',#5491,#5537,#568,.T.);
#4479=EDGE_CURVE('',#5538,#5539,#6162,.T.);
#4480=EDGE_CURVE('',#5539,#5494,#569,.T.);
#4481=EDGE_CURVE('',#5493,#5540,#570,.T.);
#4482=EDGE_CURVE('',#5540,#5538,#571,.T.);
#4483=EDGE_CURVE('',#5541,#5542,#572,.T.);
#4484=EDGE_CURVE('',#5543,#5541,#573,.T.);
#4485=EDGE_CURVE('',#5544,#5543,#574,.T.);
#4486=EDGE_CURVE('',#5542,#5544,#575,.T.);
#4487=EDGE_CURVE('',#5545,#5546,#576,.T.);
#4488=EDGE_CURVE('',#5547,#5545,#577,.T.);
#4489=EDGE_CURVE('',#5548,#5547,#578,.T.);
#4490=EDGE_CURVE('',#5546,#5548,#579,.T.);
#4491=EDGE_CURVE('',#5549,#5550,#580,.T.);
#4492=EDGE_CURVE('',#5551,#5549,#581,.T.);
#4493=EDGE_CURVE('',#5552,#5551,#582,.T.);
#4494=EDGE_CURVE('',#5550,#5552,#583,.T.);
#4495=EDGE_CURVE('',#5553,#5554,#584,.T.);
#4496=EDGE_CURVE('',#5555,#5553,#585,.T.);
#4497=EDGE_CURVE('',#5556,#5555,#586,.T.);
#4498=EDGE_CURVE('',#5496,#5556,#587,.T.);
#4499=EDGE_CURVE('',#5557,#5495,#588,.T.);
#4500=EDGE_CURVE('',#5558,#5557,#589,.T.);
#4501=EDGE_CURVE('',#5554,#5558,#590,.T.);
#4502=EDGE_CURVE('',#5497,#5559,#591,.T.);
#4503=EDGE_CURVE('',#5559,#5560,#6163,.T.);
#4504=EDGE_CURVE('',#5560,#5561,#592,.T.);
#4505=EDGE_CURVE('',#5561,#5498,#593,.T.);
#4506=EDGE_CURVE('',#5501,#5562,#594,.T.);
#4507=EDGE_CURVE('',#5563,#5500,#595,.T.);
#4508=EDGE_CURVE('',#5562,#5563,#596,.T.);
#4509=EDGE_CURVE('',#5382,#5562,#1971,.T.);
#4510=EDGE_CURVE('',#5502,#5564,#597,.T.);
#4511=EDGE_CURVE('',#5564,#5379,#598,.T.);
#4512=EDGE_CURVE('',#5503,#5565,#599,.T.);
#4513=EDGE_CURVE('',#5565,#5564,#320,.T.);
#4514=EDGE_CURVE('',#5566,#5565,#600,.T.);
#4515=EDGE_CURVE('',#5504,#5566,#601,.T.);
#4516=EDGE_CURVE('',#5506,#5567,#6164,.T.);
#4517=EDGE_CURVE('',#5567,#5403,#602,.T.);
#4518=EDGE_CURVE('',#5567,#5568,#6165,.T.);
#4519=EDGE_CURVE('',#5568,#5507,#6166,.T.);
#4520=EDGE_CURVE('',#5398,#5568,#603,.T.);
#4521=EDGE_CURVE('',#5508,#5569,#6167,.T.);
#4522=EDGE_CURVE('',#5569,#5395,#604,.T.);
#4523=EDGE_CURVE('',#5569,#5570,#6168,.T.);
#4524=EDGE_CURVE('',#5570,#5509,#6169,.T.);
#4525=EDGE_CURVE('',#5390,#5570,#605,.T.);
#4526=EDGE_CURVE('',#5513,#5571,#606,.T.);
#4527=EDGE_CURVE('',#5471,#5571,#607,.T.);
#4528=EDGE_CURVE('',#5514,#5572,#608,.T.);
#4529=EDGE_CURVE('',#5572,#5474,#609,.T.);
#4530=EDGE_CURVE('',#5515,#5573,#610,.T.);
#4531=EDGE_CURVE('',#5573,#5572,#321,.T.);
#4532=EDGE_CURVE('',#5574,#5573,#611,.T.);
#4533=EDGE_CURVE('',#5516,#5574,#612,.T.);
#4534=EDGE_CURVE('',#5517,#5575,#613,.T.);
#4535=EDGE_CURVE('',#5575,#5574,#322,.T.);
#4536=EDGE_CURVE('',#5481,#5575,#614,.T.);
#4537=EDGE_CURVE('',#5576,#5478,#615,.T.);
#4538=EDGE_CURVE('',#5576,#5518,#616,.T.);
#4539=EDGE_CURVE('',#5524,#5577,#6170,.T.);
#4540=EDGE_CURVE('',#5578,#5523,#6171,.T.);
#4541=EDGE_CURVE('',#5577,#5578,#617,.T.);
#4542=EDGE_CURVE('',#5577,#5579,#6172,.T.);
#4543=EDGE_CURVE('',#5579,#5525,#6173,.T.);
#4544=EDGE_CURVE('',#5580,#5579,#618,.T.);
#4545=EDGE_CURVE('',#5526,#5580,#6174,.T.);
#4546=EDGE_CURVE('',#5581,#5582,#619,.T.);
#4547=EDGE_CURVE('',#5582,#5583,#6175,.T.);
#4548=EDGE_CURVE('',#5583,#5584,#620,.T.);
#4549=EDGE_CURVE('',#5584,#5578,#6176,.T.);
#4550=EDGE_CURVE('',#5522,#5585,#621,.T.);
#4551=EDGE_CURVE('',#5585,#5586,#6177,.T.);
#4552=EDGE_CURVE('',#5586,#5587,#622,.T.);
#4553=EDGE_CURVE('',#5587,#5588,#6178,.T.);
#4554=EDGE_CURVE('',#5588,#5589,#623,.T.);
#4555=EDGE_CURVE('',#5589,#5590,#6179,.T.);
#4556=EDGE_CURVE('',#5590,#5591,#624,.T.);
#4557=EDGE_CURVE('',#5591,#5531,#625,.T.);
#4558=EDGE_CURVE('',#5530,#5592,#6180,.T.);
#4559=EDGE_CURVE('',#5592,#5593,#6181,.T.);
#4560=EDGE_CURVE('',#5593,#5594,#626,.T.);
#4561=EDGE_CURVE('',#5594,#5595,#6182,.T.);
#4562=EDGE_CURVE('',#5595,#5596,#627,.T.);
#4563=EDGE_CURVE('',#5596,#5597,#6183,.T.);
#4564=EDGE_CURVE('',#5597,#5527,#6184,.T.);
#4565=EDGE_CURVE('',#5580,#5581,#6185,.T.);
#4566=EDGE_CURVE('',#5528,#5598,#6186,.T.);
#4567=EDGE_CURVE('',#5598,#5597,#628,.T.);
#4568=EDGE_CURVE('',#5598,#5599,#6187,.T.);
#4569=EDGE_CURVE('',#5599,#5529,#6188,.T.);
#4570=EDGE_CURVE('',#5592,#5599,#629,.T.);
#4571=EDGE_CURVE('',#5341,#5600,#630,.T.);
#4572=EDGE_CURVE('',#5600,#5342,#631,.T.);
#4573=EDGE_CURVE('',#5601,#5342,#632,.T.);
#4574=EDGE_CURVE('',#5602,#5601,#6189,.T.);
#4575=EDGE_CURVE('',#5343,#5602,#633,.T.);
#4576=EDGE_CURVE('',#5343,#5603,#634,.T.);
#4577=EDGE_CURVE('',#5603,#5344,#635,.T.);
#4578=EDGE_CURVE('',#5604,#5344,#636,.T.);
#4579=EDGE_CURVE('',#5605,#5604,#6190,.T.);
#4580=EDGE_CURVE('',#5345,#5605,#637,.T.);
#4581=EDGE_CURVE('',#5606,#5607,#6191,.T.);
#4582=EDGE_CURVE('',#5608,#5606,#638,.T.);
#4583=EDGE_CURVE('',#5609,#5608,#6192,.T.);
#4584=EDGE_CURVE('',#5607,#5609,#639,.T.);
#4585=EDGE_CURVE('',#5345,#5610,#640,.T.);
#4586=EDGE_CURVE('',#5610,#5346,#641,.T.);
#4587=EDGE_CURVE('',#5611,#5346,#642,.T.);
#4588=EDGE_CURVE('',#5612,#5611,#6193,.T.);
#4589=EDGE_CURVE('',#5347,#5612,#643,.T.);
#4590=EDGE_CURVE('',#5347,#5613,#644,.T.);
#4591=EDGE_CURVE('',#5613,#5348,#645,.T.);
#4592=EDGE_CURVE('',#5349,#5614,#646,.T.);
#4593=EDGE_CURVE('',#5614,#5350,#647,.T.);
#4594=EDGE_CURVE('',#5615,#5350,#648,.T.);
#4595=EDGE_CURVE('',#5616,#5615,#6194,.T.);
#4596=EDGE_CURVE('',#5351,#5616,#649,.T.);
#4597=EDGE_CURVE('',#5351,#5617,#650,.T.);
#4598=EDGE_CURVE('',#5617,#5352,#651,.T.);
#4599=EDGE_CURVE('',#5618,#5352,#652,.T.);
#4600=EDGE_CURVE('',#5619,#5618,#6195,.T.);
#4601=EDGE_CURVE('',#5353,#5619,#653,.T.);
#4602=EDGE_CURVE('',#5620,#5621,#6196,.T.);
#4603=EDGE_CURVE('',#5622,#5620,#654,.T.);
#4604=EDGE_CURVE('',#5623,#5622,#6197,.T.);
#4605=EDGE_CURVE('',#5621,#5623,#655,.T.);
#4606=EDGE_CURVE('',#5353,#5624,#656,.T.);
#4607=EDGE_CURVE('',#5624,#5354,#657,.T.);
#4608=EDGE_CURVE('',#5625,#5354,#658,.T.);
#4609=EDGE_CURVE('',#5626,#5625,#6198,.T.);
#4610=EDGE_CURVE('',#5355,#5626,#659,.T.);
#4611=EDGE_CURVE('',#5355,#5627,#660,.T.);
#4612=EDGE_CURVE('',#5627,#5340,#661,.T.);
#4613=EDGE_CURVE('',#5628,#5534,#662,.T.);
#4614=EDGE_CURVE('',#5628,#5409,#663,.T.);
#4615=EDGE_CURVE('',#5410,#5629,#664,.T.);
#4616=EDGE_CURVE('',#5537,#5629,#665,.T.);
#4617=EDGE_CURVE('',#5630,#5557,#666,.T.);
#4618=EDGE_CURVE('',#5539,#5631,#667,.T.);
#4619=EDGE_CURVE('',#5631,#5632,#668,.T.);
#4620=EDGE_CURVE('',#5632,#5630,#669,.T.);
#4621=EDGE_CURVE('',#5633,#5589,#670,.T.);
#4622=EDGE_CURVE('',#5634,#5633,#6199,.T.);
#4623=EDGE_CURVE('',#5634,#5635,#671,.T.);
#4624=EDGE_CURVE('',#5636,#5635,#672,.T.);
#4625=EDGE_CURVE('',#5636,#5637,#673,.T.);
#4626=EDGE_CURVE('',#5631,#5637,#6200,.T.);
#4627=EDGE_CURVE('',#5638,#5538,#674,.T.);
#4628=EDGE_CURVE('',#5639,#5638,#675,.T.);
#4629=EDGE_CURVE('',#5590,#5639,#676,.T.);
#4630=EDGE_CURVE('',#5638,#5540,#677,.T.);
#4631=EDGE_CURVE('',#5492,#5640,#678,.T.);
#4632=EDGE_CURVE('',#5640,#5540,#679,.T.);
#4633=EDGE_CURVE('',#5544,#5641,#680,.T.);
#4634=EDGE_CURVE('',#5641,#5642,#681,.T.);
#4635=EDGE_CURVE('',#5642,#5542,#682,.T.);
#4636=EDGE_CURVE('',#5643,#5644,#6201,.T.);
#4637=EDGE_CURVE('',#5541,#5644,#683,.T.);
#4638=EDGE_CURVE('',#5645,#5642,#6202,.T.);
#4639=EDGE_CURVE('',#5646,#5645,#684,.T.);
#4640=EDGE_CURVE('',#5647,#5646,#685,.T.);
#4641=EDGE_CURVE('',#5647,#5643,#686,.T.);
#4642=EDGE_CURVE('',#5648,#5644,#687,.T.);
#4643=EDGE_CURVE('',#5543,#5648,#688,.T.);
#4644=EDGE_CURVE('',#5641,#5649,#6203,.T.);
#4645=EDGE_CURVE('',#5650,#5648,#6204,.T.);
#4646=EDGE_CURVE('',#5650,#5651,#689,.T.);
#4647=EDGE_CURVE('',#5652,#5651,#690,.T.);
#4648=EDGE_CURVE('',#5649,#5652,#691,.T.);
#4649=EDGE_CURVE('',#5653,#5548,#692,.T.);
#4650=EDGE_CURVE('',#5654,#5653,#693,.T.);
#4651=EDGE_CURVE('',#5546,#5654,#694,.T.);
#4652=EDGE_CURVE('',#5655,#5656,#6205,.T.);
#4653=EDGE_CURVE('',#5545,#5655,#695,.T.);
#4654=EDGE_CURVE('',#5657,#5654,#6206,.T.);
#4655=EDGE_CURVE('',#5657,#5658,#696,.T.);
#4656=EDGE_CURVE('',#5659,#5658,#697,.T.);
#4657=EDGE_CURVE('',#5656,#5659,#698,.T.);
#4658=EDGE_CURVE('',#5655,#5660,#699,.T.);
#4659=EDGE_CURVE('',#5660,#5547,#700,.T.);
#4660=EDGE_CURVE('',#5653,#5661,#6207,.T.);
#4661=EDGE_CURVE('',#5662,#5660,#6208,.T.);
#4662=EDGE_CURVE('',#5663,#5662,#701,.T.);
#4663=EDGE_CURVE('',#5664,#5663,#702,.T.);
#4664=EDGE_CURVE('',#5664,#5661,#703,.T.);
#4665=EDGE_CURVE('',#5552,#5665,#704,.T.);
#4666=EDGE_CURVE('',#5665,#5666,#705,.T.);
#4667=EDGE_CURVE('',#5666,#5550,#706,.T.);
#4668=EDGE_CURVE('',#5667,#5668,#6209,.T.);
#4669=EDGE_CURVE('',#5549,#5668,#707,.T.);
#4670=EDGE_CURVE('',#5669,#5666,#6210,.T.);
#4671=EDGE_CURVE('',#5670,#5669,#708,.T.);
#4672=EDGE_CURVE('',#5671,#5670,#709,.T.);
#4673=EDGE_CURVE('',#5671,#5667,#710,.T.);
#4674=EDGE_CURVE('',#5672,#5668,#711,.T.);
#4675=EDGE_CURVE('',#5551,#5672,#712,.T.);
#4676=EDGE_CURVE('',#5665,#5673,#6211,.T.);
#4677=EDGE_CURVE('',#5674,#5672,#6212,.T.);
#4678=EDGE_CURVE('',#5674,#5675,#713,.T.);
#4679=EDGE_CURVE('',#5676,#5675,#714,.T.);
#4680=EDGE_CURVE('',#5673,#5676,#715,.T.);
#4681=EDGE_CURVE('',#5483,#5677,#716,.T.);
#4682=EDGE_CURVE('',#5678,#5484,#717,.T.);
#4683=EDGE_CURVE('',#5679,#5678,#718,.T.);
#4684=EDGE_CURVE('',#5677,#5679,#719,.T.);
#4685=EDGE_CURVE('',#5680,#5681,#720,.T.);
#4686=EDGE_CURVE('',#5677,#5680,#721,.T.);
#4687=EDGE_CURVE('',#5682,#5679,#6213,.T.);
#4688=EDGE_CURVE('',#5682,#5683,#722,.T.);
#4689=EDGE_CURVE('',#5683,#5681,#723,.T.);
#4690=EDGE_CURVE('',#5684,#5681,#724,.T.);
#4691=EDGE_CURVE('',#5555,#5684,#725,.T.);
#4692=EDGE_CURVE('',#5685,#5553,#726,.T.);
#4693=EDGE_CURVE('',#5680,#5685,#727,.T.);
#4694=EDGE_CURVE('',#5684,#5686,#728,.T.);
#4695=EDGE_CURVE('',#5686,#5556,#729,.T.);
#4696=EDGE_CURVE('',#5682,#5559,#730,.T.);
#4697=EDGE_CURVE('',#5686,#5683,#731,.T.);
#4698=EDGE_CURVE('',#5687,#5558,#732,.T.);
#4699=EDGE_CURVE('',#5630,#5687,#733,.T.);
#4700=EDGE_CURVE('',#5688,#5687,#734,.T.);
#4701=EDGE_CURVE('',#5689,#5688,#735,.T.);
#4702=EDGE_CURVE('',#5690,#5689,#736,.T.);
#4703=EDGE_CURVE('',#5690,#5554,#737,.T.);
#4704=EDGE_CURVE('',#5688,#5632,#738,.T.);
#4705=EDGE_CURVE('',#5631,#5691,#6214,.T.);
#4706=EDGE_CURVE('',#5691,#5692,#739,.T.);
#4707=EDGE_CURVE('',#5689,#5692,#740,.T.);
#4708=EDGE_CURVE('',#5693,#5691,#741,.T.);
#4709=EDGE_CURVE('',#5486,#5693,#742,.T.);
#4710=EDGE_CURVE('',#5485,#5692,#743,.T.);
#4711=EDGE_CURVE('',#5694,#5695,#744,.T.);
#4712=EDGE_CURVE('',#5695,#5696,#6215,.T.);
#4713=EDGE_CURVE('',#5696,#5697,#745,.T.);
#4714=EDGE_CURVE('',#5697,#5698,#746,.T.);
#4715=EDGE_CURVE('',#5698,#5699,#747,.T.);
#4716=EDGE_CURVE('',#5699,#5700,#6216,.T.);
#4717=EDGE_CURVE('',#5700,#5701,#748,.T.);
#4718=EDGE_CURVE('',#5701,#5702,#749,.T.);
#4719=EDGE_CURVE('',#5702,#5703,#750,.T.);
#4720=EDGE_CURVE('',#5703,#5704,#6217,.T.);
#4721=EDGE_CURVE('',#5704,#5705,#751,.T.);
#4722=EDGE_CURVE('',#5705,#5706,#752,.T.);
#4723=EDGE_CURVE('',#5706,#5413,#753,.T.);
#4724=EDGE_CURVE('',#5414,#5707,#754,.T.);
#4725=EDGE_CURVE('',#5707,#5708,#755,.T.);
#4726=EDGE_CURVE('',#5708,#5709,#756,.T.);
#4727=EDGE_CURVE('',#5709,#5678,#6218,.T.);
#4728=EDGE_CURVE('',#5693,#5710,#6219,.T.);
#4729=EDGE_CURVE('',#5710,#5711,#757,.T.);
#4730=EDGE_CURVE('',#5711,#5694,#758,.T.);
#4731=EDGE_CURVE('',#5712,#5499,#759,.T.);
#4732=EDGE_CURVE('',#5561,#5712,#760,.T.);
#4733=EDGE_CURVE('',#5713,#5561,#761,.T.);
#4734=EDGE_CURVE('',#5713,#5560,#762,.T.);
#4735=EDGE_CURVE('',#5714,#5407,#763,.T.);
#4736=EDGE_CURVE('',#5713,#5714,#764,.T.);
#4737=EDGE_CURVE('',#5715,#5682,#6220,.T.);
#4738=EDGE_CURVE('',#5715,#5716,#765,.T.);
#4739=EDGE_CURVE('',#5717,#5716,#766,.T.);
#4740=EDGE_CURVE('',#5717,#5419,#767,.T.);
#4741=EDGE_CURVE('',#5418,#5408,#768,.T.);
#4742=EDGE_CURVE('',#5563,#5718,#769,.T.);
#4743=EDGE_CURVE('',#5718,#5719,#770,.T.);
#4744=EDGE_CURVE('',#5719,#5720,#6221,.T.);
#4745=EDGE_CURVE('',#5720,#5721,#771,.T.);
#4746=EDGE_CURVE('',#5721,#5566,#772,.T.);
#4747=EDGE_CURVE('',#5722,#5402,#773,.T.);
#4748=EDGE_CURVE('',#5723,#5722,#6222,.T.);
#4749=EDGE_CURVE('',#5399,#5723,#774,.T.);
#4750=EDGE_CURVE('',#5724,#5393,#775,.T.);
#4751=EDGE_CURVE('',#5725,#5724,#776,.T.);
#4752=EDGE_CURVE('',#5394,#5725,#777,.T.);
#4753=EDGE_CURVE('',#5726,#5724,#6223,.T.);
#4754=EDGE_CURVE('',#5392,#5726,#778,.T.);
#4755=EDGE_CURVE('',#5727,#5391,#779,.T.);
#4756=EDGE_CURVE('',#5726,#5727,#780,.T.);
#4757=EDGE_CURVE('',#5728,#5729,#781,.T.);
#4758=EDGE_CURVE('',#5729,#5510,#782,.T.);
#4759=EDGE_CURVE('',#5387,#5728,#783,.T.);
#4760=EDGE_CURVE('',#5415,#5730,#784,.T.);
#4761=EDGE_CURVE('',#5731,#5730,#785,.T.);
#4762=EDGE_CURVE('',#5731,#5732,#786,.T.);
#4763=EDGE_CURVE('',#5728,#5732,#6224,.T.);
#4764=EDGE_CURVE('',#5416,#5386,#787,.T.);
#4765=EDGE_CURVE('',#5733,#5734,#788,.T.);
#4766=EDGE_CURVE('',#5416,#5733,#789,.T.);
#4767=EDGE_CURVE('',#5735,#5385,#790,.T.);
#4768=EDGE_CURVE('',#5734,#5735,#791,.T.);
#4769=EDGE_CURVE('',#5735,#5422,#792,.T.);
#4770=EDGE_CURVE('',#5736,#5384,#793,.T.);
#4771=EDGE_CURVE('',#5423,#5736,#794,.T.);
#4772=EDGE_CURVE('',#5725,#5727,#6225,.T.);
#4773=EDGE_CURVE('',#5571,#5737,#795,.T.);
#4774=EDGE_CURVE('',#5737,#5472,#796,.T.);
#4775=EDGE_CURVE('',#5738,#5576,#797,.T.);
#4776=EDGE_CURVE('',#5477,#5738,#798,.T.);
#4777=EDGE_CURVE('',#5739,#5581,#799,.T.);
#4778=EDGE_CURVE('',#5584,#5740,#800,.T.);
#4779=EDGE_CURVE('',#5740,#5739,#6226,.T.);
#4780=EDGE_CURVE('',#5741,#5742,#6227,.T.);
#4781=EDGE_CURVE('',#5742,#5583,#801,.T.);
#4782=EDGE_CURVE('',#5582,#5741,#802,.T.);
#4783=EDGE_CURVE('',#5741,#5739,#803,.T.);
#4784=EDGE_CURVE('',#5743,#5595,#804,.T.);
#4785=EDGE_CURVE('',#5744,#5743,#805,.T.);
#4786=EDGE_CURVE('',#5596,#5744,#806,.T.);
#4787=EDGE_CURVE('',#5745,#5743,#6228,.T.);
#4788=EDGE_CURVE('',#5594,#5745,#807,.T.);
#4789=EDGE_CURVE('',#5746,#5593,#808,.T.);
#4790=EDGE_CURVE('',#5745,#5746,#809,.T.);
#4791=EDGE_CURVE('',#5747,#5532,#810,.T.);
#4792=EDGE_CURVE('',#5591,#5747,#811,.T.);
#4793=EDGE_CURVE('',#5591,#5639,#812,.T.);
#4794=EDGE_CURVE('',#5588,#5748,#813,.T.);
#4795=EDGE_CURVE('',#5748,#5749,#814,.T.);
#4796=EDGE_CURVE('',#5749,#5750,#815,.T.);
#4797=EDGE_CURVE('',#5633,#5750,#816,.T.);
#4798=EDGE_CURVE('',#5751,#5752,#6229,.T.);
#4799=EDGE_CURVE('',#5748,#5751,#817,.T.);
#4800=EDGE_CURVE('',#5753,#5587,#818,.T.);
#4801=EDGE_CURVE('',#5752,#5753,#819,.T.);
#4802=EDGE_CURVE('',#5586,#5754,#820,.T.);
#4803=EDGE_CURVE('',#5755,#5754,#821,.T.);
#4804=EDGE_CURVE('',#5755,#5756,#822,.T.);
#4805=EDGE_CURVE('',#5756,#5753,#823,.T.);
#4806=EDGE_CURVE('',#5757,#5585,#824,.T.);
#4807=EDGE_CURVE('',#5758,#5757,#6230,.T.);
#4808=EDGE_CURVE('',#5758,#5759,#825,.T.);
#4809=EDGE_CURVE('',#5760,#5759,#826,.T.);
#4810=EDGE_CURVE('',#5760,#5761,#827,.T.);
#4811=EDGE_CURVE('',#5754,#5761,#6231,.T.);
#4812=EDGE_CURVE('',#5521,#5762,#828,.T.);
#4813=EDGE_CURVE('',#5762,#5757,#829,.T.);
#4814=EDGE_CURVE('',#5740,#5742,#830,.T.);
#4815=EDGE_CURVE('',#5746,#5744,#6232,.T.);
#4816=EDGE_CURVE('',#5763,#5600,#831,.T.);
#4817=EDGE_CURVE('',#5764,#5763,#832,.T.);
#4818=EDGE_CURVE('',#5765,#5764,#833,.T.);
#4819=EDGE_CURVE('',#5766,#5765,#834,.T.);
#4820=EDGE_CURVE('',#5766,#5767,#835,.T.);
#4821=EDGE_CURVE('',#5601,#5767,#836,.T.);
#4822=EDGE_CURVE('',#5768,#5767,#837,.T.);
#4823=EDGE_CURVE('',#5602,#5768,#838,.T.);
#4824=EDGE_CURVE('',#5769,#5768,#839,.T.);
#4825=EDGE_CURVE('',#5770,#5769,#840,.T.);
#4826=EDGE_CURVE('',#5771,#5770,#841,.T.);
#4827=EDGE_CURVE('',#5772,#5771,#842,.T.);
#4828=EDGE_CURVE('',#5603,#5772,#843,.T.);
#4829=EDGE_CURVE('',#5604,#5772,#844,.T.);
#4830=EDGE_CURVE('',#5618,#5773,#845,.T.);
#4831=EDGE_CURVE('',#5773,#5774,#846,.T.);
#4832=EDGE_CURVE('',#5774,#5775,#6233,.T.);
#4833=EDGE_CURVE('',#5775,#5776,#847,.T.);
#4834=EDGE_CURVE('',#5776,#5777,#848,.T.);
#4835=EDGE_CURVE('',#5777,#5778,#6234,.T.);
#4836=EDGE_CURVE('',#5778,#5779,#849,.T.);
#4837=EDGE_CURVE('',#5779,#5780,#850,.T.);
#4838=EDGE_CURVE('',#5780,#5781,#6235,.T.);
#4839=EDGE_CURVE('',#5781,#5782,#851,.T.);
#4840=EDGE_CURVE('',#5782,#5605,#852,.T.);
#4841=EDGE_CURVE('',#5771,#5764,#6236,.T.);
#4842=EDGE_CURVE('',#5763,#5427,#853,.T.);
#4843=EDGE_CURVE('',#5428,#5783,#854,.T.);
#4844=EDGE_CURVE('',#5783,#5784,#855,.T.);
#4845=EDGE_CURVE('',#5784,#5785,#6237,.T.);
#4846=EDGE_CURVE('',#5785,#5786,#856,.T.);
#4847=EDGE_CURVE('',#5786,#5619,#857,.T.);
#4848=EDGE_CURVE('',#5610,#5782,#858,.T.);
#4849=EDGE_CURVE('',#5609,#5787,#859,.T.);
#4850=EDGE_CURVE('',#5787,#5788,#860,.T.);
#4851=EDGE_CURVE('',#5788,#5607,#861,.T.);
#4852=EDGE_CURVE('',#5788,#5789,#862,.T.);
#4853=EDGE_CURVE('',#5789,#5606,#863,.T.);
#4854=EDGE_CURVE('',#5789,#5790,#864,.T.);
#4855=EDGE_CURVE('',#5790,#5608,#865,.T.);
#4856=EDGE_CURVE('',#5787,#5790,#866,.T.);
#4857=EDGE_CURVE('',#5791,#5781,#867,.T.);
#4858=EDGE_CURVE('',#5792,#5791,#868,.T.);
#4859=EDGE_CURVE('',#5792,#5793,#869,.T.);
#4860=EDGE_CURVE('',#5611,#5793,#870,.T.);
#4861=EDGE_CURVE('',#5612,#5794,#871,.T.);
#4862=EDGE_CURVE('',#5794,#5793,#872,.T.);
#4863=EDGE_CURVE('',#5795,#5794,#873,.T.);
#4864=EDGE_CURVE('',#5796,#5795,#874,.T.);
#4865=EDGE_CURVE('',#5780,#5796,#875,.T.);
#4866=EDGE_CURVE('',#5613,#5779,#876,.T.);
#4867=EDGE_CURVE('',#5776,#5614,#877,.T.);
#4868=EDGE_CURVE('',#5797,#5775,#878,.T.);
#4869=EDGE_CURVE('',#5798,#5797,#879,.T.);
#4870=EDGE_CURVE('',#5798,#5799,#880,.T.);
#4871=EDGE_CURVE('',#5615,#5799,#881,.T.);
#4872=EDGE_CURVE('',#5800,#5799,#882,.T.);
#4873=EDGE_CURVE('',#5616,#5800,#883,.T.);
#4874=EDGE_CURVE('',#5801,#5800,#884,.T.);
#4875=EDGE_CURVE('',#5802,#5801,#885,.T.);
#4876=EDGE_CURVE('',#5774,#5802,#886,.T.);
#4877=EDGE_CURVE('',#5617,#5773,#887,.T.);
#4878=EDGE_CURVE('',#5624,#5786,#888,.T.);
#4879=EDGE_CURVE('',#5623,#5803,#889,.T.);
#4880=EDGE_CURVE('',#5803,#5804,#890,.T.);
#4881=EDGE_CURVE('',#5804,#5621,#891,.T.);
#4882=EDGE_CURVE('',#5804,#5805,#892,.T.);
#4883=EDGE_CURVE('',#5805,#5620,#893,.T.);
#4884=EDGE_CURVE('',#5805,#5806,#894,.T.);
#4885=EDGE_CURVE('',#5806,#5622,#895,.T.);
#4886=EDGE_CURVE('',#5803,#5806,#896,.T.);
#4887=EDGE_CURVE('',#5807,#5785,#897,.T.);
#4888=EDGE_CURVE('',#5808,#5807,#898,.T.);
#4889=EDGE_CURVE('',#5808,#5809,#899,.T.);
#4890=EDGE_CURVE('',#5625,#5809,#900,.T.);
#4891=EDGE_CURVE('',#5810,#5809,#901,.T.);
#4892=EDGE_CURVE('',#5626,#5810,#902,.T.);
#4893=EDGE_CURVE('',#5811,#5810,#903,.T.);
#4894=EDGE_CURVE('',#5812,#5811,#904,.T.);
#4895=EDGE_CURVE('',#5784,#5812,#905,.T.);
#4896=EDGE_CURVE('',#5627,#5783,#906,.T.);
#4897=EDGE_CURVE('',#5813,#5412,#907,.T.);
#4898=EDGE_CURVE('',#5814,#5813,#6238,.T.);
#4899=EDGE_CURVE('',#5815,#5814,#908,.T.);
#4900=EDGE_CURVE('',#5815,#5816,#6239,.T.);
#4901=EDGE_CURVE('',#5629,#5816,#909,.T.);
#4902=EDGE_CURVE('',#5817,#5818,#6240,.T.);
#4903=EDGE_CURVE('',#5819,#5818,#910,.T.);
#4904=EDGE_CURVE('',#5820,#5819,#6241,.T.);
#4905=EDGE_CURVE('',#5411,#5820,#911,.T.);
#4906=EDGE_CURVE('',#5817,#5628,#912,.T.);
#4907=EDGE_CURVE('',#5633,#5754,#6242,.T.);
#4908=EDGE_CURVE('',#5761,#5696,#913,.T.);
#4909=EDGE_CURVE('',#5695,#5634,#914,.T.);
#4910=EDGE_CURVE('',#5635,#5821,#6243,.T.);
#4911=EDGE_CURVE('',#5822,#5821,#915,.T.);
#4912=EDGE_CURVE('',#5822,#5636,#6244,.T.);
#4913=EDGE_CURVE('',#5637,#5710,#916,.T.);
#4914=EDGE_CURVE('',#5747,#5640,#917,.T.);
#4915=EDGE_CURVE('',#5816,#5817,#918,.T.);
#4916=EDGE_CURVE('',#5649,#5645,#919,.T.);
#4917=EDGE_CURVE('',#5823,#5824,#920,.T.);
#4918=EDGE_CURVE('',#5824,#5647,#921,.T.);
#4919=EDGE_CURVE('',#5823,#5646,#922,.T.);
#4920=EDGE_CURVE('',#5650,#5643,#923,.T.);
#4921=EDGE_CURVE('',#5825,#5651,#924,.T.);
#4922=EDGE_CURVE('',#5825,#5826,#925,.T.);
#4923=EDGE_CURVE('',#5652,#5826,#926,.T.);
#4924=EDGE_CURVE('',#5657,#5661,#927,.T.);
#4925=EDGE_CURVE('',#5827,#5658,#928,.T.);
#4926=EDGE_CURVE('',#5827,#5828,#929,.T.);
#4927=EDGE_CURVE('',#5659,#5828,#930,.T.);
#4928=EDGE_CURVE('',#5656,#5662,#931,.T.);
#4929=EDGE_CURVE('',#5829,#5830,#932,.T.);
#4930=EDGE_CURVE('',#5664,#5830,#933,.T.);
#4931=EDGE_CURVE('',#5829,#5663,#934,.T.);
#4932=EDGE_CURVE('',#5673,#5669,#935,.T.);
#4933=EDGE_CURVE('',#5831,#5832,#936,.T.);
#4934=EDGE_CURVE('',#5832,#5671,#937,.T.);
#4935=EDGE_CURVE('',#5831,#5670,#938,.T.);
#4936=EDGE_CURVE('',#5674,#5667,#939,.T.);
#4937=EDGE_CURVE('',#5833,#5675,#940,.T.);
#4938=EDGE_CURVE('',#5833,#5834,#941,.T.);
#4939=EDGE_CURVE('',#5676,#5834,#942,.T.);
#4940=EDGE_CURVE('',#5835,#5694,#6245,.T.);
#4941=EDGE_CURVE('',#5711,#5836,#6246,.T.);
#4942=EDGE_CURVE('',#5836,#5835,#943,.T.);
#4943=EDGE_CURVE('',#5709,#5715,#944,.T.);
#4944=EDGE_CURVE('',#5837,#5708,#6247,.T.);
#4945=EDGE_CURVE('',#5707,#5838,#6248,.T.);
#4946=EDGE_CURVE('',#5838,#5837,#945,.T.);
#4947=EDGE_CURVE('',#5839,#5840,#946,.T.);
#4948=EDGE_CURVE('',#5840,#5706,#6249,.T.);
#4949=EDGE_CURVE('',#5705,#5839,#6250,.T.);
#4950=EDGE_CURVE('',#5732,#5704,#947,.T.);
#4951=EDGE_CURVE('',#5703,#5841,#948,.T.);
#4952=EDGE_CURVE('',#5841,#5842,#6251,.T.);
#4953=EDGE_CURVE('',#5842,#5728,#6252,.T.);
#4954=EDGE_CURVE('',#5843,#5844,#949,.T.);
#4955=EDGE_CURVE('',#5844,#5702,#6253,.T.);
#4956=EDGE_CURVE('',#5701,#5843,#6254,.T.);
#4957=EDGE_CURVE('',#5757,#5845,#6255,.T.);
#4958=EDGE_CURVE('',#5845,#5846,#6256,.T.);
#4959=EDGE_CURVE('',#5846,#5700,#950,.T.);
#4960=EDGE_CURVE('',#5699,#5758,#951,.T.);
#4961=EDGE_CURVE('',#5847,#5848,#952,.T.);
#4962=EDGE_CURVE('',#5848,#5698,#6257,.T.);
#4963=EDGE_CURVE('',#5697,#5847,#6258,.T.);
#4964=EDGE_CURVE('',#5721,#5849,#953,.T.);
#4965=EDGE_CURVE('',#5849,#5850,#954,.T.);
#4966=EDGE_CURVE('',#5850,#5718,#955,.T.);
#4967=EDGE_CURVE('',#5712,#5851,#956,.T.);
#4968=EDGE_CURVE('',#5851,#5505,#957,.T.);
#4969=EDGE_CURVE('',#5714,#5406,#958,.T.);
#4970=EDGE_CURVE('',#5851,#5406,#959,.T.);
#4971=EDGE_CURVE('',#5716,#5852,#6259,.T.);
#4972=EDGE_CURVE('',#5853,#5852,#960,.T.);
#4973=EDGE_CURVE('',#5853,#5717,#6260,.T.);
#4974=EDGE_CURVE('',#5854,#5720,#961,.T.);
#4975=EDGE_CURVE('',#5855,#5854,#962,.T.);
#4976=EDGE_CURVE('',#5856,#5855,#6261,.T.);
#4977=EDGE_CURVE('',#5857,#5856,#963,.T.);
#4978=EDGE_CURVE('',#5849,#5857,#6262,.T.);
#4979=EDGE_CURVE('',#5719,#5858,#964,.T.);
#4980=EDGE_CURVE('',#5858,#5854,#6263,.T.);
#4981=EDGE_CURVE('',#5859,#5850,#6264,.T.);
#4982=EDGE_CURVE('',#5860,#5859,#965,.T.);
#4983=EDGE_CURVE('',#5861,#5860,#6265,.T.);
#4984=EDGE_CURVE('',#5858,#5861,#966,.T.);
#4985=EDGE_CURVE('',#5862,#5401,#967,.T.);
#4986=EDGE_CURVE('',#5722,#5862,#968,.T.);
#4987=EDGE_CURVE('',#5862,#5863,#6266,.T.);
#4988=EDGE_CURVE('',#5863,#5723,#969,.T.);
#4989=EDGE_CURVE('',#5400,#5863,#970,.T.);
#4990=EDGE_CURVE('',#5729,#5864,#971,.T.);
#4991=EDGE_CURVE('',#5864,#5511,#972,.T.);
#4992=EDGE_CURVE('',#5842,#5864,#973,.T.);
#4993=EDGE_CURVE('',#5730,#5865,#6267,.T.);
#4994=EDGE_CURVE('',#5866,#5865,#974,.T.);
#4995=EDGE_CURVE('',#5866,#5731,#6268,.T.);
#4996=EDGE_CURVE('',#5734,#5426,#975,.T.);
#4997=EDGE_CURVE('',#5417,#5733,#976,.T.);
#4998=EDGE_CURVE('',#5424,#5867,#977,.T.);
#4999=EDGE_CURVE('',#5867,#5868,#978,.T.);
#5000=EDGE_CURVE('',#5868,#5417,#979,.T.);
#5001=EDGE_CURVE('',#5868,#5418,#980,.T.);
#5002=EDGE_CURVE('',#5736,#5867,#981,.T.);
#5003=EDGE_CURVE('',#5750,#5869,#982,.T.);
#5004=EDGE_CURVE('',#5870,#5749,#983,.T.);
#5005=EDGE_CURVE('',#5869,#5870,#323,.T.);
#5006=EDGE_CURVE('',#5751,#5870,#984,.T.);
#5007=EDGE_CURVE('',#5756,#5871,#985,.T.);
#5008=EDGE_CURVE('',#5871,#5752,#986,.T.);
#5009=EDGE_CURVE('',#5872,#5871,#324,.T.);
#5010=EDGE_CURVE('',#5869,#5872,#6269,.T.);
#5011=EDGE_CURVE('',#5872,#5755,#987,.T.);
#5012=EDGE_CURVE('',#5759,#5873,#6270,.T.);
#5013=EDGE_CURVE('',#5874,#5873,#988,.T.);
#5014=EDGE_CURVE('',#5874,#5760,#6271,.T.);
#5015=EDGE_CURVE('',#5762,#5875,#989,.T.);
#5016=EDGE_CURVE('',#5875,#5845,#990,.T.);
#5017=EDGE_CURVE('',#5520,#5875,#991,.T.);
#5018=EDGE_CURVE('',#5765,#5770,#6272,.T.);
#5019=EDGE_CURVE('',#5769,#5766,#992,.T.);
#5020=EDGE_CURVE('',#5807,#5812,#6273,.T.);
#5021=EDGE_CURVE('',#5791,#5796,#6274,.T.);
#5022=EDGE_CURVE('',#5778,#5348,#993,.T.);
#5023=EDGE_CURVE('',#5349,#5777,#994,.T.);
#5024=EDGE_CURVE('',#5797,#5802,#6275,.T.);
#5025=EDGE_CURVE('',#5795,#5792,#995,.T.);
#5026=EDGE_CURVE('',#5801,#5798,#996,.T.);
#5027=EDGE_CURVE('',#5811,#5808,#997,.T.);
#5028=EDGE_CURVE('',#5820,#5813,#998,.T.);
#5029=EDGE_CURVE('',#5876,#5814,#1972,.T.);
#5030=EDGE_CURVE('',#5877,#5876,#999,.T.);
#5031=EDGE_CURVE('',#5815,#5877,#1973,.T.);
#5032=EDGE_CURVE('',#5878,#5818,#1974,.T.);
#5033=EDGE_CURVE('',#5879,#5878,#1000,.T.);
#5034=EDGE_CURVE('',#5819,#5879,#1975,.T.);
#5035=EDGE_CURVE('',#5877,#5878,#1001,.T.);
#5036=EDGE_CURVE('',#5880,#5877,#6276,.T.);
#5037=EDGE_CURVE('',#5822,#5880,#1002,.T.);
#5038=EDGE_CURVE('',#5881,#5821,#1003,.T.);
#5039=EDGE_CURVE('',#5878,#5881,#6277,.T.);
#5040=EDGE_CURVE('',#5826,#5882,#1004,.T.);
#5041=EDGE_CURVE('',#5882,#5883,#1005,.T.);
#5042=EDGE_CURVE('',#5883,#5884,#1006,.T.);
#5043=EDGE_CURVE('',#5884,#5885,#1007,.T.);
#5044=EDGE_CURVE('',#5885,#5823,#1008,.T.);
#5045=EDGE_CURVE('',#5886,#5887,#1009,.T.);
#5046=EDGE_CURVE('',#5888,#5886,#1010,.T.);
#5047=EDGE_CURVE('',#5825,#5888,#1011,.T.);
#5048=EDGE_CURVE('',#5889,#5824,#1012,.T.);
#5049=EDGE_CURVE('',#5887,#5889,#1013,.T.);
#5050=EDGE_CURVE('',#5890,#5891,#1014,.T.);
#5051=EDGE_CURVE('',#5892,#5890,#1015,.T.);
#5052=EDGE_CURVE('',#5827,#5892,#1016,.T.);
#5053=EDGE_CURVE('',#5893,#5830,#1017,.T.);
#5054=EDGE_CURVE('',#5891,#5893,#1018,.T.);
#5055=EDGE_CURVE('',#5828,#5894,#1019,.T.);
#5056=EDGE_CURVE('',#5894,#5895,#1020,.T.);
#5057=EDGE_CURVE('',#5895,#5896,#1021,.T.);
#5058=EDGE_CURVE('',#5896,#5897,#1022,.T.);
#5059=EDGE_CURVE('',#5897,#5829,#1023,.T.);
#5060=EDGE_CURVE('',#5834,#5898,#1024,.T.);
#5061=EDGE_CURVE('',#5898,#5899,#1025,.T.);
#5062=EDGE_CURVE('',#5899,#5900,#1026,.T.);
#5063=EDGE_CURVE('',#5900,#5901,#1027,.T.);
#5064=EDGE_CURVE('',#5901,#5831,#1028,.T.);
#5065=EDGE_CURVE('',#5902,#5903,#1029,.T.);
#5066=EDGE_CURVE('',#5904,#5902,#1030,.T.);
#5067=EDGE_CURVE('',#5833,#5904,#1031,.T.);
#5068=EDGE_CURVE('',#5905,#5832,#1032,.T.);
#5069=EDGE_CURVE('',#5903,#5905,#1033,.T.);
#5070=EDGE_CURVE('',#5836,#5906,#1034,.T.);
#5071=EDGE_CURVE('',#5906,#5876,#6278,.T.);
#5072=EDGE_CURVE('',#5876,#5879,#1035,.T.);
#5073=EDGE_CURVE('',#5879,#5907,#6279,.T.);
#5074=EDGE_CURVE('',#5907,#5835,#1036,.T.);
#5075=EDGE_CURVE('',#5838,#5908,#1037,.T.);
#5076=EDGE_CURVE('',#5908,#5909,#6280,.T.);
#5077=EDGE_CURVE('',#5909,#5910,#1038,.T.);
#5078=EDGE_CURVE('',#5910,#5911,#6281,.T.);
#5079=EDGE_CURVE('',#5911,#5837,#1039,.T.);
#5080=EDGE_CURVE('',#5839,#5912,#1040,.T.);
#5081=EDGE_CURVE('',#5912,#5913,#1041,.T.);
#5082=EDGE_CURVE('',#5913,#5914,#1042,.T.);
#5083=EDGE_CURVE('',#5914,#5915,#6282,.T.);
#5084=EDGE_CURVE('',#5915,#5916,#1043,.T.);
#5085=EDGE_CURVE('',#5916,#5917,#1044,.T.);
#5086=EDGE_CURVE('',#5917,#5840,#1045,.T.);
#5087=EDGE_CURVE('',#5843,#5918,#1046,.T.);
#5088=EDGE_CURVE('',#5918,#5919,#6283,.T.);
#5089=EDGE_CURVE('',#5919,#5920,#1047,.T.);
#5090=EDGE_CURVE('',#5920,#5921,#6284,.T.);
#5091=EDGE_CURVE('',#5921,#5844,#1048,.T.);
#5092=EDGE_CURVE('',#5847,#5922,#1049,.T.);
#5093=EDGE_CURVE('',#5922,#5923,#1050,.T.);
#5094=EDGE_CURVE('',#5923,#5924,#1051,.T.);
#5095=EDGE_CURVE('',#5924,#5925,#6285,.T.);
#5096=EDGE_CURVE('',#5925,#5926,#1052,.T.);
#5097=EDGE_CURVE('',#5926,#5927,#1053,.T.);
#5098=EDGE_CURVE('',#5927,#5848,#1054,.T.);
#5099=EDGE_CURVE('',#5928,#5929,#1055,.T.);
#5100=EDGE_CURVE('',#5929,#5457,#1056,.T.);
#5101=EDGE_CURVE('',#5456,#5930,#1057,.T.);
#5102=EDGE_CURVE('',#5930,#5931,#1058,.T.);
#5103=EDGE_CURVE('',#5931,#5453,#1059,.T.);
#5104=EDGE_CURVE('',#5452,#5928,#1060,.T.);
#5105=EDGE_CURVE('',#5932,#5857,#1976,.F.);
#5106=EDGE_CURVE('',#5933,#5932,#1061,.T.);
#5107=EDGE_CURVE('',#5859,#5933,#1977,.F.);
#5108=EDGE_CURVE('',#5934,#5932,#6286,.T.);
#5109=EDGE_CURVE('',#5853,#5934,#1062,.T.);
#5110=EDGE_CURVE('',#5935,#5852,#1063,.T.);
#5111=EDGE_CURVE('',#5933,#5935,#6287,.T.);
#5112=EDGE_CURVE('',#5861,#5855,#1064,.T.);
#5113=EDGE_CURVE('',#5909,#5856,#1978,.T.);
#5114=EDGE_CURVE('',#5932,#5909,#1065,.T.);
#5115=EDGE_CURVE('',#5860,#5910,#1979,.T.);
#5116=EDGE_CURVE('',#5910,#5933,#1066,.T.);
#5117=EDGE_CURVE('',#5842,#5936,#1067,.T.);
#5118=EDGE_CURVE('',#5937,#5936,#1068,.T.);
#5119=EDGE_CURVE('',#5512,#5937,#1069,.T.);
#5120=EDGE_CURVE('',#5938,#5939,#6288,.T.);
#5121=EDGE_CURVE('',#5940,#5938,#1070,.T.);
#5122=EDGE_CURVE('',#5941,#5940,#1071,.T.);
#5123=EDGE_CURVE('',#5866,#5941,#1072,.T.);
#5124=EDGE_CURVE('',#5942,#5865,#1073,.T.);
#5125=EDGE_CURVE('',#5943,#5942,#1074,.T.);
#5126=EDGE_CURVE('',#5939,#5943,#1075,.T.);
#5127=EDGE_CURVE('',#5944,#5945,#6289,.T.);
#5128=EDGE_CURVE('',#5946,#5944,#1076,.T.);
#5129=EDGE_CURVE('',#5947,#5946,#1077,.T.);
#5130=EDGE_CURVE('',#5874,#5947,#1078,.T.);
#5131=EDGE_CURVE('',#5948,#5873,#1079,.T.);
#5132=EDGE_CURVE('',#5949,#5948,#1080,.T.);
#5133=EDGE_CURVE('',#5945,#5949,#1081,.T.);
#5134=EDGE_CURVE('',#5950,#5519,#1082,.T.);
#5135=EDGE_CURVE('',#5951,#5950,#1083,.T.);
#5136=EDGE_CURVE('',#5951,#5845,#1084,.T.);
#5137=EDGE_CURVE('',#5880,#5906,#1085,.T.);
#5138=EDGE_CURVE('',#5907,#5881,#1086,.T.);
#5139=EDGE_CURVE('',#5888,#5882,#1087,.T.);
#5140=EDGE_CURVE('',#5883,#5886,#1088,.T.);
#5141=EDGE_CURVE('',#5889,#5885,#1089,.T.);
#5142=EDGE_CURVE('',#5887,#5884,#1090,.T.);
#5143=EDGE_CURVE('',#5897,#5893,#1091,.T.);
#5144=EDGE_CURVE('',#5891,#5896,#1092,.T.);
#5145=EDGE_CURVE('',#5895,#5890,#1093,.T.);
#5146=EDGE_CURVE('',#5892,#5894,#1094,.T.);
#5147=EDGE_CURVE('',#5904,#5898,#1095,.T.);
#5148=EDGE_CURVE('',#5899,#5902,#1096,.T.);
#5149=EDGE_CURVE('',#5905,#5901,#1097,.T.);
#5150=EDGE_CURVE('',#5903,#5900,#1098,.T.);
#5151=EDGE_CURVE('',#5908,#5934,#1099,.T.);
#5152=EDGE_CURVE('',#5935,#5911,#1100,.T.);
#5153=EDGE_CURVE('',#5913,#5940,#1101,.T.);
#5154=EDGE_CURVE('',#5941,#5912,#1102,.T.);
#5155=EDGE_CURVE('',#5942,#5917,#1103,.T.);
#5156=EDGE_CURVE('',#5943,#5916,#1104,.T.);
#5157=EDGE_CURVE('',#5939,#5915,#1105,.T.);
#5158=EDGE_CURVE('',#5914,#5938,#1106,.T.);
#5159=EDGE_CURVE('',#5919,#5952,#1107,.T.);
#5160=EDGE_CURVE('',#5953,#5918,#1108,.T.);
#5161=EDGE_CURVE('',#5953,#5952,#6290,.T.);
#5162=EDGE_CURVE('',#5953,#5954,#1109,.T.);
#5163=EDGE_CURVE('',#5846,#5955,#1110,.T.);
#5164=EDGE_CURVE('',#5955,#5954,#6291,.T.);
#5165=EDGE_CURVE('',#5956,#5921,#1111,.T.);
#5166=EDGE_CURVE('',#5957,#5956,#1112,.T.);
#5167=EDGE_CURVE('',#5957,#5958,#6292,.T.);
#5168=EDGE_CURVE('',#5958,#5841,#1113,.T.);
#5169=EDGE_CURVE('',#5959,#5920,#1114,.T.);
#5170=EDGE_CURVE('',#5956,#5959,#6293,.T.);
#5171=EDGE_CURVE('',#5960,#5961,#6294,.T.);
#5172=EDGE_CURVE('',#5961,#5920,#1980,.T.);
#5173=EDGE_CURVE('',#5919,#5962,#1981,.T.);
#5174=EDGE_CURVE('',#5962,#5963,#6295,.T.);
#5175=EDGE_CURVE('',#5963,#5960,#1115,.T.);
#5176=EDGE_CURVE('',#5923,#5946,#1116,.T.);
#5177=EDGE_CURVE('',#5947,#5922,#1117,.T.);
#5178=EDGE_CURVE('',#5948,#5927,#1118,.T.);
#5179=EDGE_CURVE('',#5949,#5926,#1119,.T.);
#5180=EDGE_CURVE('',#5945,#5925,#1120,.T.);
#5181=EDGE_CURVE('',#5924,#5944,#1121,.T.);
#5182=EDGE_CURVE('',#5964,#5928,#1122,.T.);
#5183=EDGE_CURVE('',#5965,#5964,#1123,.T.);
#5184=EDGE_CURVE('',#5929,#5965,#1124,.T.);
#5185=EDGE_CURVE('',#5966,#5930,#1125,.T.);
#5186=EDGE_CURVE('',#5967,#5966,#1126,.T.);
#5187=EDGE_CURVE('',#5931,#5967,#1127,.T.);
#5188=EDGE_CURVE('',#5950,#5937,#1128,.T.);
#5189=EDGE_CURVE('',#5738,#5968,#1129,.T.);
#5190=EDGE_CURVE('',#5969,#5968,#1130,.T.);
#5191=EDGE_CURVE('',#5969,#5737,#1131,.T.);
#5192=EDGE_CURVE('',#5970,#5952,#1982,.T.);
#5193=EDGE_CURVE('',#5970,#5962,#1132,.T.);
#5194=EDGE_CURVE('',#5952,#5959,#1133,.T.);
#5195=EDGE_CURVE('',#5957,#5954,#1134,.T.);
#5196=EDGE_CURVE('',#5961,#5971,#1135,.T.);
#5197=EDGE_CURVE('',#5959,#5971,#1983,.T.);
#5198=EDGE_CURVE('',#5963,#5972,#1136,.T.);
#5199=EDGE_CURVE('',#5972,#5973,#6296,.T.);
#5200=EDGE_CURVE('',#5973,#5960,#1137,.T.);
#5201=EDGE_CURVE('',#5450,#5965,#1138,.T.);
#5202=EDGE_CURVE('',#5964,#5451,#1139,.T.);
#5203=EDGE_CURVE('',#5454,#5967,#1140,.T.);
#5204=EDGE_CURVE('',#5974,#5440,#1141,.T.);
#5205=EDGE_CURVE('',#5439,#5975,#1142,.T.);
#5206=EDGE_CURVE('',#5975,#5974,#6297,.T.);
#5207=EDGE_CURVE('',#5976,#5439,#1984,.T.);
#5208=EDGE_CURVE('',#5438,#5977,#1985,.T.);
#5209=EDGE_CURVE('',#5977,#5976,#6298,.T.);
#5210=EDGE_CURVE('',#5978,#5979,#1143,.T.);
#5211=EDGE_CURVE('',#5980,#5979,#325,.T.);
#5212=EDGE_CURVE('',#5977,#5980,#1144,.T.);
#5213=EDGE_CURVE('',#5981,#5437,#1145,.T.);
#5214=EDGE_CURVE('',#5981,#5978,#1146,.T.);
#5215=EDGE_CURVE('',#5982,#5981,#1147,.T.);
#5216=EDGE_CURVE('',#5982,#5436,#1148,.T.);
#5217=EDGE_CURVE('',#5435,#5983,#1149,.T.);
#5218=EDGE_CURVE('',#5983,#5982,#1150,.T.);
#5219=EDGE_CURVE('',#5984,#5983,#1151,.T.);
#5220=EDGE_CURVE('',#5984,#5434,#1152,.T.);
#5221=EDGE_CURVE('',#5985,#5984,#1153,.T.);
#5222=EDGE_CURVE('',#5986,#5433,#1986,.T.);
#5223=EDGE_CURVE('',#5986,#5464,#1154,.T.);
#5224=EDGE_CURVE('',#5463,#5985,#1155,.T.);
#5225=EDGE_CURVE('',#5432,#5987,#1987,.T.);
#5226=EDGE_CURVE('',#5987,#5986,#6299,.T.);
#5227=EDGE_CURVE('',#5988,#5989,#6300,.T.);
#5228=EDGE_CURVE('',#5989,#5432,#1156,.T.);
#5229=EDGE_CURVE('',#5431,#5988,#1157,.T.);
#5230=EDGE_CURVE('',#5990,#5431,#1988,.T.);
#5231=EDGE_CURVE('',#5430,#5991,#1989,.T.);
#5232=EDGE_CURVE('',#5991,#5990,#6301,.T.);
#5233=EDGE_CURVE('',#5966,#5455,#1158,.T.);
#5234=EDGE_CURVE('',#5992,#5993,#6302,.T.);
#5235=EDGE_CURVE('',#5993,#5430,#1159,.T.);
#5236=EDGE_CURVE('',#5449,#5992,#1160,.T.);
#5237=EDGE_CURVE('',#5994,#5449,#1990,.T.);
#5238=EDGE_CURVE('',#5448,#5995,#1991,.T.);
#5239=EDGE_CURVE('',#5995,#5994,#6303,.T.);
#5240=EDGE_CURVE('',#5996,#5466,#1161,.T.);
#5241=EDGE_CURVE('',#5995,#5465,#1162,.T.);
#5242=EDGE_CURVE('',#5997,#5447,#1163,.T.);
#5243=EDGE_CURVE('',#5997,#5996,#1164,.T.);
#5244=EDGE_CURVE('',#5998,#5997,#1165,.T.);
#5245=EDGE_CURVE('',#5998,#5446,#1166,.T.);
#5246=EDGE_CURVE('',#5445,#5999,#1167,.T.);
#5247=EDGE_CURVE('',#5999,#5998,#1168,.T.);
#5248=EDGE_CURVE('',#6000,#5999,#1169,.T.);
#5249=EDGE_CURVE('',#6000,#5444,#1170,.T.);
#5250=EDGE_CURVE('',#6001,#6002,#1171,.T.);
#5251=EDGE_CURVE('',#6002,#6000,#1172,.T.);
#5252=EDGE_CURVE('',#6003,#5443,#1992,.T.);
#5253=EDGE_CURVE('',#6004,#6003,#1173,.T.);
#5254=EDGE_CURVE('',#6001,#6004,#326,.T.);
#5255=EDGE_CURVE('',#5442,#6005,#1993,.T.);
#5256=EDGE_CURVE('',#6005,#6003,#6304,.T.);
#5257=EDGE_CURVE('',#6006,#5442,#1174,.T.);
#5258=EDGE_CURVE('',#5441,#6007,#1175,.T.);
#5259=EDGE_CURVE('',#6007,#6006,#6305,.T.);
#5260=EDGE_CURVE('',#5936,#5951,#1176,.T.);
#5261=EDGE_CURVE('',#5970,#5968,#6306,.T.);
#5262=EDGE_CURVE('',#5969,#5971,#6307,.T.);
#5263=EDGE_CURVE('',#5958,#5955,#1177,.T.);
#5264=EDGE_CURVE('',#6008,#5973,#1178,.T.);
#5265=EDGE_CURVE('',#5972,#6009,#1179,.T.);
#5266=EDGE_CURVE('',#6009,#6008,#6308,.T.);
#5267=EDGE_CURVE('',#5476,#5477,#1180,.T.);
#5268=EDGE_CURVE('',#6009,#5476,#1181,.T.);
#5269=EDGE_CURVE('',#5473,#6008,#1182,.T.);
#5270=EDGE_CURVE('',#5472,#5473,#1183,.T.);
#5271=EDGE_CURVE('',#6010,#5460,#1184,.T.);
#5272=EDGE_CURVE('',#6007,#6010,#1185,.T.);
#5273=EDGE_CURVE('',#6004,#5980,#6309,.T.);
#5274=EDGE_CURVE('',#6011,#6005,#1186,.T.);
#5275=EDGE_CURVE('',#6010,#6011,#6310,.T.);
#5276=EDGE_CURVE('',#6012,#5459,#1187,.T.);
#5277=EDGE_CURVE('',#6013,#6012,#6311,.T.);
#5278=EDGE_CURVE('',#5976,#6013,#1188,.T.);
#5279=EDGE_CURVE('',#6012,#5974,#1189,.T.);
#5280=EDGE_CURVE('',#5975,#6013,#1190,.T.);
#5281=EDGE_CURVE('',#6014,#6015,#6312,.T.);
#5282=EDGE_CURVE('',#6014,#6001,#1191,.T.);
#5283=EDGE_CURVE('',#5979,#6015,#1192,.T.);
#5284=EDGE_CURVE('',#6016,#5987,#1193,.T.);
#5285=EDGE_CURVE('',#6017,#6016,#6313,.T.);
#5286=EDGE_CURVE('',#5990,#6017,#1194,.T.);
#5287=EDGE_CURVE('',#6018,#5991,#1195,.T.);
#5288=EDGE_CURVE('',#6019,#6018,#6314,.T.);
#5289=EDGE_CURVE('',#5994,#6019,#1196,.T.);
#5290=EDGE_CURVE('',#6016,#5989,#1197,.T.);
#5291=EDGE_CURVE('',#5988,#6017,#1198,.T.);
#5292=EDGE_CURVE('',#6018,#5993,#1199,.T.);
#5293=EDGE_CURVE('',#5992,#6019,#1200,.T.);
#5294=EDGE_CURVE('',#6011,#6006,#1201,.T.);
#5295=EDGE_CURVE('',#6020,#6014,#1202,.T.);
#5296=EDGE_CURVE('',#6015,#6021,#1203,.T.);
#5297=EDGE_CURVE('',#6021,#6022,#1204,.T.);
#5298=EDGE_CURVE('',#6022,#5461,#1205,.T.);
#5299=EDGE_CURVE('',#5462,#6023,#1206,.T.);
#5300=EDGE_CURVE('',#6023,#6020,#1207,.T.);
#5301=EDGE_CURVE('',#6024,#6025,#1208,.T.);
#5302=EDGE_CURVE('',#6024,#6020,#1209,.T.);
#5303=EDGE_CURVE('',#6023,#6025,#1210,.T.);
#5304=EDGE_CURVE('',#6026,#6022,#1211,.T.);
#5305=EDGE_CURVE('',#6021,#6027,#1212,.T.);
#5306=EDGE_CURVE('',#6026,#6027,#1213,.T.);
#5307=EDGE_CURVE('',#6028,#6029,#1214,.T.);
#5308=EDGE_CURVE('',#6029,#6024,#1215,.T.);
#5309=EDGE_CURVE('',#6025,#6028,#1216,.T.);
#5310=EDGE_CURVE('',#6027,#6030,#1217,.T.);
#5311=EDGE_CURVE('',#6030,#6031,#1218,.T.);
#5312=EDGE_CURVE('',#6031,#6026,#1219,.T.);
#5313=EDGE_CURVE('',#5996,#6028,#1220,.T.);
#5314=EDGE_CURVE('',#6029,#6002,#1221,.T.);
#5315=EDGE_CURVE('',#5978,#6030,#1222,.T.);
#5316=EDGE_CURVE('',#6031,#5985,#1223,.T.);
#5317=EDGE_CURVE('',#5692,#5677,#1224,.T.);
#5318=EDGE_CURVE('',#5685,#5690,#1225,.T.);
#5319=VERTEX_POINT('',#11442);
#5320=VERTEX_POINT('',#11444);
#5321=VERTEX_POINT('',#11447);
#5322=VERTEX_POINT('',#11449);
#5323=VERTEX_POINT('',#11452);
#5324=VERTEX_POINT('',#11454);
#5325=VERTEX_POINT('',#11457);
#5326=VERTEX_POINT('',#11459);
#5327=VERTEX_POINT('',#11462);
#5328=VERTEX_POINT('',#11464);
#5329=VERTEX_POINT('',#11467);
#5330=VERTEX_POINT('',#11469);
#5331=VERTEX_POINT('',#11470);
#5332=VERTEX_POINT('',#11474);
#5333=VERTEX_POINT('',#11477);
#5334=VERTEX_POINT('',#11480);
#5335=VERTEX_POINT('',#11483);
#5336=VERTEX_POINT('',#11485);
#5337=VERTEX_POINT('',#11488);
#5338=VERTEX_POINT('',#11490);
#5339=VERTEX_POINT('',#11493);
#5340=VERTEX_POINT('',#11495);
#5341=VERTEX_POINT('',#11496);
#5342=VERTEX_POINT('',#11498);
#5343=VERTEX_POINT('',#11500);
#5344=VERTEX_POINT('',#11502);
#5345=VERTEX_POINT('',#11504);
#5346=VERTEX_POINT('',#11506);
#5347=VERTEX_POINT('',#11508);
#5348=VERTEX_POINT('',#11510);
#5349=VERTEX_POINT('',#11512);
#5350=VERTEX_POINT('',#11514);
#5351=VERTEX_POINT('',#11516);
#5352=VERTEX_POINT('',#11518);
#5353=VERTEX_POINT('',#11520);
#5354=VERTEX_POINT('',#11522);
#5355=VERTEX_POINT('',#11524);
#5356=VERTEX_POINT('',#11528);
#5357=VERTEX_POINT('',#11531);
#5358=VERTEX_POINT('',#11534);
#5359=VERTEX_POINT('',#11536);
#5360=VERTEX_POINT('',#11539);
#5361=VERTEX_POINT('',#11541);
#5362=VERTEX_POINT('',#11544);
#5363=VERTEX_POINT('',#11546);
#5364=VERTEX_POINT('',#11549);
#5365=VERTEX_POINT('',#11551);
#5366=VERTEX_POINT('',#11554);
#5367=VERTEX_POINT('',#11556);
#5368=VERTEX_POINT('',#11559);
#5369=VERTEX_POINT('',#11561);
#5370=VERTEX_POINT('',#11564);
#5371=VERTEX_POINT('',#11566);
#5372=VERTEX_POINT('',#11569);
#5373=VERTEX_POINT('',#11570);
#5374=VERTEX_POINT('',#11575);
#5375=VERTEX_POINT('',#11577);
#5376=VERTEX_POINT('',#11579);
#5377=VERTEX_POINT('',#11585);
#5378=VERTEX_POINT('',#11588);
#5379=VERTEX_POINT('',#11589);
#5380=VERTEX_POINT('',#11594);
#5381=VERTEX_POINT('',#11596);
#5382=VERTEX_POINT('',#11607);
#5383=VERTEX_POINT('',#11610);
#5384=VERTEX_POINT('',#11613);
#5385=VERTEX_POINT('',#11614);
#5386=VERTEX_POINT('',#11616);
#5387=VERTEX_POINT('',#11618);
#5388=VERTEX_POINT('',#11620);
#5389=VERTEX_POINT('',#11622);
#5390=VERTEX_POINT('',#11624);
#5391=VERTEX_POINT('',#11626);
#5392=VERTEX_POINT('',#11628);
#5393=VERTEX_POINT('',#11630);
#5394=VERTEX_POINT('',#11632);
#5395=VERTEX_POINT('',#11634);
#5396=VERTEX_POINT('',#11636);
#5397=VERTEX_POINT('',#11638);
#5398=VERTEX_POINT('',#11640);
#5399=VERTEX_POINT('',#11642);
#5400=VERTEX_POINT('',#11644);
#5401=VERTEX_POINT('',#11646);
#5402=VERTEX_POINT('',#11648);
#5403=VERTEX_POINT('',#11650);
#5404=VERTEX_POINT('',#11652);
#5405=VERTEX_POINT('',#11654);
#5406=VERTEX_POINT('',#11656);
#5407=VERTEX_POINT('',#11658);
#5408=VERTEX_POINT('',#11660);
#5409=VERTEX_POINT('',#11664);
#5410=VERTEX_POINT('',#11665);
#5411=VERTEX_POINT('',#11667);
#5412=VERTEX_POINT('',#11669);
#5413=VERTEX_POINT('',#11673);
#5414=VERTEX_POINT('',#11674);
#5415=VERTEX_POINT('',#11676);
#5416=VERTEX_POINT('',#11678);
#5417=VERTEX_POINT('',#11680);
#5418=VERTEX_POINT('',#11682);
#5419=VERTEX_POINT('',#11684);
#5420=VERTEX_POINT('',#11688);
#5421=VERTEX_POINT('',#11690);
#5422=VERTEX_POINT('',#11693);
#5423=VERTEX_POINT('',#11694);
#5424=VERTEX_POINT('',#11696);
#5425=VERTEX_POINT('',#11698);
#5426=VERTEX_POINT('',#11700);
#5427=VERTEX_POINT('',#11704);
#5428=VERTEX_POINT('',#11706);
#5429=VERTEX_POINT('',#11710);
#5430=VERTEX_POINT('',#11713);
#5431=VERTEX_POINT('',#11714);
#5432=VERTEX_POINT('',#11716);
#5433=VERTEX_POINT('',#11718);
#5434=VERTEX_POINT('',#11723);
#5435=VERTEX_POINT('',#11725);
#5436=VERTEX_POINT('',#11727);
#5437=VERTEX_POINT('',#11729);
#5438=VERTEX_POINT('',#11734);
#5439=VERTEX_POINT('',#11736);
#5440=VERTEX_POINT('',#11738);
#5441=VERTEX_POINT('',#11740);
#5442=VERTEX_POINT('',#11742);
#5443=VERTEX_POINT('',#11744);
#5444=VERTEX_POINT('',#11749);
#5445=VERTEX_POINT('',#11751);
#5446=VERTEX_POINT('',#11753);
#5447=VERTEX_POINT('',#11755);
#5448=VERTEX_POINT('',#11760);
#5449=VERTEX_POINT('',#11762);
#5450=VERTEX_POINT('',#11765);
#5451=VERTEX_POINT('',#11766);
#5452=VERTEX_POINT('',#11768);
#5453=VERTEX_POINT('',#11770);
#5454=VERTEX_POINT('',#11772);
#5455=VERTEX_POINT('',#11774);
#5456=VERTEX_POINT('',#11776);
#5457=VERTEX_POINT('',#11778);
#5458=VERTEX_POINT('',#11782);
#5459=VERTEX_POINT('',#11785);
#5460=VERTEX_POINT('',#11786);
#5461=VERTEX_POINT('',#11797);
#5462=VERTEX_POINT('',#11798);
#5463=VERTEX_POINT('',#11800);
#5464=VERTEX_POINT('',#11805);
#5465=VERTEX_POINT('',#11807);
#5466=VERTEX_POINT('',#11812);
#5467=VERTEX_POINT('',#11816);
#5468=VERTEX_POINT('',#11818);
#5469=VERTEX_POINT('',#11821);
#5470=VERTEX_POINT('',#11822);
#5471=VERTEX_POINT('',#11827);
#5472=VERTEX_POINT('',#11829);
#5473=VERTEX_POINT('',#11831);
#5474=VERTEX_POINT('',#11833);
#5475=VERTEX_POINT('',#11839);
#5476=VERTEX_POINT('',#11842);
#5477=VERTEX_POINT('',#11843);
#5478=VERTEX_POINT('',#11845);
#5479=VERTEX_POINT('',#11850);
#5480=VERTEX_POINT('',#11852);
#5481=VERTEX_POINT('',#11857);
#5482=VERTEX_POINT('',#11860);
#5483=VERTEX_POINT('',#11863);
#5484=VERTEX_POINT('',#11864);
#5485=VERTEX_POINT('',#11866);
#5486=VERTEX_POINT('',#11868);
#5487=VERTEX_POINT('',#11872);
#5488=VERTEX_POINT('',#11873);
#5489=VERTEX_POINT('',#11878);
#5490=VERTEX_POINT('',#11881);
#5491=VERTEX_POINT('',#11883);
#5492=VERTEX_POINT('',#11885);
#5493=VERTEX_POINT('',#11887);
#5494=VERTEX_POINT('',#11889);
#5495=VERTEX_POINT('',#11891);
#5496=VERTEX_POINT('',#11893);
#5497=VERTEX_POINT('',#11895);
#5498=VERTEX_POINT('',#11897);
#5499=VERTEX_POINT('',#11899);
#5500=VERTEX_POINT('',#11901);
#5501=VERTEX_POINT('',#11903);
#5502=VERTEX_POINT('',#11909);
#5503=VERTEX_POINT('',#11914);
#5504=VERTEX_POINT('',#11916);
#5505=VERTEX_POINT('',#11918);
#5506=VERTEX_POINT('',#11921);
#5507=VERTEX_POINT('',#11923);
#5508=VERTEX_POINT('',#11926);
#5509=VERTEX_POINT('',#11928);
#5510=VERTEX_POINT('',#11931);
#5511=VERTEX_POINT('',#11933);
#5512=VERTEX_POINT('',#11935);
#5513=VERTEX_POINT('',#11937);
#5514=VERTEX_POINT('',#11940);
#5515=VERTEX_POINT('',#11945);
#5516=VERTEX_POINT('',#11947);
#5517=VERTEX_POINT('',#11952);
#5518=VERTEX_POINT('',#11955);
#5519=VERTEX_POINT('',#11957);
#5520=VERTEX_POINT('',#11959);
#5521=VERTEX_POINT('',#11961);
#5522=VERTEX_POINT('',#11963);
#5523=VERTEX_POINT('',#11965);
#5524=VERTEX_POINT('',#11967);
#5525=VERTEX_POINT('',#11969);
#5526=VERTEX_POINT('',#11971);
#5527=VERTEX_POINT('',#11973);
#5528=VERTEX_POINT('',#11975);
#5529=VERTEX_POINT('',#11977);
#5530=VERTEX_POINT('',#11979);
#5531=VERTEX_POINT('',#11981);
#5532=VERTEX_POINT('',#11983);
#5533=VERTEX_POINT('',#11987);
#5534=VERTEX_POINT('',#11989);
#5535=VERTEX_POINT('',#11993);
#5536=VERTEX_POINT('',#12005);
#5537=VERTEX_POINT('',#12009);
#5538=VERTEX_POINT('',#12013);
#5539=VERTEX_POINT('',#12014);
#5540=VERTEX_POINT('',#12017);
#5541=VERTEX_POINT('',#12021);
#5542=VERTEX_POINT('',#12022);
#5543=VERTEX_POINT('',#12024);
#5544=VERTEX_POINT('',#12026);
#5545=VERTEX_POINT('',#12029);
#5546=VERTEX_POINT('',#12030);
#5547=VERTEX_POINT('',#12032);
#5548=VERTEX_POINT('',#12034);
#5549=VERTEX_POINT('',#12037);
#5550=VERTEX_POINT('',#12038);
#5551=VERTEX_POINT('',#12040);
#5552=VERTEX_POINT('',#12042);
#5553=VERTEX_POINT('',#12045);
#5554=VERTEX_POINT('',#12046);
#5555=VERTEX_POINT('',#12048);
#5556=VERTEX_POINT('',#12050);
#5557=VERTEX_POINT('',#12053);
#5558=VERTEX_POINT('',#12055);
#5559=VERTEX_POINT('',#12059);
#5560=VERTEX_POINT('',#12061);
#5561=VERTEX_POINT('',#12063);
#5562=VERTEX_POINT('',#12067);
#5563=VERTEX_POINT('',#12069);
#5564=VERTEX_POINT('',#12101);
#5565=VERTEX_POINT('',#12105);
#5566=VERTEX_POINT('',#12112);
#5567=VERTEX_POINT('',#12116);
#5568=VERTEX_POINT('',#12120);
#5569=VERTEX_POINT('',#12126);
#5570=VERTEX_POINT('',#12130);
#5571=VERTEX_POINT('',#12136);
#5572=VERTEX_POINT('',#12140);
#5573=VERTEX_POINT('',#12144);
#5574=VERTEX_POINT('',#12151);
#5575=VERTEX_POINT('',#12155);
#5576=VERTEX_POINT('',#12164);
#5577=VERTEX_POINT('',#12168);
#5578=VERTEX_POINT('',#12170);
#5579=VERTEX_POINT('',#12174);
#5580=VERTEX_POINT('',#12178);
#5581=VERTEX_POINT('',#12182);
#5582=VERTEX_POINT('',#12183);
#5583=VERTEX_POINT('',#12185);
#5584=VERTEX_POINT('',#12187);
#5585=VERTEX_POINT('',#12190);
#5586=VERTEX_POINT('',#12192);
#5587=VERTEX_POINT('',#12194);
#5588=VERTEX_POINT('',#12196);
#5589=VERTEX_POINT('',#12198);
#5590=VERTEX_POINT('',#12200);
#5591=VERTEX_POINT('',#12202);
#5592=VERTEX_POINT('',#12205);
#5593=VERTEX_POINT('',#12207);
#5594=VERTEX_POINT('',#12209);
#5595=VERTEX_POINT('',#12211);
#5596=VERTEX_POINT('',#12213);
#5597=VERTEX_POINT('',#12215);
#5598=VERTEX_POINT('',#12220);
#5599=VERTEX_POINT('',#12224);
#5600=VERTEX_POINT('',#12232);
#5601=VERTEX_POINT('',#12236);
#5602=VERTEX_POINT('',#12238);
#5603=VERTEX_POINT('',#12242);
#5604=VERTEX_POINT('',#12246);
#5605=VERTEX_POINT('',#12248);
#5606=VERTEX_POINT('',#12251);
#5607=VERTEX_POINT('',#12252);
#5608=VERTEX_POINT('',#12254);
#5609=VERTEX_POINT('',#12256);
#5610=VERTEX_POINT('',#12260);
#5611=VERTEX_POINT('',#12264);
#5612=VERTEX_POINT('',#12266);
#5613=VERTEX_POINT('',#12270);
#5614=VERTEX_POINT('',#12274);
#5615=VERTEX_POINT('',#12278);
#5616=VERTEX_POINT('',#12280);
#5617=VERTEX_POINT('',#12284);
#5618=VERTEX_POINT('',#12288);
#5619=VERTEX_POINT('',#12290);
#5620=VERTEX_POINT('',#12293);
#5621=VERTEX_POINT('',#12294);
#5622=VERTEX_POINT('',#12296);
#5623=VERTEX_POINT('',#12298);
#5624=VERTEX_POINT('',#12302);
#5625=VERTEX_POINT('',#12306);
#5626=VERTEX_POINT('',#12308);
#5627=VERTEX_POINT('',#12312);
#5628=VERTEX_POINT('',#12323);
#5629=VERTEX_POINT('',#12326);
#5630=VERTEX_POINT('',#12331);
#5631=VERTEX_POINT('',#12333);
#5632=VERTEX_POINT('',#12335);
#5633=VERTEX_POINT('',#12339);
#5634=VERTEX_POINT('',#12341);
#5635=VERTEX_POINT('',#12343);
#5636=VERTEX_POINT('',#12345);
#5637=VERTEX_POINT('',#12347);
#5638=VERTEX_POINT('',#12350);
#5639=VERTEX_POINT('',#12352);
#5640=VERTEX_POINT('',#12358);
#5641=VERTEX_POINT('',#12362);
#5642=VERTEX_POINT('',#12364);
#5643=VERTEX_POINT('',#12368);
#5644=VERTEX_POINT('',#12369);
#5645=VERTEX_POINT('',#12372);
#5646=VERTEX_POINT('',#12374);
#5647=VERTEX_POINT('',#12376);
#5648=VERTEX_POINT('',#12380);
#5649=VERTEX_POINT('',#12384);
#5650=VERTEX_POINT('',#12386);
#5651=VERTEX_POINT('',#12388);
#5652=VERTEX_POINT('',#12390);
#5653=VERTEX_POINT('',#12394);
#5654=VERTEX_POINT('',#12396);
#5655=VERTEX_POINT('',#12400);
#5656=VERTEX_POINT('',#12401);
#5657=VERTEX_POINT('',#12404);
#5658=VERTEX_POINT('',#12406);
#5659=VERTEX_POINT('',#12408);
#5660=VERTEX_POINT('',#12412);
#5661=VERTEX_POINT('',#12416);
#5662=VERTEX_POINT('',#12418);
#5663=VERTEX_POINT('',#12420);
#5664=VERTEX_POINT('',#12422);
#5665=VERTEX_POINT('',#12426);
#5666=VERTEX_POINT('',#12428);
#5667=VERTEX_POINT('',#12432);
#5668=VERTEX_POINT('',#12433);
#5669=VERTEX_POINT('',#12436);
#5670=VERTEX_POINT('',#12438);
#5671=VERTEX_POINT('',#12440);
#5672=VERTEX_POINT('',#12444);
#5673=VERTEX_POINT('',#12448);
#5674=VERTEX_POINT('',#12450);
#5675=VERTEX_POINT('',#12452);
#5676=VERTEX_POINT('',#12454);
#5677=VERTEX_POINT('',#12458);
#5678=VERTEX_POINT('',#12460);
#5679=VERTEX_POINT('',#12462);
#5680=VERTEX_POINT('',#12466);
#5681=VERTEX_POINT('',#12467);
#5682=VERTEX_POINT('',#12470);
#5683=VERTEX_POINT('',#12472);
#5684=VERTEX_POINT('',#12476);
#5685=VERTEX_POINT('',#12479);
#5686=VERTEX_POINT('',#12483);
#5687=VERTEX_POINT('',#12490);
#5688=VERTEX_POINT('',#12494);
#5689=VERTEX_POINT('',#12496);
#5690=VERTEX_POINT('',#12498);
#5691=VERTEX_POINT('',#12503);
#5692=VERTEX_POINT('',#12505);
#5693=VERTEX_POINT('',#12509);
#5694=VERTEX_POINT('',#12514);
#5695=VERTEX_POINT('',#12515);
#5696=VERTEX_POINT('',#12517);
#5697=VERTEX_POINT('',#12519);
#5698=VERTEX_POINT('',#12521);
#5699=VERTEX_POINT('',#12523);
#5700=VERTEX_POINT('',#12525);
#5701=VERTEX_POINT('',#12527);
#5702=VERTEX_POINT('',#12529);
#5703=VERTEX_POINT('',#12531);
#5704=VERTEX_POINT('',#12533);
#5705=VERTEX_POINT('',#12535);
#5706=VERTEX_POINT('',#12537);
#5707=VERTEX_POINT('',#12540);
#5708=VERTEX_POINT('',#12542);
#5709=VERTEX_POINT('',#12544);
#5710=VERTEX_POINT('',#12547);
#5711=VERTEX_POINT('',#12549);
#5712=VERTEX_POINT('',#12553);
#5713=VERTEX_POINT('',#12557);
#5714=VERTEX_POINT('',#12561);
#5715=VERTEX_POINT('',#12564);
#5716=VERTEX_POINT('',#12566);
#5717=VERTEX_POINT('',#12568);
#5718=VERTEX_POINT('',#12573);
#5719=VERTEX_POINT('',#12575);
#5720=VERTEX_POINT('',#12577);
#5721=VERTEX_POINT('',#12579);
#5722=VERTEX_POINT('',#12584);
#5723=VERTEX_POINT('',#12586);
#5724=VERTEX_POINT('',#12590);
#5725=VERTEX_POINT('',#12592);
#5726=VERTEX_POINT('',#12596);
#5727=VERTEX_POINT('',#12600);
#5728=VERTEX_POINT('',#12604);
#5729=VERTEX_POINT('',#12605);
#5730=VERTEX_POINT('',#12610);
#5731=VERTEX_POINT('',#12612);
#5732=VERTEX_POINT('',#12614);
#5733=VERTEX_POINT('',#12619);
#5734=VERTEX_POINT('',#12620);
#5735=VERTEX_POINT('',#12623);
#5736=VERTEX_POINT('',#12628);
#5737=VERTEX_POINT('',#12634);
#5738=VERTEX_POINT('',#12638);
#5739=VERTEX_POINT('',#12642);
#5740=VERTEX_POINT('',#12644);
#5741=VERTEX_POINT('',#12648);
#5742=VERTEX_POINT('',#12649);
#5743=VERTEX_POINT('',#12656);
#5744=VERTEX_POINT('',#12658);
#5745=VERTEX_POINT('',#12662);
#5746=VERTEX_POINT('',#12666);
#5747=VERTEX_POINT('',#12670);
#5748=VERTEX_POINT('',#12676);
#5749=VERTEX_POINT('',#12678);
#5750=VERTEX_POINT('',#12680);
#5751=VERTEX_POINT('',#12684);
#5752=VERTEX_POINT('',#12685);
#5753=VERTEX_POINT('',#12688);
#5754=VERTEX_POINT('',#12692);
#5755=VERTEX_POINT('',#12694);
#5756=VERTEX_POINT('',#12696);
#5757=VERTEX_POINT('',#12700);
#5758=VERTEX_POINT('',#12702);
#5759=VERTEX_POINT('',#12704);
#5760=VERTEX_POINT('',#12706);
#5761=VERTEX_POINT('',#12708);
#5762=VERTEX_POINT('',#12712);
#5763=VERTEX_POINT('',#12723);
#5764=VERTEX_POINT('',#12725);
#5765=VERTEX_POINT('',#12727);
#5766=VERTEX_POINT('',#12729);
#5767=VERTEX_POINT('',#12731);
#5768=VERTEX_POINT('',#12735);
#5769=VERTEX_POINT('',#12739);
#5770=VERTEX_POINT('',#12741);
#5771=VERTEX_POINT('',#12743);
#5772=VERTEX_POINT('',#12745);
#5773=VERTEX_POINT('',#12751);
#5774=VERTEX_POINT('',#12753);
#5775=VERTEX_POINT('',#12755);
#5776=VERTEX_POINT('',#12757);
#5777=VERTEX_POINT('',#12759);
#5778=VERTEX_POINT('',#12761);
#5779=VERTEX_POINT('',#12763);
#5780=VERTEX_POINT('',#12765);
#5781=VERTEX_POINT('',#12767);
#5782=VERTEX_POINT('',#12769);
#5783=VERTEX_POINT('',#12774);
#5784=VERTEX_POINT('',#12776);
#5785=VERTEX_POINT('',#12778);
#5786=VERTEX_POINT('',#12780);
#5787=VERTEX_POINT('',#12786);
#5788=VERTEX_POINT('',#12788);
#5789=VERTEX_POINT('',#12792);
#5790=VERTEX_POINT('',#12796);
#5791=VERTEX_POINT('',#12802);
#5792=VERTEX_POINT('',#12804);
#5793=VERTEX_POINT('',#12806);
#5794=VERTEX_POINT('',#12810);
#5795=VERTEX_POINT('',#12814);
#5796=VERTEX_POINT('',#12816);
#5797=VERTEX_POINT('',#12822);
#5798=VERTEX_POINT('',#12824);
#5799=VERTEX_POINT('',#12826);
#5800=VERTEX_POINT('',#12830);
#5801=VERTEX_POINT('',#12834);
#5802=VERTEX_POINT('',#12836);
#5803=VERTEX_POINT('',#12844);
#5804=VERTEX_POINT('',#12846);
#5805=VERTEX_POINT('',#12850);
#5806=VERTEX_POINT('',#12854);
#5807=VERTEX_POINT('',#12860);
#5808=VERTEX_POINT('',#12862);
#5809=VERTEX_POINT('',#12864);
#5810=VERTEX_POINT('',#12868);
#5811=VERTEX_POINT('',#12872);
#5812=VERTEX_POINT('',#12874);
#5813=VERTEX_POINT('',#12881);
#5814=VERTEX_POINT('',#12883);
#5815=VERTEX_POINT('',#12885);
#5816=VERTEX_POINT('',#12887);
#5817=VERTEX_POINT('',#12891);
#5818=VERTEX_POINT('',#12892);
#5819=VERTEX_POINT('',#12894);
#5820=VERTEX_POINT('',#12896);
#5821=VERTEX_POINT('',#12906);
#5822=VERTEX_POINT('',#12908);
#5823=VERTEX_POINT('',#12920);
#5824=VERTEX_POINT('',#12921);
#5825=VERTEX_POINT('',#12928);
#5826=VERTEX_POINT('',#12930);
#5827=VERTEX_POINT('',#12936);
#5828=VERTEX_POINT('',#12938);
#5829=VERTEX_POINT('',#12944);
#5830=VERTEX_POINT('',#12945);
#5831=VERTEX_POINT('',#12952);
#5832=VERTEX_POINT('',#12953);
#5833=VERTEX_POINT('',#12960);
#5834=VERTEX_POINT('',#12962);
#5835=VERTEX_POINT('',#12967);
#5836=VERTEX_POINT('',#12969);
#5837=VERTEX_POINT('',#12975);
#5838=VERTEX_POINT('',#12977);
#5839=VERTEX_POINT('',#12981);
#5840=VERTEX_POINT('',#12982);
#5841=VERTEX_POINT('',#12988);
#5842=VERTEX_POINT('',#12990);
#5843=VERTEX_POINT('',#12994);
#5844=VERTEX_POINT('',#12995);
#5845=VERTEX_POINT('',#13000);
#5846=VERTEX_POINT('',#13002);
#5847=VERTEX_POINT('',#13007);
#5848=VERTEX_POINT('',#13008);
#5849=VERTEX_POINT('',#13013);
#5850=VERTEX_POINT('',#13015);
#5851=VERTEX_POINT('',#13018);
#5852=VERTEX_POINT('',#13026);
#5853=VERTEX_POINT('',#13028);
#5854=VERTEX_POINT('',#13032);
#5855=VERTEX_POINT('',#13034);
#5856=VERTEX_POINT('',#13036);
#5857=VERTEX_POINT('',#13038);
#5858=VERTEX_POINT('',#13042);
#5859=VERTEX_POINT('',#13046);
#5860=VERTEX_POINT('',#13048);
#5861=VERTEX_POINT('',#13050);
#5862=VERTEX_POINT('',#13054);
#5863=VERTEX_POINT('',#13058);
#5864=VERTEX_POINT('',#13065);
#5865=VERTEX_POINT('',#13071);
#5866=VERTEX_POINT('',#13073);
#5867=VERTEX_POINT('',#13080);
#5868=VERTEX_POINT('',#13082);
#5869=VERTEX_POINT('',#13092);
#5870=VERTEX_POINT('',#13094);
#5871=VERTEX_POINT('',#13103);
#5872=VERTEX_POINT('',#13110);
#5873=VERTEX_POINT('',#13116);
#5874=VERTEX_POINT('',#13118);
#5875=VERTEX_POINT('',#13122);
#5876=VERTEX_POINT('',#13181);
#5877=VERTEX_POINT('',#13183);
#5878=VERTEX_POINT('',#13216);
#5879=VERTEX_POINT('',#13218);
#5880=VERTEX_POINT('',#13227);
#5881=VERTEX_POINT('',#13230);
#5882=VERTEX_POINT('',#13235);
#5883=VERTEX_POINT('',#13237);
#5884=VERTEX_POINT('',#13239);
#5885=VERTEX_POINT('',#13241);
#5886=VERTEX_POINT('',#13245);
#5887=VERTEX_POINT('',#13246);
#5888=VERTEX_POINT('',#13248);
#5889=VERTEX_POINT('',#13251);
#5890=VERTEX_POINT('',#13255);
#5891=VERTEX_POINT('',#13256);
#5892=VERTEX_POINT('',#13258);
#5893=VERTEX_POINT('',#13261);
#5894=VERTEX_POINT('',#13265);
#5895=VERTEX_POINT('',#13267);
#5896=VERTEX_POINT('',#13269);
#5897=VERTEX_POINT('',#13271);
#5898=VERTEX_POINT('',#13275);
#5899=VERTEX_POINT('',#13277);
#5900=VERTEX_POINT('',#13279);
#5901=VERTEX_POINT('',#13281);
#5902=VERTEX_POINT('',#13285);
#5903=VERTEX_POINT('',#13286);
#5904=VERTEX_POINT('',#13288);
#5905=VERTEX_POINT('',#13291);
#5906=VERTEX_POINT('',#13295);
#5907=VERTEX_POINT('',#13299);
#5908=VERTEX_POINT('',#13303);
#5909=VERTEX_POINT('',#13305);
#5910=VERTEX_POINT('',#13307);
#5911=VERTEX_POINT('',#13309);
#5912=VERTEX_POINT('',#13315);
#5913=VERTEX_POINT('',#13317);
#5914=VERTEX_POINT('',#13319);
#5915=VERTEX_POINT('',#13321);
#5916=VERTEX_POINT('',#13323);
#5917=VERTEX_POINT('',#13325);
#5918=VERTEX_POINT('',#13329);
#5919=VERTEX_POINT('',#13331);
#5920=VERTEX_POINT('',#13333);
#5921=VERTEX_POINT('',#13335);
#5922=VERTEX_POINT('',#13339);
#5923=VERTEX_POINT('',#13341);
#5924=VERTEX_POINT('',#13343);
#5925=VERTEX_POINT('',#13345);
#5926=VERTEX_POINT('',#13347);
#5927=VERTEX_POINT('',#13349);
#5928=VERTEX_POINT('',#13353);
#5929=VERTEX_POINT('',#13354);
#5930=VERTEX_POINT('',#13357);
#5931=VERTEX_POINT('',#13359);
#5932=VERTEX_POINT('',#13368);
#5933=VERTEX_POINT('',#13370);
#5934=VERTEX_POINT('',#13378);
#5935=VERTEX_POINT('',#13381);
#5936=VERTEX_POINT('',#13445);
#5937=VERTEX_POINT('',#13447);
#5938=VERTEX_POINT('',#13451);
#5939=VERTEX_POINT('',#13452);
#5940=VERTEX_POINT('',#13454);
#5941=VERTEX_POINT('',#13456);
#5942=VERTEX_POINT('',#13459);
#5943=VERTEX_POINT('',#13461);
#5944=VERTEX_POINT('',#13465);
#5945=VERTEX_POINT('',#13466);
#5946=VERTEX_POINT('',#13468);
#5947=VERTEX_POINT('',#13470);
#5948=VERTEX_POINT('',#13473);
#5949=VERTEX_POINT('',#13475);
#5950=VERTEX_POINT('',#13479);
#5951=VERTEX_POINT('',#13481);
#5952=VERTEX_POINT('',#13543);
#5953=VERTEX_POINT('',#13545);
#5954=VERTEX_POINT('',#13549);
#5955=VERTEX_POINT('',#13551);
#5956=VERTEX_POINT('',#13555);
#5957=VERTEX_POINT('',#13557);
#5958=VERTEX_POINT('',#13559);
#5959=VERTEX_POINT('',#13563);
#5960=VERTEX_POINT('',#13567);
#5961=VERTEX_POINT('',#13568);
#5962=VERTEX_POINT('',#13577);
#5963=VERTEX_POINT('',#13579);
#5964=VERTEX_POINT('',#13596);
#5965=VERTEX_POINT('',#13598);
#5966=VERTEX_POINT('',#13602);
#5967=VERTEX_POINT('',#13604);
#5968=VERTEX_POINT('',#13609);
#5969=VERTEX_POINT('',#13611);
#5970=VERTEX_POINT('',#13641);
#5971=VERTEX_POINT('',#13671);
#5972=VERTEX_POINT('',#13678);
#5973=VERTEX_POINT('',#13680);
#5974=VERTEX_POINT('',#13691);
#5975=VERTEX_POINT('',#13693);
#5976=VERTEX_POINT('',#13700);
#5977=VERTEX_POINT('',#13705);
#5978=VERTEX_POINT('',#13709);
#5979=VERTEX_POINT('',#13710);
#5980=VERTEX_POINT('',#13715);
#5981=VERTEX_POINT('',#13718);
#5982=VERTEX_POINT('',#13722);
#5983=VERTEX_POINT('',#13726);
#5984=VERTEX_POINT('',#13730);
#5985=VERTEX_POINT('',#13734);
#5986=VERTEX_POINT('',#13739);
#5987=VERTEX_POINT('',#13747);
#5988=VERTEX_POINT('',#13751);
#5989=VERTEX_POINT('',#13752);
#5990=VERTEX_POINT('',#13760);
#5991=VERTEX_POINT('',#13765);
#5992=VERTEX_POINT('',#13772);
#5993=VERTEX_POINT('',#13773);
#5994=VERTEX_POINT('',#13781);
#5995=VERTEX_POINT('',#13786);
#5996=VERTEX_POINT('',#13790);
#5997=VERTEX_POINT('',#13793);
#5998=VERTEX_POINT('',#13797);
#5999=VERTEX_POINT('',#13801);
#6000=VERTEX_POINT('',#13805);
#6001=VERTEX_POINT('',#13809);
#6002=VERTEX_POINT('',#13810);
#6003=VERTEX_POINT('',#13816);
#6004=VERTEX_POINT('',#13818);
#6005=VERTEX_POINT('',#13828);
#6006=VERTEX_POINT('',#13832);
#6007=VERTEX_POINT('',#13834);
#6008=VERTEX_POINT('',#13846);
#6009=VERTEX_POINT('',#13848);
#6010=VERTEX_POINT('',#13858);
#6011=VERTEX_POINT('',#13863);
#6012=VERTEX_POINT('',#13866);
#6013=VERTEX_POINT('',#13868);
#6014=VERTEX_POINT('',#13877);
#6015=VERTEX_POINT('',#13878);
#6016=VERTEX_POINT('',#13883);
#6017=VERTEX_POINT('',#13885);
#6018=VERTEX_POINT('',#13888);
#6019=VERTEX_POINT('',#13890);
#6020=VERTEX_POINT('',#13911);
#6021=VERTEX_POINT('',#13913);
#6022=VERTEX_POINT('',#13915);
#6023=VERTEX_POINT('',#13918);
#6024=VERTEX_POINT('',#13922);
#6025=VERTEX_POINT('',#13923);
#6026=VERTEX_POINT('',#13928);
#6027=VERTEX_POINT('',#13930);
#6028=VERTEX_POINT('',#13934);
#6029=VERTEX_POINT('',#13935);
#6030=VERTEX_POINT('',#13940);
#6031=VERTEX_POINT('',#13942);
#6032=CIRCLE('',#8638,0.000875);
#6033=CIRCLE('',#8639,0.000675);
#6034=CIRCLE('',#8641,0.000875);
#6035=CIRCLE('',#8642,0.000675);
#6036=CIRCLE('',#8644,0.001);
#6037=CIRCLE('',#8645,0.0008);
#6038=CIRCLE('',#8647,0.0008);
#6039=CIRCLE('',#8648,0.001);
#6040=CIRCLE('',#8650,0.000675);
#6041=CIRCLE('',#8651,0.000875);
#6042=CIRCLE('',#8653,0.00597314230079762);
#6043=CIRCLE('',#8654,0.00577489672081277);
#6044=CIRCLE('',#8655,0.00577489672081277);
#6045=CIRCLE('',#8657,0.000875);
#6046=CIRCLE('',#8659,0.000875);
#6047=CIRCLE('',#8661,0.001);
#6048=CIRCLE('',#8663,0.0015);
#6049=CIRCLE('',#8664,0.0015);
#6050=CIRCLE('',#8666,0.0015);
#6051=CIRCLE('',#8667,0.0015);
#6052=CIRCLE('',#8669,0.00602500000002237);
#6053=CIRCLE('',#8670,0.005525);
#6054=CIRCLE('',#8671,0.00552499999997735);
#6055=CIRCLE('',#8672,0.00552499999997735);
#6056=CIRCLE('',#8673,0.00552499999997735);
#6057=CIRCLE('',#8674,0.00552499999997735);
#6058=CIRCLE('',#8675,0.00552499999997735);
#6059=CIRCLE('',#8676,0.00552499999997735);
#6060=CIRCLE('',#8677,0.00552499999997735);
#6061=CIRCLE('',#8678,0.005525);
#6062=CIRCLE('',#8679,0.00552499999997735);
#6063=CIRCLE('',#8680,0.00552499999997735);
#6064=CIRCLE('',#8681,0.00552499999997735);
#6065=CIRCLE('',#8682,0.00552499999997735);
#6066=CIRCLE('',#8683,0.00552499999997735);
#6067=CIRCLE('',#8684,0.00552499999997735);
#6068=CIRCLE('',#8685,0.00552499999997735);
#6069=CIRCLE('',#8687,0.001);
#6070=CIRCLE('',#8689,0.000875);
#6071=CIRCLE('',#8691,0.000749999999991815);
#6072=CIRCLE('',#8692,0.000680009069171518);
#6073=CIRCLE('',#8694,0.000749999999991815);
#6074=CIRCLE('',#8695,0.000680009069171518);
#6075=CIRCLE('',#8697,0.000749999999997056);
#6076=CIRCLE('',#8698,0.000680009069176759);
#6077=CIRCLE('',#8700,0.000749999999995896);
#6078=CIRCLE('',#8701,0.000680009069175599);
#6079=CIRCLE('',#8703,0.000749999999997294);
#6080=CIRCLE('',#8704,0.000680009069176997);
#6081=CIRCLE('',#8706,0.00075000000000724);
#6082=CIRCLE('',#8707,0.000680009069179838);
#6083=CIRCLE('',#8709,0.000749999999996476);
#6084=CIRCLE('',#8710,0.000680009069176179);
#6085=CIRCLE('',#8712,0.0007500000000133);
#6086=CIRCLE('',#8713,0.00339013140527833);
#6087=CIRCLE('',#8714,0.000715004534599599);
#6088=CIRCLE('',#8715,0.000680009069185898);
#6089=CIRCLE('',#8717,0.00339013137045646);
#6090=CIRCLE('',#8718,0.0007500000000133);
#6091=CIRCLE('',#8719,0.000715004534599599);
#6092=CIRCLE('',#8720,0.000680009069185898);
#6093=CIRCLE('',#8722,0.01095);
#6094=CIRCLE('',#8723,0.01095);
#6095=CIRCLE('',#8724,0.01095);
#6096=CIRCLE('',#8725,1.27985173742113);
#6097=CIRCLE('',#8726,0.01095);
#6098=CIRCLE('',#8727,0.01095);
#6099=CIRCLE('',#8728,0.01095);
#6100=CIRCLE('',#8729,1.03940867718702);
#6101=CIRCLE('',#8730,0.01095);
#6102=CIRCLE('',#8731,1.39394400290903);
#6103=CIRCLE('',#8732,0.01095);
#6104=CIRCLE('',#8733,0.01095);
#6105=CIRCLE('',#8734,0.01095);
#6106=CIRCLE('',#8735,1.38167980991001);
#6107=CIRCLE('',#8736,0.01095);
#6108=CIRCLE('',#8737,0.01095);
#6109=CIRCLE('',#8739,0.0009);
#6110=CIRCLE('',#8740,0.0009);
#6111=CIRCLE('',#8742,0.011);
#6112=CIRCLE('',#8743,0.011);
#6113=CIRCLE('',#8744,0.011);
#6114=CIRCLE('',#8745,0.011);
#6115=CIRCLE('',#8746,0.011);
#6116=CIRCLE('',#8748,0.00895);
#6117=CIRCLE('',#8749,0.00895);
#6118=CIRCLE('',#8751,0.00075);
#6119=CIRCLE('',#8755,0.005525);
#6120=CIRCLE('',#8757,0.00615000000000521);
#6121=CIRCLE('',#8759,0.0085);
#6122=CIRCLE('',#8760,0.0085);
#6123=CIRCLE('',#8761,0.0085);
#6124=CIRCLE('',#8762,0.0085);
#6125=CIRCLE('',#8763,0.0085);
#6126=CIRCLE('',#8764,0.0085);
#6127=CIRCLE('',#8765,0.0085);
#6128=CIRCLE('',#8766,0.0085);
#6129=CIRCLE('',#8767,0.0085);
#6130=CIRCLE('',#8768,0.0085);
#6131=CIRCLE('',#8769,0.0085);
#6132=CIRCLE('',#8770,0.0085);
#6133=CIRCLE('',#8771,0.0085);
#6134=CIRCLE('',#8772,0.0085);
#6135=CIRCLE('',#8773,0.0085);
#6136=CIRCLE('',#8774,0.0085);
#6137=CIRCLE('',#8776,0.00615);
#6138=CIRCLE('',#8778,0.0075);
#6139=CIRCLE('',#8780,0.007);
#6140=CIRCLE('',#8781,0.007);
#6141=CIRCLE('',#8783,0.0062);
#6142=CIRCLE('',#8784,0.0062);
#6143=CIRCLE('',#8786,0.000750000000006479);
#6144=CIRCLE('',#8787,0.000715004534592778);
#6145=CIRCLE('',#8788,0.000715004534592778);
#6146=CIRCLE('',#8789,0.000715004534592778);
#6147=CIRCLE('',#8790,0.000680009069179077);
#6148=CIRCLE('',#8792,0.000715004534592778);
#6149=CIRCLE('',#8793,0.000715004534592778);
#6150=CIRCLE('',#8794,0.000750000000006479);
#6151=CIRCLE('',#8795,0.000715004534592778);
#6152=CIRCLE('',#8796,0.000680009069179077);
#6153=CIRCLE('',#8800,0.01095);
#6154=CIRCLE('',#8801,0.01095);
#6155=CIRCLE('',#8802,0.00885);
#6156=CIRCLE('',#8803,0.00885);
#6157=CIRCLE('',#8804,0.01095);
#6158=CIRCLE('',#8805,0.00885);
#6159=CIRCLE('',#8806,0.01095);
#6160=CIRCLE('',#8807,0.00885);
#6161=CIRCLE('',#8808,0.01095);
#6162=CIRCLE('',#8816,0.01095);
#6163=CIRCLE('',#8819,0.01095);
#6164=CIRCLE('',#8825,1.75323365067217);
#6165=CIRCLE('',#8827,0.00891999093082074);
#6166=CIRCLE('',#8828,1.68132436105099);
#6167=CIRCLE('',#8831,0.297320551492074);
#6168=CIRCLE('',#8833,0.00891999093082074);
#6169=CIRCLE('',#8834,2.2524681991494);
#6170=CIRCLE('',#8844,2.25246822559795);
#6171=CIRCLE('',#8845,1.27985173516176);
#6172=CIRCLE('',#8847,0.00891999093082074);
#6173=CIRCLE('',#8848,0.297320551507515);
#6174=CIRCLE('',#8850,1.03940869036884);
#6175=CIRCLE('',#8852,0.01095);
#6176=CIRCLE('',#8853,0.01095);
#6177=CIRCLE('',#8854,0.01095);
#6178=CIRCLE('',#8855,0.01095);
#6179=CIRCLE('',#8856,0.01095);
#6180=CIRCLE('',#8857,1.38167981868273);
#6181=CIRCLE('',#8858,0.01095);
#6182=CIRCLE('',#8859,0.01095);
#6183=CIRCLE('',#8860,0.01095);
#6184=CIRCLE('',#8861,1.39394401000666);
#6185=CIRCLE('',#8862,0.01095);
#6186=CIRCLE('',#8864,1.68132435328842);
#6187=CIRCLE('',#8866,0.00891999093082074);
#6188=CIRCLE('',#8867,1.75323365572086);
#6189=CIRCLE('',#8873,0.005525);
#6190=CIRCLE('',#8876,0.005525);
#6191=CIRCLE('',#8877,0.005525);
#6192=CIRCLE('',#8878,0.005525);
#6193=CIRCLE('',#8881,0.005525);
#6194=CIRCLE('',#8885,0.005525);
#6195=CIRCLE('',#8888,0.005525);
#6196=CIRCLE('',#8889,0.005525);
#6197=CIRCLE('',#8890,0.005525);
#6198=CIRCLE('',#8893,0.005525);
#6199=CIRCLE('',#8906,0.011);
#6200=CIRCLE('',#8907,0.011);
#6201=CIRCLE('',#8912,0.0003);
#6202=CIRCLE('',#8913,0.0006);
#6203=CIRCLE('',#8916,0.0006);
#6204=CIRCLE('',#8917,0.0003);
#6205=CIRCLE('',#8920,0.0006);
#6206=CIRCLE('',#8921,0.0003);
#6207=CIRCLE('',#8924,0.0003);
#6208=CIRCLE('',#8925,0.0006);
#6209=CIRCLE('',#8928,0.0003);
#6210=CIRCLE('',#8929,0.0006);
#6211=CIRCLE('',#8932,0.0006);
#6212=CIRCLE('',#8933,0.0003);
#6213=CIRCLE('',#8936,0.011);
#6214=CIRCLE('',#8943,0.011);
#6215=CIRCLE('',#8946,0.011);
#6216=CIRCLE('',#8947,0.011);
#6217=CIRCLE('',#8948,0.011);
#6218=CIRCLE('',#8949,0.011);
#6219=CIRCLE('',#8950,0.011);
#6220=CIRCLE('',#8954,0.011);
#6221=CIRCLE('',#8956,0.0009);
#6222=CIRCLE('',#8959,0.01105);
#6223=CIRCLE('',#8962,0.01105);
#6224=CIRCLE('',#8966,0.011);
#6225=CIRCLE('',#8970,0.01105);
#6226=CIRCLE('',#8974,0.01105);
#6227=CIRCLE('',#8976,0.01105);
#6228=CIRCLE('',#8980,0.01105);
#6229=CIRCLE('',#8986,0.00075);
#6230=CIRCLE('',#8989,0.011);
#6231=CIRCLE('',#8990,0.011);
#6232=CIRCLE('',#8994,0.01105);
#6233=CIRCLE('',#9003,0.005525);
#6234=CIRCLE('',#9004,0.005525);
#6235=CIRCLE('',#9005,0.005525);
#6236=CIRCLE('',#9006,0.005525);
#6237=CIRCLE('',#9007,0.005525);
#6238=CIRCLE('',#9031,0.0005);
#6239=CIRCLE('',#9032,0.0001);
#6240=CIRCLE('',#9034,0.0001);
#6241=CIRCLE('',#9035,0.0005);
#6242=CIRCLE('',#9038,0.011);
#6243=CIRCLE('',#9040,1.0000000000001E-5);
#6244=CIRCLE('',#9041,1.0000000000001E-5);
#6245=CIRCLE('',#9059,0.00041);
#6246=CIRCLE('',#9060,0.00041);
#6247=CIRCLE('',#9063,0.00041);
#6248=CIRCLE('',#9064,0.00041);
#6249=CIRCLE('',#9066,0.00041);
#6250=CIRCLE('',#9067,0.00041);
#6251=CIRCLE('',#9069,0.011);
#6252=CIRCLE('',#9070,0.011);
#6253=CIRCLE('',#9072,0.00041);
#6254=CIRCLE('',#9073,0.00041);
#6255=CIRCLE('',#9075,0.011);
#6256=CIRCLE('',#9076,0.011);
#6257=CIRCLE('',#9078,0.00041);
#6258=CIRCLE('',#9079,0.00041);
#6259=CIRCLE('',#9084,1.0000000000001E-5);
#6260=CIRCLE('',#9085,1.0000000000001E-5);
#6261=CIRCLE('',#9087,0.0005);
#6262=CIRCLE('',#9088,0.0001);
#6263=CIRCLE('',#9090,0.0009);
#6264=CIRCLE('',#9092,0.0001);
#6265=CIRCLE('',#9093,0.0005);
#6266=CIRCLE('',#9096,0.01105);
#6267=CIRCLE('',#9102,1.0000000000001E-5);
#6268=CIRCLE('',#9103,1.0000000000001E-5);
#6269=CIRCLE('',#9114,0.00075);
#6270=CIRCLE('',#9117,1.0000000000001E-5);
#6271=CIRCLE('',#9118,1.0000000000001E-5);
#6272=CIRCLE('',#9123,0.005525);
#6273=CIRCLE('',#9126,0.005525);
#6274=CIRCLE('',#9128,0.005525);
#6275=CIRCLE('',#9131,0.005525);
#6276=CIRCLE('',#9143,0.0004);
#6277=CIRCLE('',#9144,0.0004);
#6278=CIRCLE('',#9153,0.0004);
#6279=CIRCLE('',#9154,0.0004);
#6280=CIRCLE('',#9156,0.0004);
#6281=CIRCLE('',#9157,0.0004);
#6282=CIRCLE('',#9161,0.0005);
#6283=CIRCLE('',#9163,0.0004);
#6284=CIRCLE('',#9164,0.0004);
#6285=CIRCLE('',#9166,0.0005);
#6286=CIRCLE('',#9172,0.0004);
#6287=CIRCLE('',#9173,0.0004);
#6288=CIRCLE('',#9177,0.0005);
#6289=CIRCLE('',#9179,0.0005);
#6290=CIRCLE('',#9218,0.0004);
#6291=CIRCLE('',#9220,1.E-5);
#6292=CIRCLE('',#9222,1.E-5);
#6293=CIRCLE('',#9224,0.0004);
#6294=CIRCLE('',#9226,0.0005);
#6295=CIRCLE('',#9227,0.0005);
#6296=CIRCLE('',#9240,0.0009);
#6297=CIRCLE('',#9246,0.0073);
#6298=CIRCLE('',#9248,0.0075);
#6299=CIRCLE('',#9255,0.0075);
#6300=CIRCLE('',#9257,0.0073);
#6301=CIRCLE('',#9259,0.0075);
#6302=CIRCLE('',#9263,0.0073);
#6303=CIRCLE('',#9265,0.0075);
#6304=CIRCLE('',#9272,0.0075);
#6305=CIRCLE('',#9274,0.0073);
#6306=CIRCLE('',#9277,0.0001);
#6307=CIRCLE('',#9278,0.0001);
#6308=CIRCLE('',#9282,0.0009);
#6309=CIRCLE('',#9287,0.007);
#6310=CIRCLE('',#9288,0.0073);
#6311=CIRCLE('',#9289,0.0073);
#6312=CIRCLE('',#9294,0.007);
#6313=CIRCLE('',#9296,0.0073);
#6314=CIRCLE('',#9297,0.0073);
#6315=EDGE_LOOP('',(#2100));
#6316=EDGE_LOOP('',(#2101));
#6317=EDGE_LOOP('',(#2102));
#6318=EDGE_LOOP('',(#2103));
#6319=EDGE_LOOP('',(#2104));
#6320=EDGE_LOOP('',(#2105));
#6321=EDGE_LOOP('',(#2106));
#6322=EDGE_LOOP('',(#2107));
#6323=EDGE_LOOP('',(#2108));
#6324=EDGE_LOOP('',(#2109));
#6325=EDGE_LOOP('',(#2110));
#6326=EDGE_LOOP('',(#2111,#2112));
#6327=EDGE_LOOP('',(#2113));
#6328=EDGE_LOOP('',(#2114));
#6329=EDGE_LOOP('',(#2115));
#6330=EDGE_LOOP('',(#2116));
#6331=EDGE_LOOP('',(#2117));
#6332=EDGE_LOOP('',(#2118));
#6333=EDGE_LOOP('',(#2119));
#6334=EDGE_LOOP('',(#2120));
#6335=EDGE_LOOP('',(#2121));
#6336=EDGE_LOOP('',(#2122));
#6337=EDGE_LOOP('',(#2123));
#6338=EDGE_LOOP('',(#2124,#2125,#2126,#2127,#2128,#2129,#2130,#2131,#2132,
#2133,#2134,#2135,#2136,#2137,#2138,#2139));
#6339=EDGE_LOOP('',(#2140));
#6340=EDGE_LOOP('',(#2141));
#6341=EDGE_LOOP('',(#2142));
#6342=EDGE_LOOP('',(#2143));
#6343=EDGE_LOOP('',(#2144));
#6344=EDGE_LOOP('',(#2145));
#6345=EDGE_LOOP('',(#2146));
#6346=EDGE_LOOP('',(#2147));
#6347=EDGE_LOOP('',(#2148));
#6348=EDGE_LOOP('',(#2149));
#6349=EDGE_LOOP('',(#2150));
#6350=EDGE_LOOP('',(#2151));
#6351=EDGE_LOOP('',(#2152));
#6352=EDGE_LOOP('',(#2153));
#6353=EDGE_LOOP('',(#2154));
#6354=EDGE_LOOP('',(#2155));
#6355=EDGE_LOOP('',(#2156));
#6356=EDGE_LOOP('',(#2157));
#6357=EDGE_LOOP('',(#2158,#2159,#2160,#2161,#2162));
#6358=EDGE_LOOP('',(#2163));
#6359=EDGE_LOOP('',(#2164,#2165,#2166,#2167,#2168));
#6360=EDGE_LOOP('',(#2169));
#6361=EDGE_LOOP('',(#2170,#2171,#2172,#2173,#2174,#2175,#2176,#2177,#2178,
#2179,#2180,#2181,#2182,#2183,#2184,#2185,#2186,#2187,#2188,#2189,#2190,
#2191,#2192,#2193,#2194));
#6362=EDGE_LOOP('',(#2195,#2196,#2197,#2198));
#6363=EDGE_LOOP('',(#2199,#2200,#2201,#2202,#2203,#2204,#2205));
#6364=EDGE_LOOP('',(#2206));
#6365=EDGE_LOOP('',(#2207));
#6366=EDGE_LOOP('',(#2208,#2209,#2210,#2211,#2212));
#6367=EDGE_LOOP('',(#2213,#2214,#2215,#2216));
#6368=EDGE_LOOP('',(#2217));
#6369=EDGE_LOOP('',(#2218));
#6370=EDGE_LOOP('',(#2219,#2220,#2221,#2222,#2223,#2224,#2225,#2226,#2227,
#2228,#2229,#2230,#2231,#2232,#2233,#2234,#2235,#2236,#2237,#2238));
#6371=EDGE_LOOP('',(#2239,#2240,#2241,#2242,#2243,#2244,#2245,#2246));
#6372=EDGE_LOOP('',(#2247));
#6373=EDGE_LOOP('',(#2248));
#6374=EDGE_LOOP('',(#2249,#2250,#2251,#2252));
#6375=EDGE_LOOP('',(#2253,#2254,#2255,#2256,#2257,#2258));
#6376=EDGE_LOOP('',(#2259));
#6377=EDGE_LOOP('',(#2260));
#6378=EDGE_LOOP('',(#2261,#2262,#2263,#2264,#2265,#2266));
#6379=EDGE_LOOP('',(#2267));
#6380=EDGE_LOOP('',(#2268,#2269,#2270,#2271,#2272,#2273));
#6381=EDGE_LOOP('',(#2274));
#6382=EDGE_LOOP('',(#2275,#2276,#2277,#2278));
#6383=EDGE_LOOP('',(#2279));
#6384=EDGE_LOOP('',(#2280));
#6385=EDGE_LOOP('',(#2281));
#6386=EDGE_LOOP('',(#2282));
#6387=EDGE_LOOP('',(#2283));
#6388=EDGE_LOOP('',(#2284));
#6389=EDGE_LOOP('',(#2285));
#6390=EDGE_LOOP('',(#2286));
#6391=EDGE_LOOP('',(#2287));
#6392=EDGE_LOOP('',(#2288));
#6393=EDGE_LOOP('',(#2289));
#6394=EDGE_LOOP('',(#2290));
#6395=EDGE_LOOP('',(#2291));
#6396=EDGE_LOOP('',(#2292));
#6397=EDGE_LOOP('',(#2293));
#6398=EDGE_LOOP('',(#2294,#2295,#2296,#2297,#2298,#2299,#2300,#2301,#2302,
#2303,#2304,#2305,#2306,#2307,#2308,#2309,#2310,#2311,#2312,#2313,#2314,
#2315,#2316,#2317,#2318,#2319,#2320,#2321,#2322,#2323,#2324,#2325,#2326,
#2327,#2328,#2329,#2330,#2331,#2332,#2333,#2334,#2335,#2336,#2337,#2338,
#2339,#2340,#2341,#2342,#2343,#2344,#2345,#2346,#2347,#2348,#2349,#2350,
#2351,#2352,#2353));
#6399=EDGE_LOOP('',(#2354,#2355,#2356,#2357));
#6400=EDGE_LOOP('',(#2358,#2359,#2360,#2361));
#6401=EDGE_LOOP('',(#2362,#2363,#2364,#2365,#2366));
#6402=EDGE_LOOP('',(#2367,#2368,#2369,#2370));
#6403=EDGE_LOOP('',(#2371,#2372,#2373,#2374));
#6404=EDGE_LOOP('',(#2375,#2376,#2377,#2378,#2379));
#6405=EDGE_LOOP('',(#2380,#2381,#2382,#2383));
#6406=EDGE_LOOP('',(#2384,#2385,#2386,#2387));
#6407=EDGE_LOOP('',(#2388,#2389,#2390,#2391));
#6408=EDGE_LOOP('',(#2392,#2393,#2394,#2395,#2396,#2397,#2398,#2399));
#6409=EDGE_LOOP('',(#2400,#2401,#2402,#2403,#2404));
#6410=EDGE_LOOP('',(#2405,#2406,#2407,#2408));
#6411=EDGE_LOOP('',(#2409,#2410,#2411,#2412));
#6412=EDGE_LOOP('',(#2413,#2414,#2415,#2416,#2417));
#6413=EDGE_LOOP('',(#2418,#2419,#2420,#2421));
#6414=EDGE_LOOP('',(#2422,#2423,#2424,#2425));
#6415=EDGE_LOOP('',(#2426,#2427,#2428,#2429));
#6416=EDGE_LOOP('',(#2430,#2431,#2432,#2433));
#6417=EDGE_LOOP('',(#2434,#2435,#2436,#2437));
#6418=EDGE_LOOP('',(#2438,#2439,#2440,#2441));
#6419=EDGE_LOOP('',(#2442,#2443,#2444,#2445));
#6420=EDGE_LOOP('',(#2446,#2447,#2448,#2449));
#6421=EDGE_LOOP('',(#2450,#2451,#2452,#2453));
#6422=EDGE_LOOP('',(#2454,#2455,#2456,#2457));
#6423=EDGE_LOOP('',(#2458,#2459,#2460,#2461));
#6424=EDGE_LOOP('',(#2462,#2463,#2464,#2465));
#6425=EDGE_LOOP('',(#2466,#2467,#2468,#2469));
#6426=EDGE_LOOP('',(#2470,#2471,#2472,#2473));
#6427=EDGE_LOOP('',(#2474,#2475,#2476,#2477));
#6428=EDGE_LOOP('',(#2478,#2479,#2480,#2481));
#6429=EDGE_LOOP('',(#2482,#2483,#2484,#2485));
#6430=EDGE_LOOP('',(#2486,#2487,#2488,#2489));
#6431=EDGE_LOOP('',(#2490,#2491,#2492,#2493,#2494,#2495,#2496,#2497,#2498,
#2499,#2500,#2501,#2502,#2503,#2504,#2505,#2506,#2507,#2508,#2509,#2510,
#2511,#2512,#2513,#2514));
#6432=EDGE_LOOP('',(#2515,#2516,#2517,#2518));
#6433=EDGE_LOOP('',(#2519,#2520,#2521,#2522));
#6434=EDGE_LOOP('',(#2523,#2524,#2525,#2526));
#6435=EDGE_LOOP('',(#2527));
#6436=EDGE_LOOP('',(#2528));
#6437=EDGE_LOOP('',(#2529,#2530,#2531));
#6438=EDGE_LOOP('',(#2532,#2533,#2534,#2535));
#6439=EDGE_LOOP('',(#2536,#2537,#2538));
#6440=EDGE_LOOP('',(#2539,#2540,#2541,#2542));
#6441=EDGE_LOOP('',(#2543,#2544,#2545,#2546));
#6442=EDGE_LOOP('',(#2547,#2548,#2549));
#6443=EDGE_LOOP('',(#2550,#2551,#2552,#2553));
#6444=EDGE_LOOP('',(#2554,#2555,#2556));
#6445=EDGE_LOOP('',(#2557,#2558,#2559));
#6446=EDGE_LOOP('',(#2560,#2561,#2562,#2563));
#6447=EDGE_LOOP('',(#2564,#2565,#2566));
#6448=EDGE_LOOP('',(#2567,#2568,#2569,#2570));
#6449=EDGE_LOOP('',(#2571,#2572,#2573,#2574));
#6450=EDGE_LOOP('',(#2575,#2576,#2577));
#6451=EDGE_LOOP('',(#2578,#2579,#2580,#2581));
#6452=EDGE_LOOP('',(#2582,#2583,#2584));
#6453=EDGE_LOOP('',(#2585));
#6454=EDGE_LOOP('',(#2586));
#6455=EDGE_LOOP('',(#2587));
#6456=EDGE_LOOP('',(#2588));
#6457=EDGE_LOOP('',(#2589));
#6458=EDGE_LOOP('',(#2590));
#6459=EDGE_LOOP('',(#2591));
#6460=EDGE_LOOP('',(#2592,#2593,#2594,#2595,#2596,#2597,#2598,#2599,#2600,
#2601,#2602));
#6461=EDGE_LOOP('',(#2603));
#6462=EDGE_LOOP('',(#2604,#2605,#2606,#2607,#2608,#2609,#2610));
#6463=EDGE_LOOP('',(#2611,#2612,#2613,#2614,#2615,#2616,#2617,#2618,#2619,
#2620,#2621,#2622));
#6464=EDGE_LOOP('',(#2623,#2624,#2625));
#6465=EDGE_LOOP('',(#2626,#2627,#2628,#2629));
#6466=EDGE_LOOP('',(#2630,#2631,#2632,#2633));
#6467=EDGE_LOOP('',(#2634,#2635,#2636,#2637,#2638,#2639,#2640,#2641));
#6468=EDGE_LOOP('',(#2642,#2643,#2644,#2645));
#6469=EDGE_LOOP('',(#2646,#2647,#2648,#2649,#2650,#2651,#2652,#2653));
#6470=EDGE_LOOP('',(#2654,#2655,#2656,#2657));
#6471=EDGE_LOOP('',(#2658,#2659,#2660,#2661,#2662,#2663,#2664,#2665));
#6472=EDGE_LOOP('',(#2666,#2667,#2668,#2669));
#6473=EDGE_LOOP('',(#2670,#2671,#2672,#2673,#2674,#2675,#2676,#2677));
#6474=EDGE_LOOP('',(#2678,#2679,#2680,#2681));
#6475=EDGE_LOOP('',(#2682,#2683,#2684,#2685,#2686,#2687,#2688,#2689));
#6476=EDGE_LOOP('',(#2690,#2691,#2692,#2693));
#6477=EDGE_LOOP('',(#2694,#2695,#2696,#2697,#2698,#2699,#2700,#2701));
#6478=EDGE_LOOP('',(#2702,#2703,#2704,#2705,#2706));
#6479=EDGE_LOOP('',(#2707,#2708,#2709,#2710,#2711,#2712));
#6480=EDGE_LOOP('',(#2713,#2714,#2715,#2716,#2717,#2718));
#6481=EDGE_LOOP('',(#2719,#2720,#2721,#2722));
#6482=EDGE_LOOP('',(#2723,#2724,#2725,#2726,#2727,#2728,#2729));
#6483=EDGE_LOOP('',(#2730,#2731,#2732,#2733));
#6484=EDGE_LOOP('',(#2734,#2735,#2736,#2737,#2738,#2739));
#6485=EDGE_LOOP('',(#2740,#2741,#2742,#2743,#2744,#2745));
#6486=EDGE_LOOP('',(#2746,#2747,#2748,#2749,#2750));
#6487=EDGE_LOOP('',(#2751,#2752,#2753,#2754,#2755,#2756,#2757,#2758,#2759,
#2760,#2761,#2762,#2763,#2764,#2765,#2766,#2767,#2768,#2769,#2770,#2771,
#2772,#2773,#2774));
#6488=EDGE_LOOP('',(#2775));
#6489=EDGE_LOOP('',(#2776,#2777,#2778,#2779));
#6490=EDGE_LOOP('',(#2780,#2781,#2782));
#6491=EDGE_LOOP('',(#2783,#2784,#2785,#2786,#2787,#2788,#2789,#2790,#2791,
#2792,#2793,#2794));
#6492=EDGE_LOOP('',(#2795,#2796,#2797,#2798,#2799,#2800,#2801,#2802,#2803,
#2804,#2805));
#6493=EDGE_LOOP('',(#2806));
#6494=EDGE_LOOP('',(#2807,#2808,#2809,#2810,#2811,#2812,#2813,#2814));
#6495=EDGE_LOOP('',(#2815,#2816,#2817,#2818));
#6496=EDGE_LOOP('',(#2819,#2820,#2821,#2822));
#6497=EDGE_LOOP('',(#2823,#2824,#2825,#2826));
#6498=EDGE_LOOP('',(#2827,#2828,#2829,#2830,#2831));
#6499=EDGE_LOOP('',(#2832,#2833,#2834,#2835,#2836,#2837,#2838,#2839));
#6500=EDGE_LOOP('',(#2840,#2841,#2842,#2843,#2844,#2845));
#6501=EDGE_LOOP('',(#2846,#2847,#2848,#2849,#2850,#2851));
#6502=EDGE_LOOP('',(#2852,#2853,#2854,#2855,#2856,#2857,#2858,#2859));
#6503=EDGE_LOOP('',(#2860,#2861,#2862,#2863));
#6504=EDGE_LOOP('',(#2864,#2865,#2866,#2867));
#6505=EDGE_LOOP('',(#2868,#2869,#2870,#2871,#2872,#2873,#2874,#2875));
#6506=EDGE_LOOP('',(#2876,#2877,#2878,#2879));
#6507=EDGE_LOOP('',(#2880,#2881,#2882,#2883));
#6508=EDGE_LOOP('',(#2884,#2885,#2886,#2887));
#6509=EDGE_LOOP('',(#2888,#2889,#2890,#2891));
#6510=EDGE_LOOP('',(#2892,#2893,#2894,#2895));
#6511=EDGE_LOOP('',(#2896,#2897,#2898,#2899));
#6512=EDGE_LOOP('',(#2900,#2901,#2902));
#6513=EDGE_LOOP('',(#2903,#2904,#2905,#2906,#2907,#2908));
#6514=EDGE_LOOP('',(#2909,#2910,#2911,#2912,#2913,#2914));
#6515=EDGE_LOOP('',(#2915,#2916,#2917,#2918,#2919,#2920));
#6516=EDGE_LOOP('',(#2921,#2922,#2923,#2924,#2925,#2926,#2927,#2928));
#6517=EDGE_LOOP('',(#2929,#2930,#2931,#2932,#2933));
#6518=EDGE_LOOP('',(#2934,#2935,#2936,#2937));
#6519=EDGE_LOOP('',(#2938,#2939,#2940,#2941,#2942,#2943,#2944,#2945));
#6520=EDGE_LOOP('',(#2946));
#6521=EDGE_LOOP('',(#2947));
#6522=EDGE_LOOP('',(#2948));
#6523=EDGE_LOOP('',(#2949,#2950,#2951,#2952,#2953,#2954,#2955,#2956));
#6524=EDGE_LOOP('',(#2957,#2958,#2959,#2960));
#6525=EDGE_LOOP('',(#2961,#2962,#2963,#2964,#2965,#2966,#2967,#2968));
#6526=EDGE_LOOP('',(#2969,#2970,#2971,#2972));
#6527=EDGE_LOOP('',(#2973,#2974,#2975,#2976,#2977,#2978,#2979,#2980,#2981,
#2982,#2983,#2984,#2985,#2986,#2987,#2988,#2989,#2990,#2991,#2992,#2993,
#2994,#2995,#2996));
#6528=EDGE_LOOP('',(#2997,#2998));
#6529=EDGE_LOOP('',(#2999,#3000,#3001,#3002));
#6530=EDGE_LOOP('',(#3003,#3004,#3005,#3006));
#6531=EDGE_LOOP('',(#3007,#3008,#3009,#3010));
#6532=EDGE_LOOP('',(#3011,#3012,#3013,#3014));
#6533=EDGE_LOOP('',(#3015,#3016,#3017,#3018));
#6534=EDGE_LOOP('',(#3019,#3020,#3021,#3022,#3023,#3024,#3025,#3026));
#6535=EDGE_LOOP('',(#3027,#3028,#3029,#3030));
#6536=EDGE_LOOP('',(#3031,#3032,#3033,#3034,#3035,#3036,#3037,#3038));
#6537=EDGE_LOOP('',(#3039,#3040,#3041,#3042,#3043,#3044,#3045,#3046));
#6538=EDGE_LOOP('',(#3047,#3048,#3049,#3050));
#6539=EDGE_LOOP('',(#3051,#3052,#3053,#3054,#3055,#3056,#3057,#3058));
#6540=EDGE_LOOP('',(#3059,#3060,#3061,#3062));
#6541=EDGE_LOOP('',(#3063,#3064,#3065,#3066));
#6542=EDGE_LOOP('',(#3067,#3068,#3069,#3070));
#6543=EDGE_LOOP('',(#3071,#3072,#3073,#3074));
#6544=EDGE_LOOP('',(#3075,#3076,#3077,#3078));
#6545=EDGE_LOOP('',(#3079,#3080,#3081,#3082));
#6546=EDGE_LOOP('',(#3083,#3084,#3085,#3086,#3087,#3088,#3089,#3090));
#6547=EDGE_LOOP('',(#3091,#3092,#3093,#3094));
#6548=EDGE_LOOP('',(#3095,#3096,#3097,#3098,#3099,#3100,#3101,#3102));
#6549=EDGE_LOOP('',(#3103));
#6550=EDGE_LOOP('',(#3104));
#6551=EDGE_LOOP('',(#3105,#3106,#3107,#3108,#3109,#3110,#3111));
#6552=EDGE_LOOP('',(#3112,#3113,#3114,#3115,#3116,#3117,#3118));
#6553=EDGE_LOOP('',(#3119,#3120,#3121,#3122));
#6554=EDGE_LOOP('',(#3123,#3124,#3125,#3126,#3127,#3128));
#6555=EDGE_LOOP('',(#3129,#3130,#3131,#3132));
#6556=EDGE_LOOP('',(#3133,#3134,#3135,#3136,#3137));
#6557=EDGE_LOOP('',(#3138,#3139,#3140,#3141,#3142,#3143));
#6558=EDGE_LOOP('',(#3144,#3145,#3146,#3147,#3148,#3149,#3150,#3151,#3152,
#3153,#3154,#3155));
#6559=EDGE_LOOP('',(#3156,#3157,#3158,#3159));
#6560=EDGE_LOOP('',(#3160,#3161,#3162,#3163));
#6561=EDGE_LOOP('',(#3164,#3165,#3166,#3167));
#6562=EDGE_LOOP('',(#3168,#3169,#3170,#3171));
#6563=EDGE_LOOP('',(#3172,#3173,#3174,#3175));
#6564=EDGE_LOOP('',(#3176,#3177,#3178,#3179));
#6565=EDGE_LOOP('',(#3180,#3181,#3182,#3183));
#6566=EDGE_LOOP('',(#3184,#3185,#3186,#3187));
#6567=EDGE_LOOP('',(#3188,#3189,#3190,#3191));
#6568=EDGE_LOOP('',(#3192,#3193,#3194,#3195));
#6569=EDGE_LOOP('',(#3196,#3197,#3198,#3199));
#6570=EDGE_LOOP('',(#3200,#3201,#3202,#3203));
#6571=EDGE_LOOP('',(#3204,#3205,#3206,#3207));
#6572=EDGE_LOOP('',(#3208,#3209,#3210,#3211));
#6573=EDGE_LOOP('',(#3212,#3213,#3214,#3215,#3216));
#6574=EDGE_LOOP('',(#3217,#3218,#3219,#3220));
#6575=EDGE_LOOP('',(#3221,#3222,#3223,#3224));
#6576=EDGE_LOOP('',(#3225,#3226,#3227,#3228,#3229,#3230));
#6577=EDGE_LOOP('',(#3231,#3232,#3233,#3234));
#6578=EDGE_LOOP('',(#3235,#3236,#3237,#3238,#3239,#3240));
#6579=EDGE_LOOP('',(#3241,#3242,#3243,#3244));
#6580=EDGE_LOOP('',(#3245,#3246,#3247,#3248,#3249,#3250,#3251,#3252,#3253,
#3254,#3255,#3256));
#6581=EDGE_LOOP('',(#3257,#3258,#3259));
#6582=EDGE_LOOP('',(#3260,#3261,#3262,#3263,#3264,#3265));
#6583=EDGE_LOOP('',(#3266,#3267,#3268,#3269));
#6584=EDGE_LOOP('',(#3270,#3271,#3272,#3273,#3274,#3275,#3276));
#6585=EDGE_LOOP('',(#3277,#3278,#3279,#3280));
#6586=EDGE_LOOP('',(#3281,#3282,#3283,#3284,#3285,#3286,#3287));
#6587=EDGE_LOOP('',(#3288,#3289,#3290,#3291));
#6588=EDGE_LOOP('',(#3292,#3293,#3294,#3295));
#6589=EDGE_LOOP('',(#3296,#3297,#3298,#3299));
#6590=EDGE_LOOP('',(#3300,#3301,#3302,#3303));
#6591=EDGE_LOOP('',(#3304,#3305,#3306,#3307));
#6592=EDGE_LOOP('',(#3308,#3309,#3310,#3311));
#6593=EDGE_LOOP('',(#3312,#3313,#3314,#3315));
#6594=EDGE_LOOP('',(#3316,#3317,#3318,#3319));
#6595=EDGE_LOOP('',(#3320,#3321,#3322,#3323,#3324,#3325,#3326,#3327));
#6596=EDGE_LOOP('',(#3328,#3329,#3330,#3331,#3332,#3333));
#6597=EDGE_LOOP('',(#3334,#3335,#3336,#3337));
#6598=EDGE_LOOP('',(#3338,#3339,#3340,#3341));
#6599=EDGE_LOOP('',(#3342,#3343,#3344,#3345));
#6600=EDGE_LOOP('',(#3346,#3347,#3348,#3349));
#6601=EDGE_LOOP('',(#3350,#3351,#3352,#3353));
#6602=EDGE_LOOP('',(#3354,#3355,#3356,#3357));
#6603=EDGE_LOOP('',(#3358,#3359,#3360,#3361,#3362,#3363));
#6604=EDGE_LOOP('',(#3364,#3365,#3366,#3367));
#6605=EDGE_LOOP('',(#3368,#3369,#3370,#3371));
#6606=EDGE_LOOP('',(#3372,#3373,#3374,#3375));
#6607=EDGE_LOOP('',(#3376,#3377,#3378,#3379));
#6608=EDGE_LOOP('',(#3380,#3381,#3382,#3383));
#6609=EDGE_LOOP('',(#3384,#3385,#3386,#3387));
#6610=EDGE_LOOP('',(#3388,#3389,#3390,#3391));
#6611=EDGE_LOOP('',(#3392,#3393,#3394,#3395));
#6612=EDGE_LOOP('',(#3396,#3397,#3398,#3399));
#6613=EDGE_LOOP('',(#3400,#3401,#3402,#3403));
#6614=EDGE_LOOP('',(#3404,#3405,#3406,#3407));
#6615=EDGE_LOOP('',(#3408,#3409,#3410,#3411));
#6616=EDGE_LOOP('',(#3412,#3413,#3414,#3415));
#6617=EDGE_LOOP('',(#3416,#3417,#3418,#3419));
#6618=EDGE_LOOP('',(#3420,#3421,#3422,#3423));
#6619=EDGE_LOOP('',(#3424,#3425,#3426,#3427));
#6620=EDGE_LOOP('',(#3428,#3429,#3430,#3431));
#6621=EDGE_LOOP('',(#3432,#3433,#3434,#3435));
#6622=EDGE_LOOP('',(#3436,#3437,#3438,#3439));
#6623=EDGE_LOOP('',(#3440,#3441,#3442,#3443));
#6624=EDGE_LOOP('',(#3444,#3445,#3446,#3447));
#6625=EDGE_LOOP('',(#3448,#3449,#3450,#3451));
#6626=EDGE_LOOP('',(#3452,#3453,#3454,#3455,#3456,#3457));
#6627=EDGE_LOOP('',(#3458,#3459,#3460,#3461,#3462,#3463));
#6628=EDGE_LOOP('',(#3464,#3465,#3466,#3467,#3468,#3469));
#6629=EDGE_LOOP('',(#3470,#3471,#3472,#3473,#3474,#3475,#3476,#3477,#3478,
#3479));
#6630=EDGE_LOOP('',(#3480,#3481,#3482,#3483,#3484,#3485,#3486,#3487,#3488,
#3489));
#6631=EDGE_LOOP('',(#3490,#3491,#3492,#3493,#3494,#3495,#3496,#3497,#3498,
#3499));
#6632=EDGE_LOOP('',(#3500,#3501,#3502,#3503,#3504,#3505,#3506,#3507,#3508,
#3509));
#6633=EDGE_LOOP('',(#3510,#3511,#3512,#3513,#3514,#3515,#3516,#3517,#3518,
#3519));
#6634=EDGE_LOOP('',(#3520,#3521,#3522,#3523,#3524,#3525,#3526,#3527,#3528,
#3529));
#6635=EDGE_LOOP('',(#3530,#3531,#3532,#3533,#3534,#3535));
#6636=EDGE_LOOP('',(#3536,#3537,#3538,#3539,#3540,#3541));
#6637=EDGE_LOOP('',(#3542,#3543,#3544));
#6638=EDGE_LOOP('',(#3545,#3546,#3547));
#6639=EDGE_LOOP('',(#3548,#3549,#3550,#3551,#3552,#3553,#3554,#3555));
#6640=EDGE_LOOP('',(#3556,#3557,#3558,#3559,#3560,#3561));
#6641=EDGE_LOOP('',(#3562,#3563,#3564,#3565,#3566,#3567,#3568,#3569));
#6642=EDGE_LOOP('',(#3570,#3571,#3572,#3573,#3574,#3575,#3576,#3577));
#6643=EDGE_LOOP('',(#3578));
#6644=EDGE_LOOP('',(#3579,#3580,#3581,#3582));
#6645=EDGE_LOOP('',(#3583,#3584,#3585,#3586,#3587,#3588));
#6646=EDGE_LOOP('',(#3589,#3590,#3591,#3592));
#6647=EDGE_LOOP('',(#3593,#3594,#3595,#3596,#3597,#3598));
#6648=EDGE_LOOP('',(#3599,#3600,#3601,#3602));
#6649=EDGE_LOOP('',(#3603,#3604,#3605,#3606));
#6650=EDGE_LOOP('',(#3607,#3608,#3609,#3610));
#6651=EDGE_LOOP('',(#3611,#3612,#3613,#3614,#3615,#3616));
#6652=EDGE_LOOP('',(#3617,#3618,#3619,#3620,#3621,#3622,#3623,#3624));
#6653=EDGE_LOOP('',(#3625,#3626,#3627,#3628,#3629,#3630,#3631,#3632));
#6654=EDGE_LOOP('',(#3633,#3634,#3635,#3636,#3637,#3638));
#6655=EDGE_LOOP('',(#3639,#3640,#3641,#3642));
#6656=EDGE_LOOP('',(#3643,#3644,#3645,#3646));
#6657=EDGE_LOOP('',(#3647,#3648,#3649,#3650));
#6658=EDGE_LOOP('',(#3651,#3652,#3653,#3654));
#6659=EDGE_LOOP('',(#3655,#3656,#3657,#3658,#3659,#3660));
#6660=EDGE_LOOP('',(#3661,#3662,#3663,#3664));
#6661=EDGE_LOOP('',(#3665,#3666,#3667,#3668));
#6662=EDGE_LOOP('',(#3669,#3670,#3671,#3672,#3673,#3674,#3675,#3676));
#6663=EDGE_LOOP('',(#3677,#3678,#3679,#3680,#3681,#3682,#3683,#3684));
#6664=EDGE_LOOP('',(#3685,#3686,#3687,#3688));
#6665=EDGE_LOOP('',(#3689,#3690,#3691,#3692));
#6666=EDGE_LOOP('',(#3693,#3694,#3695,#3696));
#6667=EDGE_LOOP('',(#3697,#3698,#3699,#3700));
#6668=EDGE_LOOP('',(#3701,#3702,#3703,#3704));
#6669=EDGE_LOOP('',(#3705,#3706,#3707,#3708));
#6670=EDGE_LOOP('',(#3709,#3710,#3711,#3712));
#6671=EDGE_LOOP('',(#3713,#3714,#3715,#3716));
#6672=EDGE_LOOP('',(#3717,#3718,#3719,#3720));
#6673=EDGE_LOOP('',(#3721,#3722,#3723,#3724));
#6674=EDGE_LOOP('',(#3725,#3726,#3727,#3728));
#6675=EDGE_LOOP('',(#3729,#3730,#3731,#3732));
#6676=EDGE_LOOP('',(#3733,#3734,#3735,#3736));
#6677=EDGE_LOOP('',(#3737,#3738,#3739,#3740));
#6678=EDGE_LOOP('',(#3741,#3742,#3743,#3744));
#6679=EDGE_LOOP('',(#3745,#3746,#3747,#3748,#3749,#3750,#3751,#3752));
#6680=EDGE_LOOP('',(#3753,#3754,#3755,#3756,#3757,#3758,#3759,#3760));
#6681=EDGE_LOOP('',(#3761,#3762,#3763,#3764));
#6682=EDGE_LOOP('',(#3765,#3766,#3767,#3768,#3769,#3770));
#6683=EDGE_LOOP('',(#3771,#3772,#3773,#3774));
#6684=EDGE_LOOP('',(#3775,#3776,#3777,#3778));
#6685=EDGE_LOOP('',(#3779,#3780,#3781,#3782,#3783,#3784,#3785,#3786));
#6686=EDGE_LOOP('',(#3787,#3788,#3789,#3790,#3791,#3792,#3793,#3794));
#6687=EDGE_LOOP('',(#3795,#3796,#3797,#3798));
#6688=EDGE_LOOP('',(#3799,#3800,#3801,#3802));
#6689=EDGE_LOOP('',(#3803,#3804,#3805,#3806));
#6690=EDGE_LOOP('',(#3807,#3808,#3809,#3810));
#6691=EDGE_LOOP('',(#3811,#3812,#3813,#3814));
#6692=EDGE_LOOP('',(#3815,#3816,#3817,#3818,#3819,#3820,#3821,#3822));
#6693=EDGE_LOOP('',(#3823,#3824,#3825,#3826,#3827,#3828,#3829,#3830));
#6694=EDGE_LOOP('',(#3831,#3832,#3833,#3834));
#6695=EDGE_LOOP('',(#3835,#3836,#3837,#3838,#3839,#3840));
#6696=EDGE_LOOP('',(#3841,#3842,#3843,#3844));
#6697=EDGE_LOOP('',(#3845,#3846,#3847,#3848,#3849,#3850,#3851,#3852));
#6698=EDGE_LOOP('',(#3853,#3854,#3855,#3856,#3857,#3858,#3859,#3860));
#6699=EDGE_LOOP('',(#3861,#3862,#3863,#3864));
#6700=EDGE_LOOP('',(#3865,#3866,#3867,#3868));
#6701=EDGE_LOOP('',(#3869,#3870,#3871,#3872));
#6702=EDGE_LOOP('',(#3873,#3874,#3875,#3876));
#6703=EDGE_LOOP('',(#3877,#3878,#3879,#3880));
#6704=EDGE_LOOP('',(#3881,#3882,#3883,#3884));
#6705=EDGE_LOOP('',(#3885,#3886,#3887,#3888,#3889,#3890,#3891,#3892,#3893,
#3894,#3895,#3896));
#6706=EDGE_LOOP('',(#3897,#3898,#3899,#3900));
#6707=EDGE_LOOP('',(#3901,#3902,#3903,#3904,#3905,#3906));
#6708=EDGE_LOOP('',(#3907,#3908,#3909,#3910));
#6709=EDGE_LOOP('',(#3911,#3912,#3913,#3914));
#6710=EDGE_LOOP('',(#3915,#3916,#3917,#3918));
#6711=EDGE_LOOP('',(#3919,#3920,#3921,#3922));
#6712=EDGE_LOOP('',(#3923,#3924,#3925,#3926));
#6713=EDGE_LOOP('',(#3927,#3928,#3929,#3930));
#6714=EDGE_LOOP('',(#3931,#3932,#3933,#3934));
#6715=EDGE_LOOP('',(#3935,#3936,#3937,#3938));
#6716=EDGE_LOOP('',(#3939,#3940,#3941,#3942,#3943,#3944,#3945));
#6717=EDGE_LOOP('',(#3946,#3947,#3948,#3949));
#6718=EDGE_LOOP('',(#3950,#3951,#3952,#3953));
#6719=EDGE_LOOP('',(#3954,#3955,#3956,#3957));
#6720=EDGE_LOOP('',(#3958,#3959,#3960,#3961,#3962,#3963,#3964));
#6721=EDGE_LOOP('',(#3965,#3966,#3967,#3968));
#6722=EDGE_LOOP('',(#3969,#3970,#3971,#3972));
#6723=EDGE_LOOP('',(#3973,#3974,#3975,#3976));
#6724=EDGE_LOOP('',(#3977,#3978,#3979,#3980));
#6725=EDGE_LOOP('',(#3981,#3982,#3983,#3984));
#6726=EDGE_LOOP('',(#3985,#3986,#3987,#3988));
#6727=EDGE_LOOP('',(#3989,#3990,#3991,#3992));
#6728=EDGE_LOOP('',(#3993,#3994,#3995,#3996,#3997,#3998,#3999));
#6729=EDGE_LOOP('',(#4000,#4001,#4002,#4003));
#6730=EDGE_LOOP('',(#4004,#4005,#4006,#4007));
#6731=EDGE_LOOP('',(#4008,#4009,#4010,#4011));
#6732=EDGE_LOOP('',(#4012,#4013,#4014,#4015,#4016,#4017,#4018));
#6733=EDGE_LOOP('',(#4019,#4020,#4021,#4022));
#6734=EDGE_LOOP('',(#4023,#4024,#4025,#4026));
#6735=EDGE_LOOP('',(#4027,#4028,#4029,#4030));
#6736=EDGE_LOOP('',(#4031,#4032,#4033,#4034,#4035,#4036));
#6737=EDGE_LOOP('',(#4037));
#6738=EDGE_LOOP('',(#4038));
#6739=EDGE_LOOP('',(#4039,#4040,#4041,#4042));
#6740=EDGE_LOOP('',(#4043,#4044,#4045,#4046));
#6741=EDGE_LOOP('',(#4047,#4048,#4049,#4050,#4051,#4052,#4053,#4054,#4055));
#6742=EDGE_LOOP('',(#4056,#4057,#4058,#4059,#4060,#4061,#4062,#4063,#4064));
#6743=EDGE_LOOP('',(#4065,#4066,#4067,#4068));
#6744=EDGE_LOOP('',(#4069,#4070,#4071,#4072,#4073,#4074,#4075,#4076,#4077,
#4078,#4079,#4080));
#6745=EDGE_LOOP('',(#4081,#4082,#4083,#4084));
#6746=EDGE_LOOP('',(#4085,#4086,#4087,#4088));
#6747=EDGE_LOOP('',(#4089,#4090,#4091,#4092));
#6748=EDGE_LOOP('',(#4093,#4094,#4095,#4096,#4097,#4098));
#6749=EDGE_LOOP('',(#4099,#4100,#4101,#4102,#4103,#4104,#4105,#4106,#4107,
#4108,#4109,#4110));
#6750=EDGE_LOOP('',(#4111,#4112,#4113,#4114));
#6751=EDGE_LOOP('',(#4115,#4116,#4117,#4118));
#6752=EDGE_LOOP('',(#4119,#4120,#4121,#4122));
#6753=EDGE_LOOP('',(#4123,#4124,#4125,#4126));
#6754=EDGE_LOOP('',(#4127,#4128,#4129,#4130));
#6755=EDGE_LOOP('',(#4131,#4132,#4133,#4134));
#6756=EDGE_LOOP('',(#4135,#4136,#4137,#4138));
#6757=EDGE_LOOP('',(#4139,#4140,#4141,#4142));
#6758=EDGE_LOOP('',(#4143,#4144,#4145,#4146,#4147,#4148,#4149,#4150));
#6759=EDGE_LOOP('',(#4151,#4152,#4153,#4154,#4155,#4156,#4157,#4158,#4159,
#4160));
#6760=EDGE_LOOP('',(#4161,#4162));
#6761=EDGE_LOOP('',(#4163,#4164));
#6762=EDGE_LOOP('',(#4165));
#6763=EDGE_LOOP('',(#4166,#4167,#4168,#4169,#4170,#4171,#4172,#4173));
#6764=EDGE_LOOP('',(#4174,#4175,#4176,#4177));
#6765=EDGE_LOOP('',(#4178,#4179,#4180,#4181));
#6766=EDGE_LOOP('',(#4182,#4183,#4184,#4185));
#6767=EDGE_LOOP('',(#4186,#4187,#4188,#4189));
#6768=EDGE_LOOP('',(#4190,#4191,#4192,#4193,#4194,#4195,#4196,#4197));
#6769=EDGE_LOOP('',(#4198,#4199,#4200,#4201,#4202,#4203,#4204,#4205));
#6770=EDGE_LOOP('',(#4206,#4207,#4208,#4209,#4210,#4211));
#6771=EDGE_LOOP('',(#4212,#4213,#4214,#4215,#4216,#4217));
#6772=EDGE_LOOP('',(#4218,#4219,#4220,#4221,#4222,#4223));
#6773=EDGE_LOOP('',(#4224,#4225,#4226,#4227,#4228,#4229));
#6774=EDGE_LOOP('',(#4230));
#6775=EDGE_LOOP('',(#4231));
#6776=EDGE_LOOP('',(#4232,#4233,#4234,#4235));
#6777=EDGE_LOOP('',(#4236,#4237,#4238,#4239));
#6778=EDGE_LOOP('',(#4240,#4241,#4242,#4243,#4244,#4245));
#6779=FACE_BOUND('',#6315,.T.);
#6780=FACE_BOUND('',#6316,.T.);
#6781=FACE_BOUND('',#6317,.T.);
#6782=FACE_BOUND('',#6318,.T.);
#6783=FACE_BOUND('',#6319,.T.);
#6784=FACE_BOUND('',#6320,.T.);
#6785=FACE_BOUND('',#6321,.T.);
#6786=FACE_BOUND('',#6322,.T.);
#6787=FACE_BOUND('',#6323,.T.);
#6788=FACE_BOUND('',#6324,.T.);
#6789=FACE_BOUND('',#6325,.T.);
#6790=FACE_BOUND('',#6326,.T.);
#6791=FACE_BOUND('',#6327,.T.);
#6792=FACE_BOUND('',#6328,.T.);
#6793=FACE_BOUND('',#6329,.T.);
#6794=FACE_BOUND('',#6330,.T.);
#6795=FACE_BOUND('',#6331,.T.);
#6796=FACE_BOUND('',#6332,.T.);
#6797=FACE_BOUND('',#6333,.T.);
#6798=FACE_BOUND('',#6334,.T.);
#6799=FACE_BOUND('',#6335,.T.);
#6800=FACE_BOUND('',#6336,.T.);
#6801=FACE_BOUND('',#6337,.T.);
#6802=FACE_BOUND('',#6338,.T.);
#6803=FACE_BOUND('',#6339,.T.);
#6804=FACE_BOUND('',#6340,.T.);
#6805=FACE_BOUND('',#6341,.T.);
#6806=FACE_BOUND('',#6342,.T.);
#6807=FACE_BOUND('',#6343,.T.);
#6808=FACE_BOUND('',#6344,.T.);
#6809=FACE_BOUND('',#6345,.T.);
#6810=FACE_BOUND('',#6346,.T.);
#6811=FACE_BOUND('',#6347,.T.);
#6812=FACE_BOUND('',#6348,.T.);
#6813=FACE_BOUND('',#6349,.T.);
#6814=FACE_BOUND('',#6350,.T.);
#6815=FACE_BOUND('',#6351,.T.);
#6816=FACE_BOUND('',#6352,.T.);
#6817=FACE_BOUND('',#6353,.T.);
#6818=FACE_BOUND('',#6354,.T.);
#6819=FACE_BOUND('',#6355,.T.);
#6820=FACE_BOUND('',#6356,.T.);
#6821=FACE_BOUND('',#6357,.T.);
#6822=FACE_BOUND('',#6358,.T.);
#6823=FACE_BOUND('',#6359,.T.);
#6824=FACE_BOUND('',#6360,.T.);
#6825=FACE_BOUND('',#6361,.T.);
#6826=FACE_BOUND('',#6362,.T.);
#6827=FACE_BOUND('',#6363,.T.);
#6828=FACE_BOUND('',#6364,.T.);
#6829=FACE_BOUND('',#6365,.T.);
#6830=FACE_BOUND('',#6366,.T.);
#6831=FACE_BOUND('',#6367,.T.);
#6832=FACE_BOUND('',#6368,.T.);
#6833=FACE_BOUND('',#6369,.T.);
#6834=FACE_BOUND('',#6370,.T.);
#6835=FACE_BOUND('',#6371,.T.);
#6836=FACE_BOUND('',#6372,.T.);
#6837=FACE_BOUND('',#6373,.T.);
#6838=FACE_BOUND('',#6374,.T.);
#6839=FACE_BOUND('',#6375,.T.);
#6840=FACE_BOUND('',#6376,.T.);
#6841=FACE_BOUND('',#6377,.T.);
#6842=FACE_BOUND('',#6378,.T.);
#6843=FACE_BOUND('',#6379,.T.);
#6844=FACE_BOUND('',#6380,.T.);
#6845=FACE_BOUND('',#6381,.T.);
#6846=FACE_BOUND('',#6382,.T.);
#6847=FACE_BOUND('',#6383,.T.);
#6848=FACE_BOUND('',#6384,.T.);
#6849=FACE_BOUND('',#6385,.T.);
#6850=FACE_BOUND('',#6386,.T.);
#6851=FACE_BOUND('',#6387,.T.);
#6852=FACE_BOUND('',#6388,.T.);
#6853=FACE_BOUND('',#6389,.T.);
#6854=FACE_BOUND('',#6390,.T.);
#6855=FACE_BOUND('',#6391,.T.);
#6856=FACE_BOUND('',#6392,.T.);
#6857=FACE_BOUND('',#6393,.T.);
#6858=FACE_BOUND('',#6394,.T.);
#6859=FACE_BOUND('',#6395,.T.);
#6860=FACE_BOUND('',#6396,.T.);
#6861=FACE_BOUND('',#6397,.T.);
#6862=FACE_BOUND('',#6398,.T.);
#6863=FACE_BOUND('',#6399,.T.);
#6864=FACE_BOUND('',#6400,.T.);
#6865=FACE_BOUND('',#6401,.T.);
#6866=FACE_BOUND('',#6402,.T.);
#6867=FACE_BOUND('',#6403,.T.);
#6868=FACE_BOUND('',#6404,.T.);
#6869=FACE_BOUND('',#6405,.T.);
#6870=FACE_BOUND('',#6406,.T.);
#6871=FACE_BOUND('',#6407,.T.);
#6872=FACE_BOUND('',#6408,.T.);
#6873=FACE_BOUND('',#6409,.T.);
#6874=FACE_BOUND('',#6410,.T.);
#6875=FACE_BOUND('',#6411,.T.);
#6876=FACE_BOUND('',#6412,.T.);
#6877=FACE_BOUND('',#6413,.T.);
#6878=FACE_BOUND('',#6414,.T.);
#6879=FACE_BOUND('',#6415,.T.);
#6880=FACE_BOUND('',#6416,.T.);
#6881=FACE_BOUND('',#6417,.T.);
#6882=FACE_BOUND('',#6418,.T.);
#6883=FACE_BOUND('',#6419,.T.);
#6884=FACE_BOUND('',#6420,.T.);
#6885=FACE_BOUND('',#6421,.T.);
#6886=FACE_BOUND('',#6422,.T.);
#6887=FACE_BOUND('',#6423,.T.);
#6888=FACE_BOUND('',#6424,.T.);
#6889=FACE_BOUND('',#6425,.T.);
#6890=FACE_BOUND('',#6426,.T.);
#6891=FACE_BOUND('',#6427,.T.);
#6892=FACE_BOUND('',#6428,.T.);
#6893=FACE_BOUND('',#6429,.T.);
#6894=FACE_BOUND('',#6430,.T.);
#6895=FACE_BOUND('',#6431,.T.);
#6896=FACE_BOUND('',#6432,.T.);
#6897=FACE_BOUND('',#6433,.T.);
#6898=FACE_BOUND('',#6434,.T.);
#6899=FACE_BOUND('',#6435,.T.);
#6900=FACE_BOUND('',#6436,.T.);
#6901=FACE_BOUND('',#6437,.T.);
#6902=FACE_BOUND('',#6438,.T.);
#6903=FACE_BOUND('',#6439,.T.);
#6904=FACE_BOUND('',#6440,.T.);
#6905=FACE_BOUND('',#6441,.T.);
#6906=FACE_BOUND('',#6442,.T.);
#6907=FACE_BOUND('',#6443,.T.);
#6908=FACE_BOUND('',#6444,.T.);
#6909=FACE_BOUND('',#6445,.T.);
#6910=FACE_BOUND('',#6446,.T.);
#6911=FACE_BOUND('',#6447,.T.);
#6912=FACE_BOUND('',#6448,.T.);
#6913=FACE_BOUND('',#6449,.T.);
#6914=FACE_BOUND('',#6450,.T.);
#6915=FACE_BOUND('',#6451,.T.);
#6916=FACE_BOUND('',#6452,.T.);
#6917=FACE_BOUND('',#6453,.T.);
#6918=FACE_BOUND('',#6454,.T.);
#6919=FACE_BOUND('',#6455,.T.);
#6920=FACE_BOUND('',#6456,.T.);
#6921=FACE_BOUND('',#6457,.T.);
#6922=FACE_BOUND('',#6458,.T.);
#6923=FACE_BOUND('',#6459,.T.);
#6924=FACE_BOUND('',#6460,.T.);
#6925=FACE_BOUND('',#6461,.T.);
#6926=FACE_BOUND('',#6462,.T.);
#6927=FACE_BOUND('',#6463,.T.);
#6928=FACE_BOUND('',#6464,.T.);
#6929=FACE_BOUND('',#6465,.T.);
#6930=FACE_BOUND('',#6466,.T.);
#6931=FACE_BOUND('',#6467,.T.);
#6932=FACE_BOUND('',#6468,.T.);
#6933=FACE_BOUND('',#6469,.T.);
#6934=FACE_BOUND('',#6470,.T.);
#6935=FACE_BOUND('',#6471,.T.);
#6936=FACE_BOUND('',#6472,.T.);
#6937=FACE_BOUND('',#6473,.T.);
#6938=FACE_BOUND('',#6474,.T.);
#6939=FACE_BOUND('',#6475,.T.);
#6940=FACE_BOUND('',#6476,.T.);
#6941=FACE_BOUND('',#6477,.T.);
#6942=FACE_BOUND('',#6478,.T.);
#6943=FACE_BOUND('',#6479,.T.);
#6944=FACE_BOUND('',#6480,.T.);
#6945=FACE_BOUND('',#6481,.T.);
#6946=FACE_BOUND('',#6482,.T.);
#6947=FACE_BOUND('',#6483,.T.);
#6948=FACE_BOUND('',#6484,.T.);
#6949=FACE_BOUND('',#6485,.T.);
#6950=FACE_BOUND('',#6486,.T.);
#6951=FACE_BOUND('',#6487,.T.);
#6952=FACE_BOUND('',#6488,.T.);
#6953=FACE_BOUND('',#6489,.T.);
#6954=FACE_BOUND('',#6490,.T.);
#6955=FACE_BOUND('',#6491,.T.);
#6956=FACE_BOUND('',#6492,.T.);
#6957=FACE_BOUND('',#6493,.T.);
#6958=FACE_BOUND('',#6494,.T.);
#6959=FACE_BOUND('',#6495,.T.);
#6960=FACE_BOUND('',#6496,.T.);
#6961=FACE_BOUND('',#6497,.T.);
#6962=FACE_BOUND('',#6498,.T.);
#6963=FACE_BOUND('',#6499,.T.);
#6964=FACE_BOUND('',#6500,.T.);
#6965=FACE_BOUND('',#6501,.T.);
#6966=FACE_BOUND('',#6502,.T.);
#6967=FACE_BOUND('',#6503,.T.);
#6968=FACE_BOUND('',#6504,.T.);
#6969=FACE_BOUND('',#6505,.T.);
#6970=FACE_BOUND('',#6506,.T.);
#6971=FACE_BOUND('',#6507,.T.);
#6972=FACE_BOUND('',#6508,.T.);
#6973=FACE_BOUND('',#6509,.T.);
#6974=FACE_BOUND('',#6510,.T.);
#6975=FACE_BOUND('',#6511,.T.);
#6976=FACE_BOUND('',#6512,.T.);
#6977=FACE_BOUND('',#6513,.T.);
#6978=FACE_BOUND('',#6514,.T.);
#6979=FACE_BOUND('',#6515,.T.);
#6980=FACE_BOUND('',#6516,.T.);
#6981=FACE_BOUND('',#6517,.T.);
#6982=FACE_BOUND('',#6518,.T.);
#6983=FACE_BOUND('',#6519,.T.);
#6984=FACE_BOUND('',#6520,.T.);
#6985=FACE_BOUND('',#6521,.T.);
#6986=FACE_BOUND('',#6522,.T.);
#6987=FACE_BOUND('',#6523,.T.);
#6988=FACE_BOUND('',#6524,.T.);
#6989=FACE_BOUND('',#6525,.T.);
#6990=FACE_BOUND('',#6526,.T.);
#6991=FACE_BOUND('',#6527,.T.);
#6992=FACE_BOUND('',#6528,.T.);
#6993=FACE_BOUND('',#6529,.T.);
#6994=FACE_BOUND('',#6530,.T.);
#6995=FACE_BOUND('',#6531,.T.);
#6996=FACE_BOUND('',#6532,.T.);
#6997=FACE_BOUND('',#6533,.T.);
#6998=FACE_BOUND('',#6534,.T.);
#6999=FACE_BOUND('',#6535,.T.);
#7000=FACE_BOUND('',#6536,.T.);
#7001=FACE_BOUND('',#6537,.T.);
#7002=FACE_BOUND('',#6538,.T.);
#7003=FACE_BOUND('',#6539,.T.);
#7004=FACE_BOUND('',#6540,.T.);
#7005=FACE_BOUND('',#6541,.T.);
#7006=FACE_BOUND('',#6542,.T.);
#7007=FACE_BOUND('',#6543,.T.);
#7008=FACE_BOUND('',#6544,.T.);
#7009=FACE_BOUND('',#6545,.T.);
#7010=FACE_BOUND('',#6546,.T.);
#7011=FACE_BOUND('',#6547,.T.);
#7012=FACE_BOUND('',#6548,.T.);
#7013=FACE_BOUND('',#6549,.T.);
#7014=FACE_BOUND('',#6550,.T.);
#7015=FACE_BOUND('',#6551,.T.);
#7016=FACE_BOUND('',#6552,.T.);
#7017=FACE_BOUND('',#6553,.T.);
#7018=FACE_BOUND('',#6554,.T.);
#7019=FACE_BOUND('',#6555,.T.);
#7020=FACE_BOUND('',#6556,.T.);
#7021=FACE_BOUND('',#6557,.T.);
#7022=FACE_BOUND('',#6558,.T.);
#7023=FACE_BOUND('',#6559,.T.);
#7024=FACE_BOUND('',#6560,.T.);
#7025=FACE_BOUND('',#6561,.T.);
#7026=FACE_BOUND('',#6562,.T.);
#7027=FACE_BOUND('',#6563,.T.);
#7028=FACE_BOUND('',#6564,.T.);
#7029=FACE_BOUND('',#6565,.T.);
#7030=FACE_BOUND('',#6566,.T.);
#7031=FACE_BOUND('',#6567,.T.);
#7032=FACE_BOUND('',#6568,.T.);
#7033=FACE_BOUND('',#6569,.T.);
#7034=FACE_BOUND('',#6570,.T.);
#7035=FACE_BOUND('',#6571,.T.);
#7036=FACE_BOUND('',#6572,.T.);
#7037=FACE_BOUND('',#6573,.T.);
#7038=FACE_BOUND('',#6574,.T.);
#7039=FACE_BOUND('',#6575,.T.);
#7040=FACE_BOUND('',#6576,.T.);
#7041=FACE_BOUND('',#6577,.T.);
#7042=FACE_BOUND('',#6578,.T.);
#7043=FACE_BOUND('',#6579,.T.);
#7044=FACE_BOUND('',#6580,.T.);
#7045=FACE_BOUND('',#6581,.T.);
#7046=FACE_BOUND('',#6582,.T.);
#7047=FACE_BOUND('',#6583,.T.);
#7048=FACE_BOUND('',#6584,.T.);
#7049=FACE_BOUND('',#6585,.T.);
#7050=FACE_BOUND('',#6586,.T.);
#7051=FACE_BOUND('',#6587,.T.);
#7052=FACE_BOUND('',#6588,.T.);
#7053=FACE_BOUND('',#6589,.T.);
#7054=FACE_BOUND('',#6590,.T.);
#7055=FACE_BOUND('',#6591,.T.);
#7056=FACE_BOUND('',#6592,.T.);
#7057=FACE_BOUND('',#6593,.T.);
#7058=FACE_BOUND('',#6594,.T.);
#7059=FACE_BOUND('',#6595,.T.);
#7060=FACE_BOUND('',#6596,.T.);
#7061=FACE_BOUND('',#6597,.T.);
#7062=FACE_BOUND('',#6598,.T.);
#7063=FACE_BOUND('',#6599,.T.);
#7064=FACE_BOUND('',#6600,.T.);
#7065=FACE_BOUND('',#6601,.T.);
#7066=FACE_BOUND('',#6602,.T.);
#7067=FACE_BOUND('',#6603,.T.);
#7068=FACE_BOUND('',#6604,.T.);
#7069=FACE_BOUND('',#6605,.T.);
#7070=FACE_BOUND('',#6606,.T.);
#7071=FACE_BOUND('',#6607,.T.);
#7072=FACE_BOUND('',#6608,.T.);
#7073=FACE_BOUND('',#6609,.T.);
#7074=FACE_BOUND('',#6610,.T.);
#7075=FACE_BOUND('',#6611,.T.);
#7076=FACE_BOUND('',#6612,.T.);
#7077=FACE_BOUND('',#6613,.T.);
#7078=FACE_BOUND('',#6614,.T.);
#7079=FACE_BOUND('',#6615,.T.);
#7080=FACE_BOUND('',#6616,.T.);
#7081=FACE_BOUND('',#6617,.T.);
#7082=FACE_BOUND('',#6618,.T.);
#7083=FACE_BOUND('',#6619,.T.);
#7084=FACE_BOUND('',#6620,.T.);
#7085=FACE_BOUND('',#6621,.T.);
#7086=FACE_BOUND('',#6622,.T.);
#7087=FACE_BOUND('',#6623,.T.);
#7088=FACE_BOUND('',#6624,.T.);
#7089=FACE_BOUND('',#6625,.T.);
#7090=FACE_BOUND('',#6626,.T.);
#7091=FACE_BOUND('',#6627,.T.);
#7092=FACE_BOUND('',#6628,.T.);
#7093=FACE_BOUND('',#6629,.T.);
#7094=FACE_BOUND('',#6630,.T.);
#7095=FACE_BOUND('',#6631,.T.);
#7096=FACE_BOUND('',#6632,.T.);
#7097=FACE_BOUND('',#6633,.T.);
#7098=FACE_BOUND('',#6634,.T.);
#7099=FACE_BOUND('',#6635,.T.);
#7100=FACE_BOUND('',#6636,.T.);
#7101=FACE_BOUND('',#6637,.T.);
#7102=FACE_BOUND('',#6638,.T.);
#7103=FACE_BOUND('',#6639,.T.);
#7104=FACE_BOUND('',#6640,.T.);
#7105=FACE_BOUND('',#6641,.T.);
#7106=FACE_BOUND('',#6642,.T.);
#7107=FACE_BOUND('',#6643,.T.);
#7108=FACE_BOUND('',#6644,.T.);
#7109=FACE_BOUND('',#6645,.T.);
#7110=FACE_BOUND('',#6646,.T.);
#7111=FACE_BOUND('',#6647,.T.);
#7112=FACE_BOUND('',#6648,.T.);
#7113=FACE_BOUND('',#6649,.T.);
#7114=FACE_BOUND('',#6650,.T.);
#7115=FACE_BOUND('',#6651,.T.);
#7116=FACE_BOUND('',#6652,.T.);
#7117=FACE_BOUND('',#6653,.T.);
#7118=FACE_BOUND('',#6654,.T.);
#7119=FACE_BOUND('',#6655,.T.);
#7120=FACE_BOUND('',#6656,.T.);
#7121=FACE_BOUND('',#6657,.T.);
#7122=FACE_BOUND('',#6658,.T.);
#7123=FACE_BOUND('',#6659,.T.);
#7124=FACE_BOUND('',#6660,.T.);
#7125=FACE_BOUND('',#6661,.T.);
#7126=FACE_BOUND('',#6662,.T.);
#7127=FACE_BOUND('',#6663,.T.);
#7128=FACE_BOUND('',#6664,.T.);
#7129=FACE_BOUND('',#6665,.T.);
#7130=FACE_BOUND('',#6666,.T.);
#7131=FACE_BOUND('',#6667,.T.);
#7132=FACE_BOUND('',#6668,.T.);
#7133=FACE_BOUND('',#6669,.T.);
#7134=FACE_BOUND('',#6670,.T.);
#7135=FACE_BOUND('',#6671,.T.);
#7136=FACE_BOUND('',#6672,.T.);
#7137=FACE_BOUND('',#6673,.T.);
#7138=FACE_BOUND('',#6674,.T.);
#7139=FACE_BOUND('',#6675,.T.);
#7140=FACE_BOUND('',#6676,.T.);
#7141=FACE_BOUND('',#6677,.T.);
#7142=FACE_BOUND('',#6678,.T.);
#7143=FACE_BOUND('',#6679,.T.);
#7144=FACE_BOUND('',#6680,.T.);
#7145=FACE_BOUND('',#6681,.T.);
#7146=FACE_BOUND('',#6682,.T.);
#7147=FACE_BOUND('',#6683,.T.);
#7148=FACE_BOUND('',#6684,.T.);
#7149=FACE_BOUND('',#6685,.T.);
#7150=FACE_BOUND('',#6686,.T.);
#7151=FACE_BOUND('',#6687,.T.);
#7152=FACE_BOUND('',#6688,.T.);
#7153=FACE_BOUND('',#6689,.T.);
#7154=FACE_BOUND('',#6690,.T.);
#7155=FACE_BOUND('',#6691,.T.);
#7156=FACE_BOUND('',#6692,.T.);
#7157=FACE_BOUND('',#6693,.T.);
#7158=FACE_BOUND('',#6694,.T.);
#7159=FACE_BOUND('',#6695,.T.);
#7160=FACE_BOUND('',#6696,.T.);
#7161=FACE_BOUND('',#6697,.T.);
#7162=FACE_BOUND('',#6698,.T.);
#7163=FACE_BOUND('',#6699,.T.);
#7164=FACE_BOUND('',#6700,.T.);
#7165=FACE_BOUND('',#6701,.T.);
#7166=FACE_BOUND('',#6702,.T.);
#7167=FACE_BOUND('',#6703,.T.);
#7168=FACE_BOUND('',#6704,.T.);
#7169=FACE_BOUND('',#6705,.T.);
#7170=FACE_BOUND('',#6706,.T.);
#7171=FACE_BOUND('',#6707,.T.);
#7172=FACE_BOUND('',#6708,.T.);
#7173=FACE_BOUND('',#6709,.T.);
#7174=FACE_BOUND('',#6710,.T.);
#7175=FACE_BOUND('',#6711,.T.);
#7176=FACE_BOUND('',#6712,.T.);
#7177=FACE_BOUND('',#6713,.T.);
#7178=FACE_BOUND('',#6714,.T.);
#7179=FACE_BOUND('',#6715,.T.);
#7180=FACE_BOUND('',#6716,.T.);
#7181=FACE_BOUND('',#6717,.T.);
#7182=FACE_BOUND('',#6718,.T.);
#7183=FACE_BOUND('',#6719,.T.);
#7184=FACE_BOUND('',#6720,.T.);
#7185=FACE_BOUND('',#6721,.T.);
#7186=FACE_BOUND('',#6722,.T.);
#7187=FACE_BOUND('',#6723,.T.);
#7188=FACE_BOUND('',#6724,.T.);
#7189=FACE_BOUND('',#6725,.T.);
#7190=FACE_BOUND('',#6726,.T.);
#7191=FACE_BOUND('',#6727,.T.);
#7192=FACE_BOUND('',#6728,.T.);
#7193=FACE_BOUND('',#6729,.T.);
#7194=FACE_BOUND('',#6730,.T.);
#7195=FACE_BOUND('',#6731,.T.);
#7196=FACE_BOUND('',#6732,.T.);
#7197=FACE_BOUND('',#6733,.T.);
#7198=FACE_BOUND('',#6734,.T.);
#7199=FACE_BOUND('',#6735,.T.);
#7200=FACE_BOUND('',#6736,.T.);
#7201=FACE_BOUND('',#6737,.T.);
#7202=FACE_BOUND('',#6738,.T.);
#7203=FACE_BOUND('',#6739,.T.);
#7204=FACE_BOUND('',#6740,.T.);
#7205=FACE_BOUND('',#6741,.T.);
#7206=FACE_BOUND('',#6742,.T.);
#7207=FACE_BOUND('',#6743,.T.);
#7208=FACE_BOUND('',#6744,.T.);
#7209=FACE_BOUND('',#6745,.T.);
#7210=FACE_BOUND('',#6746,.T.);
#7211=FACE_BOUND('',#6747,.T.);
#7212=FACE_BOUND('',#6748,.T.);
#7213=FACE_BOUND('',#6749,.T.);
#7214=FACE_BOUND('',#6750,.T.);
#7215=FACE_BOUND('',#6751,.T.);
#7216=FACE_BOUND('',#6752,.T.);
#7217=FACE_BOUND('',#6753,.T.);
#7218=FACE_BOUND('',#6754,.T.);
#7219=FACE_BOUND('',#6755,.T.);
#7220=FACE_BOUND('',#6756,.T.);
#7221=FACE_BOUND('',#6757,.T.);
#7222=FACE_BOUND('',#6758,.T.);
#7223=FACE_BOUND('',#6759,.T.);
#7224=FACE_BOUND('',#6760,.T.);
#7225=FACE_BOUND('',#6761,.T.);
#7226=FACE_BOUND('',#6762,.T.);
#7227=FACE_BOUND('',#6763,.T.);
#7228=FACE_BOUND('',#6764,.T.);
#7229=FACE_BOUND('',#6765,.T.);
#7230=FACE_BOUND('',#6766,.T.);
#7231=FACE_BOUND('',#6767,.T.);
#7232=FACE_BOUND('',#6768,.T.);
#7233=FACE_BOUND('',#6769,.T.);
#7234=FACE_BOUND('',#6770,.T.);
#7235=FACE_BOUND('',#6771,.T.);
#7236=FACE_BOUND('',#6772,.T.);
#7237=FACE_BOUND('',#6773,.T.);
#7238=FACE_BOUND('',#6774,.T.);
#7239=FACE_BOUND('',#6775,.T.);
#7240=FACE_BOUND('',#6776,.T.);
#7241=FACE_BOUND('',#6777,.T.);
#7242=FACE_BOUND('',#6778,.T.);
#7243=TOROIDAL_SURFACE('',#8637,0.000675,0.0002);
#7244=TOROIDAL_SURFACE('',#8640,0.000675,0.0002);
#7245=TOROIDAL_SURFACE('',#8643,0.0008,0.0002);
#7246=TOROIDAL_SURFACE('',#8646,0.0008,0.0002);
#7247=TOROIDAL_SURFACE('',#8649,0.000675,0.0002);
#7248=TOROIDAL_SURFACE('',#8652,0.0057748967206611,0.0002);
#7249=ADVANCED_FACE('',(#6779,#6780),#7243,.T.);
#7250=ADVANCED_FACE('',(#6781,#6782),#7244,.T.);
#7251=ADVANCED_FACE('',(#6783,#6784),#7245,.T.);
#7252=ADVANCED_FACE('',(#6785,#6786),#7246,.T.);
#7253=ADVANCED_FACE('',(#6787,#6788),#7247,.T.);
#7254=ADVANCED_FACE('',(#6789,#6790),#7248,.T.);
#7255=ADVANCED_FACE('',(#6791,#6792),#2017,.T.);
#7256=ADVANCED_FACE('',(#6793,#6794),#2018,.T.);
#7257=ADVANCED_FACE('',(#6795,#6796),#2019,.T.);
#7258=ADVANCED_FACE('',(#6797,#6798),#2020,.F.);
#7259=ADVANCED_FACE('',(#6799,#6800),#2021,.F.);
#7260=ADVANCED_FACE('',(#6801,#6802),#1994,.F.);
#7261=ADVANCED_FACE('',(#6803,#6804),#2022,.T.);
#7262=ADVANCED_FACE('',(#6805,#6806),#2023,.T.);
#7263=ADVANCED_FACE('',(#6807,#6808),#1995,.F.);
#7264=ADVANCED_FACE('',(#6809,#6810),#1996,.F.);
#7265=ADVANCED_FACE('',(#6811,#6812),#1997,.F.);
#7266=ADVANCED_FACE('',(#6813,#6814),#1998,.F.);
#7267=ADVANCED_FACE('',(#6815,#6816),#1999,.F.);
#7268=ADVANCED_FACE('',(#6817,#6818),#2000,.F.);
#7269=ADVANCED_FACE('',(#6819,#6820),#2001,.F.);
#7270=ADVANCED_FACE('',(#6821,#6822),#2002,.F.);
#7271=ADVANCED_FACE('',(#6823,#6824),#2003,.F.);
#7272=ADVANCED_FACE('',(#6825),#2024,.T.);
#7273=ADVANCED_FACE('',(#6826),#2025,.T.);
#7274=ADVANCED_FACE('',(#6827),#2026,.T.);
#7275=ADVANCED_FACE('',(#6828,#6829),#2027,.F.);
#7276=ADVANCED_FACE('',(#6830),#2028,.F.);
#7277=ADVANCED_FACE('',(#6831),#2029,.F.);
#7278=ADVANCED_FACE('',(#6832,#6833),#2004,.T.);
#7279=ADVANCED_FACE('',(#6834,#6835),#2030,.T.);
#7280=ADVANCED_FACE('',(#6836,#6837),#2031,.T.);
#7281=ADVANCED_FACE('',(#6838),#2005,.T.);
#7282=ADVANCED_FACE('',(#6839),#2032,.F.);
#7283=ADVANCED_FACE('',(#6840,#6841),#2033,.F.);
#7284=ADVANCED_FACE('',(#6842,#6843),#2006,.F.);
#7285=ADVANCED_FACE('',(#6844,#6845),#2007,.F.);
#7286=ADVANCED_FACE('',(#6846),#19,.F.);
#7287=ADVANCED_FACE('',(#6847,#6848,#6849,#6850,#6851,#6852,#6853,#6854,
#6855,#6856,#6857,#6858,#6859,#6860,#6861,#6862),#20,.F.);
#7288=ADVANCED_FACE('',(#6863),#21,.F.);
#7289=ADVANCED_FACE('',(#6864),#2034,.F.);
#7290=ADVANCED_FACE('',(#6865),#22,.F.);
#7291=ADVANCED_FACE('',(#6866),#2035,.F.);
#7292=ADVANCED_FACE('',(#6867),#23,.F.);
#7293=ADVANCED_FACE('',(#6868),#2036,.T.);
#7294=ADVANCED_FACE('',(#6869,#6870,#6871,#6872),#24,.F.);
#7295=ADVANCED_FACE('',(#6873),#2037,.T.);
#7296=ADVANCED_FACE('',(#6874),#25,.F.);
#7297=ADVANCED_FACE('',(#6875),#12,.F.);
#7298=ADVANCED_FACE('',(#6876),#26,.F.);
#7299=ADVANCED_FACE('',(#6877),#2038,.F.);
#7300=ADVANCED_FACE('',(#6878),#27,.F.);
#7301=ADVANCED_FACE('',(#6879),#28,.F.);
#7302=ADVANCED_FACE('',(#6880),#2008,.T.);
#7303=ADVANCED_FACE('',(#6881),#29,.F.);
#7304=ADVANCED_FACE('',(#6882),#30,.F.);
#7305=ADVANCED_FACE('',(#6883),#2009,.T.);
#7306=ADVANCED_FACE('',(#6884),#31,.F.);
#7307=ADVANCED_FACE('',(#6885),#32,.F.);
#7308=ADVANCED_FACE('',(#6886),#33,.F.);
#7309=ADVANCED_FACE('',(#6887),#2039,.F.);
#7310=ADVANCED_FACE('',(#6888),#34,.F.);
#7311=ADVANCED_FACE('',(#6889),#2040,.F.);
#7312=ADVANCED_FACE('',(#6890),#35,.F.);
#7313=ADVANCED_FACE('',(#6891),#36,.F.);
#7314=ADVANCED_FACE('',(#6892),#37,.F.);
#7315=ADVANCED_FACE('',(#6893),#2010,.T.);
#7316=ADVANCED_FACE('',(#6894),#38,.F.);
#7317=ADVANCED_FACE('',(#6895),#2041,.T.);
#7318=ADVANCED_FACE('',(#6896),#39,.F.);
#7319=ADVANCED_FACE('',(#6897),#2011,.T.);
#7320=ADVANCED_FACE('',(#6898),#40,.F.);
#7321=ADVANCED_FACE('',(#6899),#41,.F.);
#7322=ADVANCED_FACE('',(#6900),#42,.T.);
#7323=ADVANCED_FACE('',(#6901),#43,.T.);
#7324=ADVANCED_FACE('',(#6902),#2042,.F.);
#7325=ADVANCED_FACE('',(#6903),#44,.T.);
#7326=ADVANCED_FACE('',(#6904,#6905),#2043,.F.);
#7327=ADVANCED_FACE('',(#6906),#45,.T.);
#7328=ADVANCED_FACE('',(#6907),#2044,.F.);
#7329=ADVANCED_FACE('',(#6908),#46,.T.);
#7330=ADVANCED_FACE('',(#6909),#47,.T.);
#7331=ADVANCED_FACE('',(#6910),#2045,.F.);
#7332=ADVANCED_FACE('',(#6911),#48,.T.);
#7333=ADVANCED_FACE('',(#6912,#6913),#2046,.F.);
#7334=ADVANCED_FACE('',(#6914),#49,.T.);
#7335=ADVANCED_FACE('',(#6915),#2047,.F.);
#7336=ADVANCED_FACE('',(#6916),#50,.T.);
#7337=ADVANCED_FACE('',(#6917),#51,.T.);
#7338=ADVANCED_FACE('',(#6918),#52,.F.);
#7339=ADVANCED_FACE('',(#6919),#53,.T.);
#7340=ADVANCED_FACE('',(#6920),#54,.T.);
#7341=ADVANCED_FACE('',(#6921),#55,.T.);
#7342=ADVANCED_FACE('',(#6922),#56,.F.);
#7343=ADVANCED_FACE('',(#6923),#57,.T.);
#7344=ADVANCED_FACE('',(#6924),#58,.T.);
#7345=ADVANCED_FACE('',(#6925),#59,.T.);
#7346=ADVANCED_FACE('',(#6926),#60,.T.);
#7347=ADVANCED_FACE('',(#6927),#61,.F.);
#7348=ADVANCED_FACE('',(#6928),#62,.F.);
#7349=ADVANCED_FACE('',(#6929),#63,.T.);
#7350=ADVANCED_FACE('',(#6930),#64,.T.);
#7351=ADVANCED_FACE('',(#6931),#65,.F.);
#7352=ADVANCED_FACE('',(#6932),#66,.F.);
#7353=ADVANCED_FACE('',(#6933),#67,.F.);
#7354=ADVANCED_FACE('',(#6934),#68,.F.);
#7355=ADVANCED_FACE('',(#6935),#69,.F.);
#7356=ADVANCED_FACE('',(#6936),#70,.T.);
#7357=ADVANCED_FACE('',(#6937),#71,.F.);
#7358=ADVANCED_FACE('',(#6938),#72,.T.);
#7359=ADVANCED_FACE('',(#6939),#73,.F.);
#7360=ADVANCED_FACE('',(#6940),#74,.F.);
#7361=ADVANCED_FACE('',(#6941),#75,.F.);
#7362=ADVANCED_FACE('',(#6942),#76,.F.);
#7363=ADVANCED_FACE('',(#6943),#77,.T.);
#7364=ADVANCED_FACE('',(#6944),#78,.F.);
#7365=ADVANCED_FACE('',(#6945),#79,.T.);
#7366=ADVANCED_FACE('',(#6946),#80,.T.);
#7367=ADVANCED_FACE('',(#6947),#81,.T.);
#7368=ADVANCED_FACE('',(#6948),#82,.F.);
#7369=ADVANCED_FACE('',(#6949),#83,.T.);
#7370=ADVANCED_FACE('',(#6950),#84,.F.);
#7371=ADVANCED_FACE('',(#6951,#6952),#85,.T.);
#7372=ADVANCED_FACE('',(#6953),#86,.T.);
#7373=ADVANCED_FACE('',(#6954),#87,.F.);
#7374=ADVANCED_FACE('',(#6955),#88,.F.);
#7375=ADVANCED_FACE('',(#6956),#89,.T.);
#7376=ADVANCED_FACE('',(#6957),#90,.F.);
#7377=ADVANCED_FACE('',(#6958),#91,.F.);
#7378=ADVANCED_FACE('',(#6959),#92,.F.);
#7379=ADVANCED_FACE('',(#6960),#93,.T.);
#7380=ADVANCED_FACE('',(#6961),#94,.F.);
#7381=ADVANCED_FACE('',(#6962),#95,.T.);
#7382=ADVANCED_FACE('',(#6963),#96,.F.);
#7383=ADVANCED_FACE('',(#6964),#97,.F.);
#7384=ADVANCED_FACE('',(#6965),#98,.F.);
#7385=ADVANCED_FACE('',(#6966),#99,.T.);
#7386=ADVANCED_FACE('',(#6967),#100,.T.);
#7387=ADVANCED_FACE('',(#6968),#101,.T.);
#7388=ADVANCED_FACE('',(#6969),#102,.T.);
#7389=ADVANCED_FACE('',(#6970),#103,.T.);
#7390=ADVANCED_FACE('',(#6971),#104,.F.);
#7391=ADVANCED_FACE('',(#6972),#105,.F.);
#7392=ADVANCED_FACE('',(#6973),#106,.T.);
#7393=ADVANCED_FACE('',(#6974),#107,.F.);
#7394=ADVANCED_FACE('',(#6975),#108,.T.);
#7395=ADVANCED_FACE('',(#6976),#109,.F.);
#7396=ADVANCED_FACE('',(#6977),#110,.T.);
#7397=ADVANCED_FACE('',(#6978),#111,.F.);
#7398=ADVANCED_FACE('',(#6979),#112,.T.);
#7399=ADVANCED_FACE('',(#6980),#113,.F.);
#7400=ADVANCED_FACE('',(#6981),#114,.T.);
#7401=ADVANCED_FACE('',(#6982),#115,.F.);
#7402=ADVANCED_FACE('',(#6983),#116,.F.);
#7403=ADVANCED_FACE('',(#6984),#117,.T.);
#7404=ADVANCED_FACE('',(#6985),#118,.T.);
#7405=ADVANCED_FACE('',(#6986),#119,.T.);
#7406=ADVANCED_FACE('',(#6987),#120,.F.);
#7407=ADVANCED_FACE('',(#6988),#121,.F.);
#7408=ADVANCED_FACE('',(#6989),#122,.F.);
#7409=ADVANCED_FACE('',(#6990),#123,.F.);
#7410=ADVANCED_FACE('',(#6991,#6992),#124,.T.);
#7411=ADVANCED_FACE('',(#6993),#125,.F.);
#7412=ADVANCED_FACE('',(#6994),#126,.T.);
#7413=ADVANCED_FACE('',(#6995),#127,.T.);
#7414=ADVANCED_FACE('',(#6996),#128,.T.);
#7415=ADVANCED_FACE('',(#6997),#129,.F.);
#7416=ADVANCED_FACE('',(#6998),#130,.F.);
#7417=ADVANCED_FACE('',(#6999),#131,.F.);
#7418=ADVANCED_FACE('',(#7000),#132,.F.);
#7419=ADVANCED_FACE('',(#7001),#133,.F.);
#7420=ADVANCED_FACE('',(#7002),#134,.F.);
#7421=ADVANCED_FACE('',(#7003),#135,.F.);
#7422=ADVANCED_FACE('',(#7004),#136,.F.);
#7423=ADVANCED_FACE('',(#7005),#137,.F.);
#7424=ADVANCED_FACE('',(#7006),#138,.T.);
#7425=ADVANCED_FACE('',(#7007),#139,.T.);
#7426=ADVANCED_FACE('',(#7008),#140,.T.);
#7427=ADVANCED_FACE('',(#7009),#141,.F.);
#7428=ADVANCED_FACE('',(#7010),#142,.F.);
#7429=ADVANCED_FACE('',(#7011),#143,.F.);
#7430=ADVANCED_FACE('',(#7012),#144,.F.);
#7431=ADVANCED_FACE('',(#7013),#145,.F.);
#7432=ADVANCED_FACE('',(#7014),#146,.F.);
#7433=ADVANCED_FACE('',(#7015),#147,.F.);
#7434=ADVANCED_FACE('',(#7016),#148,.F.);
#7435=ADVANCED_FACE('',(#7017),#149,.F.);
#7436=ADVANCED_FACE('',(#7018),#2048,.T.);
#7437=ADVANCED_FACE('',(#7019),#2049,.F.);
#7438=ADVANCED_FACE('',(#7020),#2050,.T.);
#7439=ADVANCED_FACE('',(#7021),#150,.F.);
#7440=ADVANCED_FACE('',(#7022),#151,.T.);
#7441=ADVANCED_FACE('',(#7023),#2051,.T.);
#7442=ADVANCED_FACE('',(#7024),#152,.F.);
#7443=ADVANCED_FACE('',(#7025),#2052,.F.);
#7444=ADVANCED_FACE('',(#7026),#153,.F.);
#7445=ADVANCED_FACE('',(#7027),#2053,.F.);
#7446=ADVANCED_FACE('',(#7028),#154,.F.);
#7447=ADVANCED_FACE('',(#7029),#2054,.T.);
#7448=ADVANCED_FACE('',(#7030),#155,.F.);
#7449=ADVANCED_FACE('',(#7031),#2055,.T.);
#7450=ADVANCED_FACE('',(#7032),#156,.F.);
#7451=ADVANCED_FACE('',(#7033),#2056,.F.);
#7452=ADVANCED_FACE('',(#7034),#157,.F.);
#7453=ADVANCED_FACE('',(#7035),#158,.F.);
#7454=ADVANCED_FACE('',(#7036),#2057,.T.);
#7455=ADVANCED_FACE('',(#7037),#2058,.T.);
#7456=ADVANCED_FACE('',(#7038),#2059,.T.);
#7457=ADVANCED_FACE('',(#7039),#2060,.T.);
#7458=ADVANCED_FACE('',(#7040),#2061,.T.);
#7459=ADVANCED_FACE('',(#7041),#2062,.T.);
#7460=ADVANCED_FACE('',(#7042),#2063,.T.);
#7461=ADVANCED_FACE('',(#7043),#2064,.T.);
#7462=ADVANCED_FACE('',(#7044),#159,.T.);
#7463=ADVANCED_FACE('',(#7045),#160,.F.);
#7464=ADVANCED_FACE('',(#7046),#161,.F.);
#7465=ADVANCED_FACE('',(#7047),#2065,.F.);
#7466=ADVANCED_FACE('',(#7048),#162,.F.);
#7467=ADVANCED_FACE('',(#7049),#2066,.T.);
#7468=ADVANCED_FACE('',(#7050),#163,.F.);
#7469=ADVANCED_FACE('',(#7051),#164,.F.);
#7470=ADVANCED_FACE('',(#7052),#2067,.T.);
#7471=ADVANCED_FACE('',(#7053),#165,.F.);
#7472=ADVANCED_FACE('',(#7054),#2068,.T.);
#7473=ADVANCED_FACE('',(#7055),#166,.T.);
#7474=ADVANCED_FACE('',(#7056),#167,.T.);
#7475=ADVANCED_FACE('',(#7057),#2069,.F.);
#7476=ADVANCED_FACE('',(#7058),#168,.F.);
#7477=ADVANCED_FACE('',(#7059),#169,.T.);
#7478=ADVANCED_FACE('',(#7060),#170,.F.);
#7479=ADVANCED_FACE('',(#7061),#171,.F.);
#7480=ADVANCED_FACE('',(#7062),#2070,.T.);
#7481=ADVANCED_FACE('',(#7063),#2071,.T.);
#7482=ADVANCED_FACE('',(#7064),#172,.F.);
#7483=ADVANCED_FACE('',(#7065),#173,.T.);
#7484=ADVANCED_FACE('',(#7066),#174,.T.);
#7485=ADVANCED_FACE('',(#7067),#2072,.F.);
#7486=ADVANCED_FACE('',(#7068),#175,.F.);
#7487=ADVANCED_FACE('',(#7069),#2073,.F.);
#7488=ADVANCED_FACE('',(#7070),#176,.T.);
#7489=ADVANCED_FACE('',(#7071),#177,.T.);
#7490=ADVANCED_FACE('',(#7072),#178,.F.);
#7491=ADVANCED_FACE('',(#7073),#2074,.F.);
#7492=ADVANCED_FACE('',(#7074),#179,.F.);
#7493=ADVANCED_FACE('',(#7075),#2075,.F.);
#7494=ADVANCED_FACE('',(#7076),#2076,.F.);
#7495=ADVANCED_FACE('',(#7077),#2077,.F.);
#7496=ADVANCED_FACE('',(#7078),#2078,.F.);
#7497=ADVANCED_FACE('',(#7079),#180,.F.);
#7498=ADVANCED_FACE('',(#7080),#181,.F.);
#7499=ADVANCED_FACE('',(#7081),#182,.F.);
#7500=ADVANCED_FACE('',(#7082),#183,.F.);
#7501=ADVANCED_FACE('',(#7083),#184,.F.);
#7502=ADVANCED_FACE('',(#7084),#185,.F.);
#7503=ADVANCED_FACE('',(#7085),#186,.F.);
#7504=ADVANCED_FACE('',(#7086),#187,.F.);
#7505=ADVANCED_FACE('',(#7087),#188,.T.);
#7506=ADVANCED_FACE('',(#7088),#13,.F.);
#7507=ADVANCED_FACE('',(#7089),#14,.F.);
#7508=ADVANCED_FACE('',(#7090),#189,.T.);
#7509=ADVANCED_FACE('',(#7091),#190,.F.);
#7510=ADVANCED_FACE('',(#7092),#2079,.F.);
#7511=ADVANCED_FACE('',(#7093),#191,.T.);
#7512=ADVANCED_FACE('',(#7094),#192,.F.);
#7513=ADVANCED_FACE('',(#7095),#193,.F.);
#7514=ADVANCED_FACE('',(#7096),#194,.T.);
#7515=ADVANCED_FACE('',(#7097),#195,.T.);
#7516=ADVANCED_FACE('',(#7098),#196,.F.);
#7517=ADVANCED_FACE('',(#7099),#197,.T.);
#7518=ADVANCED_FACE('',(#7100),#198,.T.);
#7519=ADVANCED_FACE('',(#7101),#199,.T.);
#7520=ADVANCED_FACE('',(#7102),#200,.T.);
#7521=ADVANCED_FACE('',(#7103),#201,.T.);
#7522=ADVANCED_FACE('',(#7104),#202,.T.);
#7523=ADVANCED_FACE('',(#7105),#203,.T.);
#7524=ADVANCED_FACE('',(#7106,#7107),#204,.T.);
#7525=ADVANCED_FACE('',(#7108),#205,.T.);
#7526=ADVANCED_FACE('',(#7109),#2080,.F.);
#7527=ADVANCED_FACE('',(#7110),#206,.T.);
#7528=ADVANCED_FACE('',(#7111),#207,.F.);
#7529=ADVANCED_FACE('',(#7112),#208,.T.);
#7530=ADVANCED_FACE('',(#7113),#15,.F.);
#7531=ADVANCED_FACE('',(#7114),#16,.F.);
#7532=ADVANCED_FACE('',(#7115),#209,.F.);
#7533=ADVANCED_FACE('',(#7116),#210,.F.);
#7534=ADVANCED_FACE('',(#7117),#211,.F.);
#7535=ADVANCED_FACE('',(#7118),#212,.F.);
#7536=ADVANCED_FACE('',(#7119),#213,.T.);
#7537=ADVANCED_FACE('',(#7120),#214,.T.);
#7538=ADVANCED_FACE('',(#7121),#215,.T.);
#7539=ADVANCED_FACE('',(#7122),#216,.T.);
#7540=ADVANCED_FACE('',(#7123),#2081,.T.);
#7541=ADVANCED_FACE('',(#7124),#2082,.F.);
#7542=ADVANCED_FACE('',(#7125),#2083,.F.);
#7543=ADVANCED_FACE('',(#7126),#217,.F.);
#7544=ADVANCED_FACE('',(#7127),#218,.F.);
#7545=ADVANCED_FACE('',(#7128),#219,.F.);
#7546=ADVANCED_FACE('',(#7129),#220,.F.);
#7547=ADVANCED_FACE('',(#7130),#221,.F.);
#7548=ADVANCED_FACE('',(#7131),#222,.F.);
#7549=ADVANCED_FACE('',(#7132),#223,.T.);
#7550=ADVANCED_FACE('',(#7133),#224,.F.);
#7551=ADVANCED_FACE('',(#7134),#225,.T.);
#7552=ADVANCED_FACE('',(#7135),#226,.F.);
#7553=ADVANCED_FACE('',(#7136),#227,.F.);
#7554=ADVANCED_FACE('',(#7137),#228,.F.);
#7555=ADVANCED_FACE('',(#7138),#229,.F.);
#7556=ADVANCED_FACE('',(#7139),#230,.F.);
#7557=ADVANCED_FACE('',(#7140),#231,.F.);
#7558=ADVANCED_FACE('',(#7141),#232,.F.);
#7559=ADVANCED_FACE('',(#7142),#233,.T.);
#7560=ADVANCED_FACE('',(#7143),#234,.F.);
#7561=ADVANCED_FACE('',(#7144),#235,.F.);
#7562=ADVANCED_FACE('',(#7145),#2084,.F.);
#7563=ADVANCED_FACE('',(#7146),#2085,.T.);
#7564=ADVANCED_FACE('',(#7147),#2086,.F.);
#7565=ADVANCED_FACE('',(#7148),#236,.F.);
#7566=ADVANCED_FACE('',(#7149),#237,.F.);
#7567=ADVANCED_FACE('',(#7150),#238,.F.);
#7568=ADVANCED_FACE('',(#7151),#239,.F.);
#7569=ADVANCED_FACE('',(#7152),#240,.F.);
#7570=ADVANCED_FACE('',(#7153),#2087,.T.);
#7571=ADVANCED_FACE('',(#7154),#241,.F.);
#7572=ADVANCED_FACE('',(#7155),#2088,.F.);
#7573=ADVANCED_FACE('',(#7156),#242,.F.);
#7574=ADVANCED_FACE('',(#7157),#243,.F.);
#7575=ADVANCED_FACE('',(#7158),#2089,.F.);
#7576=ADVANCED_FACE('',(#7159),#2090,.T.);
#7577=ADVANCED_FACE('',(#7160),#244,.F.);
#7578=ADVANCED_FACE('',(#7161),#245,.F.);
#7579=ADVANCED_FACE('',(#7162),#246,.F.);
#7580=ADVANCED_FACE('',(#7163),#247,.F.);
#7581=ADVANCED_FACE('',(#7164),#248,.F.);
#7582=ADVANCED_FACE('',(#7165),#2091,.T.);
#7583=ADVANCED_FACE('',(#7166),#249,.F.);
#7584=ADVANCED_FACE('',(#7167),#250,.F.);
#7585=ADVANCED_FACE('',(#7168),#251,.F.);
#7586=ADVANCED_FACE('',(#7169),#252,.F.);
#7587=ADVANCED_FACE('',(#7170),#17,.F.);
#7588=ADVANCED_FACE('',(#7171),#253,.F.);
#7589=ADVANCED_FACE('',(#7172),#18,.F.);
#7590=ADVANCED_FACE('',(#7173),#254,.T.);
#7591=ADVANCED_FACE('',(#7174),#255,.F.);
#7592=ADVANCED_FACE('',(#7175),#256,.F.);
#7593=ADVANCED_FACE('',(#7176),#257,.T.);
#7594=ADVANCED_FACE('',(#7177),#258,.F.);
#7595=ADVANCED_FACE('',(#7178),#259,.T.);
#7596=ADVANCED_FACE('',(#7179),#2012,.T.);
#7597=ADVANCED_FACE('',(#7180),#260,.F.);
#7598=ADVANCED_FACE('',(#7181),#261,.F.);
#7599=ADVANCED_FACE('',(#7182),#262,.T.);
#7600=ADVANCED_FACE('',(#7183),#263,.F.);
#7601=ADVANCED_FACE('',(#7184),#264,.F.);
#7602=ADVANCED_FACE('',(#7185),#2013,.T.);
#7603=ADVANCED_FACE('',(#7186),#265,.T.);
#7604=ADVANCED_FACE('',(#7187),#2014,.T.);
#7605=ADVANCED_FACE('',(#7188),#266,.F.);
#7606=ADVANCED_FACE('',(#7189),#267,.T.);
#7607=ADVANCED_FACE('',(#7190),#268,.T.);
#7608=ADVANCED_FACE('',(#7191),#2015,.T.);
#7609=ADVANCED_FACE('',(#7192),#269,.F.);
#7610=ADVANCED_FACE('',(#7193),#270,.F.);
#7611=ADVANCED_FACE('',(#7194),#271,.T.);
#7612=ADVANCED_FACE('',(#7195),#272,.F.);
#7613=ADVANCED_FACE('',(#7196),#273,.F.);
#7614=ADVANCED_FACE('',(#7197),#2016,.T.);
#7615=ADVANCED_FACE('',(#7198),#274,.T.);
#7616=ADVANCED_FACE('',(#7199),#275,.T.);
#7617=ADVANCED_FACE('',(#7200),#2092,.F.);
#7618=ADVANCED_FACE('',(#7201,#7202),#276,.T.);
#7619=ADVANCED_FACE('',(#7203),#2093,.F.);
#7620=ADVANCED_FACE('',(#7204),#2094,.T.);
#7621=ADVANCED_FACE('',(#7205),#277,.F.);
#7622=ADVANCED_FACE('',(#7206),#278,.F.);
#7623=ADVANCED_FACE('',(#7207),#279,.F.);
#7624=ADVANCED_FACE('',(#7208),#280,.F.);
#7625=ADVANCED_FACE('',(#7209),#281,.F.);
#7626=ADVANCED_FACE('',(#7210),#2095,.T.);
#7627=ADVANCED_FACE('',(#7211),#282,.F.);
#7628=ADVANCED_FACE('',(#7212),#2096,.F.);
#7629=ADVANCED_FACE('',(#7213),#283,.F.);
#7630=ADVANCED_FACE('',(#7214),#284,.F.);
#7631=ADVANCED_FACE('',(#7215),#2097,.T.);
#7632=ADVANCED_FACE('',(#7216),#285,.F.);
#7633=ADVANCED_FACE('',(#7217),#286,.F.);
#7634=ADVANCED_FACE('',(#7218),#2098,.T.);
#7635=ADVANCED_FACE('',(#7219),#287,.F.);
#7636=ADVANCED_FACE('',(#7220),#288,.F.);
#7637=ADVANCED_FACE('',(#7221),#2099,.T.);
#7638=ADVANCED_FACE('',(#7222),#289,.F.);
#7639=ADVANCED_FACE('',(#7223),#290,.T.);
#7640=ADVANCED_FACE('',(#7224),#291,.F.);
#7641=ADVANCED_FACE('',(#7225),#292,.F.);
#7642=ADVANCED_FACE('',(#7226,#7227),#293,.T.);
#7643=ADVANCED_FACE('',(#7228),#294,.F.);
#7644=ADVANCED_FACE('',(#7229),#295,.F.);
#7645=ADVANCED_FACE('',(#7230),#296,.T.);
#7646=ADVANCED_FACE('',(#7231),#297,.T.);
#7647=ADVANCED_FACE('',(#7232),#298,.F.);
#7648=ADVANCED_FACE('',(#7233),#299,.F.);
#7649=ADVANCED_FACE('',(#7234),#300,.F.);
#7650=ADVANCED_FACE('',(#7235),#301,.F.);
#7651=ADVANCED_FACE('',(#7236),#302,.F.);
#7652=ADVANCED_FACE('',(#7237),#303,.F.);
#7653=ADVANCED_FACE('',(#7238),#304,.T.);
#7654=ADVANCED_FACE('',(#7239),#305,.F.);
#7655=ADVANCED_FACE('',(#7240),#306,.F.);
#7656=ADVANCED_FACE('',(#7241),#307,.F.);
#7657=ADVANCED_FACE('',(#7242),#308,.T.);
#7658=CLOSED_SHELL('',(#7249,#7250,#7251,#7252,#7253,#7254,#7255,#7256,
#7257,#7258,#7259,#7260,#7261,#7262,#7263,#7264,#7265,#7266,#7267,#7268,
#7269,#7270,#7271,#7272,#7273,#7274,#7275,#7276,#7277,#7278,#7279,#7280,
#7281,#7282,#7283,#7284,#7285,#7286,#7287,#7288,#7289,#7290,#7291,#7292,
#7293,#7294,#7295,#7296,#7297,#7298,#7299,#7300,#7301,#7302,#7303,#7304,
#7305,#7306,#7307,#7308,#7309,#7310,#7311,#7312,#7313,#7314,#7315,#7316,
#7317,#7318,#7319,#7320,#7321,#7322,#7323,#7324,#7325,#7326,#7327,#7328,
#7329,#7330,#7331,#7332,#7333,#7334,#7335,#7336,#7337,#7338,#7339,#7340,
#7341,#7342,#7343,#7344,#7345,#7346,#7347,#7348,#7349,#7350,#7351,#7352,
#7353,#7354,#7355,#7356,#7357,#7358,#7359,#7360,#7361,#7362,#7363,#7364,
#7365,#7366,#7367,#7368,#7369,#7370,#7371,#7372,#7373,#7374,#7375,#7376,
#7377,#7378,#7379,#7380,#7381,#7382,#7383,#7384,#7385,#7386,#7387,#7388,
#7389,#7390,#7391,#7392,#7393,#7394,#7395,#7396,#7397,#7398,#7399,#7400,
#7401,#7402,#7403,#7404,#7405,#7406,#7407,#7408,#7409,#7410,#7411,#7412,
#7413,#7414,#7415,#7416,#7417,#7418,#7419,#7420,#7421,#7422,#7423,#7424,
#7425,#7426,#7427,#7428,#7429,#7430,#7431,#7432,#7433,#7434,#7435,#7436,
#7437,#7438,#7439,#7440,#7441,#7442,#7443,#7444,#7445,#7446,#7447,#7448,
#7449,#7450,#7451,#7452,#7453,#7454,#7455,#7456,#7457,#7458,#7459,#7460,
#7461,#7462,#7463,#7464,#7465,#7466,#7467,#7468,#7469,#7470,#7471,#7472,
#7473,#7474,#7475,#7476,#7477,#7478,#7479,#7480,#7481,#7482,#7483,#7484,
#7485,#7486,#7487,#7488,#7489,#7490,#7491,#7492,#7493,#7494,#7495,#7496,
#7497,#7498,#7499,#7500,#7501,#7502,#7503,#7504,#7505,#7506,#7507,#7508,
#7509,#7510,#7511,#7512,#7513,#7514,#7515,#7516,#7517,#7518,#7519,#7520,
#7521,#7522,#7523,#7524,#7525,#7526,#7527,#7528,#7529,#7530,#7531,#7532,
#7533,#7534,#7535,#7536,#7537,#7538,#7539,#7540,#7541,#7542,#7543,#7544,
#7545,#7546,#7547,#7548,#7549,#7550,#7551,#7552,#7553,#7554,#7555,#7556,
#7557,#7558,#7559,#7560,#7561,#7562,#7563,#7564,#7565,#7566,#7567,#7568,
#7569,#7570,#7571,#7572,#7573,#7574,#7575,#7576,#7577,#7578,#7579,#7580,
#7581,#7582,#7583,#7584,#7585,#7586,#7587,#7588,#7589,#7590,#7591,#7592,
#7593,#7594,#7595,#7596,#7597,#7598,#7599,#7600,#7601,#7602,#7603,#7604,
#7605,#7606,#7607,#7608,#7609,#7610,#7611,#7612,#7613,#7614,#7615,#7616,
#7617,#7618,#7619,#7620,#7621,#7622,#7623,#7624,#7625,#7626,#7627,#7628,
#7629,#7630,#7631,#7632,#7633,#7634,#7635,#7636,#7637,#7638,#7639,#7640,
#7641,#7642,#7643,#7644,#7645,#7646,#7647,#7648,#7649,#7650,#7651,#7652,
#7653,#7654,#7655,#7656,#7657));
#7659=STYLED_ITEM('',(#7660),#8633);
#7660=PRESENTATION_STYLE_ASSIGNMENT((#7822));
#7661=PRESENTATION_STYLE_ASSIGNMENT((#7823));
#7662=PRESENTATION_STYLE_ASSIGNMENT((#7824));
#7663=PRESENTATION_STYLE_ASSIGNMENT((#7825));
#7664=PRESENTATION_STYLE_ASSIGNMENT((#7826));
#7665=PRESENTATION_STYLE_ASSIGNMENT((#7827));
#7666=PRESENTATION_STYLE_ASSIGNMENT((#7828));
#7667=PRESENTATION_STYLE_ASSIGNMENT((#7829));
#7668=PRESENTATION_STYLE_ASSIGNMENT((#7830));
#7669=PRESENTATION_STYLE_ASSIGNMENT((#7831));
#7670=PRESENTATION_STYLE_ASSIGNMENT((#7832));
#7671=PRESENTATION_STYLE_ASSIGNMENT((#7833));
#7672=PRESENTATION_STYLE_ASSIGNMENT((#7834));
#7673=PRESENTATION_STYLE_ASSIGNMENT((#7835));
#7674=PRESENTATION_STYLE_ASSIGNMENT((#7836));
#7675=PRESENTATION_STYLE_ASSIGNMENT((#7837));
#7676=PRESENTATION_STYLE_ASSIGNMENT((#7838));
#7677=PRESENTATION_STYLE_ASSIGNMENT((#7839));
#7678=PRESENTATION_STYLE_ASSIGNMENT((#7840));
#7679=PRESENTATION_STYLE_ASSIGNMENT((#7841));
#7680=PRESENTATION_STYLE_ASSIGNMENT((#7842));
#7681=PRESENTATION_STYLE_ASSIGNMENT((#7843));
#7682=PRESENTATION_STYLE_ASSIGNMENT((#7844));
#7683=PRESENTATION_STYLE_ASSIGNMENT((#7845));
#7684=PRESENTATION_STYLE_ASSIGNMENT((#7846));
#7685=PRESENTATION_STYLE_ASSIGNMENT((#7847));
#7686=PRESENTATION_STYLE_ASSIGNMENT((#7848));
#7687=PRESENTATION_STYLE_ASSIGNMENT((#7849));
#7688=PRESENTATION_STYLE_ASSIGNMENT((#7850));
#7689=PRESENTATION_STYLE_ASSIGNMENT((#7851));
#7690=PRESENTATION_STYLE_ASSIGNMENT((#7852));
#7691=PRESENTATION_STYLE_ASSIGNMENT((#7853));
#7692=PRESENTATION_STYLE_ASSIGNMENT((#7854));
#7693=PRESENTATION_STYLE_ASSIGNMENT((#7855));
#7694=PRESENTATION_STYLE_ASSIGNMENT((#7856));
#7695=PRESENTATION_STYLE_ASSIGNMENT((#7857));
#7696=PRESENTATION_STYLE_ASSIGNMENT((#7858));
#7697=PRESENTATION_STYLE_ASSIGNMENT((#7859));
#7698=PRESENTATION_STYLE_ASSIGNMENT((#7860));
#7699=PRESENTATION_STYLE_ASSIGNMENT((#7861));
#7700=PRESENTATION_STYLE_ASSIGNMENT((#7862));
#7701=PRESENTATION_STYLE_ASSIGNMENT((#7863));
#7702=PRESENTATION_STYLE_ASSIGNMENT((#7864));
#7703=PRESENTATION_STYLE_ASSIGNMENT((#7865));
#7704=PRESENTATION_STYLE_ASSIGNMENT((#7866));
#7705=PRESENTATION_STYLE_ASSIGNMENT((#7867));
#7706=PRESENTATION_STYLE_ASSIGNMENT((#7868));
#7707=PRESENTATION_STYLE_ASSIGNMENT((#7869));
#7708=PRESENTATION_STYLE_ASSIGNMENT((#7870));
#7709=PRESENTATION_STYLE_ASSIGNMENT((#7871));
#7710=PRESENTATION_STYLE_ASSIGNMENT((#7872));
#7711=PRESENTATION_STYLE_ASSIGNMENT((#7873));
#7712=PRESENTATION_STYLE_ASSIGNMENT((#7874));
#7713=PRESENTATION_STYLE_ASSIGNMENT((#7875));
#7714=PRESENTATION_STYLE_ASSIGNMENT((#7876));
#7715=PRESENTATION_STYLE_ASSIGNMENT((#7877));
#7716=PRESENTATION_STYLE_ASSIGNMENT((#7878));
#7717=PRESENTATION_STYLE_ASSIGNMENT((#7879));
#7718=PRESENTATION_STYLE_ASSIGNMENT((#7880));
#7719=PRESENTATION_STYLE_ASSIGNMENT((#7881));
#7720=PRESENTATION_STYLE_ASSIGNMENT((#7882));
#7721=PRESENTATION_STYLE_ASSIGNMENT((#7883));
#7722=PRESENTATION_STYLE_ASSIGNMENT((#7884));
#7723=PRESENTATION_STYLE_ASSIGNMENT((#7885));
#7724=PRESENTATION_STYLE_ASSIGNMENT((#7886));
#7725=PRESENTATION_STYLE_ASSIGNMENT((#7887));
#7726=PRESENTATION_STYLE_ASSIGNMENT((#7888));
#7727=PRESENTATION_STYLE_ASSIGNMENT((#7889));
#7728=PRESENTATION_STYLE_ASSIGNMENT((#7890));
#7729=PRESENTATION_STYLE_ASSIGNMENT((#7891));
#7730=PRESENTATION_STYLE_ASSIGNMENT((#7892));
#7731=PRESENTATION_STYLE_ASSIGNMENT((#7893));
#7732=PRESENTATION_STYLE_ASSIGNMENT((#7894));
#7733=PRESENTATION_STYLE_ASSIGNMENT((#7895));
#7734=PRESENTATION_STYLE_ASSIGNMENT((#7896));
#7735=PRESENTATION_STYLE_ASSIGNMENT((#7897));
#7736=PRESENTATION_STYLE_ASSIGNMENT((#7898));
#7737=PRESENTATION_STYLE_ASSIGNMENT((#7899));
#7738=PRESENTATION_STYLE_ASSIGNMENT((#7900));
#7739=PRESENTATION_STYLE_ASSIGNMENT((#7901));
#7740=PRESENTATION_STYLE_ASSIGNMENT((#7902));
#7741=PRESENTATION_STYLE_ASSIGNMENT((#7903));
#7742=PRESENTATION_STYLE_ASSIGNMENT((#7904));
#7743=PRESENTATION_STYLE_ASSIGNMENT((#7905));
#7744=PRESENTATION_STYLE_ASSIGNMENT((#7906));
#7745=PRESENTATION_STYLE_ASSIGNMENT((#7907));
#7746=PRESENTATION_STYLE_ASSIGNMENT((#7908));
#7747=PRESENTATION_STYLE_ASSIGNMENT((#7909));
#7748=PRESENTATION_STYLE_ASSIGNMENT((#7910));
#7749=PRESENTATION_STYLE_ASSIGNMENT((#7911));
#7750=PRESENTATION_STYLE_ASSIGNMENT((#7912));
#7751=PRESENTATION_STYLE_ASSIGNMENT((#7913));
#7752=PRESENTATION_STYLE_ASSIGNMENT((#7914));
#7753=PRESENTATION_STYLE_ASSIGNMENT((#7915));
#7754=PRESENTATION_STYLE_ASSIGNMENT((#7916));
#7755=PRESENTATION_STYLE_ASSIGNMENT((#7917));
#7756=PRESENTATION_STYLE_ASSIGNMENT((#7918));
#7757=PRESENTATION_STYLE_ASSIGNMENT((#7919));
#7758=PRESENTATION_STYLE_ASSIGNMENT((#7920));
#7759=PRESENTATION_STYLE_ASSIGNMENT((#7921));
#7760=PRESENTATION_STYLE_ASSIGNMENT((#7922));
#7761=PRESENTATION_STYLE_ASSIGNMENT((#7923));
#7762=PRESENTATION_STYLE_ASSIGNMENT((#7924));
#7763=PRESENTATION_STYLE_ASSIGNMENT((#7925));
#7764=PRESENTATION_STYLE_ASSIGNMENT((#7926));
#7765=PRESENTATION_STYLE_ASSIGNMENT((#7927));
#7766=PRESENTATION_STYLE_ASSIGNMENT((#7928));
#7767=PRESENTATION_STYLE_ASSIGNMENT((#7929));
#7768=PRESENTATION_STYLE_ASSIGNMENT((#7930));
#7769=PRESENTATION_STYLE_ASSIGNMENT((#7931));
#7770=PRESENTATION_STYLE_ASSIGNMENT((#7932));
#7771=PRESENTATION_STYLE_ASSIGNMENT((#7933));
#7772=PRESENTATION_STYLE_ASSIGNMENT((#7934));
#7773=PRESENTATION_STYLE_ASSIGNMENT((#7935));
#7774=PRESENTATION_STYLE_ASSIGNMENT((#7936));
#7775=PRESENTATION_STYLE_ASSIGNMENT((#7937));
#7776=PRESENTATION_STYLE_ASSIGNMENT((#7938));
#7777=PRESENTATION_STYLE_ASSIGNMENT((#7939));
#7778=PRESENTATION_STYLE_ASSIGNMENT((#7940));
#7779=PRESENTATION_STYLE_ASSIGNMENT((#7941));
#7780=PRESENTATION_STYLE_ASSIGNMENT((#7942));
#7781=PRESENTATION_STYLE_ASSIGNMENT((#7943));
#7782=PRESENTATION_STYLE_ASSIGNMENT((#7944));
#7783=PRESENTATION_STYLE_ASSIGNMENT((#7945));
#7784=PRESENTATION_STYLE_ASSIGNMENT((#7946));
#7785=PRESENTATION_STYLE_ASSIGNMENT((#7947));
#7786=PRESENTATION_STYLE_ASSIGNMENT((#7948));
#7787=PRESENTATION_STYLE_ASSIGNMENT((#7949));
#7788=PRESENTATION_STYLE_ASSIGNMENT((#7950));
#7789=PRESENTATION_STYLE_ASSIGNMENT((#7951));
#7790=PRESENTATION_STYLE_ASSIGNMENT((#7952));
#7791=PRESENTATION_STYLE_ASSIGNMENT((#7953));
#7792=PRESENTATION_STYLE_ASSIGNMENT((#7954));
#7793=PRESENTATION_STYLE_ASSIGNMENT((#7955));
#7794=PRESENTATION_STYLE_ASSIGNMENT((#7956));
#7795=PRESENTATION_STYLE_ASSIGNMENT((#7957));
#7796=PRESENTATION_STYLE_ASSIGNMENT((#7958));
#7797=PRESENTATION_STYLE_ASSIGNMENT((#7959));
#7798=PRESENTATION_STYLE_ASSIGNMENT((#7960));
#7799=PRESENTATION_STYLE_ASSIGNMENT((#7961));
#7800=PRESENTATION_STYLE_ASSIGNMENT((#7962));
#7801=PRESENTATION_STYLE_ASSIGNMENT((#7963));
#7802=PRESENTATION_STYLE_ASSIGNMENT((#7964));
#7803=PRESENTATION_STYLE_ASSIGNMENT((#7965));
#7804=PRESENTATION_STYLE_ASSIGNMENT((#7966));
#7805=PRESENTATION_STYLE_ASSIGNMENT((#7967));
#7806=PRESENTATION_STYLE_ASSIGNMENT((#7968));
#7807=PRESENTATION_STYLE_ASSIGNMENT((#7969));
#7808=PRESENTATION_STYLE_ASSIGNMENT((#7970));
#7809=PRESENTATION_STYLE_ASSIGNMENT((#7971));
#7810=PRESENTATION_STYLE_ASSIGNMENT((#7972));
#7811=PRESENTATION_STYLE_ASSIGNMENT((#7973));
#7812=PRESENTATION_STYLE_ASSIGNMENT((#7974));
#7813=PRESENTATION_STYLE_ASSIGNMENT((#7975));
#7814=PRESENTATION_STYLE_ASSIGNMENT((#7976));
#7815=PRESENTATION_STYLE_ASSIGNMENT((#7977));
#7816=PRESENTATION_STYLE_ASSIGNMENT((#7978));
#7817=PRESENTATION_STYLE_ASSIGNMENT((#7979));
#7818=PRESENTATION_STYLE_ASSIGNMENT((#7980));
#7819=PRESENTATION_STYLE_ASSIGNMENT((#7981));
#7820=PRESENTATION_STYLE_ASSIGNMENT((#7982));
#7821=PRESENTATION_STYLE_ASSIGNMENT((#7983));
#7822=SURFACE_STYLE_USAGE(.BOTH.,#7984);
#7823=SURFACE_STYLE_USAGE(.BOTH.,#7985);
#7824=SURFACE_STYLE_USAGE(.BOTH.,#7986);
#7825=SURFACE_STYLE_USAGE(.BOTH.,#7987);
#7826=SURFACE_STYLE_USAGE(.BOTH.,#7988);
#7827=SURFACE_STYLE_USAGE(.BOTH.,#7989);
#7828=SURFACE_STYLE_USAGE(.BOTH.,#7990);
#7829=SURFACE_STYLE_USAGE(.BOTH.,#7991);
#7830=SURFACE_STYLE_USAGE(.BOTH.,#7992);
#7831=SURFACE_STYLE_USAGE(.BOTH.,#7993);
#7832=SURFACE_STYLE_USAGE(.BOTH.,#7994);
#7833=SURFACE_STYLE_USAGE(.BOTH.,#7995);
#7834=SURFACE_STYLE_USAGE(.BOTH.,#7996);
#7835=SURFACE_STYLE_USAGE(.BOTH.,#7997);
#7836=SURFACE_STYLE_USAGE(.BOTH.,#7998);
#7837=SURFACE_STYLE_USAGE(.BOTH.,#7999);
#7838=SURFACE_STYLE_USAGE(.BOTH.,#8000);
#7839=SURFACE_STYLE_USAGE(.BOTH.,#8001);
#7840=SURFACE_STYLE_USAGE(.BOTH.,#8002);
#7841=SURFACE_STYLE_USAGE(.BOTH.,#8003);
#7842=SURFACE_STYLE_USAGE(.BOTH.,#8004);
#7843=SURFACE_STYLE_USAGE(.BOTH.,#8005);
#7844=SURFACE_STYLE_USAGE(.BOTH.,#8006);
#7845=SURFACE_STYLE_USAGE(.BOTH.,#8007);
#7846=SURFACE_STYLE_USAGE(.BOTH.,#8008);
#7847=SURFACE_STYLE_USAGE(.BOTH.,#8009);
#7848=SURFACE_STYLE_USAGE(.BOTH.,#8010);
#7849=SURFACE_STYLE_USAGE(.BOTH.,#8011);
#7850=SURFACE_STYLE_USAGE(.BOTH.,#8012);
#7851=SURFACE_STYLE_USAGE(.BOTH.,#8013);
#7852=SURFACE_STYLE_USAGE(.BOTH.,#8014);
#7853=SURFACE_STYLE_USAGE(.BOTH.,#8015);
#7854=SURFACE_STYLE_USAGE(.BOTH.,#8016);
#7855=SURFACE_STYLE_USAGE(.BOTH.,#8017);
#7856=SURFACE_STYLE_USAGE(.BOTH.,#8018);
#7857=SURFACE_STYLE_USAGE(.BOTH.,#8019);
#7858=SURFACE_STYLE_USAGE(.BOTH.,#8020);
#7859=SURFACE_STYLE_USAGE(.BOTH.,#8021);
#7860=SURFACE_STYLE_USAGE(.BOTH.,#8022);
#7861=SURFACE_STYLE_USAGE(.BOTH.,#8023);
#7862=SURFACE_STYLE_USAGE(.BOTH.,#8024);
#7863=SURFACE_STYLE_USAGE(.BOTH.,#8025);
#7864=SURFACE_STYLE_USAGE(.BOTH.,#8026);
#7865=SURFACE_STYLE_USAGE(.BOTH.,#8027);
#7866=SURFACE_STYLE_USAGE(.BOTH.,#8028);
#7867=SURFACE_STYLE_USAGE(.BOTH.,#8029);
#7868=SURFACE_STYLE_USAGE(.BOTH.,#8030);
#7869=SURFACE_STYLE_USAGE(.BOTH.,#8031);
#7870=SURFACE_STYLE_USAGE(.BOTH.,#8032);
#7871=SURFACE_STYLE_USAGE(.BOTH.,#8033);
#7872=SURFACE_STYLE_USAGE(.BOTH.,#8034);
#7873=SURFACE_STYLE_USAGE(.BOTH.,#8035);
#7874=SURFACE_STYLE_USAGE(.BOTH.,#8036);
#7875=SURFACE_STYLE_USAGE(.BOTH.,#8037);
#7876=SURFACE_STYLE_USAGE(.BOTH.,#8038);
#7877=SURFACE_STYLE_USAGE(.BOTH.,#8039);
#7878=SURFACE_STYLE_USAGE(.BOTH.,#8040);
#7879=SURFACE_STYLE_USAGE(.BOTH.,#8041);
#7880=SURFACE_STYLE_USAGE(.BOTH.,#8042);
#7881=SURFACE_STYLE_USAGE(.BOTH.,#8043);
#7882=SURFACE_STYLE_USAGE(.BOTH.,#8044);
#7883=SURFACE_STYLE_USAGE(.BOTH.,#8045);
#7884=SURFACE_STYLE_USAGE(.BOTH.,#8046);
#7885=SURFACE_STYLE_USAGE(.BOTH.,#8047);
#7886=SURFACE_STYLE_USAGE(.BOTH.,#8048);
#7887=SURFACE_STYLE_USAGE(.BOTH.,#8049);
#7888=SURFACE_STYLE_USAGE(.BOTH.,#8050);
#7889=SURFACE_STYLE_USAGE(.BOTH.,#8051);
#7890=SURFACE_STYLE_USAGE(.BOTH.,#8052);
#7891=SURFACE_STYLE_USAGE(.BOTH.,#8053);
#7892=SURFACE_STYLE_USAGE(.BOTH.,#8054);
#7893=SURFACE_STYLE_USAGE(.BOTH.,#8055);
#7894=SURFACE_STYLE_USAGE(.BOTH.,#8056);
#7895=SURFACE_STYLE_USAGE(.BOTH.,#8057);
#7896=SURFACE_STYLE_USAGE(.BOTH.,#8058);
#7897=SURFACE_STYLE_USAGE(.BOTH.,#8059);
#7898=SURFACE_STYLE_USAGE(.BOTH.,#8060);
#7899=SURFACE_STYLE_USAGE(.BOTH.,#8061);
#7900=SURFACE_STYLE_USAGE(.BOTH.,#8062);
#7901=SURFACE_STYLE_USAGE(.BOTH.,#8063);
#7902=SURFACE_STYLE_USAGE(.BOTH.,#8064);
#7903=SURFACE_STYLE_USAGE(.BOTH.,#8065);
#7904=SURFACE_STYLE_USAGE(.BOTH.,#8066);
#7905=SURFACE_STYLE_USAGE(.BOTH.,#8067);
#7906=SURFACE_STYLE_USAGE(.BOTH.,#8068);
#7907=SURFACE_STYLE_USAGE(.BOTH.,#8069);
#7908=SURFACE_STYLE_USAGE(.BOTH.,#8070);
#7909=SURFACE_STYLE_USAGE(.BOTH.,#8071);
#7910=SURFACE_STYLE_USAGE(.BOTH.,#8072);
#7911=SURFACE_STYLE_USAGE(.BOTH.,#8073);
#7912=SURFACE_STYLE_USAGE(.BOTH.,#8074);
#7913=SURFACE_STYLE_USAGE(.BOTH.,#8075);
#7914=SURFACE_STYLE_USAGE(.BOTH.,#8076);
#7915=SURFACE_STYLE_USAGE(.BOTH.,#8077);
#7916=SURFACE_STYLE_USAGE(.BOTH.,#8078);
#7917=SURFACE_STYLE_USAGE(.BOTH.,#8079);
#7918=SURFACE_STYLE_USAGE(.BOTH.,#8080);
#7919=SURFACE_STYLE_USAGE(.BOTH.,#8081);
#7920=SURFACE_STYLE_USAGE(.BOTH.,#8082);
#7921=SURFACE_STYLE_USAGE(.BOTH.,#8083);
#7922=SURFACE_STYLE_USAGE(.BOTH.,#8084);
#7923=SURFACE_STYLE_USAGE(.BOTH.,#8085);
#7924=SURFACE_STYLE_USAGE(.BOTH.,#8086);
#7925=SURFACE_STYLE_USAGE(.BOTH.,#8087);
#7926=SURFACE_STYLE_USAGE(.BOTH.,#8088);
#7927=SURFACE_STYLE_USAGE(.BOTH.,#8089);
#7928=SURFACE_STYLE_USAGE(.BOTH.,#8090);
#7929=SURFACE_STYLE_USAGE(.BOTH.,#8091);
#7930=SURFACE_STYLE_USAGE(.BOTH.,#8092);
#7931=SURFACE_STYLE_USAGE(.BOTH.,#8093);
#7932=SURFACE_STYLE_USAGE(.BOTH.,#8094);
#7933=SURFACE_STYLE_USAGE(.BOTH.,#8095);
#7934=SURFACE_STYLE_USAGE(.BOTH.,#8096);
#7935=SURFACE_STYLE_USAGE(.BOTH.,#8097);
#7936=SURFACE_STYLE_USAGE(.BOTH.,#8098);
#7937=SURFACE_STYLE_USAGE(.BOTH.,#8099);
#7938=SURFACE_STYLE_USAGE(.BOTH.,#8100);
#7939=SURFACE_STYLE_USAGE(.BOTH.,#8101);
#7940=SURFACE_STYLE_USAGE(.BOTH.,#8102);
#7941=SURFACE_STYLE_USAGE(.BOTH.,#8103);
#7942=SURFACE_STYLE_USAGE(.BOTH.,#8104);
#7943=SURFACE_STYLE_USAGE(.BOTH.,#8105);
#7944=SURFACE_STYLE_USAGE(.BOTH.,#8106);
#7945=SURFACE_STYLE_USAGE(.BOTH.,#8107);
#7946=SURFACE_STYLE_USAGE(.BOTH.,#8108);
#7947=SURFACE_STYLE_USAGE(.BOTH.,#8109);
#7948=SURFACE_STYLE_USAGE(.BOTH.,#8110);
#7949=SURFACE_STYLE_USAGE(.BOTH.,#8111);
#7950=SURFACE_STYLE_USAGE(.BOTH.,#8112);
#7951=SURFACE_STYLE_USAGE(.BOTH.,#8113);
#7952=SURFACE_STYLE_USAGE(.BOTH.,#8114);
#7953=SURFACE_STYLE_USAGE(.BOTH.,#8115);
#7954=SURFACE_STYLE_USAGE(.BOTH.,#8116);
#7955=SURFACE_STYLE_USAGE(.BOTH.,#8117);
#7956=SURFACE_STYLE_USAGE(.BOTH.,#8118);
#7957=SURFACE_STYLE_USAGE(.BOTH.,#8119);
#7958=SURFACE_STYLE_USAGE(.BOTH.,#8120);
#7959=SURFACE_STYLE_USAGE(.BOTH.,#8121);
#7960=SURFACE_STYLE_USAGE(.BOTH.,#8122);
#7961=SURFACE_STYLE_USAGE(.BOTH.,#8123);
#7962=SURFACE_STYLE_USAGE(.BOTH.,#8124);
#7963=SURFACE_STYLE_USAGE(.BOTH.,#8125);
#7964=SURFACE_STYLE_USAGE(.BOTH.,#8126);
#7965=SURFACE_STYLE_USAGE(.BOTH.,#8127);
#7966=SURFACE_STYLE_USAGE(.BOTH.,#8128);
#7967=SURFACE_STYLE_USAGE(.BOTH.,#8129);
#7968=SURFACE_STYLE_USAGE(.BOTH.,#8130);
#7969=SURFACE_STYLE_USAGE(.BOTH.,#8131);
#7970=SURFACE_STYLE_USAGE(.BOTH.,#8132);
#7971=SURFACE_STYLE_USAGE(.BOTH.,#8133);
#7972=SURFACE_STYLE_USAGE(.BOTH.,#8134);
#7973=SURFACE_STYLE_USAGE(.BOTH.,#8135);
#7974=SURFACE_STYLE_USAGE(.BOTH.,#8136);
#7975=SURFACE_STYLE_USAGE(.BOTH.,#8137);
#7976=SURFACE_STYLE_USAGE(.BOTH.,#8138);
#7977=SURFACE_STYLE_USAGE(.BOTH.,#8139);
#7978=SURFACE_STYLE_USAGE(.BOTH.,#8140);
#7979=SURFACE_STYLE_USAGE(.BOTH.,#8141);
#7980=SURFACE_STYLE_USAGE(.BOTH.,#8142);
#7981=SURFACE_STYLE_USAGE(.BOTH.,#8143);
#7982=SURFACE_STYLE_USAGE(.BOTH.,#8144);
#7983=SURFACE_STYLE_USAGE(.BOTH.,#8145);
#7984=SURFACE_SIDE_STYLE('',(#8146));
#7985=SURFACE_SIDE_STYLE('',(#8147));
#7986=SURFACE_SIDE_STYLE('',(#8148));
#7987=SURFACE_SIDE_STYLE('',(#8149));
#7988=SURFACE_SIDE_STYLE('',(#8150));
#7989=SURFACE_SIDE_STYLE('',(#8151));
#7990=SURFACE_SIDE_STYLE('',(#8152));
#7991=SURFACE_SIDE_STYLE('',(#8153));
#7992=SURFACE_SIDE_STYLE('',(#8154));
#7993=SURFACE_SIDE_STYLE('',(#8155));
#7994=SURFACE_SIDE_STYLE('',(#8156));
#7995=SURFACE_SIDE_STYLE('',(#8157));
#7996=SURFACE_SIDE_STYLE('',(#8158));
#7997=SURFACE_SIDE_STYLE('',(#8159));
#7998=SURFACE_SIDE_STYLE('',(#8160));
#7999=SURFACE_SIDE_STYLE('',(#8161));
#8000=SURFACE_SIDE_STYLE('',(#8162));
#8001=SURFACE_SIDE_STYLE('',(#8163));
#8002=SURFACE_SIDE_STYLE('',(#8164));
#8003=SURFACE_SIDE_STYLE('',(#8165));
#8004=SURFACE_SIDE_STYLE('',(#8166));
#8005=SURFACE_SIDE_STYLE('',(#8167));
#8006=SURFACE_SIDE_STYLE('',(#8168));
#8007=SURFACE_SIDE_STYLE('',(#8169));
#8008=SURFACE_SIDE_STYLE('',(#8170));
#8009=SURFACE_SIDE_STYLE('',(#8171));
#8010=SURFACE_SIDE_STYLE('',(#8172));
#8011=SURFACE_SIDE_STYLE('',(#8173));
#8012=SURFACE_SIDE_STYLE('',(#8174));
#8013=SURFACE_SIDE_STYLE('',(#8175));
#8014=SURFACE_SIDE_STYLE('',(#8176));
#8015=SURFACE_SIDE_STYLE('',(#8177));
#8016=SURFACE_SIDE_STYLE('',(#8178));
#8017=SURFACE_SIDE_STYLE('',(#8179));
#8018=SURFACE_SIDE_STYLE('',(#8180));
#8019=SURFACE_SIDE_STYLE('',(#8181));
#8020=SURFACE_SIDE_STYLE('',(#8182));
#8021=SURFACE_SIDE_STYLE('',(#8183));
#8022=SURFACE_SIDE_STYLE('',(#8184));
#8023=SURFACE_SIDE_STYLE('',(#8185));
#8024=SURFACE_SIDE_STYLE('',(#8186));
#8025=SURFACE_SIDE_STYLE('',(#8187));
#8026=SURFACE_SIDE_STYLE('',(#8188));
#8027=SURFACE_SIDE_STYLE('',(#8189));
#8028=SURFACE_SIDE_STYLE('',(#8190));
#8029=SURFACE_SIDE_STYLE('',(#8191));
#8030=SURFACE_SIDE_STYLE('',(#8192));
#8031=SURFACE_SIDE_STYLE('',(#8193));
#8032=SURFACE_SIDE_STYLE('',(#8194));
#8033=SURFACE_SIDE_STYLE('',(#8195));
#8034=SURFACE_SIDE_STYLE('',(#8196));
#8035=SURFACE_SIDE_STYLE('',(#8197));
#8036=SURFACE_SIDE_STYLE('',(#8198));
#8037=SURFACE_SIDE_STYLE('',(#8199));
#8038=SURFACE_SIDE_STYLE('',(#8200));
#8039=SURFACE_SIDE_STYLE('',(#8201));
#8040=SURFACE_SIDE_STYLE('',(#8202));
#8041=SURFACE_SIDE_STYLE('',(#8203));
#8042=SURFACE_SIDE_STYLE('',(#8204));
#8043=SURFACE_SIDE_STYLE('',(#8205));
#8044=SURFACE_SIDE_STYLE('',(#8206));
#8045=SURFACE_SIDE_STYLE('',(#8207));
#8046=SURFACE_SIDE_STYLE('',(#8208));
#8047=SURFACE_SIDE_STYLE('',(#8209));
#8048=SURFACE_SIDE_STYLE('',(#8210));
#8049=SURFACE_SIDE_STYLE('',(#8211));
#8050=SURFACE_SIDE_STYLE('',(#8212));
#8051=SURFACE_SIDE_STYLE('',(#8213));
#8052=SURFACE_SIDE_STYLE('',(#8214));
#8053=SURFACE_SIDE_STYLE('',(#8215));
#8054=SURFACE_SIDE_STYLE('',(#8216));
#8055=SURFACE_SIDE_STYLE('',(#8217));
#8056=SURFACE_SIDE_STYLE('',(#8218));
#8057=SURFACE_SIDE_STYLE('',(#8219));
#8058=SURFACE_SIDE_STYLE('',(#8220));
#8059=SURFACE_SIDE_STYLE('',(#8221));
#8060=SURFACE_SIDE_STYLE('',(#8222));
#8061=SURFACE_SIDE_STYLE('',(#8223));
#8062=SURFACE_SIDE_STYLE('',(#8224));
#8063=SURFACE_SIDE_STYLE('',(#8225));
#8064=SURFACE_SIDE_STYLE('',(#8226));
#8065=SURFACE_SIDE_STYLE('',(#8227));
#8066=SURFACE_SIDE_STYLE('',(#8228));
#8067=SURFACE_SIDE_STYLE('',(#8229));
#8068=SURFACE_SIDE_STYLE('',(#8230));
#8069=SURFACE_SIDE_STYLE('',(#8231));
#8070=SURFACE_SIDE_STYLE('',(#8232));
#8071=SURFACE_SIDE_STYLE('',(#8233));
#8072=SURFACE_SIDE_STYLE('',(#8234));
#8073=SURFACE_SIDE_STYLE('',(#8235));
#8074=SURFACE_SIDE_STYLE('',(#8236));
#8075=SURFACE_SIDE_STYLE('',(#8237));
#8076=SURFACE_SIDE_STYLE('',(#8238));
#8077=SURFACE_SIDE_STYLE('',(#8239));
#8078=SURFACE_SIDE_STYLE('',(#8240));
#8079=SURFACE_SIDE_STYLE('',(#8241));
#8080=SURFACE_SIDE_STYLE('',(#8242));
#8081=SURFACE_SIDE_STYLE('',(#8243));
#8082=SURFACE_SIDE_STYLE('',(#8244));
#8083=SURFACE_SIDE_STYLE('',(#8245));
#8084=SURFACE_SIDE_STYLE('',(#8246));
#8085=SURFACE_SIDE_STYLE('',(#8247));
#8086=SURFACE_SIDE_STYLE('',(#8248));
#8087=SURFACE_SIDE_STYLE('',(#8249));
#8088=SURFACE_SIDE_STYLE('',(#8250));
#8089=SURFACE_SIDE_STYLE('',(#8251));
#8090=SURFACE_SIDE_STYLE('',(#8252));
#8091=SURFACE_SIDE_STYLE('',(#8253));
#8092=SURFACE_SIDE_STYLE('',(#8254));
#8093=SURFACE_SIDE_STYLE('',(#8255));
#8094=SURFACE_SIDE_STYLE('',(#8256));
#8095=SURFACE_SIDE_STYLE('',(#8257));
#8096=SURFACE_SIDE_STYLE('',(#8258));
#8097=SURFACE_SIDE_STYLE('',(#8259));
#8098=SURFACE_SIDE_STYLE('',(#8260));
#8099=SURFACE_SIDE_STYLE('',(#8261));
#8100=SURFACE_SIDE_STYLE('',(#8262));
#8101=SURFACE_SIDE_STYLE('',(#8263));
#8102=SURFACE_SIDE_STYLE('',(#8264));
#8103=SURFACE_SIDE_STYLE('',(#8265));
#8104=SURFACE_SIDE_STYLE('',(#8266));
#8105=SURFACE_SIDE_STYLE('',(#8267));
#8106=SURFACE_SIDE_STYLE('',(#8268));
#8107=SURFACE_SIDE_STYLE('',(#8269));
#8108=SURFACE_SIDE_STYLE('',(#8270));
#8109=SURFACE_SIDE_STYLE('',(#8271));
#8110=SURFACE_SIDE_STYLE('',(#8272));
#8111=SURFACE_SIDE_STYLE('',(#8273));
#8112=SURFACE_SIDE_STYLE('',(#8274));
#8113=SURFACE_SIDE_STYLE('',(#8275));
#8114=SURFACE_SIDE_STYLE('',(#8276));
#8115=SURFACE_SIDE_STYLE('',(#8277));
#8116=SURFACE_SIDE_STYLE('',(#8278));
#8117=SURFACE_SIDE_STYLE('',(#8279));
#8118=SURFACE_SIDE_STYLE('',(#8280));
#8119=SURFACE_SIDE_STYLE('',(#8281));
#8120=SURFACE_SIDE_STYLE('',(#8282));
#8121=SURFACE_SIDE_STYLE('',(#8283));
#8122=SURFACE_SIDE_STYLE('',(#8284));
#8123=SURFACE_SIDE_STYLE('',(#8285));
#8124=SURFACE_SIDE_STYLE('',(#8286));
#8125=SURFACE_SIDE_STYLE('',(#8287));
#8126=SURFACE_SIDE_STYLE('',(#8288));
#8127=SURFACE_SIDE_STYLE('',(#8289));
#8128=SURFACE_SIDE_STYLE('',(#8290));
#8129=SURFACE_SIDE_STYLE('',(#8291));
#8130=SURFACE_SIDE_STYLE('',(#8292));
#8131=SURFACE_SIDE_STYLE('',(#8293));
#8132=SURFACE_SIDE_STYLE('',(#8294));
#8133=SURFACE_SIDE_STYLE('',(#8295));
#8134=SURFACE_SIDE_STYLE('',(#8296));
#8135=SURFACE_SIDE_STYLE('',(#8297));
#8136=SURFACE_SIDE_STYLE('',(#8298));
#8137=SURFACE_SIDE_STYLE('',(#8299));
#8138=SURFACE_SIDE_STYLE('',(#8300));
#8139=SURFACE_SIDE_STYLE('',(#8301));
#8140=SURFACE_SIDE_STYLE('',(#8302));
#8141=SURFACE_SIDE_STYLE('',(#8303));
#8142=SURFACE_SIDE_STYLE('',(#8304));
#8143=SURFACE_SIDE_STYLE('',(#8305));
#8144=SURFACE_SIDE_STYLE('',(#8306));
#8145=SURFACE_SIDE_STYLE('',(#8307));
#8146=SURFACE_STYLE_FILL_AREA(#8308);
#8147=SURFACE_STYLE_FILL_AREA(#8309);
#8148=SURFACE_STYLE_FILL_AREA(#8310);
#8149=SURFACE_STYLE_FILL_AREA(#8311);
#8150=SURFACE_STYLE_FILL_AREA(#8312);
#8151=SURFACE_STYLE_FILL_AREA(#8313);
#8152=SURFACE_STYLE_FILL_AREA(#8314);
#8153=SURFACE_STYLE_FILL_AREA(#8315);
#8154=SURFACE_STYLE_FILL_AREA(#8316);
#8155=SURFACE_STYLE_FILL_AREA(#8317);
#8156=SURFACE_STYLE_FILL_AREA(#8318);
#8157=SURFACE_STYLE_FILL_AREA(#8319);
#8158=SURFACE_STYLE_FILL_AREA(#8320);
#8159=SURFACE_STYLE_FILL_AREA(#8321);
#8160=SURFACE_STYLE_FILL_AREA(#8322);
#8161=SURFACE_STYLE_FILL_AREA(#8323);
#8162=SURFACE_STYLE_FILL_AREA(#8324);
#8163=SURFACE_STYLE_FILL_AREA(#8325);
#8164=SURFACE_STYLE_FILL_AREA(#8326);
#8165=SURFACE_STYLE_FILL_AREA(#8327);
#8166=SURFACE_STYLE_FILL_AREA(#8328);
#8167=SURFACE_STYLE_FILL_AREA(#8329);
#8168=SURFACE_STYLE_FILL_AREA(#8330);
#8169=SURFACE_STYLE_FILL_AREA(#8331);
#8170=SURFACE_STYLE_FILL_AREA(#8332);
#8171=SURFACE_STYLE_FILL_AREA(#8333);
#8172=SURFACE_STYLE_FILL_AREA(#8334);
#8173=SURFACE_STYLE_FILL_AREA(#8335);
#8174=SURFACE_STYLE_FILL_AREA(#8336);
#8175=SURFACE_STYLE_FILL_AREA(#8337);
#8176=SURFACE_STYLE_FILL_AREA(#8338);
#8177=SURFACE_STYLE_FILL_AREA(#8339);
#8178=SURFACE_STYLE_FILL_AREA(#8340);
#8179=SURFACE_STYLE_FILL_AREA(#8341);
#8180=SURFACE_STYLE_FILL_AREA(#8342);
#8181=SURFACE_STYLE_FILL_AREA(#8343);
#8182=SURFACE_STYLE_FILL_AREA(#8344);
#8183=SURFACE_STYLE_FILL_AREA(#8345);
#8184=SURFACE_STYLE_FILL_AREA(#8346);
#8185=SURFACE_STYLE_FILL_AREA(#8347);
#8186=SURFACE_STYLE_FILL_AREA(#8348);
#8187=SURFACE_STYLE_FILL_AREA(#8349);
#8188=SURFACE_STYLE_FILL_AREA(#8350);
#8189=SURFACE_STYLE_FILL_AREA(#8351);
#8190=SURFACE_STYLE_FILL_AREA(#8352);
#8191=SURFACE_STYLE_FILL_AREA(#8353);
#8192=SURFACE_STYLE_FILL_AREA(#8354);
#8193=SURFACE_STYLE_FILL_AREA(#8355);
#8194=SURFACE_STYLE_FILL_AREA(#8356);
#8195=SURFACE_STYLE_FILL_AREA(#8357);
#8196=SURFACE_STYLE_FILL_AREA(#8358);
#8197=SURFACE_STYLE_FILL_AREA(#8359);
#8198=SURFACE_STYLE_FILL_AREA(#8360);
#8199=SURFACE_STYLE_FILL_AREA(#8361);
#8200=SURFACE_STYLE_FILL_AREA(#8362);
#8201=SURFACE_STYLE_FILL_AREA(#8363);
#8202=SURFACE_STYLE_FILL_AREA(#8364);
#8203=SURFACE_STYLE_FILL_AREA(#8365);
#8204=SURFACE_STYLE_FILL_AREA(#8366);
#8205=SURFACE_STYLE_FILL_AREA(#8367);
#8206=SURFACE_STYLE_FILL_AREA(#8368);
#8207=SURFACE_STYLE_FILL_AREA(#8369);
#8208=SURFACE_STYLE_FILL_AREA(#8370);
#8209=SURFACE_STYLE_FILL_AREA(#8371);
#8210=SURFACE_STYLE_FILL_AREA(#8372);
#8211=SURFACE_STYLE_FILL_AREA(#8373);
#8212=SURFACE_STYLE_FILL_AREA(#8374);
#8213=SURFACE_STYLE_FILL_AREA(#8375);
#8214=SURFACE_STYLE_FILL_AREA(#8376);
#8215=SURFACE_STYLE_FILL_AREA(#8377);
#8216=SURFACE_STYLE_FILL_AREA(#8378);
#8217=SURFACE_STYLE_FILL_AREA(#8379);
#8218=SURFACE_STYLE_FILL_AREA(#8380);
#8219=SURFACE_STYLE_FILL_AREA(#8381);
#8220=SURFACE_STYLE_FILL_AREA(#8382);
#8221=SURFACE_STYLE_FILL_AREA(#8383);
#8222=SURFACE_STYLE_FILL_AREA(#8384);
#8223=SURFACE_STYLE_FILL_AREA(#8385);
#8224=SURFACE_STYLE_FILL_AREA(#8386);
#8225=SURFACE_STYLE_FILL_AREA(#8387);
#8226=SURFACE_STYLE_FILL_AREA(#8388);
#8227=SURFACE_STYLE_FILL_AREA(#8389);
#8228=SURFACE_STYLE_FILL_AREA(#8390);
#8229=SURFACE_STYLE_FILL_AREA(#8391);
#8230=SURFACE_STYLE_FILL_AREA(#8392);
#8231=SURFACE_STYLE_FILL_AREA(#8393);
#8232=SURFACE_STYLE_FILL_AREA(#8394);
#8233=SURFACE_STYLE_FILL_AREA(#8395);
#8234=SURFACE_STYLE_FILL_AREA(#8396);
#8235=SURFACE_STYLE_FILL_AREA(#8397);
#8236=SURFACE_STYLE_FILL_AREA(#8398);
#8237=SURFACE_STYLE_FILL_AREA(#8399);
#8238=SURFACE_STYLE_FILL_AREA(#8400);
#8239=SURFACE_STYLE_FILL_AREA(#8401);
#8240=SURFACE_STYLE_FILL_AREA(#8402);
#8241=SURFACE_STYLE_FILL_AREA(#8403);
#8242=SURFACE_STYLE_FILL_AREA(#8404);
#8243=SURFACE_STYLE_FILL_AREA(#8405);
#8244=SURFACE_STYLE_FILL_AREA(#8406);
#8245=SURFACE_STYLE_FILL_AREA(#8407);
#8246=SURFACE_STYLE_FILL_AREA(#8408);
#8247=SURFACE_STYLE_FILL_AREA(#8409);
#8248=SURFACE_STYLE_FILL_AREA(#8410);
#8249=SURFACE_STYLE_FILL_AREA(#8411);
#8250=SURFACE_STYLE_FILL_AREA(#8412);
#8251=SURFACE_STYLE_FILL_AREA(#8413);
#8252=SURFACE_STYLE_FILL_AREA(#8414);
#8253=SURFACE_STYLE_FILL_AREA(#8415);
#8254=SURFACE_STYLE_FILL_AREA(#8416);
#8255=SURFACE_STYLE_FILL_AREA(#8417);
#8256=SURFACE_STYLE_FILL_AREA(#8418);
#8257=SURFACE_STYLE_FILL_AREA(#8419);
#8258=SURFACE_STYLE_FILL_AREA(#8420);
#8259=SURFACE_STYLE_FILL_AREA(#8421);
#8260=SURFACE_STYLE_FILL_AREA(#8422);
#8261=SURFACE_STYLE_FILL_AREA(#8423);
#8262=SURFACE_STYLE_FILL_AREA(#8424);
#8263=SURFACE_STYLE_FILL_AREA(#8425);
#8264=SURFACE_STYLE_FILL_AREA(#8426);
#8265=SURFACE_STYLE_FILL_AREA(#8427);
#8266=SURFACE_STYLE_FILL_AREA(#8428);
#8267=SURFACE_STYLE_FILL_AREA(#8429);
#8268=SURFACE_STYLE_FILL_AREA(#8430);
#8269=SURFACE_STYLE_FILL_AREA(#8431);
#8270=SURFACE_STYLE_FILL_AREA(#8432);
#8271=SURFACE_STYLE_FILL_AREA(#8433);
#8272=SURFACE_STYLE_FILL_AREA(#8434);
#8273=SURFACE_STYLE_FILL_AREA(#8435);
#8274=SURFACE_STYLE_FILL_AREA(#8436);
#8275=SURFACE_STYLE_FILL_AREA(#8437);
#8276=SURFACE_STYLE_FILL_AREA(#8438);
#8277=SURFACE_STYLE_FILL_AREA(#8439);
#8278=SURFACE_STYLE_FILL_AREA(#8440);
#8279=SURFACE_STYLE_FILL_AREA(#8441);
#8280=SURFACE_STYLE_FILL_AREA(#8442);
#8281=SURFACE_STYLE_FILL_AREA(#8443);
#8282=SURFACE_STYLE_FILL_AREA(#8444);
#8283=SURFACE_STYLE_FILL_AREA(#8445);
#8284=SURFACE_STYLE_FILL_AREA(#8446);
#8285=SURFACE_STYLE_FILL_AREA(#8447);
#8286=SURFACE_STYLE_FILL_AREA(#8448);
#8287=SURFACE_STYLE_FILL_AREA(#8449);
#8288=SURFACE_STYLE_FILL_AREA(#8450);
#8289=SURFACE_STYLE_FILL_AREA(#8451);
#8290=SURFACE_STYLE_FILL_AREA(#8452);
#8291=SURFACE_STYLE_FILL_AREA(#8453);
#8292=SURFACE_STYLE_FILL_AREA(#8454);
#8293=SURFACE_STYLE_FILL_AREA(#8455);
#8294=SURFACE_STYLE_FILL_AREA(#8456);
#8295=SURFACE_STYLE_FILL_AREA(#8457);
#8296=SURFACE_STYLE_FILL_AREA(#8458);
#8297=SURFACE_STYLE_FILL_AREA(#8459);
#8298=SURFACE_STYLE_FILL_AREA(#8460);
#8299=SURFACE_STYLE_FILL_AREA(#8461);
#8300=SURFACE_STYLE_FILL_AREA(#8462);
#8301=SURFACE_STYLE_FILL_AREA(#8463);
#8302=SURFACE_STYLE_FILL_AREA(#8464);
#8303=SURFACE_STYLE_FILL_AREA(#8465);
#8304=SURFACE_STYLE_FILL_AREA(#8466);
#8305=SURFACE_STYLE_FILL_AREA(#8467);
#8306=SURFACE_STYLE_FILL_AREA(#8468);
#8307=SURFACE_STYLE_FILL_AREA(#8469);
#8308=FILL_AREA_STYLE('',(#8470));
#8309=FILL_AREA_STYLE('',(#8471));
#8310=FILL_AREA_STYLE('',(#8472));
#8311=FILL_AREA_STYLE('',(#8473));
#8312=FILL_AREA_STYLE('',(#8474));
#8313=FILL_AREA_STYLE('',(#8475));
#8314=FILL_AREA_STYLE('',(#8476));
#8315=FILL_AREA_STYLE('',(#8477));
#8316=FILL_AREA_STYLE('',(#8478));
#8317=FILL_AREA_STYLE('',(#8479));
#8318=FILL_AREA_STYLE('',(#8480));
#8319=FILL_AREA_STYLE('',(#8481));
#8320=FILL_AREA_STYLE('',(#8482));
#8321=FILL_AREA_STYLE('',(#8483));
#8322=FILL_AREA_STYLE('',(#8484));
#8323=FILL_AREA_STYLE('',(#8485));
#8324=FILL_AREA_STYLE('',(#8486));
#8325=FILL_AREA_STYLE('',(#8487));
#8326=FILL_AREA_STYLE('',(#8488));
#8327=FILL_AREA_STYLE('',(#8489));
#8328=FILL_AREA_STYLE('',(#8490));
#8329=FILL_AREA_STYLE('',(#8491));
#8330=FILL_AREA_STYLE('',(#8492));
#8331=FILL_AREA_STYLE('',(#8493));
#8332=FILL_AREA_STYLE('',(#8494));
#8333=FILL_AREA_STYLE('',(#8495));
#8334=FILL_AREA_STYLE('',(#8496));
#8335=FILL_AREA_STYLE('',(#8497));
#8336=FILL_AREA_STYLE('',(#8498));
#8337=FILL_AREA_STYLE('',(#8499));
#8338=FILL_AREA_STYLE('',(#8500));
#8339=FILL_AREA_STYLE('',(#8501));
#8340=FILL_AREA_STYLE('',(#8502));
#8341=FILL_AREA_STYLE('',(#8503));
#8342=FILL_AREA_STYLE('',(#8504));
#8343=FILL_AREA_STYLE('',(#8505));
#8344=FILL_AREA_STYLE('',(#8506));
#8345=FILL_AREA_STYLE('',(#8507));
#8346=FILL_AREA_STYLE('',(#8508));
#8347=FILL_AREA_STYLE('',(#8509));
#8348=FILL_AREA_STYLE('',(#8510));
#8349=FILL_AREA_STYLE('',(#8511));
#8350=FILL_AREA_STYLE('',(#8512));
#8351=FILL_AREA_STYLE('',(#8513));
#8352=FILL_AREA_STYLE('',(#8514));
#8353=FILL_AREA_STYLE('',(#8515));
#8354=FILL_AREA_STYLE('',(#8516));
#8355=FILL_AREA_STYLE('',(#8517));
#8356=FILL_AREA_STYLE('',(#8518));
#8357=FILL_AREA_STYLE('',(#8519));
#8358=FILL_AREA_STYLE('',(#8520));
#8359=FILL_AREA_STYLE('',(#8521));
#8360=FILL_AREA_STYLE('',(#8522));
#8361=FILL_AREA_STYLE('',(#8523));
#8362=FILL_AREA_STYLE('',(#8524));
#8363=FILL_AREA_STYLE('',(#8525));
#8364=FILL_AREA_STYLE('',(#8526));
#8365=FILL_AREA_STYLE('',(#8527));
#8366=FILL_AREA_STYLE('',(#8528));
#8367=FILL_AREA_STYLE('',(#8529));
#8368=FILL_AREA_STYLE('',(#8530));
#8369=FILL_AREA_STYLE('',(#8531));
#8370=FILL_AREA_STYLE('',(#8532));
#8371=FILL_AREA_STYLE('',(#8533));
#8372=FILL_AREA_STYLE('',(#8534));
#8373=FILL_AREA_STYLE('',(#8535));
#8374=FILL_AREA_STYLE('',(#8536));
#8375=FILL_AREA_STYLE('',(#8537));
#8376=FILL_AREA_STYLE('',(#8538));
#8377=FILL_AREA_STYLE('',(#8539));
#8378=FILL_AREA_STYLE('',(#8540));
#8379=FILL_AREA_STYLE('',(#8541));
#8380=FILL_AREA_STYLE('',(#8542));
#8381=FILL_AREA_STYLE('',(#8543));
#8382=FILL_AREA_STYLE('',(#8544));
#8383=FILL_AREA_STYLE('',(#8545));
#8384=FILL_AREA_STYLE('',(#8546));
#8385=FILL_AREA_STYLE('',(#8547));
#8386=FILL_AREA_STYLE('',(#8548));
#8387=FILL_AREA_STYLE('',(#8549));
#8388=FILL_AREA_STYLE('',(#8550));
#8389=FILL_AREA_STYLE('',(#8551));
#8390=FILL_AREA_STYLE('',(#8552));
#8391=FILL_AREA_STYLE('',(#8553));
#8392=FILL_AREA_STYLE('',(#8554));
#8393=FILL_AREA_STYLE('',(#8555));
#8394=FILL_AREA_STYLE('',(#8556));
#8395=FILL_AREA_STYLE('',(#8557));
#8396=FILL_AREA_STYLE('',(#8558));
#8397=FILL_AREA_STYLE('',(#8559));
#8398=FILL_AREA_STYLE('',(#8560));
#8399=FILL_AREA_STYLE('',(#8561));
#8400=FILL_AREA_STYLE('',(#8562));
#8401=FILL_AREA_STYLE('',(#8563));
#8402=FILL_AREA_STYLE('',(#8564));
#8403=FILL_AREA_STYLE('',(#8565));
#8404=FILL_AREA_STYLE('',(#8566));
#8405=FILL_AREA_STYLE('',(#8567));
#8406=FILL_AREA_STYLE('',(#8568));
#8407=FILL_AREA_STYLE('',(#8569));
#8408=FILL_AREA_STYLE('',(#8570));
#8409=FILL_AREA_STYLE('',(#8571));
#8410=FILL_AREA_STYLE('',(#8572));
#8411=FILL_AREA_STYLE('',(#8573));
#8412=FILL_AREA_STYLE('',(#8574));
#8413=FILL_AREA_STYLE('',(#8575));
#8414=FILL_AREA_STYLE('',(#8576));
#8415=FILL_AREA_STYLE('',(#8577));
#8416=FILL_AREA_STYLE('',(#8578));
#8417=FILL_AREA_STYLE('',(#8579));
#8418=FILL_AREA_STYLE('',(#8580));
#8419=FILL_AREA_STYLE('',(#8581));
#8420=FILL_AREA_STYLE('',(#8582));
#8421=FILL_AREA_STYLE('',(#8583));
#8422=FILL_AREA_STYLE('',(#8584));
#8423=FILL_AREA_STYLE('',(#8585));
#8424=FILL_AREA_STYLE('',(#8586));
#8425=FILL_AREA_STYLE('',(#8587));
#8426=FILL_AREA_STYLE('',(#8588));
#8427=FILL_AREA_STYLE('',(#8589));
#8428=FILL_AREA_STYLE('',(#8590));
#8429=FILL_AREA_STYLE('',(#8591));
#8430=FILL_AREA_STYLE('',(#8592));
#8431=FILL_AREA_STYLE('',(#8593));
#8432=FILL_AREA_STYLE('',(#8594));
#8433=FILL_AREA_STYLE('',(#8595));
#8434=FILL_AREA_STYLE('',(#8596));
#8435=FILL_AREA_STYLE('',(#8597));
#8436=FILL_AREA_STYLE('',(#8598));
#8437=FILL_AREA_STYLE('',(#8599));
#8438=FILL_AREA_STYLE('',(#8600));
#8439=FILL_AREA_STYLE('',(#8601));
#8440=FILL_AREA_STYLE('',(#8602));
#8441=FILL_AREA_STYLE('',(#8603));
#8442=FILL_AREA_STYLE('',(#8604));
#8443=FILL_AREA_STYLE('',(#8605));
#8444=FILL_AREA_STYLE('',(#8606));
#8445=FILL_AREA_STYLE('',(#8607));
#8446=FILL_AREA_STYLE('',(#8608));
#8447=FILL_AREA_STYLE('',(#8609));
#8448=FILL_AREA_STYLE('',(#8610));
#8449=FILL_AREA_STYLE('',(#8611));
#8450=FILL_AREA_STYLE('',(#8612));
#8451=FILL_AREA_STYLE('',(#8613));
#8452=FILL_AREA_STYLE('',(#8614));
#8453=FILL_AREA_STYLE('',(#8615));
#8454=FILL_AREA_STYLE('',(#8616));
#8455=FILL_AREA_STYLE('',(#8617));
#8456=FILL_AREA_STYLE('',(#8618));
#8457=FILL_AREA_STYLE('',(#8619));
#8458=FILL_AREA_STYLE('',(#8620));
#8459=FILL_AREA_STYLE('',(#8621));
#8460=FILL_AREA_STYLE('',(#8622));
#8461=FILL_AREA_STYLE('',(#8623));
#8462=FILL_AREA_STYLE('',(#8624));
#8463=FILL_AREA_STYLE('',(#8625));
#8464=FILL_AREA_STYLE('',(#8626));
#8465=FILL_AREA_STYLE('',(#8627));
#8466=FILL_AREA_STYLE('',(#8628));
#8467=FILL_AREA_STYLE('',(#8629));
#8468=FILL_AREA_STYLE('',(#8630));
#8469=FILL_AREA_STYLE('',(#8631));
#8470=FILL_AREA_STYLE_COLOUR('',#8632);
#8471=FILL_AREA_STYLE_COLOUR('',#492);
#8472=FILL_AREA_STYLE_COLOUR('',#492);
#8473=FILL_AREA_STYLE_COLOUR('',#492);
#8474=FILL_AREA_STYLE_COLOUR('',#492);
#8475=FILL_AREA_STYLE_COLOUR('',#492);
#8476=FILL_AREA_STYLE_COLOUR('',#492);
#8477=FILL_AREA_STYLE_COLOUR('',#492);
#8478=FILL_AREA_STYLE_COLOUR('',#492);
#8479=FILL_AREA_STYLE_COLOUR('',#492);
#8480=FILL_AREA_STYLE_COLOUR('',#492);
#8481=FILL_AREA_STYLE_COLOUR('',#492);
#8482=FILL_AREA_STYLE_COLOUR('',#492);
#8483=FILL_AREA_STYLE_COLOUR('',#492);
#8484=FILL_AREA_STYLE_COLOUR('',#492);
#8485=FILL_AREA_STYLE_COLOUR('',#492);
#8486=FILL_AREA_STYLE_COLOUR('',#492);
#8487=FILL_AREA_STYLE_COLOUR('',#492);
#8488=FILL_AREA_STYLE_COLOUR('',#492);
#8489=FILL_AREA_STYLE_COLOUR('',#492);
#8490=FILL_AREA_STYLE_COLOUR('',#492);
#8491=FILL_AREA_STYLE_COLOUR('',#492);
#8492=FILL_AREA_STYLE_COLOUR('',#492);
#8493=FILL_AREA_STYLE_COLOUR('',#492);
#8494=FILL_AREA_STYLE_COLOUR('',#492);
#8495=FILL_AREA_STYLE_COLOUR('',#492);
#8496=FILL_AREA_STYLE_COLOUR('',#492);
#8497=FILL_AREA_STYLE_COLOUR('',#492);
#8498=FILL_AREA_STYLE_COLOUR('',#492);
#8499=FILL_AREA_STYLE_COLOUR('',#492);
#8500=FILL_AREA_STYLE_COLOUR('',#492);
#8501=FILL_AREA_STYLE_COLOUR('',#492);
#8502=FILL_AREA_STYLE_COLOUR('',#492);
#8503=FILL_AREA_STYLE_COLOUR('',#492);
#8504=FILL_AREA_STYLE_COLOUR('',#492);
#8505=FILL_AREA_STYLE_COLOUR('',#492);
#8506=FILL_AREA_STYLE_COLOUR('',#492);
#8507=FILL_AREA_STYLE_COLOUR('',#492);
#8508=FILL_AREA_STYLE_COLOUR('',#492);
#8509=FILL_AREA_STYLE_COLOUR('',#492);
#8510=FILL_AREA_STYLE_COLOUR('',#492);
#8511=FILL_AREA_STYLE_COLOUR('',#492);
#8512=FILL_AREA_STYLE_COLOUR('',#492);
#8513=FILL_AREA_STYLE_COLOUR('',#492);
#8514=FILL_AREA_STYLE_COLOUR('',#492);
#8515=FILL_AREA_STYLE_COLOUR('',#492);
#8516=FILL_AREA_STYLE_COLOUR('',#492);
#8517=FILL_AREA_STYLE_COLOUR('',#492);
#8518=FILL_AREA_STYLE_COLOUR('',#492);
#8519=FILL_AREA_STYLE_COLOUR('',#492);
#8520=FILL_AREA_STYLE_COLOUR('',#492);
#8521=FILL_AREA_STYLE_COLOUR('',#492);
#8522=FILL_AREA_STYLE_COLOUR('',#492);
#8523=FILL_AREA_STYLE_COLOUR('',#492);
#8524=FILL_AREA_STYLE_COLOUR('',#492);
#8525=FILL_AREA_STYLE_COLOUR('',#492);
#8526=FILL_AREA_STYLE_COLOUR('',#492);
#8527=FILL_AREA_STYLE_COLOUR('',#492);
#8528=FILL_AREA_STYLE_COLOUR('',#492);
#8529=FILL_AREA_STYLE_COLOUR('',#492);
#8530=FILL_AREA_STYLE_COLOUR('',#492);
#8531=FILL_AREA_STYLE_COLOUR('',#492);
#8532=FILL_AREA_STYLE_COLOUR('',#492);
#8533=FILL_AREA_STYLE_COLOUR('',#492);
#8534=FILL_AREA_STYLE_COLOUR('',#492);
#8535=FILL_AREA_STYLE_COLOUR('',#492);
#8536=FILL_AREA_STYLE_COLOUR('',#492);
#8537=FILL_AREA_STYLE_COLOUR('',#492);
#8538=FILL_AREA_STYLE_COLOUR('',#492);
#8539=FILL_AREA_STYLE_COLOUR('',#492);
#8540=FILL_AREA_STYLE_COLOUR('',#492);
#8541=FILL_AREA_STYLE_COLOUR('',#492);
#8542=FILL_AREA_STYLE_COLOUR('',#492);
#8543=FILL_AREA_STYLE_COLOUR('',#492);
#8544=FILL_AREA_STYLE_COLOUR('',#492);
#8545=FILL_AREA_STYLE_COLOUR('',#492);
#8546=FILL_AREA_STYLE_COLOUR('',#492);
#8547=FILL_AREA_STYLE_COLOUR('',#492);
#8548=FILL_AREA_STYLE_COLOUR('',#492);
#8549=FILL_AREA_STYLE_COLOUR('',#492);
#8550=FILL_AREA_STYLE_COLOUR('',#492);
#8551=FILL_AREA_STYLE_COLOUR('',#492);
#8552=FILL_AREA_STYLE_COLOUR('',#492);
#8553=FILL_AREA_STYLE_COLOUR('',#492);
#8554=FILL_AREA_STYLE_COLOUR('',#492);
#8555=FILL_AREA_STYLE_COLOUR('',#492);
#8556=FILL_AREA_STYLE_COLOUR('',#492);
#8557=FILL_AREA_STYLE_COLOUR('',#492);
#8558=FILL_AREA_STYLE_COLOUR('',#492);
#8559=FILL_AREA_STYLE_COLOUR('',#492);
#8560=FILL_AREA_STYLE_COLOUR('',#492);
#8561=FILL_AREA_STYLE_COLOUR('',#492);
#8562=FILL_AREA_STYLE_COLOUR('',#492);
#8563=FILL_AREA_STYLE_COLOUR('',#492);
#8564=FILL_AREA_STYLE_COLOUR('',#492);
#8565=FILL_AREA_STYLE_COLOUR('',#492);
#8566=FILL_AREA_STYLE_COLOUR('',#492);
#8567=FILL_AREA_STYLE_COLOUR('',#492);
#8568=FILL_AREA_STYLE_COLOUR('',#492);
#8569=FILL_AREA_STYLE_COLOUR('',#492);
#8570=FILL_AREA_STYLE_COLOUR('',#492);
#8571=FILL_AREA_STYLE_COLOUR('',#492);
#8572=FILL_AREA_STYLE_COLOUR('',#492);
#8573=FILL_AREA_STYLE_COLOUR('',#492);
#8574=FILL_AREA_STYLE_COLOUR('',#492);
#8575=FILL_AREA_STYLE_COLOUR('',#492);
#8576=FILL_AREA_STYLE_COLOUR('',#492);
#8577=FILL_AREA_STYLE_COLOUR('',#492);
#8578=FILL_AREA_STYLE_COLOUR('',#492);
#8579=FILL_AREA_STYLE_COLOUR('',#492);
#8580=FILL_AREA_STYLE_COLOUR('',#492);
#8581=FILL_AREA_STYLE_COLOUR('',#492);
#8582=FILL_AREA_STYLE_COLOUR('',#492);
#8583=FILL_AREA_STYLE_COLOUR('',#492);
#8584=FILL_AREA_STYLE_COLOUR('',#492);
#8585=FILL_AREA_STYLE_COLOUR('',#492);
#8586=FILL_AREA_STYLE_COLOUR('',#492);
#8587=FILL_AREA_STYLE_COLOUR('',#492);
#8588=FILL_AREA_STYLE_COLOUR('',#492);
#8589=FILL_AREA_STYLE_COLOUR('',#492);
#8590=FILL_AREA_STYLE_COLOUR('',#492);
#8591=FILL_AREA_STYLE_COLOUR('',#492);
#8592=FILL_AREA_STYLE_COLOUR('',#492);
#8593=FILL_AREA_STYLE_COLOUR('',#492);
#8594=FILL_AREA_STYLE_COLOUR('',#492);
#8595=FILL_AREA_STYLE_COLOUR('',#492);
#8596=FILL_AREA_STYLE_COLOUR('',#492);
#8597=FILL_AREA_STYLE_COLOUR('',#492);
#8598=FILL_AREA_STYLE_COLOUR('',#492);
#8599=FILL_AREA_STYLE_COLOUR('',#492);
#8600=FILL_AREA_STYLE_COLOUR('',#492);
#8601=FILL_AREA_STYLE_COLOUR('',#492);
#8602=FILL_AREA_STYLE_COLOUR('',#492);
#8603=FILL_AREA_STYLE_COLOUR('',#492);
#8604=FILL_AREA_STYLE_COLOUR('',#492);
#8605=FILL_AREA_STYLE_COLOUR('',#492);
#8606=FILL_AREA_STYLE_COLOUR('',#492);
#8607=FILL_AREA_STYLE_COLOUR('',#492);
#8608=FILL_AREA_STYLE_COLOUR('',#492);
#8609=FILL_AREA_STYLE_COLOUR('',#492);
#8610=FILL_AREA_STYLE_COLOUR('',#492);
#8611=FILL_AREA_STYLE_COLOUR('',#492);
#8612=FILL_AREA_STYLE_COLOUR('',#492);
#8613=FILL_AREA_STYLE_COLOUR('',#492);
#8614=FILL_AREA_STYLE_COLOUR('',#492);
#8615=FILL_AREA_STYLE_COLOUR('',#492);
#8616=FILL_AREA_STYLE_COLOUR('',#492);
#8617=FILL_AREA_STYLE_COLOUR('',#492);
#8618=FILL_AREA_STYLE_COLOUR('',#492);
#8619=FILL_AREA_STYLE_COLOUR('',#492);
#8620=FILL_AREA_STYLE_COLOUR('',#492);
#8621=FILL_AREA_STYLE_COLOUR('',#492);
#8622=FILL_AREA_STYLE_COLOUR('',#492);
#8623=FILL_AREA_STYLE_COLOUR('',#492);
#8624=FILL_AREA_STYLE_COLOUR('',#492);
#8625=FILL_AREA_STYLE_COLOUR('',#492);
#8626=FILL_AREA_STYLE_COLOUR('',#492);
#8627=FILL_AREA_STYLE_COLOUR('',#492);
#8628=FILL_AREA_STYLE_COLOUR('',#492);
#8629=FILL_AREA_STYLE_COLOUR('',#492);
#8630=FILL_AREA_STYLE_COLOUR('',#492);
#8631=FILL_AREA_STYLE_COLOUR('',#492);
#8632=COLOUR_RGB('',0.250980392156863,0.250980392156863,0.250980392156863);
#8633=MANIFOLD_SOLID_BREP('Part 1',#7658);
#8634=SHAPE_DEFINITION_REPRESENTATION(#13967,#8635);
#8635=SHAPE_REPRESENTATION('Part 1',(#8636),#13962);
#8636=AXIS2_PLACEMENT_3D('',#11439,#9326,#9327);
#8637=AXIS2_PLACEMENT_3D('',#11440,#9328,#9329);
#8638=AXIS2_PLACEMENT_3D('',#11441,#9330,#9331);
#8639=AXIS2_PLACEMENT_3D('',#11443,#9332,#9333);
#8640=AXIS2_PLACEMENT_3D('',#11445,#9334,#9335);
#8641=AXIS2_PLACEMENT_3D('',#11446,#9336,#9337);
#8642=AXIS2_PLACEMENT_3D('',#11448,#9338,#9339);
#8643=AXIS2_PLACEMENT_3D('',#11450,#9340,#9341);
#8644=AXIS2_PLACEMENT_3D('',#11451,#9342,#9343);
#8645=AXIS2_PLACEMENT_3D('',#11453,#9344,#9345);
#8646=AXIS2_PLACEMENT_3D('',#11455,#9346,#9347);
#8647=AXIS2_PLACEMENT_3D('',#11456,#9348,#9349);
#8648=AXIS2_PLACEMENT_3D('',#11458,#9350,#9351);
#8649=AXIS2_PLACEMENT_3D('',#11460,#9352,#9353);
#8650=AXIS2_PLACEMENT_3D('',#11461,#9354,#9355);
#8651=AXIS2_PLACEMENT_3D('',#11463,#9356,#9357);
#8652=AXIS2_PLACEMENT_3D('',#11465,#9358,#9359);
#8653=AXIS2_PLACEMENT_3D('',#11466,#9360,#9361);
#8654=AXIS2_PLACEMENT_3D('',#11468,#9362,#9363);
#8655=AXIS2_PLACEMENT_3D('',#11471,#9364,#9365);
#8656=AXIS2_PLACEMENT_3D('',#11472,#9366,#9367);
#8657=AXIS2_PLACEMENT_3D('',#11473,#9368,#9369);
#8658=AXIS2_PLACEMENT_3D('',#11475,#9370,#9371);
#8659=AXIS2_PLACEMENT_3D('',#11476,#9372,#9373);
#8660=AXIS2_PLACEMENT_3D('',#11478,#9374,#9375);
#8661=AXIS2_PLACEMENT_3D('',#11479,#9376,#9377);
#8662=AXIS2_PLACEMENT_3D('',#11481,#9378,#9379);
#8663=AXIS2_PLACEMENT_3D('',#11482,#9380,#9381);
#8664=AXIS2_PLACEMENT_3D('',#11484,#9382,#9383);
#8665=AXIS2_PLACEMENT_3D('',#11486,#9384,#9385);
#8666=AXIS2_PLACEMENT_3D('',#11487,#9386,#9387);
#8667=AXIS2_PLACEMENT_3D('',#11489,#9388,#9389);
#8668=AXIS2_PLACEMENT_3D('',#11491,#9390,#9391);
#8669=AXIS2_PLACEMENT_3D('',#11492,#9392,#9393);
#8670=AXIS2_PLACEMENT_3D('',#11494,#9394,#9395);
#8671=AXIS2_PLACEMENT_3D('',#11497,#9396,#9397);
#8672=AXIS2_PLACEMENT_3D('',#11499,#9398,#9399);
#8673=AXIS2_PLACEMENT_3D('',#11501,#9400,#9401);
#8674=AXIS2_PLACEMENT_3D('',#11503,#9402,#9403);
#8675=AXIS2_PLACEMENT_3D('',#11505,#9404,#9405);
#8676=AXIS2_PLACEMENT_3D('',#11507,#9406,#9407);
#8677=AXIS2_PLACEMENT_3D('',#11509,#9408,#9409);
#8678=AXIS2_PLACEMENT_3D('',#11511,#9410,#9411);
#8679=AXIS2_PLACEMENT_3D('',#11513,#9412,#9413);
#8680=AXIS2_PLACEMENT_3D('',#11515,#9414,#9415);
#8681=AXIS2_PLACEMENT_3D('',#11517,#9416,#9417);
#8682=AXIS2_PLACEMENT_3D('',#11519,#9418,#9419);
#8683=AXIS2_PLACEMENT_3D('',#11521,#9420,#9421);
#8684=AXIS2_PLACEMENT_3D('',#11523,#9422,#9423);
#8685=AXIS2_PLACEMENT_3D('',#11525,#9424,#9425);
#8686=AXIS2_PLACEMENT_3D('',#11526,#9426,#9427);
#8687=AXIS2_PLACEMENT_3D('',#11527,#9428,#9429);
#8688=AXIS2_PLACEMENT_3D('',#11529,#9430,#9431);
#8689=AXIS2_PLACEMENT_3D('',#11530,#9432,#9433);
#8690=AXIS2_PLACEMENT_3D('',#11532,#9434,#9435);
#8691=AXIS2_PLACEMENT_3D('',#11533,#9436,#9437);
#8692=AXIS2_PLACEMENT_3D('',#11535,#9438,#9439);
#8693=AXIS2_PLACEMENT_3D('',#11537,#9440,#9441);
#8694=AXIS2_PLACEMENT_3D('',#11538,#9442,#9443);
#8695=AXIS2_PLACEMENT_3D('',#11540,#9444,#9445);
#8696=AXIS2_PLACEMENT_3D('',#11542,#9446,#9447);
#8697=AXIS2_PLACEMENT_3D('',#11543,#9448,#9449);
#8698=AXIS2_PLACEMENT_3D('',#11545,#9450,#9451);
#8699=AXIS2_PLACEMENT_3D('',#11547,#9452,#9453);
#8700=AXIS2_PLACEMENT_3D('',#11548,#9454,#9455);
#8701=AXIS2_PLACEMENT_3D('',#11550,#9456,#9457);
#8702=AXIS2_PLACEMENT_3D('',#11552,#9458,#9459);
#8703=AXIS2_PLACEMENT_3D('',#11553,#9460,#9461);
#8704=AXIS2_PLACEMENT_3D('',#11555,#9462,#9463);
#8705=AXIS2_PLACEMENT_3D('',#11557,#9464,#9465);
#8706=AXIS2_PLACEMENT_3D('',#11558,#9466,#9467);
#8707=AXIS2_PLACEMENT_3D('',#11560,#9468,#9469);
#8708=AXIS2_PLACEMENT_3D('',#11562,#9470,#9471);
#8709=AXIS2_PLACEMENT_3D('',#11563,#9472,#9473);
#8710=AXIS2_PLACEMENT_3D('',#11565,#9474,#9475);
#8711=AXIS2_PLACEMENT_3D('',#11567,#9476,#9477);
#8712=AXIS2_PLACEMENT_3D('',#11568,#9478,#9479);
#8713=AXIS2_PLACEMENT_3D('',#11576,#9480,#9481);
#8714=AXIS2_PLACEMENT_3D('',#11578,#9482,#9483);
#8715=AXIS2_PLACEMENT_3D('',#11584,#9484,#9485);
#8716=AXIS2_PLACEMENT_3D('',#11586,#9486,#9487);
#8717=AXIS2_PLACEMENT_3D('',#11587,#9488,#9489);
#8718=AXIS2_PLACEMENT_3D('',#11595,#9490,#9491);
#8719=AXIS2_PLACEMENT_3D('',#11608,#9492,#9493);
#8720=AXIS2_PLACEMENT_3D('',#11609,#9494,#9495);
#8721=AXIS2_PLACEMENT_3D('',#11611,#9496,#9497);
#8722=AXIS2_PLACEMENT_3D('',#11612,#9498,#9499);
#8723=AXIS2_PLACEMENT_3D('',#11617,#9501,#9502);
#8724=AXIS2_PLACEMENT_3D('',#11621,#9504,#9505);
#8725=AXIS2_PLACEMENT_3D('',#11623,#9506,#9507);
#8726=AXIS2_PLACEMENT_3D('',#11625,#9508,#9509);
#8727=AXIS2_PLACEMENT_3D('',#11629,#9511,#9512);
#8728=AXIS2_PLACEMENT_3D('',#11633,#9514,#9515);
#8729=AXIS2_PLACEMENT_3D('',#11635,#9516,#9517);
#8730=AXIS2_PLACEMENT_3D('',#11637,#9518,#9519);
#8731=AXIS2_PLACEMENT_3D('',#11639,#9520,#9521);
#8732=AXIS2_PLACEMENT_3D('',#11641,#9522,#9523);
#8733=AXIS2_PLACEMENT_3D('',#11645,#9525,#9526);
#8734=AXIS2_PLACEMENT_3D('',#11649,#9528,#9529);
#8735=AXIS2_PLACEMENT_3D('',#11651,#9530,#9531);
#8736=AXIS2_PLACEMENT_3D('',#11653,#9532,#9533);
#8737=AXIS2_PLACEMENT_3D('',#11659,#9536,#9537);
#8738=AXIS2_PLACEMENT_3D('',#11662,#9539,#9540);
#8739=AXIS2_PLACEMENT_3D('',#11663,#9541,#9542);
#8740=AXIS2_PLACEMENT_3D('',#11668,#9544,#9545);
#8741=AXIS2_PLACEMENT_3D('',#11671,#9547,#9548);
#8742=AXIS2_PLACEMENT_3D('',#11672,#9549,#9550);
#8743=AXIS2_PLACEMENT_3D('',#11677,#9552,#9553);
#8744=AXIS2_PLACEMENT_3D('',#11679,#9554,#9555);
#8745=AXIS2_PLACEMENT_3D('',#11681,#9556,#9557);
#8746=AXIS2_PLACEMENT_3D('',#11683,#9558,#9559);
#8747=AXIS2_PLACEMENT_3D('',#11686,#9561,#9562);
#8748=AXIS2_PLACEMENT_3D('',#11687,#9563,#9564);
#8749=AXIS2_PLACEMENT_3D('',#11689,#9565,#9566);
#8750=AXIS2_PLACEMENT_3D('',#11691,#9567,#9568);
#8751=AXIS2_PLACEMENT_3D('',#11692,#9569,#9570);
#8752=AXIS2_PLACEMENT_3D('',#11697,#9572,#9573);
#8753=AXIS2_PLACEMENT_3D('',#11699,#9574,#9575);
#8754=AXIS2_PLACEMENT_3D('',#11702,#9577,#9578);
#8755=AXIS2_PLACEMENT_3D('',#11707,#9581,#9582);
#8756=AXIS2_PLACEMENT_3D('',#11708,#9583,#9584);
#8757=AXIS2_PLACEMENT_3D('',#11709,#9585,#9586);
#8758=AXIS2_PLACEMENT_3D('',#11711,#9587,#9588);
#8759=AXIS2_PLACEMENT_3D('',#11712,#9589,#9590);
#8760=AXIS2_PLACEMENT_3D('',#11715,#9591,#9592);
#8761=AXIS2_PLACEMENT_3D('',#11717,#9593,#9594);
#8762=AXIS2_PLACEMENT_3D('',#11726,#9596,#9597);
#8763=AXIS2_PLACEMENT_3D('',#11735,#9599,#9600);
#8764=AXIS2_PLACEMENT_3D('',#11737,#9601,#9602);
#8765=AXIS2_PLACEMENT_3D('',#11739,#9603,#9604);
#8766=AXIS2_PLACEMENT_3D('',#11741,#9605,#9606);
#8767=AXIS2_PLACEMENT_3D('',#11743,#9607,#9608);
#8768=AXIS2_PLACEMENT_3D('',#11752,#9610,#9611);
#8769=AXIS2_PLACEMENT_3D('',#11761,#9613,#9614);
#8770=AXIS2_PLACEMENT_3D('',#11763,#9615,#9616);
#8771=AXIS2_PLACEMENT_3D('',#11764,#9617,#9618);
#8772=AXIS2_PLACEMENT_3D('',#11769,#9620,#9621);
#8773=AXIS2_PLACEMENT_3D('',#11773,#9623,#9624);
#8774=AXIS2_PLACEMENT_3D('',#11777,#9626,#9627);
#8775=AXIS2_PLACEMENT_3D('',#11780,#9629,#9630);
#8776=AXIS2_PLACEMENT_3D('',#11781,#9631,#9632);
#8777=AXIS2_PLACEMENT_3D('',#11783,#9633,#9634);
#8778=AXIS2_PLACEMENT_3D('',#11784,#9635,#9636);
#8779=AXIS2_PLACEMENT_3D('',#11795,#9637,#9638);
#8780=AXIS2_PLACEMENT_3D('',#11796,#9639,#9640);
#8781=AXIS2_PLACEMENT_3D('',#11806,#9642,#9643);
#8782=AXIS2_PLACEMENT_3D('',#11814,#9645,#9646);
#8783=AXIS2_PLACEMENT_3D('',#11815,#9647,#9648);
#8784=AXIS2_PLACEMENT_3D('',#11817,#9649,#9650);
#8785=AXIS2_PLACEMENT_3D('',#11819,#9651,#9652);
#8786=AXIS2_PLACEMENT_3D('',#11820,#9653,#9654);
#8787=AXIS2_PLACEMENT_3D('',#11828,#9655,#9656);
#8788=AXIS2_PLACEMENT_3D('',#11830,#9657,#9658);
#8789=AXIS2_PLACEMENT_3D('',#11832,#9659,#9660);
#8790=AXIS2_PLACEMENT_3D('',#11838,#9661,#9662);
#8791=AXIS2_PLACEMENT_3D('',#11840,#9663,#9664);
#8792=AXIS2_PLACEMENT_3D('',#11841,#9665,#9666);
#8793=AXIS2_PLACEMENT_3D('',#11844,#9667,#9668);
#8794=AXIS2_PLACEMENT_3D('',#11851,#9669,#9670);
#8795=AXIS2_PLACEMENT_3D('',#11858,#9671,#9672);
#8796=AXIS2_PLACEMENT_3D('',#11859,#9673,#9674);
#8797=AXIS2_PLACEMENT_3D('',#11861,#9675,#9676);
#8798=AXIS2_PLACEMENT_3D('',#11870,#9681,#9682);
#8799=AXIS2_PLACEMENT_3D('',#11880,#9685,#9686);
#8800=AXIS2_PLACEMENT_3D('',#11888,#9690,#9691);
#8801=AXIS2_PLACEMENT_3D('',#11896,#9695,#9696);
#8802=AXIS2_PLACEMENT_3D('',#11922,#9705,#9706);
#8803=AXIS2_PLACEMENT_3D('',#11927,#9709,#9710);
#8804=AXIS2_PLACEMENT_3D('',#11964,#9725,#9726);
#8805=AXIS2_PLACEMENT_3D('',#11968,#9728,#9729);
#8806=AXIS2_PLACEMENT_3D('',#11972,#9731,#9732);
#8807=AXIS2_PLACEMENT_3D('',#11976,#9734,#9735);
#8808=AXIS2_PLACEMENT_3D('',#11980,#9737,#9738);
#8809=AXIS2_PLACEMENT_3D('',#11985,#9741,#9742);
#8810=AXIS2_PLACEMENT_3D('',#11991,#9746,#9747);
#8811=AXIS2_PLACEMENT_3D('',#11998,#9749,#9750);
#8812=AXIS2_PLACEMENT_3D('',#12000,#9752,#9753);
#8813=AXIS2_PLACEMENT_3D('',#12006,#9754,#9755);
#8814=AXIS2_PLACEMENT_3D('',#12007,#9756,#9757);
#8815=AXIS2_PLACEMENT_3D('',#12011,#9760,#9761);
#8816=AXIS2_PLACEMENT_3D('',#12012,#9762,#9763);
#8817=AXIS2_PLACEMENT_3D('',#12019,#9767,#9768);
#8818=AXIS2_PLACEMENT_3D('',#12057,#9788,#9789);
#8819=AXIS2_PLACEMENT_3D('',#12060,#9791,#9792);
#8820=AXIS2_PLACEMENT_3D('',#12065,#9795,#9796);
#8821=AXIS2_PLACEMENT_3D('',#12099,#9800,#9801);
#8822=AXIS2_PLACEMENT_3D('',#12103,#9804,#9805);
#8823=AXIS2_PLACEMENT_3D('',#12110,#9807,#9808);
#8824=AXIS2_PLACEMENT_3D('',#12114,#9811,#9812);
#8825=AXIS2_PLACEMENT_3D('',#12115,#9813,#9814);
#8826=AXIS2_PLACEMENT_3D('',#12118,#9816,#9817);
#8827=AXIS2_PLACEMENT_3D('',#12119,#9818,#9819);
#8828=AXIS2_PLACEMENT_3D('',#12121,#9820,#9821);
#8829=AXIS2_PLACEMENT_3D('',#12122,#9822,#9823);
#8830=AXIS2_PLACEMENT_3D('',#12124,#9825,#9826);
#8831=AXIS2_PLACEMENT_3D('',#12125,#9827,#9828);
#8832=AXIS2_PLACEMENT_3D('',#12128,#9830,#9831);
#8833=AXIS2_PLACEMENT_3D('',#12129,#9832,#9833);
#8834=AXIS2_PLACEMENT_3D('',#12131,#9834,#9835);
#8835=AXIS2_PLACEMENT_3D('',#12132,#9836,#9837);
#8836=AXIS2_PLACEMENT_3D('',#12134,#9839,#9840);
#8837=AXIS2_PLACEMENT_3D('',#12138,#9843,#9844);
#8838=AXIS2_PLACEMENT_3D('',#12142,#9847,#9848);
#8839=AXIS2_PLACEMENT_3D('',#12149,#9850,#9851);
#8840=AXIS2_PLACEMENT_3D('',#12153,#9854,#9855);
#8841=AXIS2_PLACEMENT_3D('',#12160,#9857,#9858);
#8842=AXIS2_PLACEMENT_3D('',#12162,#9860,#9861);
#8843=AXIS2_PLACEMENT_3D('',#12166,#9864,#9865);
#8844=AXIS2_PLACEMENT_3D('',#12167,#9866,#9867);
#8845=AXIS2_PLACEMENT_3D('',#12169,#9868,#9869);
#8846=AXIS2_PLACEMENT_3D('',#12172,#9871,#9872);
#8847=AXIS2_PLACEMENT_3D('',#12173,#9873,#9874);
#8848=AXIS2_PLACEMENT_3D('',#12175,#9875,#9876);
#8849=AXIS2_PLACEMENT_3D('',#12176,#9877,#9878);
#8850=AXIS2_PLACEMENT_3D('',#12179,#9880,#9881);
#8851=AXIS2_PLACEMENT_3D('',#12180,#9882,#9883);
#8852=AXIS2_PLACEMENT_3D('',#12184,#9885,#9886);
#8853=AXIS2_PLACEMENT_3D('',#12188,#9888,#9889);
#8854=AXIS2_PLACEMENT_3D('',#12191,#9891,#9892);
#8855=AXIS2_PLACEMENT_3D('',#12195,#9894,#9895);
#8856=AXIS2_PLACEMENT_3D('',#12199,#9897,#9898);
#8857=AXIS2_PLACEMENT_3D('',#12204,#9901,#9902);
#8858=AXIS2_PLACEMENT_3D('',#12206,#9903,#9904);
#8859=AXIS2_PLACEMENT_3D('',#12210,#9906,#9907);
#8860=AXIS2_PLACEMENT_3D('',#12214,#9909,#9910);
#8861=AXIS2_PLACEMENT_3D('',#12216,#9911,#9912);
#8862=AXIS2_PLACEMENT_3D('',#12217,#9913,#9914);
#8863=AXIS2_PLACEMENT_3D('',#12218,#9915,#9916);
#8864=AXIS2_PLACEMENT_3D('',#12219,#9917,#9918);
#8865=AXIS2_PLACEMENT_3D('',#12222,#9920,#9921);
#8866=AXIS2_PLACEMENT_3D('',#12223,#9922,#9923);
#8867=AXIS2_PLACEMENT_3D('',#12225,#9924,#9925);
#8868=AXIS2_PLACEMENT_3D('',#12226,#9926,#9927);
#8869=AXIS2_PLACEMENT_3D('',#12228,#9929,#9930);
#8870=AXIS2_PLACEMENT_3D('',#12229,#9931,#9932);
#8871=AXIS2_PLACEMENT_3D('',#12230,#9933,#9934);
#8872=AXIS2_PLACEMENT_3D('',#12234,#9937,#9938);
#8873=AXIS2_PLACEMENT_3D('',#12237,#9940,#9941);
#8874=AXIS2_PLACEMENT_3D('',#12240,#9943,#9944);
#8875=AXIS2_PLACEMENT_3D('',#12244,#9947,#9948);
#8876=AXIS2_PLACEMENT_3D('',#12247,#9950,#9951);
#8877=AXIS2_PLACEMENT_3D('',#12250,#9953,#9954);
#8878=AXIS2_PLACEMENT_3D('',#12255,#9956,#9957);
#8879=AXIS2_PLACEMENT_3D('',#12258,#9959,#9960);
#8880=AXIS2_PLACEMENT_3D('',#12262,#9963,#9964);
#8881=AXIS2_PLACEMENT_3D('',#12265,#9966,#9967);
#8882=AXIS2_PLACEMENT_3D('',#12268,#9969,#9970);
#8883=AXIS2_PLACEMENT_3D('',#12272,#9973,#9974);
#8884=AXIS2_PLACEMENT_3D('',#12276,#9977,#9978);
#8885=AXIS2_PLACEMENT_3D('',#12279,#9980,#9981);
#8886=AXIS2_PLACEMENT_3D('',#12282,#9983,#9984);
#8887=AXIS2_PLACEMENT_3D('',#12286,#9987,#9988);
#8888=AXIS2_PLACEMENT_3D('',#12289,#9990,#9991);
#8889=AXIS2_PLACEMENT_3D('',#12292,#9993,#9994);
#8890=AXIS2_PLACEMENT_3D('',#12297,#9996,#9997);
#8891=AXIS2_PLACEMENT_3D('',#12300,#9999,#10000);
#8892=AXIS2_PLACEMENT_3D('',#12304,#10003,#10004);
#8893=AXIS2_PLACEMENT_3D('',#12307,#10006,#10007);
#8894=AXIS2_PLACEMENT_3D('',#12310,#10009,#10010);
#8895=AXIS2_PLACEMENT_3D('',#12314,#10013,#10014);
#8896=AXIS2_PLACEMENT_3D('',#12315,#10015,#10016);
#8897=AXIS2_PLACEMENT_3D('',#12316,#10017,#10018);
#8898=AXIS2_PLACEMENT_3D('',#12317,#10019,#10020);
#8899=AXIS2_PLACEMENT_3D('',#12318,#10021,#10022);
#8900=AXIS2_PLACEMENT_3D('',#12319,#10023,#10024);
#8901=AXIS2_PLACEMENT_3D('',#12320,#10025,#10026);
#8902=AXIS2_PLACEMENT_3D('',#12321,#10027,#10028);
#8903=AXIS2_PLACEMENT_3D('',#12328,#10033,#10034);
#8904=AXIS2_PLACEMENT_3D('',#12329,#10035,#10036);
#8905=AXIS2_PLACEMENT_3D('',#12337,#10041,#10042);
#8906=AXIS2_PLACEMENT_3D('',#12340,#10044,#10045);
#8907=AXIS2_PLACEMENT_3D('',#12348,#10049,#10050);
#8908=AXIS2_PLACEMENT_3D('',#12354,#10054,#10055);
#8909=AXIS2_PLACEMENT_3D('',#12356,#10057,#10058);
#8910=AXIS2_PLACEMENT_3D('',#12360,#10061,#10062);
#8911=AXIS2_PLACEMENT_3D('',#12366,#10066,#10067);
#8912=AXIS2_PLACEMENT_3D('',#12367,#10068,#10069);
#8913=AXIS2_PLACEMENT_3D('',#12371,#10071,#10072);
#8914=AXIS2_PLACEMENT_3D('',#12378,#10076,#10077);
#8915=AXIS2_PLACEMENT_3D('',#12382,#10080,#10081);
#8916=AXIS2_PLACEMENT_3D('',#12383,#10082,#10083);
#8917=AXIS2_PLACEMENT_3D('',#12385,#10084,#10085);
#8918=AXIS2_PLACEMENT_3D('',#12392,#10089,#10090);
#8919=AXIS2_PLACEMENT_3D('',#12398,#10094,#10095);
#8920=AXIS2_PLACEMENT_3D('',#12399,#10096,#10097);
#8921=AXIS2_PLACEMENT_3D('',#12403,#10099,#10100);
#8922=AXIS2_PLACEMENT_3D('',#12410,#10104,#10105);
#8923=AXIS2_PLACEMENT_3D('',#12414,#10108,#10109);
#8924=AXIS2_PLACEMENT_3D('',#12415,#10110,#10111);
#8925=AXIS2_PLACEMENT_3D('',#12417,#10112,#10113);
#8926=AXIS2_PLACEMENT_3D('',#12424,#10117,#10118);
#8927=AXIS2_PLACEMENT_3D('',#12430,#10122,#10123);
#8928=AXIS2_PLACEMENT_3D('',#12431,#10124,#10125);
#8929=AXIS2_PLACEMENT_3D('',#12435,#10127,#10128);
#8930=AXIS2_PLACEMENT_3D('',#12442,#10132,#10133);
#8931=AXIS2_PLACEMENT_3D('',#12446,#10136,#10137);
#8932=AXIS2_PLACEMENT_3D('',#12447,#10138,#10139);
#8933=AXIS2_PLACEMENT_3D('',#12449,#10140,#10141);
#8934=AXIS2_PLACEMENT_3D('',#12456,#10145,#10146);
#8935=AXIS2_PLACEMENT_3D('',#12464,#10151,#10152);
#8936=AXIS2_PLACEMENT_3D('',#12469,#10155,#10156);
#8937=AXIS2_PLACEMENT_3D('',#12474,#10159,#10160);
#8938=AXIS2_PLACEMENT_3D('',#12481,#10165,#10166);
#8939=AXIS2_PLACEMENT_3D('',#12485,#10169,#10170);
#8940=AXIS2_PLACEMENT_3D('',#12488,#10173,#10174);
#8941=AXIS2_PLACEMENT_3D('',#12492,#10177,#10178);
#8942=AXIS2_PLACEMENT_3D('',#12500,#10183,#10184);
#8943=AXIS2_PLACEMENT_3D('',#12502,#10186,#10187);
#8944=AXIS2_PLACEMENT_3D('',#12507,#10190,#10191);
#8945=AXIS2_PLACEMENT_3D('',#12512,#10195,#10196);
#8946=AXIS2_PLACEMENT_3D('',#12516,#10198,#10199);
#8947=AXIS2_PLACEMENT_3D('',#12524,#10203,#10204);
#8948=AXIS2_PLACEMENT_3D('',#12532,#10208,#10209);
#8949=AXIS2_PLACEMENT_3D('',#12545,#10216,#10217);
#8950=AXIS2_PLACEMENT_3D('',#12546,#10218,#10219);
#8951=AXIS2_PLACEMENT_3D('',#12551,#10222,#10223);
#8952=AXIS2_PLACEMENT_3D('',#12555,#10226,#10227);
#8953=AXIS2_PLACEMENT_3D('',#12559,#10230,#10231);
#8954=AXIS2_PLACEMENT_3D('',#12563,#10234,#10235);
#8955=AXIS2_PLACEMENT_3D('',#12571,#10240,#10241);
#8956=AXIS2_PLACEMENT_3D('',#12576,#10244,#10245);
#8957=AXIS2_PLACEMENT_3D('',#12581,#10248,#10249);
#8958=AXIS2_PLACEMENT_3D('',#12582,#10250,#10251);
#8959=AXIS2_PLACEMENT_3D('',#12585,#10253,#10254);
#8960=AXIS2_PLACEMENT_3D('',#12588,#10256,#10257);
#8961=AXIS2_PLACEMENT_3D('',#12594,#10261,#10262);
#8962=AXIS2_PLACEMENT_3D('',#12595,#10263,#10264);
#8963=AXIS2_PLACEMENT_3D('',#12598,#10266,#10267);
#8964=AXIS2_PLACEMENT_3D('',#12602,#10270,#10271);
#8965=AXIS2_PLACEMENT_3D('',#12608,#10275,#10276);
#8966=AXIS2_PLACEMENT_3D('',#12615,#10280,#10281);
#8967=AXIS2_PLACEMENT_3D('',#12617,#10283,#10284);
#8968=AXIS2_PLACEMENT_3D('',#12625,#10289,#10290);
#8969=AXIS2_PLACEMENT_3D('',#12630,#10294,#10295);
#8970=AXIS2_PLACEMENT_3D('',#12631,#10296,#10297);
#8971=AXIS2_PLACEMENT_3D('',#12632,#10298,#10299);
#8972=AXIS2_PLACEMENT_3D('',#12636,#10302,#10303);
#8973=AXIS2_PLACEMENT_3D('',#12640,#10306,#10307);
#8974=AXIS2_PLACEMENT_3D('',#12645,#10310,#10311);
#8975=AXIS2_PLACEMENT_3D('',#12646,#10312,#10313);
#8976=AXIS2_PLACEMENT_3D('',#12647,#10314,#10315);
#8977=AXIS2_PLACEMENT_3D('',#12652,#10318,#10319);
#8978=AXIS2_PLACEMENT_3D('',#12654,#10321,#10322);
#8979=AXIS2_PLACEMENT_3D('',#12660,#10326,#10327);
#8980=AXIS2_PLACEMENT_3D('',#12661,#10328,#10329);
#8981=AXIS2_PLACEMENT_3D('',#12664,#10331,#10332);
#8982=AXIS2_PLACEMENT_3D('',#12668,#10335,#10336);
#8983=AXIS2_PLACEMENT_3D('',#12672,#10339,#10340);
#8984=AXIS2_PLACEMENT_3D('',#12674,#10342,#10343);
#8985=AXIS2_PLACEMENT_3D('',#12682,#10348,#10349);
#8986=AXIS2_PLACEMENT_3D('',#12683,#10350,#10351);
#8987=AXIS2_PLACEMENT_3D('',#12690,#10355,#10356);
#8988=AXIS2_PLACEMENT_3D('',#12698,#10361,#10362);
#8989=AXIS2_PLACEMENT_3D('',#12701,#10364,#10365);
#8990=AXIS2_PLACEMENT_3D('',#12709,#10369,#10370);
#8991=AXIS2_PLACEMENT_3D('',#12710,#10371,#10372);
#8992=AXIS2_PLACEMENT_3D('',#12714,#10375,#10376);
#8993=AXIS2_PLACEMENT_3D('',#12716,#10378,#10379);
#8994=AXIS2_PLACEMENT_3D('',#12717,#10380,#10381);
#8995=AXIS2_PLACEMENT_3D('',#12718,#10382,#10383);
#8996=AXIS2_PLACEMENT_3D('',#12719,#10384,#10385);
#8997=AXIS2_PLACEMENT_3D('',#12720,#10386,#10387);
#8998=AXIS2_PLACEMENT_3D('',#12721,#10388,#10389);
#8999=AXIS2_PLACEMENT_3D('',#12733,#10396,#10397);
#9000=AXIS2_PLACEMENT_3D('',#12737,#10400,#10401);
#9001=AXIS2_PLACEMENT_3D('',#12747,#10407,#10408);
#9002=AXIS2_PLACEMENT_3D('',#12749,#10410,#10411);
#9003=AXIS2_PLACEMENT_3D('',#12754,#10414,#10415);
#9004=AXIS2_PLACEMENT_3D('',#12760,#10418,#10419);
#9005=AXIS2_PLACEMENT_3D('',#12766,#10422,#10423);
#9006=AXIS2_PLACEMENT_3D('',#12771,#10426,#10427);
#9007=AXIS2_PLACEMENT_3D('',#12777,#10431,#10432);
#9008=AXIS2_PLACEMENT_3D('',#12782,#10435,#10436);
#9009=AXIS2_PLACEMENT_3D('',#12784,#10438,#10439);
#9010=AXIS2_PLACEMENT_3D('',#12790,#10443,#10444);
#9011=AXIS2_PLACEMENT_3D('',#12794,#10447,#10448);
#9012=AXIS2_PLACEMENT_3D('',#12798,#10451,#10452);
#9013=AXIS2_PLACEMENT_3D('',#12800,#10454,#10455);
#9014=AXIS2_PLACEMENT_3D('',#12808,#10460,#10461);
#9015=AXIS2_PLACEMENT_3D('',#12812,#10464,#10465);
#9016=AXIS2_PLACEMENT_3D('',#12819,#10470,#10471);
#9017=AXIS2_PLACEMENT_3D('',#12828,#10477,#10478);
#9018=AXIS2_PLACEMENT_3D('',#12832,#10481,#10482);
#9019=AXIS2_PLACEMENT_3D('',#12839,#10487,#10488);
#9020=AXIS2_PLACEMENT_3D('',#12840,#10489,#10490);
#9021=AXIS2_PLACEMENT_3D('',#12842,#10492,#10493);
#9022=AXIS2_PLACEMENT_3D('',#12848,#10497,#10498);
#9023=AXIS2_PLACEMENT_3D('',#12852,#10501,#10502);
#9024=AXIS2_PLACEMENT_3D('',#12856,#10505,#10506);
#9025=AXIS2_PLACEMENT_3D('',#12858,#10508,#10509);
#9026=AXIS2_PLACEMENT_3D('',#12866,#10514,#10515);
#9027=AXIS2_PLACEMENT_3D('',#12870,#10518,#10519);
#9028=AXIS2_PLACEMENT_3D('',#12877,#10524,#10525);
#9029=AXIS2_PLACEMENT_3D('',#12878,#10526,#10527);
#9030=AXIS2_PLACEMENT_3D('',#12879,#10528,#10529);
#9031=AXIS2_PLACEMENT_3D('',#12882,#10531,#10532);
#9032=AXIS2_PLACEMENT_3D('',#12886,#10534,#10535);
#9033=AXIS2_PLACEMENT_3D('',#12889,#10537,#10538);
#9034=AXIS2_PLACEMENT_3D('',#12890,#10539,#10540);
#9035=AXIS2_PLACEMENT_3D('',#12895,#10542,#10543);
#9036=AXIS2_PLACEMENT_3D('',#12899,#10546,#10547);
#9037=AXIS2_PLACEMENT_3D('',#12900,#10548,#10549);
#9038=AXIS2_PLACEMENT_3D('',#12901,#10550,#10551);
#9039=AXIS2_PLACEMENT_3D('',#12904,#10554,#10555);
#9040=AXIS2_PLACEMENT_3D('',#12905,#10556,#10557);
#9041=AXIS2_PLACEMENT_3D('',#12909,#10559,#10560);
#9042=AXIS2_PLACEMENT_3D('',#12910,#10561,#10562);
#9043=AXIS2_PLACEMENT_3D('',#12912,#10564,#10565);
#9044=AXIS2_PLACEMENT_3D('',#12914,#10567,#10568);
#9045=AXIS2_PLACEMENT_3D('',#12916,#10570,#10571);
#9046=AXIS2_PLACEMENT_3D('',#12918,#10573,#10574);
#9047=AXIS2_PLACEMENT_3D('',#12924,#10578,#10579);
#9048=AXIS2_PLACEMENT_3D('',#12926,#10581,#10582);
#9049=AXIS2_PLACEMENT_3D('',#12932,#10586,#10587);
#9050=AXIS2_PLACEMENT_3D('',#12934,#10589,#10590);
#9051=AXIS2_PLACEMENT_3D('',#12940,#10594,#10595);
#9052=AXIS2_PLACEMENT_3D('',#12942,#10597,#10598);
#9053=AXIS2_PLACEMENT_3D('',#12948,#10602,#10603);
#9054=AXIS2_PLACEMENT_3D('',#12950,#10605,#10606);
#9055=AXIS2_PLACEMENT_3D('',#12956,#10610,#10611);
#9056=AXIS2_PLACEMENT_3D('',#12958,#10613,#10614);
#9057=AXIS2_PLACEMENT_3D('',#12964,#10618,#10619);
#9058=AXIS2_PLACEMENT_3D('',#12965,#10620,#10621);
#9059=AXIS2_PLACEMENT_3D('',#12966,#10622,#10623);
#9060=AXIS2_PLACEMENT_3D('',#12968,#10624,#10625);
#9061=AXIS2_PLACEMENT_3D('',#12971,#10627,#10628);
#9062=AXIS2_PLACEMENT_3D('',#12973,#10630,#10631);
#9063=AXIS2_PLACEMENT_3D('',#12974,#10632,#10633);
#9064=AXIS2_PLACEMENT_3D('',#12976,#10634,#10635);
#9065=AXIS2_PLACEMENT_3D('',#12979,#10637,#10638);
#9066=AXIS2_PLACEMENT_3D('',#12983,#10640,#10641);
#9067=AXIS2_PLACEMENT_3D('',#12984,#10642,#10643);
#9068=AXIS2_PLACEMENT_3D('',#12985,#10644,#10645);
#9069=AXIS2_PLACEMENT_3D('',#12989,#10648,#10649);
#9070=AXIS2_PLACEMENT_3D('',#12991,#10650,#10651);
#9071=AXIS2_PLACEMENT_3D('',#12992,#10652,#10653);
#9072=AXIS2_PLACEMENT_3D('',#12996,#10655,#10656);
#9073=AXIS2_PLACEMENT_3D('',#12997,#10657,#10658);
#9074=AXIS2_PLACEMENT_3D('',#12998,#10659,#10660);
#9075=AXIS2_PLACEMENT_3D('',#12999,#10661,#10662);
#9076=AXIS2_PLACEMENT_3D('',#13001,#10663,#10664);
#9077=AXIS2_PLACEMENT_3D('',#13005,#10667,#10668);
#9078=AXIS2_PLACEMENT_3D('',#13009,#10670,#10671);
#9079=AXIS2_PLACEMENT_3D('',#13010,#10672,#10673);
#9080=AXIS2_PLACEMENT_3D('',#13011,#10674,#10675);
#9081=AXIS2_PLACEMENT_3D('',#13020,#10681,#10682);
#9082=AXIS2_PLACEMENT_3D('',#13022,#10684,#10685);
#9083=AXIS2_PLACEMENT_3D('',#13024,#10687,#10688);
#9084=AXIS2_PLACEMENT_3D('',#13025,#10689,#10690);
#9085=AXIS2_PLACEMENT_3D('',#13029,#10692,#10693);
#9086=AXIS2_PLACEMENT_3D('',#13030,#10694,#10695);
#9087=AXIS2_PLACEMENT_3D('',#13035,#10698,#10699);
#9088=AXIS2_PLACEMENT_3D('',#13039,#10701,#10702);
#9089=AXIS2_PLACEMENT_3D('',#13040,#10703,#10704);
#9090=AXIS2_PLACEMENT_3D('',#13043,#10706,#10707);
#9091=AXIS2_PLACEMENT_3D('',#13044,#10708,#10709);
#9092=AXIS2_PLACEMENT_3D('',#13045,#10710,#10711);
#9093=AXIS2_PLACEMENT_3D('',#13049,#10713,#10714);
#9094=AXIS2_PLACEMENT_3D('',#13052,#10716,#10717);
#9095=AXIS2_PLACEMENT_3D('',#13056,#10720,#10721);
#9096=AXIS2_PLACEMENT_3D('',#13057,#10722,#10723);
#9097=AXIS2_PLACEMENT_3D('',#13060,#10725,#10726);
#9098=AXIS2_PLACEMENT_3D('',#13062,#10728,#10729);
#9099=AXIS2_PLACEMENT_3D('',#13063,#10730,#10731);
#9100=AXIS2_PLACEMENT_3D('',#13067,#10734,#10735);
#9101=AXIS2_PLACEMENT_3D('',#13069,#10737,#10738);
#9102=AXIS2_PLACEMENT_3D('',#13070,#10739,#10740);
#9103=AXIS2_PLACEMENT_3D('',#13074,#10742,#10743);
#9104=AXIS2_PLACEMENT_3D('',#13075,#10744,#10745);
#9105=AXIS2_PLACEMENT_3D('',#13077,#10747,#10748);
#9106=AXIS2_PLACEMENT_3D('',#13084,#10753,#10754);
#9107=AXIS2_PLACEMENT_3D('',#13087,#10757,#10758);
#9108=AXIS2_PLACEMENT_3D('',#13088,#10759,#10760);
#9109=AXIS2_PLACEMENT_3D('',#13089,#10761,#10762);
#9110=AXIS2_PLACEMENT_3D('',#13090,#10763,#10764);
#9111=AXIS2_PLACEMENT_3D('',#13099,#10767,#10768);
#9112=AXIS2_PLACEMENT_3D('',#13101,#10770,#10771);
#9113=AXIS2_PLACEMENT_3D('',#13105,#10774,#10775);
#9114=AXIS2_PLACEMENT_3D('',#13111,#10776,#10777);
#9115=AXIS2_PLACEMENT_3D('',#13112,#10778,#10779);
#9116=AXIS2_PLACEMENT_3D('',#13114,#10781,#10782);
#9117=AXIS2_PLACEMENT_3D('',#13115,#10783,#10784);
#9118=AXIS2_PLACEMENT_3D('',#13119,#10786,#10787);
#9119=AXIS2_PLACEMENT_3D('',#13120,#10788,#10789);
#9120=AXIS2_PLACEMENT_3D('',#13124,#10792,#10793);
#9121=AXIS2_PLACEMENT_3D('',#13126,#10795,#10796);
#9122=AXIS2_PLACEMENT_3D('',#13127,#10797,#10798);
#9123=AXIS2_PLACEMENT_3D('',#13128,#10799,#10800);
#9124=AXIS2_PLACEMENT_3D('',#13129,#10801,#10802);
#9125=AXIS2_PLACEMENT_3D('',#13131,#10804,#10805);
#9126=AXIS2_PLACEMENT_3D('',#13132,#10806,#10807);
#9127=AXIS2_PLACEMENT_3D('',#13133,#10808,#10809);
#9128=AXIS2_PLACEMENT_3D('',#13134,#10810,#10811);
#9129=AXIS2_PLACEMENT_3D('',#13135,#10812,#10813);
#9130=AXIS2_PLACEMENT_3D('',#13138,#10816,#10817);
#9131=AXIS2_PLACEMENT_3D('',#13139,#10818,#10819);
#9132=AXIS2_PLACEMENT_3D('',#13140,#10820,#10821);
#9133=AXIS2_PLACEMENT_3D('',#13141,#10822,#10823);
#9134=AXIS2_PLACEMENT_3D('',#13143,#10825,#10826);
#9135=AXIS2_PLACEMENT_3D('',#13144,#10827,#10828);
#9136=AXIS2_PLACEMENT_3D('',#13145,#10829,#10830);
#9137=AXIS2_PLACEMENT_3D('',#13147,#10832,#10833);
#9138=AXIS2_PLACEMENT_3D('',#13148,#10834,#10835);
#9139=AXIS2_PLACEMENT_3D('',#13150,#10837,#10838);
#9140=AXIS2_PLACEMENT_3D('',#13151,#10839,#10840);
#9141=AXIS2_PLACEMENT_3D('',#13223,#10844,#10845);
#9142=AXIS2_PLACEMENT_3D('',#13224,#10846,#10847);
#9143=AXIS2_PLACEMENT_3D('',#13226,#10849,#10850);
#9144=AXIS2_PLACEMENT_3D('',#13231,#10853,#10854);
#9145=AXIS2_PLACEMENT_3D('',#13232,#10855,#10856);
#9146=AXIS2_PLACEMENT_3D('',#13233,#10857,#10858);
#9147=AXIS2_PLACEMENT_3D('',#13243,#10864,#10865);
#9148=AXIS2_PLACEMENT_3D('',#13253,#10871,#10872);
#9149=AXIS2_PLACEMENT_3D('',#13263,#10878,#10879);
#9150=AXIS2_PLACEMENT_3D('',#13273,#10885,#10886);
#9151=AXIS2_PLACEMENT_3D('',#13283,#10892,#10893);
#9152=AXIS2_PLACEMENT_3D('',#13293,#10899,#10900);
#9153=AXIS2_PLACEMENT_3D('',#13296,#10902,#10903);
#9154=AXIS2_PLACEMENT_3D('',#13298,#10905,#10906);
#9155=AXIS2_PLACEMENT_3D('',#13301,#10908,#10909);
#9156=AXIS2_PLACEMENT_3D('',#13304,#10911,#10912);
#9157=AXIS2_PLACEMENT_3D('',#13308,#10914,#10915);
#9158=AXIS2_PLACEMENT_3D('',#13311,#10917,#10918);
#9159=AXIS2_PLACEMENT_3D('',#13312,#10919,#10920);
#9160=AXIS2_PLACEMENT_3D('',#13313,#10921,#10922);
#9161=AXIS2_PLACEMENT_3D('',#13320,#10926,#10927);
#9162=AXIS2_PLACEMENT_3D('',#13327,#10931,#10932);
#9163=AXIS2_PLACEMENT_3D('',#13330,#10934,#10935);
#9164=AXIS2_PLACEMENT_3D('',#13334,#10937,#10938);
#9165=AXIS2_PLACEMENT_3D('',#13337,#10940,#10941);
#9166=AXIS2_PLACEMENT_3D('',#13344,#10945,#10946);
#9167=AXIS2_PLACEMENT_3D('',#13351,#10950,#10951);
#9168=AXIS2_PLACEMENT_3D('',#13362,#10958,#10959);
#9169=AXIS2_PLACEMENT_3D('',#13363,#10960,#10961);
#9170=AXIS2_PLACEMENT_3D('',#13375,#10963,#10964);
#9171=AXIS2_PLACEMENT_3D('',#13376,#10965,#10966);
#9172=AXIS2_PLACEMENT_3D('',#13377,#10967,#10968);
#9173=AXIS2_PLACEMENT_3D('',#13382,#10971,#10972);
#9174=AXIS2_PLACEMENT_3D('',#13383,#10973,#10974);
#9175=AXIS2_PLACEMENT_3D('',#13443,#10978,#10979);
#9176=AXIS2_PLACEMENT_3D('',#13449,#10983,#10984);
#9177=AXIS2_PLACEMENT_3D('',#13450,#10985,#10986);
#9178=AXIS2_PLACEMENT_3D('',#13463,#10993,#10994);
#9179=AXIS2_PLACEMENT_3D('',#13464,#10995,#10996);
#9180=AXIS2_PLACEMENT_3D('',#13477,#11003,#11004);
#9181=AXIS2_PLACEMENT_3D('',#13483,#11008,#11009);
#9182=AXIS2_PLACEMENT_3D('',#13484,#11010,#11011);
#9183=AXIS2_PLACEMENT_3D('',#13485,#11012,#11013);
#9184=AXIS2_PLACEMENT_3D('',#13486,#11014,#11015);
#9185=AXIS2_PLACEMENT_3D('',#13487,#11016,#11017);
#9186=AXIS2_PLACEMENT_3D('',#13488,#11018,#11019);
#9187=AXIS2_PLACEMENT_3D('',#13490,#11021,#11022);
#9188=AXIS2_PLACEMENT_3D('',#13492,#11024,#11025);
#9189=AXIS2_PLACEMENT_3D('',#13493,#11026,#11027);
#9190=AXIS2_PLACEMENT_3D('',#13494,#11028,#11029);
#9191=AXIS2_PLACEMENT_3D('',#13497,#11032,#11033);
#9192=AXIS2_PLACEMENT_3D('',#13498,#11034,#11035);
#9193=AXIS2_PLACEMENT_3D('',#13500,#11037,#11038);
#9194=AXIS2_PLACEMENT_3D('',#13502,#11040,#11041);
#9195=AXIS2_PLACEMENT_3D('',#13503,#11042,#11043);
#9196=AXIS2_PLACEMENT_3D('',#13506,#11046,#11047);
#9197=AXIS2_PLACEMENT_3D('',#13508,#11049,#11050);
#9198=AXIS2_PLACEMENT_3D('',#13510,#11052,#11053);
#9199=AXIS2_PLACEMENT_3D('',#13511,#11054,#11055);
#9200=AXIS2_PLACEMENT_3D('',#13512,#11056,#11057);
#9201=AXIS2_PLACEMENT_3D('',#13515,#11060,#11061);
#9202=AXIS2_PLACEMENT_3D('',#13516,#11062,#11063);
#9203=AXIS2_PLACEMENT_3D('',#13518,#11065,#11066);
#9204=AXIS2_PLACEMENT_3D('',#13520,#11068,#11069);
#9205=AXIS2_PLACEMENT_3D('',#13521,#11070,#11071);
#9206=AXIS2_PLACEMENT_3D('',#13523,#11073,#11074);
#9207=AXIS2_PLACEMENT_3D('',#13525,#11076,#11077);
#9208=AXIS2_PLACEMENT_3D('',#13526,#11078,#11079);
#9209=AXIS2_PLACEMENT_3D('',#13527,#11080,#11081);
#9210=AXIS2_PLACEMENT_3D('',#13528,#11082,#11083);
#9211=AXIS2_PLACEMENT_3D('',#13531,#11086,#11087);
#9212=AXIS2_PLACEMENT_3D('',#13532,#11088,#11089);
#9213=AXIS2_PLACEMENT_3D('',#13534,#11091,#11092);
#9214=AXIS2_PLACEMENT_3D('',#13536,#11094,#11095);
#9215=AXIS2_PLACEMENT_3D('',#13538,#11097,#11098);
#9216=AXIS2_PLACEMENT_3D('',#13540,#11100,#11101);
#9217=AXIS2_PLACEMENT_3D('',#13541,#11102,#11103);
#9218=AXIS2_PLACEMENT_3D('',#13546,#11106,#11107);
#9219=AXIS2_PLACEMENT_3D('',#13547,#11108,#11109);
#9220=AXIS2_PLACEMENT_3D('',#13552,#11112,#11113);
#9221=AXIS2_PLACEMENT_3D('',#13553,#11114,#11115);
#9222=AXIS2_PLACEMENT_3D('',#13558,#11118,#11119);
#9223=AXIS2_PLACEMENT_3D('',#13561,#11121,#11122);
#9224=AXIS2_PLACEMENT_3D('',#13564,#11124,#11125);
#9225=AXIS2_PLACEMENT_3D('',#13565,#11126,#11127);
#9226=AXIS2_PLACEMENT_3D('',#13566,#11128,#11129);
#9227=AXIS2_PLACEMENT_3D('',#13578,#11130,#11131);
#9228=AXIS2_PLACEMENT_3D('',#13581,#11133,#11134);
#9229=AXIS2_PLACEMENT_3D('',#13584,#11137,#11138);
#9230=AXIS2_PLACEMENT_3D('',#13585,#11139,#11140);
#9231=AXIS2_PLACEMENT_3D('',#13587,#11142,#11143);
#9232=AXIS2_PLACEMENT_3D('',#13589,#11145,#11146);
#9233=AXIS2_PLACEMENT_3D('',#13591,#11148,#11149);
#9234=AXIS2_PLACEMENT_3D('',#13593,#11151,#11152);
#9235=AXIS2_PLACEMENT_3D('',#13594,#11153,#11154);
#9236=AXIS2_PLACEMENT_3D('',#13600,#11158,#11159);
#9237=AXIS2_PLACEMENT_3D('',#13606,#11163,#11164);
#9238=AXIS2_PLACEMENT_3D('',#13643,#11170,#11171);
#9239=AXIS2_PLACEMENT_3D('',#13676,#11175,#11176);
#9240=AXIS2_PLACEMENT_3D('',#13679,#11178,#11179);
#9241=AXIS2_PLACEMENT_3D('',#13682,#11181,#11182);
#9242=AXIS2_PLACEMENT_3D('',#13684,#11184,#11185);
#9243=AXIS2_PLACEMENT_3D('',#13686,#11187,#11188);
#9244=AXIS2_PLACEMENT_3D('',#13687,#11189,#11190);
#9245=AXIS2_PLACEMENT_3D('',#13689,#11192,#11193);
#9246=AXIS2_PLACEMENT_3D('',#13694,#11196,#11197);
#9247=AXIS2_PLACEMENT_3D('',#13695,#11198,#11199);
#9248=AXIS2_PLACEMENT_3D('',#13706,#11200,#11201);
#9249=AXIS2_PLACEMENT_3D('',#13707,#11202,#11203);
#9250=AXIS2_PLACEMENT_3D('',#13720,#11208,#11209);
#9251=AXIS2_PLACEMENT_3D('',#13724,#11212,#11213);
#9252=AXIS2_PLACEMENT_3D('',#13728,#11216,#11217);
#9253=AXIS2_PLACEMENT_3D('',#13732,#11220,#11221);
#9254=AXIS2_PLACEMENT_3D('',#13742,#11225,#11226);
#9255=AXIS2_PLACEMENT_3D('',#13748,#11227,#11228);
#9256=AXIS2_PLACEMENT_3D('',#13749,#11229,#11230);
#9257=AXIS2_PLACEMENT_3D('',#13750,#11231,#11232);
#9258=AXIS2_PLACEMENT_3D('',#13755,#11235,#11236);
#9259=AXIS2_PLACEMENT_3D('',#13766,#11237,#11238);
#9260=AXIS2_PLACEMENT_3D('',#13767,#11239,#11240);
#9261=AXIS2_PLACEMENT_3D('',#13769,#11242,#11243);
#9262=AXIS2_PLACEMENT_3D('',#13770,#11244,#11245);
#9263=AXIS2_PLACEMENT_3D('',#13771,#11246,#11247);
#9264=AXIS2_PLACEMENT_3D('',#13776,#11250,#11251);
#9265=AXIS2_PLACEMENT_3D('',#13787,#11252,#11253);
#9266=AXIS2_PLACEMENT_3D('',#13788,#11254,#11255);
#9267=AXIS2_PLACEMENT_3D('',#13795,#11260,#11261);
#9268=AXIS2_PLACEMENT_3D('',#13799,#11264,#11265);
#9269=AXIS2_PLACEMENT_3D('',#13803,#11268,#11269);
#9270=AXIS2_PLACEMENT_3D('',#13807,#11272,#11273);
#9271=AXIS2_PLACEMENT_3D('',#13823,#11277,#11278);
#9272=AXIS2_PLACEMENT_3D('',#13829,#11279,#11280);
#9273=AXIS2_PLACEMENT_3D('',#13830,#11281,#11282);
#9274=AXIS2_PLACEMENT_3D('',#13835,#11285,#11286);
#9275=AXIS2_PLACEMENT_3D('',#13836,#11287,#11288);
#9276=AXIS2_PLACEMENT_3D('',#13838,#11290,#11291);
#9277=AXIS2_PLACEMENT_3D('',#13839,#11292,#11293);
#9278=AXIS2_PLACEMENT_3D('',#13840,#11294,#11295);
#9279=AXIS2_PLACEMENT_3D('',#13841,#11296,#11297);
#9280=AXIS2_PLACEMENT_3D('',#13842,#11298,#11299);
#9281=AXIS2_PLACEMENT_3D('',#13844,#11301,#11302);
#9282=AXIS2_PLACEMENT_3D('',#13849,#11305,#11306);
#9283=AXIS2_PLACEMENT_3D('',#13850,#11307,#11308);
#9284=AXIS2_PLACEMENT_3D('',#13853,#11311,#11312);
#9285=AXIS2_PLACEMENT_3D('',#13856,#11315,#11316);
#9286=AXIS2_PLACEMENT_3D('',#13860,#11319,#11320);
#9287=AXIS2_PLACEMENT_3D('',#13861,#11321,#11322);
#9288=AXIS2_PLACEMENT_3D('',#13864,#11324,#11325);
#9289=AXIS2_PLACEMENT_3D('',#13867,#11327,#11328);
#9290=AXIS2_PLACEMENT_3D('',#13870,#11330,#11331);
#9291=AXIS2_PLACEMENT_3D('',#13872,#11333,#11334);
#9292=AXIS2_PLACEMENT_3D('',#13874,#11336,#11337);
#9293=AXIS2_PLACEMENT_3D('',#13875,#11338,#11339);
#9294=AXIS2_PLACEMENT_3D('',#13876,#11340,#11341);
#9295=AXIS2_PLACEMENT_3D('',#13881,#11344,#11345);
#9296=AXIS2_PLACEMENT_3D('',#13884,#11347,#11348);
#9297=AXIS2_PLACEMENT_3D('',#13889,#11351,#11352);
#9298=AXIS2_PLACEMENT_3D('',#13892,#11354,#11355);
#9299=AXIS2_PLACEMENT_3D('',#13894,#11357,#11358);
#9300=AXIS2_PLACEMENT_3D('',#13896,#11360,#11361);
#9301=AXIS2_PLACEMENT_3D('',#13897,#11362,#11363);
#9302=AXIS2_PLACEMENT_3D('',#13899,#11365,#11366);
#9303=AXIS2_PLACEMENT_3D('',#13901,#11368,#11369);
#9304=AXIS2_PLACEMENT_3D('',#13902,#11370,#11371);
#9305=AXIS2_PLACEMENT_3D('',#13904,#11373,#11374);
#9306=AXIS2_PLACEMENT_3D('',#13905,#11375,#11376);
#9307=AXIS2_PLACEMENT_3D('',#13906,#11377,#11378);
#9308=AXIS2_PLACEMENT_3D('',#13907,#11379,#11380);
#9309=AXIS2_PLACEMENT_3D('',#13908,#11381,#11382);
#9310=AXIS2_PLACEMENT_3D('',#13909,#11383,#11384);
#9311=AXIS2_PLACEMENT_3D('',#13920,#11391,#11392);
#9312=AXIS2_PLACEMENT_3D('',#13926,#11396,#11397);
#9313=AXIS2_PLACEMENT_3D('',#13932,#11401,#11402);
#9314=AXIS2_PLACEMENT_3D('',#13938,#11406,#11407);
#9315=AXIS2_PLACEMENT_3D('',#13944,#11411,#11412);
#9316=AXIS2_PLACEMENT_3D('',#13947,#11415,#11416);
#9317=AXIS2_PLACEMENT_3D('',#13950,#11419,#11420);
#9318=AXIS2_PLACEMENT_3D('',#13951,#11421,#11422);
#9319=AXIS2_PLACEMENT_3D('',#13952,#11423,#11424);
#9320=AXIS2_PLACEMENT_3D('',#13953,#11425,#11426);
#9321=AXIS2_PLACEMENT_3D('',#13954,#11427,#11428);
#9322=AXIS2_PLACEMENT_3D('',#13955,#11429,#11430);
#9323=AXIS2_PLACEMENT_3D('',#13956,#11431,#11432);
#9324=AXIS2_PLACEMENT_3D('',#13958,#11434,#11435);
#9325=AXIS2_PLACEMENT_3D('',#13960,#11437,#11438);
#9326=DIRECTION('',(0.,0.,1.));
#9327=DIRECTION('',(1.,0.,0.));
#9328=DIRECTION('',(0.,8.03112720359633E-17,-1.));
#9329=DIRECTION('',(0.,1.,8.03112720359633E-17));
#9330=DIRECTION('',(0.,0.,1.));
#9331=DIRECTION('',(1.,0.,0.));
#9332=DIRECTION('',(0.,0.,1.));
#9333=DIRECTION('',(-1.,0.,0.));
#9334=DIRECTION('',(2.32196414977241E-31,-8.03112720359631E-17,-1.));
#9335=DIRECTION('',(0.,1.,-8.03112720359631E-17));
#9336=DIRECTION('',(0.,0.,1.));
#9337=DIRECTION('',(1.,0.,0.));
#9338=DIRECTION('',(-5.15992033282758E-32,8.03112720359632E-17,1.));
#9339=DIRECTION('',(-1.,0.,0.));
#9340=DIRECTION('',(0.,0.,-1.));
#9341=DIRECTION('',(-1.,0.,0.));
#9342=DIRECTION('',(0.,0.,1.));
#9343=DIRECTION('',(1.,0.,0.));
#9344=DIRECTION('',(0.,0.,1.));
#9345=DIRECTION('',(-1.,-6.42939569552361E-17,0.));
#9346=DIRECTION('',(-2.35098870164458E-32,-1.08420217248551E-16,1.));
#9347=DIRECTION('',(0.,-1.,-1.08420217248551E-16));
#9348=DIRECTION('',(0.,0.,1.));
#9349=DIRECTION('',(-1.,6.42939569552361E-17,0.));
#9350=DIRECTION('',(0.,0.,1.));
#9351=DIRECTION('',(1.,0.,0.));
#9352=DIRECTION('',(1.53533956025768E-31,6.19544098563145E-17,1.));
#9353=DIRECTION('',(0.,-1.,6.19544098563145E-17));
#9354=DIRECTION('',(5.15992033282756E-32,8.0311272035963E-17,1.));
#9355=DIRECTION('',(-1.,0.,0.));
#9356=DIRECTION('',(0.,0.,1.));
#9357=DIRECTION('',(1.,0.,0.));
#9358=DIRECTION('',(0.,0.,1.));
#9359=DIRECTION('',(1.,0.,0.));
#9360=DIRECTION('',(0.,0.,1.));
#9361=DIRECTION('',(1.,0.,0.));
#9362=DIRECTION('',(-3.77514197314983E-33,-6.12323399573677E-17,1.));
#9363=DIRECTION('',(-0.999999999973736,7.24755035128335E-6,0.));
#9364=DIRECTION('',(3.77514197314983E-33,6.12323399573677E-17,1.));
#9365=DIRECTION('',(0.999999999973736,-7.24755035062731E-6,0.));
#9366=DIRECTION('',(0.,0.,1.));
#9367=DIRECTION('',(1.,0.,0.));
#9368=DIRECTION('',(0.,0.,-1.));
#9369=DIRECTION('',(1.,0.,0.));
#9370=DIRECTION('',(0.,0.,1.));
#9371=DIRECTION('',(1.,0.,0.));
#9372=DIRECTION('',(0.,0.,-1.));
#9373=DIRECTION('',(1.,0.,0.));
#9374=DIRECTION('',(0.,0.,1.));
#9375=DIRECTION('',(1.,0.,0.));
#9376=DIRECTION('',(0.,0.,-1.));
#9377=DIRECTION('',(1.,0.,0.));
#9378=DIRECTION('',(0.,0.,-1.));
#9379=DIRECTION('',(-1.,0.,0.));
#9380=DIRECTION('',(0.,0.,-1.));
#9381=DIRECTION('',(-1.,0.,0.));
#9382=DIRECTION('',(0.,0.,-1.));
#9383=DIRECTION('',(-1.,0.,0.));
#9384=DIRECTION('',(0.,0.,-1.));
#9385=DIRECTION('',(-1.,0.,0.));
#9386=DIRECTION('',(0.,0.,-1.));
#9387=DIRECTION('',(-1.,0.,0.));
#9388=DIRECTION('',(0.,0.,-1.));
#9389=DIRECTION('',(-1.,0.,0.));
#9390=DIRECTION('',(0.,0.,-1.));
#9391=DIRECTION('',(-1.,0.,0.));
#9392=DIRECTION('',(0.,0.,-1.));
#9393=DIRECTION('',(-1.,0.,0.));
#9394=DIRECTION('',(0.,0.,1.));
#9395=DIRECTION('',(1.,0.,0.));
#9396=DIRECTION('',(0.,0.,-1.));
#9397=DIRECTION('',(-1.,0.,0.));
#9398=DIRECTION('',(0.,0.,-1.));
#9399=DIRECTION('',(-1.,0.,0.));
#9400=DIRECTION('',(0.,0.,-1.));
#9401=DIRECTION('',(-1.,0.,0.));
#9402=DIRECTION('',(0.,0.,-1.));
#9403=DIRECTION('',(-1.,0.,0.));
#9404=DIRECTION('',(0.,0.,-1.));
#9405=DIRECTION('',(-1.,0.,0.));
#9406=DIRECTION('',(0.,0.,-1.));
#9407=DIRECTION('',(-1.,0.,0.));
#9408=DIRECTION('',(0.,0.,-1.));
#9409=DIRECTION('',(-1.,0.,0.));
#9410=DIRECTION('',(0.,0.,1.));
#9411=DIRECTION('',(1.,0.,0.));
#9412=DIRECTION('',(0.,0.,-1.));
#9413=DIRECTION('',(-1.,0.,0.));
#9414=DIRECTION('',(0.,0.,-1.));
#9415=DIRECTION('',(-1.,0.,0.));
#9416=DIRECTION('',(0.,0.,-1.));
#9417=DIRECTION('',(-1.,0.,0.));
#9418=DIRECTION('',(0.,0.,-1.));
#9419=DIRECTION('',(-1.,0.,0.));
#9420=DIRECTION('',(0.,0.,-1.));
#9421=DIRECTION('',(-1.,0.,0.));
#9422=DIRECTION('',(0.,0.,-1.));
#9423=DIRECTION('',(-1.,0.,0.));
#9424=DIRECTION('',(0.,0.,-1.));
#9425=DIRECTION('',(-1.,0.,0.));
#9426=DIRECTION('',(0.,0.,1.));
#9427=DIRECTION('',(1.,0.,0.));
#9428=DIRECTION('',(0.,0.,-1.));
#9429=DIRECTION('',(1.,0.,0.));
#9430=DIRECTION('',(0.,0.,1.));
#9431=DIRECTION('',(1.,0.,0.));
#9432=DIRECTION('',(0.,0.,-1.));
#9433=DIRECTION('',(1.,0.,0.));
#9434=DIRECTION('',(0.,0.,-1.));
#9435=DIRECTION('',(-1.,0.,0.));
#9436=DIRECTION('',(0.,0.,-1.));
#9437=DIRECTION('',(-1.,0.,0.));
#9438=DIRECTION('',(0.,0.,-1.));
#9439=DIRECTION('',(-1.,0.,0.));
#9440=DIRECTION('',(0.,0.,-1.));
#9441=DIRECTION('',(-1.,0.,0.));
#9442=DIRECTION('',(0.,0.,-1.));
#9443=DIRECTION('',(-1.,0.,0.));
#9444=DIRECTION('',(0.,0.,-1.));
#9445=DIRECTION('',(-1.,0.,0.));
#9446=DIRECTION('',(0.,0.,-1.));
#9447=DIRECTION('',(-1.,0.,0.));
#9448=DIRECTION('',(0.,0.,-1.));
#9449=DIRECTION('',(-1.,0.,0.));
#9450=DIRECTION('',(0.,0.,-1.));
#9451=DIRECTION('',(-1.,0.,0.));
#9452=DIRECTION('',(0.,0.,-1.));
#9453=DIRECTION('',(-1.,0.,0.));
#9454=DIRECTION('',(0.,0.,-1.));
#9455=DIRECTION('',(-1.,0.,0.));
#9456=DIRECTION('',(0.,0.,-1.));
#9457=DIRECTION('',(-1.,0.,0.));
#9458=DIRECTION('',(0.,0.,-1.));
#9459=DIRECTION('',(-1.,0.,0.));
#9460=DIRECTION('',(0.,0.,-1.));
#9461=DIRECTION('',(-1.,0.,0.));
#9462=DIRECTION('',(0.,0.,-1.));
#9463=DIRECTION('',(-1.,0.,0.));
#9464=DIRECTION('',(0.,0.,-1.));
#9465=DIRECTION('',(-1.,0.,0.));
#9466=DIRECTION('',(0.,0.,-1.));
#9467=DIRECTION('',(-1.,0.,0.));
#9468=DIRECTION('',(0.,0.,-1.));
#9469=DIRECTION('',(-1.,0.,0.));
#9470=DIRECTION('',(0.,0.,-1.));
#9471=DIRECTION('',(-1.,0.,0.));
#9472=DIRECTION('',(0.,0.,-1.));
#9473=DIRECTION('',(-1.,0.,0.));
#9474=DIRECTION('',(0.,0.,-1.));
#9475=DIRECTION('',(-1.,0.,0.));
#9476=DIRECTION('',(0.,0.,-1.));
#9477=DIRECTION('',(-1.,0.,0.));
#9478=DIRECTION('',(0.,0.,-1.));
#9479=DIRECTION('',(-1.,0.,0.));
#9480=DIRECTION('',(-0.862729913561636,0.498097352437201,0.0871557441651647));
#9481=DIRECTION('',(0.495455061601219,0.798198966297092,0.342640762513724));
#9482=DIRECTION('',(0.,0.,1.));
#9483=DIRECTION('',(-1.,3.63925693901001E-15,0.));
#9484=DIRECTION('',(0.,0.,-1.));
#9485=DIRECTION('',(-1.,0.,0.));
#9486=DIRECTION('',(0.,0.,-1.));
#9487=DIRECTION('',(-1.,0.,0.));
#9488=DIRECTION('',(0.862729915661527,0.498097349047954,0.0871557427485785));
#9489=DIRECTION('',(-0.498910935289651,0.810391087989925,0.30717122774588));
#9490=DIRECTION('',(0.,0.,-1.));
#9491=DIRECTION('',(-1.,0.,0.));
#9492=DIRECTION('',(0.,0.,1.));
#9493=DIRECTION('',(-1.,0.,0.));
#9494=DIRECTION('',(0.,0.,-1.));
#9495=DIRECTION('',(-1.,0.,0.));
#9496=DIRECTION('',(0.,0.,-1.));
#9497=DIRECTION('',(-1.,0.,0.));
#9498=DIRECTION('',(0.,0.,-1.));
#9499=DIRECTION('',(-1.,0.,0.));
#9500=DIRECTION('',(0.,0.,1.));
#9501=DIRECTION('',(0.,0.,-1.));
#9502=DIRECTION('',(-1.,0.,0.));
#9503=DIRECTION('',(0.,0.,-1.));
#9504=DIRECTION('',(0.,0.,1.));
#9505=DIRECTION('',(-1.,-8.88178419700125E-15,0.));
#9506=DIRECTION('',(0.996194698091839,-4.24952217938784E-11,0.087155742746595));
#9507=DIRECTION('',(-0.00216323434975858,0.999691928127949,0.0247258822486022));
#9508=DIRECTION('',(0.,0.,-1.));
#9509=DIRECTION('',(-1.,0.,0.));
#9510=DIRECTION('',(0.,0.,1.));
#9511=DIRECTION('',(0.,0.,1.));
#9512=DIRECTION('',(-1.,-1.15463194561016E-14,0.));
#9513=DIRECTION('',(0.,0.,-1.));
#9514=DIRECTION('',(0.,0.,-1.));
#9515=DIRECTION('',(-1.,0.,0.));
#9516=DIRECTION('',(-0.996194698091828,2.17946326135841E-11,0.0871557427467204));
#9517=DIRECTION('',(-0.00372997571389643,0.999083802723971,-0.0426338177481642));
#9518=DIRECTION('',(0.,0.,1.));
#9519=DIRECTION('',(-1.,0.,0.));
#9520=DIRECTION('',(-3.88279202675272E-11,0.996194698091701,0.0871557427481682));
#9521=DIRECTION('',(-0.999917151755858,-0.00112187295884628,0.0128230661511275));
#9522=DIRECTION('',(0.,0.,1.));
#9523=DIRECTION('',(-1.,0.,0.));
#9524=DIRECTION('',(0.,0.,1.));
#9525=DIRECTION('',(0.,0.,1.));
#9526=DIRECTION('',(-1.,0.,0.));
#9527=DIRECTION('',(0.,0.,-1.));
#9528=DIRECTION('',(0.,0.,1.));
#9529=DIRECTION('',(-1.,8.88178419700125E-16,0.));
#9530=DIRECTION('',(0.498097348906277,-0.862729915743173,0.0871557427500694));
#9531=DIRECTION('',(-0.866584817400341,-0.498802920848123,0.0150466077439245));
#9532=DIRECTION('',(0.,0.,1.));
#9533=DIRECTION('',(-1.,8.88178419700125E-16,0.));
#9534=DIRECTION('',(0.,0.,1.));
#9535=DIRECTION('',(0.,0.,1.));
#9536=DIRECTION('',(0.,0.,-1.));
#9537=DIRECTION('',(-1.,0.,0.));
#9538=DIRECTION('',(0.,0.,-1.));
#9539=DIRECTION('',(-6.10458042961227E-15,3.30005290389679E-15,-1.));
#9540=DIRECTION('',(-1.,-6.93063015955925E-32,6.10458042961227E-15));
#9541=DIRECTION('',(6.10458042961227E-15,-3.30005290389679E-15,1.));
#9542=DIRECTION('',(-1.,-6.9306301595592E-32,6.10458042961227E-15));
#9543=DIRECTION('',(-6.10458042961227E-15,3.30005290389679E-15,-1.));
#9544=DIRECTION('',(6.10458042961227E-15,-3.30005290389679E-15,1.));
#9545=DIRECTION('',(-1.,-9.6373526443156E-16,6.10458042961226E-15));
#9546=DIRECTION('',(5.81022193092603E-16,1.0063599587629E-15,1.));
#9547=DIRECTION('',(0.,0.,-1.));
#9548=DIRECTION('',(-1.,0.,0.));
#9549=DIRECTION('',(0.,0.,1.));
#9550=DIRECTION('',(-1.,0.,0.));
#9551=DIRECTION('',(8.00821434235666E-17,1.38706341188635E-16,-1.));
#9552=DIRECTION('',(0.,0.,1.));
#9553=DIRECTION('',(-1.,-9.76996261670138E-15,0.));
#9554=DIRECTION('',(0.,0.,1.));
#9555=DIRECTION('',(-1.,7.105427357601E-15,0.));
#9556=DIRECTION('',(0.,0.,1.));
#9557=DIRECTION('',(-1.,0.,0.));
#9558=DIRECTION('',(0.,0.,1.));
#9559=DIRECTION('',(-1.,0.,0.));
#9560=DIRECTION('',(4.37232089479897E-14,-7.57308193678653E-14,1.));
#9561=DIRECTION('',(0.,0.,1.));
#9562=DIRECTION('',(1.,0.,0.));
#9563=DIRECTION('',(0.,0.,-1.));
#9564=DIRECTION('',(1.,0.,0.));
#9565=DIRECTION('',(0.,0.,1.));
#9566=DIRECTION('',(1.,0.,0.));
#9567=DIRECTION('',(0.,0.,1.));
#9568=DIRECTION('',(1.,0.,0.));
#9569=DIRECTION('',(0.,0.,-1.));
#9570=DIRECTION('',(1.,0.,0.));
#9571=DIRECTION('',(0.,0.,1.));
#9572=DIRECTION('',(0.529998940003175,7.82455946241365E-15,-0.847998304005091));
#9573=DIRECTION('',(-0.847998304005091,-7.6653185158212E-14,-0.529998940003175));
#9574=DIRECTION('',(0.529998940003174,-9.04346068520172E-15,-0.847998304005092));
#9575=DIRECTION('',(-0.847998304005092,2.0914307617117E-13,-0.529998940003174));
#9576=DIRECTION('',(0.,0.,-1.));
#9577=DIRECTION('',(0.,0.,1.));
#9578=DIRECTION('',(1.,0.,0.));
#9579=DIRECTION('',(0.,0.,-1.));
#9580=DIRECTION('',(0.,0.,1.));
#9581=DIRECTION('',(0.,0.,-1.));
#9582=DIRECTION('',(1.,-6.21724893790088E-15,0.));
#9583=DIRECTION('',(0.,0.,-1.));
#9584=DIRECTION('',(-1.,0.,0.));
#9585=DIRECTION('',(0.,0.,1.));
#9586=DIRECTION('',(-1.,0.,0.));
#9587=DIRECTION('',(0.,0.,1.));
#9588=DIRECTION('',(1.,0.,0.));
#9589=DIRECTION('',(0.,0.,-1.));
#9590=DIRECTION('',(1.,-4.44089209850063E-15,0.));
#9591=DIRECTION('',(0.,0.,-1.));
#9592=DIRECTION('',(1.,0.,0.));
#9593=DIRECTION('',(0.,0.,-1.));
#9594=DIRECTION('',(1.,0.,0.));
#9595=DIRECTION('',(0.,0.,-1.));
#9596=DIRECTION('',(0.,0.,-1.));
#9597=DIRECTION('',(1.,0.,0.));
#9598=DIRECTION('',(0.,0.,1.));
#9599=DIRECTION('',(0.,0.,-1.));
#9600=DIRECTION('',(1.,0.,0.));
#9601=DIRECTION('',(0.,0.,-1.));
#9602=DIRECTION('',(1.,0.,0.));
#9603=DIRECTION('',(0.,0.,-1.));
#9604=DIRECTION('',(1.,0.,0.));
#9605=DIRECTION('',(0.,0.,-1.));
#9606=DIRECTION('',(1.,4.44089209850063E-15,0.));
#9607=DIRECTION('',(0.,0.,-1.));
#9608=DIRECTION('',(1.,0.,0.));
#9609=DIRECTION('',(0.,0.,-1.));
#9610=DIRECTION('',(0.,0.,-1.));
#9611=DIRECTION('',(1.,6.21724893790088E-15,0.));
#9612=DIRECTION('',(0.,0.,1.));
#9613=DIRECTION('',(0.,0.,-1.));
#9614=DIRECTION('',(1.,1.77635683940025E-15,0.));
#9615=DIRECTION('',(0.,0.,-1.));
#9616=DIRECTION('',(1.,7.105427357601E-15,0.));
#9617=DIRECTION('',(0.,0.,1.));
#9618=DIRECTION('',(1.,0.,0.));
#9619=DIRECTION('',(0.,0.,-1.));
#9620=DIRECTION('',(0.,0.,-1.));
#9621=DIRECTION('',(1.,0.,0.));
#9622=DIRECTION('',(0.,0.,1.));
#9623=DIRECTION('',(0.,0.,1.));
#9624=DIRECTION('',(1.,0.,0.));
#9625=DIRECTION('',(0.,0.,-1.));
#9626=DIRECTION('',(0.,0.,-1.));
#9627=DIRECTION('',(1.,0.,0.));
#9628=DIRECTION('',(0.,0.,1.));
#9629=DIRECTION('',(0.,0.,1.));
#9630=DIRECTION('',(1.,0.,0.));
#9631=DIRECTION('',(0.,0.,1.));
#9632=DIRECTION('',(1.,0.,0.));
#9633=DIRECTION('',(0.,0.,-1.));
#9634=DIRECTION('',(-1.,0.,0.));
#9635=DIRECTION('',(0.,0.,-1.));
#9636=DIRECTION('',(-1.,0.,0.));
#9637=DIRECTION('',(0.,0.,1.));
#9638=DIRECTION('',(1.,0.,0.));
#9639=DIRECTION('',(0.,0.,1.));
#9640=DIRECTION('',(1.,0.,0.));
#9641=DIRECTION('',(0.,0.,1.));
#9642=DIRECTION('',(0.,0.,-1.));
#9643=DIRECTION('',(1.,1.77635683940025E-15,0.));
#9644=DIRECTION('',(0.,0.,-1.));
#9645=DIRECTION('',(0.,0.,1.));
#9646=DIRECTION('',(1.,0.,0.));
#9647=DIRECTION('',(0.,0.,-1.));
#9648=DIRECTION('',(1.,0.,0.));
#9649=DIRECTION('',(0.,0.,1.));
#9650=DIRECTION('',(1.,0.,0.));
#9651=DIRECTION('',(0.,0.,-1.));
#9652=DIRECTION('',(-1.,0.,0.));
#9653=DIRECTION('',(0.,0.,-1.));
#9654=DIRECTION('',(-1.,0.,0.));
#9655=DIRECTION('',(0.,0.,1.));
#9656=DIRECTION('',(-1.,-1.45570277561789E-14,0.));
#9657=DIRECTION('',(0.,0.,-1.));
#9658=DIRECTION('',(-1.,0.,0.));
#9659=DIRECTION('',(0.,0.,1.));
#9660=DIRECTION('',(-1.,9.70468517078594E-15,0.));
#9661=DIRECTION('',(0.,0.,-1.));
#9662=DIRECTION('',(-1.,0.,0.));
#9663=DIRECTION('',(0.,0.,-1.));
#9664=DIRECTION('',(-1.,0.,0.));
#9665=DIRECTION('',(0.,0.,-1.));
#9666=DIRECTION('',(-1.,0.,0.));
#9667=DIRECTION('',(0.,0.,1.));
#9668=DIRECTION('',(-1.,-4.85234258539297E-15,0.));
#9669=DIRECTION('',(0.,0.,-1.));
#9670=DIRECTION('',(-1.,0.,0.));
#9671=DIRECTION('',(0.,0.,1.));
#9672=DIRECTION('',(-1.,0.,0.));
#9673=DIRECTION('',(0.,0.,-1.));
#9674=DIRECTION('',(-1.,0.,0.));
#9675=DIRECTION('',(0.,1.,0.));
#9676=DIRECTION('',(0.,0.,1.));
#9677=DIRECTION('',(0.,0.,1.));
#9678=DIRECTION('',(1.,0.,0.));
#9679=DIRECTION('',(0.,0.,-1.));
#9680=DIRECTION('',(1.,0.,0.));
#9681=DIRECTION('',(0.,0.,1.));
#9682=DIRECTION('',(1.,0.,0.));
#9683=DIRECTION('',(0.866025403784439,-0.5,0.));
#9684=DIRECTION('',(0.5,0.866025403784438,0.));
#9685=DIRECTION('',(0.,0.,1.));
#9686=DIRECTION('',(-0.999762666467371,0.0217855626058188,0.));
#9687=DIRECTION('',(-0.866025403784438,0.5,0.));
#9688=DIRECTION('',(0.5,0.866025403784438,0.));
#9689=DIRECTION('',(0.866025403784441,-0.5,0.));
#9690=DIRECTION('',(0.,0.,1.));
#9691=DIRECTION('',(-1.,0.,0.));
#9692=DIRECTION('',(0.,1.,0.));
#9693=DIRECTION('',(1.,0.,0.));
#9694=DIRECTION('',(0.,-1.,0.));
#9695=DIRECTION('',(0.,0.,1.));
#9696=DIRECTION('',(-1.,0.,0.));
#9697=DIRECTION('',(0.866025403784441,0.5,0.));
#9698=DIRECTION('',(0.5,-0.866025403784438,0.));
#9699=DIRECTION('',(-0.866025403784439,-0.5,0.));
#9700=DIRECTION('',(0.5,-0.866025403784438,0.));
#9701=DIRECTION('',(0.866025403784439,0.5,0.));
#9702=DIRECTION('',(0.5,-0.866025403784438,0.));
#9703=DIRECTION('',(-0.866025403784441,-0.5,0.));
#9704=DIRECTION('',(-0.866025403784442,-0.499999999999993,0.));
#9705=DIRECTION('',(0.,-6.07737261671042E-18,1.));
#9706=DIRECTION('',(0.,-1.,-6.07737261671042E-18));
#9707=DIRECTION('',(1.,0.,0.));
#9708=DIRECTION('',(0.,1.,0.));
#9709=DIRECTION('',(0.,-6.07737261671042E-18,1.));
#9710=DIRECTION('',(0.,-1.,-6.07737261671042E-18));
#9711=DIRECTION('',(0.,-1.,0.));
#9712=DIRECTION('',(0.,-1.,0.));
#9713=DIRECTION('',(-1.,0.,0.));
#9714=DIRECTION('',(1.3378706249871E-16,-1.,0.));
#9715=DIRECTION('',(1.,0.,0.));
#9716=DIRECTION('',(0.,1.,0.));
#9717=DIRECTION('',(0.,1.,0.));
#9718=DIRECTION('',(-1.,0.,0.));
#9719=DIRECTION('',(0.,-1.,0.));
#9720=DIRECTION('',(0.,-1.,0.));
#9721=DIRECTION('',(1.,0.,0.));
#9722=DIRECTION('',(1.3378706249871E-16,1.,0.));
#9723=DIRECTION('',(-1.,0.,0.));
#9724=DIRECTION('',(0.,1.,0.));
#9725=DIRECTION('',(0.,0.,1.));
#9726=DIRECTION('',(-1.,-8.88178419700125E-15,0.));
#9727=DIRECTION('',(0.,1.,0.));
#9728=DIRECTION('',(0.,-6.07737261671042E-18,1.));
#9729=DIRECTION('',(0.,-1.,-6.07737261671042E-18));
#9730=DIRECTION('',(0.,-1.,0.));
#9731=DIRECTION('',(0.,0.,1.));
#9732=DIRECTION('',(-1.,2.66453525910038E-15,0.));
#9733=DIRECTION('',(1.,0.,0.));
#9734=DIRECTION('',(0.,-6.07737261671042E-18,1.));
#9735=DIRECTION('',(0.,-1.,-6.07737261671042E-18));
#9736=DIRECTION('',(-0.866025403784441,0.5,0.));
#9737=DIRECTION('',(0.,0.,1.));
#9738=DIRECTION('',(-1.,-2.66453525910038E-14,0.));
#9739=DIRECTION('',(-0.866025403784441,0.5,0.));
#9740=DIRECTION('',(0.5,0.866025403784438,0.));
#9741=DIRECTION('',(0.498097349045873,0.862729915662821,0.0871557427476584));
#9742=DIRECTION('',(-0.866025403784438,0.5,0.));
#9743=DIRECTION('',(0.0317807390783906,-0.118607332942638,0.992432509138967));
#9744=DIRECTION('',(0.0435778713738331,0.075479087305177,-0.996194698091745));
#9745=DIRECTION('',(0.866025403784438,-0.5,0.));
#9746=DIRECTION('',(0.0317807390783887,-0.118607332942637,0.992432509138967));
#9747=DIRECTION('',(-4.41046353305395E-19,-0.992934075160127,-0.118667275969005));
#9748=DIRECTION('',(0.0317807390783887,-0.118607332942637,0.992432509138967));
#9749=DIRECTION('',(-0.862729915662821,0.498097349045873,0.0871557427476584));
#9750=DIRECTION('',(-0.5,-0.866025403784438,0.));
#9751=DIRECTION('',(0.5,0.866025403784438,0.));
#9752=DIRECTION('',(-0.179911490556763,0.00392040348423877,-0.983674990025753));
#9753=DIRECTION('',(-0.983682549440492,0.,0.179912873153238));
#9754=DIRECTION('',(0.,0.,-1.));
#9755=DIRECTION('',(-0.999762666467371,0.0217855626058188,0.));
#9756=DIRECTION('',(-0.498097349045873,-0.862729915662821,0.0871557427476584));
#9757=DIRECTION('',(0.866025403784438,-0.5,0.));
#9758=DIRECTION('',(-0.866025403784438,0.5,0.));
#9759=DIRECTION('',(0.0435778713738288,0.0754790873051749,0.996194698091745));
#9760=DIRECTION('',(0.,0.,-1.));
#9761=DIRECTION('',(-1.,0.,0.));
#9762=DIRECTION('',(0.,0.,-1.));
#9763=DIRECTION('',(-1.,0.,0.));
#9764=DIRECTION('',(0.,0.,-1.));
#9765=DIRECTION('',(0.,0.,1.));
#9766=DIRECTION('',(0.,0.,1.));
#9767=DIRECTION('',(0.,1.,0.));
#9768=DIRECTION('',(0.,0.,1.));
#9769=DIRECTION('',(0.,0.,1.));
#9770=DIRECTION('',(1.,0.,0.));
#9771=DIRECTION('',(0.,0.,-1.));
#9772=DIRECTION('',(-1.,0.,0.));
#9773=DIRECTION('',(0.,0.,-1.));
#9774=DIRECTION('',(-1.,0.,0.));
#9775=DIRECTION('',(0.,0.,1.));
#9776=DIRECTION('',(1.,0.,0.));
#9777=DIRECTION('',(0.,0.,1.));
#9778=DIRECTION('',(1.,0.,0.));
#9779=DIRECTION('',(0.,0.,-1.));
#9780=DIRECTION('',(-1.,0.,0.));
#9781=DIRECTION('',(1.,0.,0.));
#9782=DIRECTION('',(0.,0.,-1.));
#9783=DIRECTION('',(1.,0.,0.));
#9784=DIRECTION('',(0.,0.,1.));
#9785=DIRECTION('',(0.,0.,-1.));
#9786=DIRECTION('',(1.,0.,0.));
#9787=DIRECTION('',(0.,0.,1.));
#9788=DIRECTION('',(0.,0.,-1.));
#9789=DIRECTION('',(-1.,0.,0.));
#9790=DIRECTION('',(0.,0.,1.));
#9791=DIRECTION('',(0.,0.,-1.));
#9792=DIRECTION('',(-1.,0.,0.));
#9793=DIRECTION('',(0.,0.,-1.));
#9794=DIRECTION('',(0.,0.,-1.));
#9795=DIRECTION('',(0.498097349045873,-0.862729915662821,0.0871557427476584));
#9796=DIRECTION('',(0.866025403784439,0.5,4.83811561633787E-18));
#9797=DIRECTION('',(-0.179086649319607,-0.0040065538540849,0.983825146843529));
#9798=DIRECTION('',(0.0435778713738288,-0.0754790873051749,-0.996194698091745));
#9799=DIRECTION('',(-0.866025403784439,-0.5,0.));
#9800=DIRECTION('',(0.862729915662821,0.498097349045873,0.0871557427476583));
#9801=DIRECTION('',(-0.5,0.866025403784439,4.83811561633786E-18));
#9802=DIRECTION('',(-0.0317807390783885,-0.118607332942636,0.992432509138967));
#9803=DIRECTION('',(0.5,-0.866025403784439,0.));
#9804=DIRECTION('',(-0.0317807390783888,-0.118607332942637,0.992432509138967));
#9805=DIRECTION('',(8.82092706610793E-19,-0.992934075160127,-0.118667275969005));
#9806=DIRECTION('',(-0.0317807390783888,-0.118607332942637,0.992432509138967));
#9807=DIRECTION('',(-0.498097349045872,0.862729915662821,0.0871557427476583));
#9808=DIRECTION('',(-0.866025403784439,-0.5,0.));
#9809=DIRECTION('',(0.866025403784439,0.5,0.));
#9810=DIRECTION('',(0.0435778713738288,-0.0754790873051728,0.996194698091746));
#9811=DIRECTION('',(0.498097349045868,-0.862729915662824,0.0871557427476584));
#9812=DIRECTION('',(0.866025403784441,0.5,4.83811561633787E-18));
#9813=DIRECTION('',(-0.498097349049328,0.862729915660798,-0.0871557427479349));
#9814=DIRECTION('',(-0.860773863929333,-0.504086504210415,-0.0704638307863641));
#9815=DIRECTION('',(-0.866025403784441,-0.5,0.));
#9816=DIRECTION('',(0.,-6.07737261671042E-18,1.));
#9817=DIRECTION('',(0.,-1.,-6.07737261671042E-18));
#9818=DIRECTION('',(0.,6.07737261671042E-18,-1.));
#9819=DIRECTION('',(0.,-1.,-6.07737261671042E-18));
#9820=DIRECTION('',(-7.87696885913619E-12,-0.996194698091696,-0.0871557427482269));
#9821=DIRECTION('',(-0.997409966342351,0.00626876975585826,-0.0716523660928132));
#9822=DIRECTION('',(0.,0.996194698091746,0.0871557427476584));
#9823=DIRECTION('',(0.,-0.0871557427476584,0.996194698091746));
#9824=DIRECTION('',(1.,0.,0.));
#9825=DIRECTION('',(-0.996194698091746,0.,0.0871557427476584));
#9826=DIRECTION('',(0.0871557427476584,0.,0.996194698091746));
#9827=DIRECTION('',(0.996194698091753,-5.52294321387592E-13,-0.0871557427475699));
#9828=DIRECTION('',(-0.0139877082206669,0.987037311338757,-0.159880236564406));
#9829=DIRECTION('',(0.,1.,0.));
#9830=DIRECTION('',(0.,-6.07737261671042E-18,1.));
#9831=DIRECTION('',(0.,-1.,-6.07737261671042E-18));
#9832=DIRECTION('',(0.,6.07737261671042E-18,-1.));
#9833=DIRECTION('',(0.,-1.,-6.07737261671042E-18));
#9834=DIRECTION('',(-0.996194698091553,3.61664252773795E-11,-0.0871557427498588));
#9835=DIRECTION('',(0.00529606929244414,0.998152064712644,-0.0605343485959482));
#9836=DIRECTION('',(0.996194698091746,0.,0.0871557427476584));
#9837=DIRECTION('',(0.0871557427476584,0.,-0.996194698091746));
#9838=DIRECTION('',(0.,-1.,0.));
#9839=DIRECTION('',(-0.996194698091746,-1.39240181923909E-16,0.0871557427476584));
#9840=DIRECTION('',(0.0871557427476584,0.,0.996194698091746));
#9841=DIRECTION('',(0.0871557427476583,0.,0.996194698091746));
#9842=DIRECTION('',(-1.38710330993928E-16,1.,1.21355814758974E-17));
#9843=DIRECTION('',(-0.996194698091746,-1.39240181923909E-16,0.0871557427476584));
#9844=DIRECTION('',(0.0871557427476584,0.,0.996194698091746));
#9845=DIRECTION('',(0.0868265938642477,0.0868265938642472,0.992432509138967));
#9846=DIRECTION('',(0.,1.,0.));
#9847=DIRECTION('',(0.0868265938642478,0.0868265938642478,0.992432509138967));
#9848=DIRECTION('',(-4.81984418289326E-18,-0.996194698091746,0.0871557427476584));
#9849=DIRECTION('',(0.0868265938642478,0.0868265938642478,0.992432509138967));
#9850=DIRECTION('',(0.,-0.996194698091746,0.0871557427476584));
#9851=DIRECTION('',(0.,-0.0871557427476584,-0.996194698091746));
#9852=DIRECTION('',(-1.,0.,0.));
#9853=DIRECTION('',(-0.0868265938642477,0.0868265938642472,0.992432509138967));
#9854=DIRECTION('',(-0.0868265938642478,0.0868265938642478,0.992432509138967));
#9855=DIRECTION('',(0.,-0.996194698091746,0.0871557427476584));
#9856=DIRECTION('',(-0.0868265938642478,0.0868265938642478,0.992432509138967));
#9857=DIRECTION('',(0.996194698091746,-1.39240181923909E-16,0.0871557427476584));
#9858=DIRECTION('',(0.0871557427476584,0.,-0.996194698091746));
#9859=DIRECTION('',(0.,-1.,0.));
#9860=DIRECTION('',(0.996194698091746,-1.39240181923909E-16,0.0871557427476584));
#9861=DIRECTION('',(0.0871557427476584,0.,-0.996194698091746));
#9862=DIRECTION('',(-1.38710330993928E-16,-1.,-1.21355814758974E-17));
#9863=DIRECTION('',(0.0871557427476588,0.,-0.996194698091746));
#9864=DIRECTION('',(-0.996194698091746,0.,0.0871557427476584));
#9865=DIRECTION('',(0.0871557427476584,0.,0.996194698091746));
#9866=DIRECTION('',(0.996194698091519,4.26380783400941E-11,-0.0871557427502526));
#9867=DIRECTION('',(-0.00532714229271338,0.998130296391256,-0.0608895145398371));
#9868=DIRECTION('',(-0.996194698091882,-6.24480725155785E-11,0.0871557427460953));
#9869=DIRECTION('',(0.00221792107900114,0.999676152523537,0.0253509546531172));
#9870=DIRECTION('',(0.,1.,0.));
#9871=DIRECTION('',(0.,-6.07737261671042E-18,1.));
#9872=DIRECTION('',(0.,-1.,-6.07737261671042E-18));
#9873=DIRECTION('',(0.,6.07737261671042E-18,-1.));
#9874=DIRECTION('',(0.,-1.,-6.07737261671042E-18));
#9875=DIRECTION('',(-0.996194698091759,-9.53745762921621E-13,-0.0871557427475053));
#9876=DIRECTION('',(0.0137523025933461,0.98747269498286,-0.15718953793643));
#9877=DIRECTION('',(0.996194698091746,0.,0.0871557427476584));
#9878=DIRECTION('',(0.0871557427476584,0.,-0.996194698091746));
#9879=DIRECTION('',(0.,-1.,0.));
#9880=DIRECTION('',(0.996194698091776,8.19773227816089E-12,0.0871557427473059));
#9881=DIRECTION('',(0.00379731298556367,0.999050408040521,-0.0434034861290934));
#9882=DIRECTION('',(0.,0.,-1.));
#9883=DIRECTION('',(-1.,0.,0.));
#9884=DIRECTION('',(0.,0.,1.));
#9885=DIRECTION('',(0.,0.,1.));
#9886=DIRECTION('',(-1.,-9.76996261670138E-15,0.));
#9887=DIRECTION('',(0.,0.,-1.));
#9888=DIRECTION('',(0.,0.,1.));
#9889=DIRECTION('',(-1.,0.,0.));
#9890=DIRECTION('',(0.,0.,1.));
#9891=DIRECTION('',(0.,0.,-1.));
#9892=DIRECTION('',(-1.,0.,0.));
#9893=DIRECTION('',(0.,0.,-1.));
#9894=DIRECTION('',(0.,0.,-1.));
#9895=DIRECTION('',(-1.,0.,0.));
#9896=DIRECTION('',(0.,0.,1.));
#9897=DIRECTION('',(0.,0.,-1.));
#9898=DIRECTION('',(-1.,0.,0.));
#9899=DIRECTION('',(0.,0.,-1.));
#9900=DIRECTION('',(0.,0.,-1.));
#9901=DIRECTION('',(-0.498097348909161,-0.862729915741513,0.0871557427500202));
#9902=DIRECTION('',(0.866566946359046,-0.498851095978377,0.0144676023974458));
#9903=DIRECTION('',(0.,0.,1.));
#9904=DIRECTION('',(-1.,0.,0.));
#9905=DIRECTION('',(0.,0.,1.));
#9906=DIRECTION('',(0.,0.,1.));
#9907=DIRECTION('',(-1.,-1.33226762955019E-14,0.));
#9908=DIRECTION('',(0.,0.,-1.));
#9909=DIRECTION('',(0.,0.,1.));
#9910=DIRECTION('',(-1.,0.,0.));
#9911=DIRECTION('',(3.34942209821248E-11,0.996194698091707,0.0871557427480983));
#9912=DIRECTION('',(0.999909569520762,-0.00117208367254013,0.0133969772960098));
#9913=DIRECTION('',(0.,0.,1.));
#9914=DIRECTION('',(-1.,0.,0.));
#9915=DIRECTION('',(0.,0.996194698091746,0.0871557427476584));
#9916=DIRECTION('',(0.,-0.0871557427476584,0.996194698091746));
#9917=DIRECTION('',(7.68445793520075E-12,-0.996194698091697,-0.0871557427482131));
#9918=DIRECTION('',(0.997375407913611,0.00631039820797637,-0.0721281814800208));
#9919=DIRECTION('',(1.,0.,0.));
#9920=DIRECTION('',(0.,-6.07737261671042E-18,1.));
#9921=DIRECTION('',(0.,-1.,-6.07737261671042E-18));
#9922=DIRECTION('',(0.,6.07737261671042E-18,-1.));
#9923=DIRECTION('',(0.,-1.,-6.07737261671042E-18));
#9924=DIRECTION('',(0.498097349054854,0.862729915657561,-0.0871557427483966));
#9925=DIRECTION('',(0.860821861498634,-0.50406811876779,-0.0700075310800851));
#9926=DIRECTION('',(-0.498097349045869,-0.862729915662823,0.0871557427476583));
#9927=DIRECTION('',(0.866025403784441,-0.5,0.));
#9928=DIRECTION('',(-0.866025403784441,0.5,0.));
#9929=DIRECTION('',(0.,0.,1.));
#9930=DIRECTION('',(1.,0.,0.));
#9931=DIRECTION('',(0.,0.,-1.));
#9932=DIRECTION('',(-1.,0.,0.));
#9933=DIRECTION('',(0.,0.,-1.));
#9934=DIRECTION('',(-1.,0.,0.));
#9935=DIRECTION('',(-0.707106781186548,0.707106781186547,0.));
#9936=DIRECTION('',(0.707106781175552,0.707106781197543,0.));
#9937=DIRECTION('',(0.,0.,-1.));
#9938=DIRECTION('',(-1.,0.,0.));
#9939=DIRECTION('',(0.,0.,-1.));
#9940=DIRECTION('',(0.,0.,-1.));
#9941=DIRECTION('',(-1.,0.,0.));
#9942=DIRECTION('',(0.,0.,1.));
#9943=DIRECTION('',(0.,0.,-1.));
#9944=DIRECTION('',(-1.,0.,0.));
#9945=DIRECTION('',(-0.707106781188614,-0.707106781184481,0.));
#9946=DIRECTION('',(-0.707106781186548,0.707106781186547,0.));
#9947=DIRECTION('',(0.,0.,1.));
#9948=DIRECTION('',(1.,0.,0.));
#9949=DIRECTION('',(0.,0.,-1.));
#9950=DIRECTION('',(0.,0.,-1.));
#9951=DIRECTION('',(1.,2.66453525910038E-15,0.));
#9952=DIRECTION('',(0.,0.,1.));
#9953=DIRECTION('',(0.,0.,1.));
#9954=DIRECTION('',(1.,0.,0.));
#9955=DIRECTION('',(0.,0.,1.));
#9956=DIRECTION('',(0.,0.,-1.));
#9957=DIRECTION('',(1.,5.32907051820075E-15,0.));
#9958=DIRECTION('',(0.,0.,-1.));
#9959=DIRECTION('',(0.,0.,-1.));
#9960=DIRECTION('',(-1.,0.,0.));
#9961=DIRECTION('',(-0.707106781186546,-0.707106781186549,0.));
#9962=DIRECTION('',(-0.707106781190354,0.707106781182741,0.));
#9963=DIRECTION('',(0.,0.,-1.));
#9964=DIRECTION('',(-1.,0.,0.));
#9965=DIRECTION('',(0.,0.,-1.));
#9966=DIRECTION('',(0.,0.,-1.));
#9967=DIRECTION('',(-1.,0.,0.));
#9968=DIRECTION('',(0.,0.,1.));
#9969=DIRECTION('',(0.,0.,-1.));
#9970=DIRECTION('',(-1.,0.,0.));
#9971=DIRECTION('',(0.707106781186872,-0.707106781186223,0.));
#9972=DIRECTION('',(-0.707106781186546,-0.707106781186549,0.));
#9973=DIRECTION('',(0.,0.,-1.));
#9974=DIRECTION('',(-1.,0.,0.));
#9975=DIRECTION('',(0.707106781186548,-0.707106781186547,0.));
#9976=DIRECTION('',(-0.707106781185714,-0.707106781187381,0.));
#9977=DIRECTION('',(0.,0.,-1.));
#9978=DIRECTION('',(-1.,0.,0.));
#9979=DIRECTION('',(0.,0.,-1.));
#9980=DIRECTION('',(0.,0.,-1.));
#9981=DIRECTION('',(-1.,0.,0.));
#9982=DIRECTION('',(0.,0.,1.));
#9983=DIRECTION('',(0.,0.,-1.));
#9984=DIRECTION('',(-1.,0.,0.));
#9985=DIRECTION('',(0.707106781182066,0.707106781191029,0.));
#9986=DIRECTION('',(0.707106781186548,-0.707106781186547,0.));
#9987=DIRECTION('',(0.,0.,1.));
#9988=DIRECTION('',(1.,0.,0.));
#9989=DIRECTION('',(0.,0.,-1.));
#9990=DIRECTION('',(0.,0.,-1.));
#9991=DIRECTION('',(1.,0.,0.));
#9992=DIRECTION('',(0.,0.,1.));
#9993=DIRECTION('',(0.,0.,1.));
#9994=DIRECTION('',(1.,0.,0.));
#9995=DIRECTION('',(0.,0.,1.));
#9996=DIRECTION('',(0.,0.,-1.));
#9997=DIRECTION('',(1.,0.,0.));
#9998=DIRECTION('',(0.,0.,-1.));
#9999=DIRECTION('',(0.,0.,-1.));
#10000=DIRECTION('',(-1.,0.,0.));
#10001=DIRECTION('',(0.707106781186547,0.707106781186548,0.));
#10002=DIRECTION('',(0.707106781175213,-0.707106781197882,0.));
#10003=DIRECTION('',(0.,0.,-1.));
#10004=DIRECTION('',(-1.,0.,0.));
#10005=DIRECTION('',(0.,0.,-1.));
#10006=DIRECTION('',(0.,0.,-1.));
#10007=DIRECTION('',(-1.,0.,0.));
#10008=DIRECTION('',(0.,0.,1.));
#10009=DIRECTION('',(0.,0.,-1.));
#10010=DIRECTION('',(-1.,0.,0.));
#10011=DIRECTION('',(-0.70710678117588,0.707106781197215,0.));
#10012=DIRECTION('',(0.707106781186546,0.707106781186549,0.));
#10013=DIRECTION('',(0.,0.,-1.));
#10014=DIRECTION('',(-1.,0.,0.));
#10015=DIRECTION('',(0.,0.,1.));
#10016=DIRECTION('',(1.,0.,0.));
#10017=DIRECTION('',(0.,0.,-1.));
#10018=DIRECTION('',(-1.,0.,0.));
#10019=DIRECTION('',(0.,0.,-1.));
#10020=DIRECTION('',(-1.,0.,0.));
#10021=DIRECTION('',(0.,0.,-1.));
#10022=DIRECTION('',(-1.,0.,0.));
#10023=DIRECTION('',(0.,0.,1.));
#10024=DIRECTION('',(1.,0.,0.));
#10025=DIRECTION('',(0.,0.,-1.));
#10026=DIRECTION('',(-1.,0.,0.));
#10027=DIRECTION('',(0.,0.,-1.));
#10028=DIRECTION('',(-1.,0.,0.));
#10029=DIRECTION('',(0.5,0.866025403784438,0.));
#10030=DIRECTION('',(-0.866025403784438,0.5,0.));
#10031=DIRECTION('',(0.866025403784445,-0.49999999999999,0.));
#10032=DIRECTION('',(0.5,0.866025403784438,0.));
#10033=DIRECTION('',(0.,0.,-1.));
#10034=DIRECTION('',(-1.,0.,0.));
#10035=DIRECTION('',(1.,0.,0.));
#10036=DIRECTION('',(0.,0.,-1.));
#10037=DIRECTION('',(0.,-1.,0.));
#10038=DIRECTION('',(0.,-1.,0.));
#10039=DIRECTION('',(0.,-1.,0.));
#10040=DIRECTION('',(0.,0.,1.));
#10041=DIRECTION('',(0.,0.,1.));
#10042=DIRECTION('',(1.,0.,0.));
#10043=DIRECTION('',(-1.,0.,0.));
#10044=DIRECTION('',(0.,0.,1.));
#10045=DIRECTION('',(-1.,0.,0.));
#10046=DIRECTION('',(0.866025403784096,-0.500000000000594,0.));
#10047=DIRECTION('',(0.5,0.866025403784439,0.));
#10048=DIRECTION('',(-0.86602540378443,0.500000000000015,0.));
#10049=DIRECTION('',(0.,0.,1.));
#10050=DIRECTION('',(-1.,0.,0.));
#10051=DIRECTION('',(0.866025403784435,-0.5,0.));
#10052=DIRECTION('',(-0.5,-0.866025403784442,0.));
#10053=DIRECTION('',(-0.866025403784456,0.49999999999997,0.));
#10054=DIRECTION('',(-0.5,-0.866025403784439,0.));
#10055=DIRECTION('',(0.866025403784439,-0.5,0.));
#10056=DIRECTION('',(0.43301270189221,-0.249999999999995,-0.866025403784445));
#10057=DIRECTION('',(-0.5,-0.866025403784441,0.));
#10058=DIRECTION('',(0.866025403784441,-0.5,0.));
#10059=DIRECTION('',(0.,0.,1.));
#10060=DIRECTION('',(-0.433012701892226,0.25,0.866025403784435));
#10061=DIRECTION('',(0.,0.,1.));
#10062=DIRECTION('',(1.,0.,0.));
#10063=DIRECTION('',(0.,-1.,0.));
#10064=DIRECTION('',(1.,0.,0.));
#10065=DIRECTION('',(0.,1.,0.));
#10066=DIRECTION('',(-1.,0.,0.));
#10067=DIRECTION('',(0.,0.,1.));
#10068=DIRECTION('',(-1.,0.,0.));
#10069=DIRECTION('',(0.,0.,1.));
#10070=DIRECTION('',(0.,-1.,0.));
#10071=DIRECTION('',(-1.,0.,0.));
#10072=DIRECTION('',(0.,0.,1.));
#10073=DIRECTION('',(0.,-3.49148133884313E-15,1.));
#10074=DIRECTION('',(0.,-1.,0.));
#10075=DIRECTION('',(0.,-3.49148133884313E-15,1.));
#10076=DIRECTION('',(0.,0.,1.));
#10077=DIRECTION('',(1.,0.,0.));
#10078=DIRECTION('',(1.,0.,0.));
#10079=DIRECTION('',(0.,-1.,0.));
#10080=DIRECTION('',(1.,3.65298246600942E-31,-1.04625576123509E-16));
#10081=DIRECTION('',(-1.04625576123509E-16,0.,-1.));
#10082=DIRECTION('',(1.,0.,0.));
#10083=DIRECTION('',(0.,0.,1.));
#10084=DIRECTION('',(-1.,0.,0.));
#10085=DIRECTION('',(0.,0.,1.));
#10086=DIRECTION('',(0.,3.49148133884313E-15,-1.));
#10087=DIRECTION('',(-3.65298246600942E-31,1.,3.82195395075311E-47));
#10088=DIRECTION('',(0.,3.49148133884313E-15,-1.));
#10089=DIRECTION('',(0.,0.,1.));
#10090=DIRECTION('',(1.,0.,0.));
#10091=DIRECTION('',(0.,1.,0.));
#10092=DIRECTION('',(1.,0.,0.));
#10093=DIRECTION('',(0.,-1.,0.));
#10094=DIRECTION('',(1.,0.,0.));
#10095=DIRECTION('',(0.,0.,-1.));
#10096=DIRECTION('',(1.,0.,0.));
#10097=DIRECTION('',(0.,0.,1.));
#10098=DIRECTION('',(0.,-1.,0.));
#10099=DIRECTION('',(-1.,0.,0.));
#10100=DIRECTION('',(0.,0.,1.));
#10101=DIRECTION('',(0.,3.49148133884313E-15,-1.));
#10102=DIRECTION('',(0.,1.,0.));
#10103=DIRECTION('',(0.,3.49148133884313E-15,-1.));
#10104=DIRECTION('',(0.,0.,1.));
#10105=DIRECTION('',(1.,0.,0.));
#10106=DIRECTION('',(1.,0.,0.));
#10107=DIRECTION('',(0.,1.,0.));
#10108=DIRECTION('',(-1.,3.65298246600942E-31,-1.04625576123509E-16));
#10109=DIRECTION('',(-1.04625576123509E-16,0.,1.));
#10110=DIRECTION('',(1.,0.,0.));
#10111=DIRECTION('',(0.,0.,1.));
#10112=DIRECTION('',(-1.,0.,0.));
#10113=DIRECTION('',(0.,0.,1.));
#10114=DIRECTION('',(0.,-3.49148133884313E-15,1.));
#10115=DIRECTION('',(-3.65298246600942E-31,-1.,-3.82195395075311E-47));
#10116=DIRECTION('',(0.,-3.49148133884313E-15,1.));
#10117=DIRECTION('',(0.,0.,1.));
#10118=DIRECTION('',(1.,0.,0.));
#10119=DIRECTION('',(0.,-1.,0.));
#10120=DIRECTION('',(1.,0.,0.));
#10121=DIRECTION('',(0.,1.,0.));
#10122=DIRECTION('',(-1.,-1.99235350145596E-31,5.70632722360792E-17));
#10123=DIRECTION('',(5.70632722360792E-17,0.,1.));
#10124=DIRECTION('',(-1.,0.,0.));
#10125=DIRECTION('',(0.,0.,1.));
#10126=DIRECTION('',(1.99235350145596E-31,-1.,-1.13690210244087E-47));
#10127=DIRECTION('',(-1.,0.,0.));
#10128=DIRECTION('',(0.,0.,1.));
#10129=DIRECTION('',(0.,-3.49148133884313E-15,1.));
#10130=DIRECTION('',(1.99235350145596E-31,-1.,-1.13690210244087E-47));
#10131=DIRECTION('',(0.,-3.49148133884313E-15,1.));
#10132=DIRECTION('',(0.,0.,1.));
#10133=DIRECTION('',(1.,0.,0.));
#10134=DIRECTION('',(1.,0.,0.));
#10135=DIRECTION('',(0.,-1.,0.));
#10136=DIRECTION('',(1.,-1.99235350145596E-31,5.70632722360792E-17));
#10137=DIRECTION('',(5.70632722360792E-17,0.,-1.));
#10138=DIRECTION('',(1.,0.,0.));
#10139=DIRECTION('',(0.,0.,1.));
#10140=DIRECTION('',(-1.,0.,0.));
#10141=DIRECTION('',(0.,0.,1.));
#10142=DIRECTION('',(0.,3.49148133884313E-15,-1.));
#10143=DIRECTION('',(1.99235350145596E-31,1.,1.13690210244087E-47));
#10144=DIRECTION('',(0.,3.49148133884313E-15,-1.));
#10145=DIRECTION('',(1.,-6.92200844488474E-16,0.));
#10146=DIRECTION('',(6.92200844488474E-16,1.,0.));
#10147=DIRECTION('',(6.92200844488474E-16,1.,0.));
#10148=DIRECTION('',(-6.92200844488474E-16,-1.,0.));
#10149=DIRECTION('',(0.,0.,1.));
#10150=DIRECTION('',(6.92200844488474E-16,1.,0.));
#10151=DIRECTION('',(0.,0.,1.));
#10152=DIRECTION('',(1.,0.,0.));
#10153=DIRECTION('',(0.,-1.,0.));
#10154=DIRECTION('',(-1.,0.,0.));
#10155=DIRECTION('',(0.,0.,1.));
#10156=DIRECTION('',(-1.,0.,0.));
#10157=DIRECTION('',(0.,-1.,0.));
#10158=DIRECTION('',(1.,0.,0.));
#10159=DIRECTION('',(-1.,0.,0.));
#10160=DIRECTION('',(0.,0.,1.));
#10161=DIRECTION('',(0.,0.,-1.));
#10162=DIRECTION('',(0.,1.,0.));
#10163=DIRECTION('',(0.,-1.,0.));
#10164=DIRECTION('',(0.,0.,-1.));
#10165=DIRECTION('',(0.,0.,1.));
#10166=DIRECTION('',(1.,0.,0.));
#10167=DIRECTION('',(-1.,0.,0.));
#10168=DIRECTION('',(0.,-1.,0.));
#10169=DIRECTION('',(-1.,0.,0.));
#10170=DIRECTION('',(0.,0.,1.));
#10171=DIRECTION('',(0.,1.,0.));
#10172=DIRECTION('',(0.,0.,-1.));
#10173=DIRECTION('',(0.,0.,1.));
#10174=DIRECTION('',(1.,0.,0.));
#10175=DIRECTION('',(0.,-1.,0.));
#10176=DIRECTION('',(-1.,0.,0.));
#10177=DIRECTION('',(1.,0.,0.));
#10178=DIRECTION('',(0.,0.,-1.));
#10179=DIRECTION('',(0.,0.,1.));
#10180=DIRECTION('',(0.,-1.,0.));
#10181=DIRECTION('',(0.,0.,1.));
#10182=DIRECTION('',(0.,-1.,0.));
#10183=DIRECTION('',(0.,0.,1.));
#10184=DIRECTION('',(1.,0.,0.));
#10185=DIRECTION('',(1.,0.,0.));
#10186=DIRECTION('',(0.,0.,-1.));
#10187=DIRECTION('',(-1.,0.,0.));
#10188=DIRECTION('',(0.,-1.,0.));
#10189=DIRECTION('',(-1.,0.,0.));
#10190=DIRECTION('',(-1.,-6.92200844488474E-16,0.));
#10191=DIRECTION('',(6.92200844488474E-16,-1.,0.));
#10192=DIRECTION('',(0.,0.,-1.));
#10193=DIRECTION('',(-6.92200844488474E-16,1.,0.));
#10194=DIRECTION('',(-6.92200844488474E-16,1.,0.));
#10195=DIRECTION('',(0.,0.,1.));
#10196=DIRECTION('',(1.,0.,0.));
#10197=DIRECTION('',(-0.866025403784096,0.500000000000594,0.));
#10198=DIRECTION('',(0.,0.,1.));
#10199=DIRECTION('',(-1.,1.77635683940025E-15,0.));
#10200=DIRECTION('',(0.866025403784439,0.5,0.));
#10201=DIRECTION('',(-0.499999999999934,0.866025403784477,0.));
#10202=DIRECTION('',(-0.866025403784439,-0.5,0.));
#10203=DIRECTION('',(0.,0.,1.));
#10204=DIRECTION('',(-1.,-1.77635683940025E-15,0.));
#10205=DIRECTION('',(0.,1.,0.));
#10206=DIRECTION('',(-1.,0.,0.));
#10207=DIRECTION('',(0.,-1.,0.));
#10208=DIRECTION('',(0.,0.,1.));
#10209=DIRECTION('',(-1.,-1.77635683940025E-15,0.));
#10210=DIRECTION('',(-0.866025403784439,0.5,0.));
#10211=DIRECTION('',(-0.500000000000024,-0.866025403784425,0.));
#10212=DIRECTION('',(0.866025403784439,-0.5,0.));
#10213=DIRECTION('',(-0.86602540378443,-0.500000000000015,0.));
#10214=DIRECTION('',(0.5,-0.866025403784439,0.));
#10215=DIRECTION('',(0.866025403784171,0.500000000000464,0.));
#10216=DIRECTION('',(0.,0.,1.));
#10217=DIRECTION('',(-1.,0.,0.));
#10218=DIRECTION('',(0.,0.,1.));
#10219=DIRECTION('',(-1.,0.,0.));
#10220=DIRECTION('',(0.86602540378443,-0.500000000000015,0.));
#10221=DIRECTION('',(0.5,0.866025403784439,0.));
#10222=DIRECTION('',(0.5,-0.866025403784441,0.));
#10223=DIRECTION('',(0.866025403784441,0.5,0.));
#10224=DIRECTION('',(0.,0.,-1.));
#10225=DIRECTION('',(-0.433012701892223,-0.250000000000009,-0.866025403784434));
#10226=DIRECTION('',(0.500000000000006,-0.866025403784435,0.));
#10227=DIRECTION('',(0.866025403784435,0.500000000000006,0.));
#10228=DIRECTION('',(-0.433012701892204,-0.250000000000035,-0.866025403784436));
#10229=DIRECTION('',(-0.866025403784435,-0.500000000000006,0.));
#10230=DIRECTION('',(0.,0.,1.));
#10231=DIRECTION('',(1.,0.,0.));
#10232=DIRECTION('',(-0.866025403784442,-0.499999999999994,0.));
#10233=DIRECTION('',(-0.5,0.866025403784437,0.));
#10234=DIRECTION('',(0.,0.,1.));
#10235=DIRECTION('',(-1.,0.,0.));
#10236=DIRECTION('',(-0.866025403784171,-0.500000000000464,0.));
#10237=DIRECTION('',(0.5,-0.866025403784438,0.));
#10238=DIRECTION('',(0.86602540378443,0.500000000000015,0.));
#10239=DIRECTION('',(1.,0.,0.));
#10240=DIRECTION('',(0.,0.,-1.));
#10241=DIRECTION('',(-1.,0.,0.));
#10242=DIRECTION('',(-0.500000000000008,0.866025403784434,0.));
#10243=DIRECTION('',(0.866025403784438,0.5,0.));
#10244=DIRECTION('',(-6.10458042961227E-15,-3.4110752063593E-15,1.));
#10245=DIRECTION('',(-1.,7.16379445729778E-32,-6.10458042961227E-15));
#10246=DIRECTION('',(-0.866025403784439,-0.5,0.));
#10247=DIRECTION('',(-0.5,0.866025403784437,0.));
#10248=DIRECTION('',(0.,0.,1.));
#10249=DIRECTION('',(1.,0.,0.));
#10250=DIRECTION('',(0.,0.,1.));
#10251=DIRECTION('',(1.,0.,0.));
#10252=DIRECTION('',(1.,0.,0.));
#10253=DIRECTION('',(0.,0.,1.));
#10254=DIRECTION('',(1.,0.,0.));
#10255=DIRECTION('',(-1.,0.,0.));
#10256=DIRECTION('',(1.,-2.9111391683467E-16,0.));
#10257=DIRECTION('',(2.9111391683467E-16,1.,0.));
#10258=DIRECTION('',(-2.9111391683467E-16,-1.,0.));
#10259=DIRECTION('',(0.,0.,1.));
#10260=DIRECTION('',(2.9111391683467E-16,1.,0.));
#10261=DIRECTION('',(0.,0.,1.));
#10262=DIRECTION('',(1.,0.,0.));
#10263=DIRECTION('',(0.,0.,1.));
#10264=DIRECTION('',(1.,0.,0.));
#10265=DIRECTION('',(0.,1.,0.));
#10266=DIRECTION('',(-1.,-1.69423236395218E-16,0.));
#10267=DIRECTION('',(1.69423236395218E-16,-1.,0.));
#10268=DIRECTION('',(1.69423236395218E-16,-1.,0.));
#10269=DIRECTION('',(0.,0.,-1.));
#10270=DIRECTION('',(-1.,0.,0.));
#10271=DIRECTION('',(0.,0.,1.));
#10272=DIRECTION('',(0.,1.,0.));
#10273=DIRECTION('',(0.,0.,-1.));
#10274=DIRECTION('',(0.,1.,0.));
#10275=DIRECTION('',(0.,0.,1.));
#10276=DIRECTION('',(1.,0.,0.));
#10277=DIRECTION('',(-0.866025403784439,0.5,0.));
#10278=DIRECTION('',(-0.5,-0.866025403784439,0.));
#10279=DIRECTION('',(0.866025403784439,-0.5,0.));
#10280=DIRECTION('',(0.,0.,1.));
#10281=DIRECTION('',(-1.,-1.77635683940025E-15,0.));
#10282=DIRECTION('',(1.,0.,0.));
#10283=DIRECTION('',(0.,-1.,0.));
#10284=DIRECTION('',(0.,0.,-1.));
#10285=DIRECTION('',(-0.84799830400509,0.,-0.529998940003177));
#10286=DIRECTION('',(-1.,0.,0.));
#10287=DIRECTION('',(1.,0.,0.));
#10288=DIRECTION('',(0.,0.,-1.));
#10289=DIRECTION('',(0.,0.,1.));
#10290=DIRECTION('',(1.,0.,0.));
#10291=DIRECTION('',(0.,-1.,0.));
#10292=DIRECTION('',(1.,0.,0.));
#10293=DIRECTION('',(0.,-1.,0.));
#10294=DIRECTION('',(0.,0.,-1.));
#10295=DIRECTION('',(-1.,0.,0.));
#10296=DIRECTION('',(0.,0.,-1.));
#10297=DIRECTION('',(1.,-1.95399252334028E-14,0.));
#10298=DIRECTION('',(0.,0.,-1.));
#10299=DIRECTION('',(-1.,0.,0.));
#10300=DIRECTION('',(1.,0.,0.));
#10301=DIRECTION('',(0.,-1.,0.));
#10302=DIRECTION('',(0.,0.,-1.));
#10303=DIRECTION('',(-1.,0.,0.));
#10304=DIRECTION('',(1.,0.,0.));
#10305=DIRECTION('',(0.,1.,0.));
#10306=DIRECTION('',(0.,0.,-1.));
#10307=DIRECTION('',(-1.,0.,0.));
#10308=DIRECTION('',(0.,-1.,0.));
#10309=DIRECTION('',(0.,1.,0.));
#10310=DIRECTION('',(0.,0.,-1.));
#10311=DIRECTION('',(1.,1.15463194561016E-14,0.));
#10312=DIRECTION('',(0.,0.,1.));
#10313=DIRECTION('',(1.,0.,0.));
#10314=DIRECTION('',(0.,0.,1.));
#10315=DIRECTION('',(1.,0.,0.));
#10316=DIRECTION('',(0.,-1.,0.));
#10317=DIRECTION('',(0.,1.,0.));
#10318=DIRECTION('',(-1.,-2.9111391683467E-16,0.));
#10319=DIRECTION('',(2.9111391683467E-16,-1.,0.));
#10320=DIRECTION('',(0.,0.,-1.));
#10321=DIRECTION('',(-1.64489952762723E-16,-1.,0.));
#10322=DIRECTION('',(1.,-1.64489952762723E-16,0.));
#10323=DIRECTION('',(-1.,1.64489952762723E-16,0.));
#10324=DIRECTION('',(0.,0.,1.));
#10325=DIRECTION('',(1.,-1.64489952762723E-16,0.));
#10326=DIRECTION('',(0.,0.,1.));
#10327=DIRECTION('',(1.,0.,0.));
#10328=DIRECTION('',(0.,0.,1.));
#10329=DIRECTION('',(1.,0.,0.));
#10330=DIRECTION('',(1.,0.,0.));
#10331=DIRECTION('',(0.,1.,0.));
#10332=DIRECTION('',(0.,0.,1.));
#10333=DIRECTION('',(-1.,0.,0.));
#10334=DIRECTION('',(0.,0.,-1.));
#10335=DIRECTION('',(0.5,0.866025403784441,0.));
#10336=DIRECTION('',(-0.866025403784441,0.5,0.));
#10337=DIRECTION('',(0.,0.,-1.));
#10338=DIRECTION('',(0.433012701892216,-0.249999999999995,-0.866025403784442));
#10339=DIRECTION('',(0.5,0.866025403784441,0.));
#10340=DIRECTION('',(-0.866025403784441,0.5,0.));
#10341=DIRECTION('',(-0.433012701892231,0.250000000000004,0.866025403784432));
#10342=DIRECTION('',(0.,-1.,0.));
#10343=DIRECTION('',(0.,0.,-1.));
#10344=DIRECTION('',(1.,0.,0.));
#10345=DIRECTION('',(0.,0.,1.));
#10346=DIRECTION('',(-0.529998940003179,0.,0.847998304005088));
#10347=DIRECTION('',(1.,0.,0.));
#10348=DIRECTION('',(0.,0.,1.));
#10349=DIRECTION('',(1.,0.,0.));
#10350=DIRECTION('',(0.,0.,-1.));
#10351=DIRECTION('',(1.,0.,0.));
#10352=DIRECTION('',(0.,1.,0.));
#10353=DIRECTION('',(-1.,0.,0.));
#10354=DIRECTION('',(0.,1.,0.));
#10355=DIRECTION('',(0.,1.,0.));
#10356=DIRECTION('',(0.,0.,1.));
#10357=DIRECTION('',(1.,0.,0.));
#10358=DIRECTION('',(-1.,0.,0.));
#10359=DIRECTION('',(0.52999894000318,0.,-0.847998304005088));
#10360=DIRECTION('',(0.,0.,-1.));
#10361=DIRECTION('',(0.,0.,1.));
#10362=DIRECTION('',(1.,0.,0.));
#10363=DIRECTION('',(0.,-1.,0.));
#10364=DIRECTION('',(0.,0.,1.));
#10365=DIRECTION('',(-1.,-2.66453525910038E-15,0.));
#10366=DIRECTION('',(0.866025403784439,0.5,0.));
#10367=DIRECTION('',(-0.5,0.866025403784439,0.));
#10368=DIRECTION('',(-0.866025403784439,-0.5,0.));
#10369=DIRECTION('',(0.,0.,1.));
#10370=DIRECTION('',(-1.,0.,0.));
#10371=DIRECTION('',(1.,0.,0.));
#10372=DIRECTION('',(0.,0.,-1.));
#10373=DIRECTION('',(0.,0.,1.));
#10374=DIRECTION('',(0.,-1.,0.));
#10375=DIRECTION('',(1.,-1.69423236395218E-16,0.));
#10376=DIRECTION('',(1.69423236395218E-16,1.,0.));
#10377=DIRECTION('',(0.,0.,1.));
#10378=DIRECTION('',(0.,0.,1.));
#10379=DIRECTION('',(1.,0.,0.));
#10380=DIRECTION('',(0.,0.,1.));
#10381=DIRECTION('',(1.,0.,0.));
#10382=DIRECTION('',(0.,0.,-1.));
#10383=DIRECTION('',(-1.,0.,0.));
#10384=DIRECTION('',(0.,0.,-1.));
#10385=DIRECTION('',(-1.,0.,0.));
#10386=DIRECTION('',(0.,0.,-1.));
#10387=DIRECTION('',(-1.,0.,0.));
#10388=DIRECTION('',(0.707106781197543,-0.707106781175552,0.));
#10389=DIRECTION('',(0.707106781175552,0.707106781197543,0.));
#10390=DIRECTION('',(0.,0.,-1.));
#10391=DIRECTION('',(-0.707106781175552,-0.707106781197543,0.));
#10392=DIRECTION('',(0.,0.,1.));
#10393=DIRECTION('',(0.707106781175551,0.707106781197544,0.));
#10394=DIRECTION('',(0.,0.,-1.));
#10395=DIRECTION('',(-0.707106781175552,-0.707106781197543,0.));
#10396=DIRECTION('',(0.,0.,1.));
#10397=DIRECTION('',(1.,0.,0.));
#10398=DIRECTION('',(0.707106781186547,-0.707106781186548,0.));
#10399=DIRECTION('',(-0.707106781188614,-0.707106781184482,0.));
#10400=DIRECTION('',(-0.707106781184484,0.707106781188611,0.));
#10401=DIRECTION('',(-0.707106781188611,-0.707106781184484,0.));
#10402=DIRECTION('',(0.,0.,-1.));
#10403=DIRECTION('',(-0.707106781188614,-0.707106781184481,0.));
#10404=DIRECTION('',(0.,0.,-1.));
#10405=DIRECTION('',(0.707106781188611,0.707106781184484,0.));
#10406=DIRECTION('',(0.,0.,1.));
#10407=DIRECTION('',(0.707106781186547,0.707106781186548,0.));
#10408=DIRECTION('',(-0.707106781186548,0.707106781186547,0.));
#10409=DIRECTION('',(0.707106781186548,-0.707106781186547,0.));
#10410=DIRECTION('',(0.,0.,1.));
#10411=DIRECTION('',(1.,0.,0.));
#10412=DIRECTION('',(-0.707106781186548,0.707106781186547,0.));
#10413=DIRECTION('',(-0.707106781182069,-0.707106781191026,0.));
#10414=DIRECTION('',(0.,0.,-1.));
#10415=DIRECTION('',(1.,8.88178419700125E-16,0.));
#10416=DIRECTION('',(0.707106781185714,0.707106781187381,0.));
#10417=DIRECTION('',(-0.707106781186548,0.707106781186547,0.));
#10418=DIRECTION('',(0.,0.,-1.));
#10419=DIRECTION('',(1.,4.44089209850063E-15,0.));
#10420=DIRECTION('',(0.707106781186546,0.707106781186549,0.));
#10421=DIRECTION('',(-0.707106781186871,0.707106781186224,0.));
#10422=DIRECTION('',(0.,0.,-1.));
#10423=DIRECTION('',(1.,0.,0.));
#10424=DIRECTION('',(0.707106781190356,-0.707106781182739,0.));
#10425=DIRECTION('',(0.707106781186546,0.707106781186549,0.));
#10426=DIRECTION('',(0.,0.,-1.));
#10427=DIRECTION('',(1.,7.105427357601E-15,0.));
#10428=DIRECTION('',(0.707106781186548,-0.707106781186547,0.));
#10429=DIRECTION('',(-0.707106781186546,-0.707106781186549,0.));
#10430=DIRECTION('',(0.707106781175879,-0.707106781197216,0.));
#10431=DIRECTION('',(0.,0.,-1.));
#10432=DIRECTION('',(1.,0.,0.));
#10433=DIRECTION('',(-0.707106781175214,0.707106781197882,0.));
#10434=DIRECTION('',(-0.707106781186546,-0.707106781186549,0.));
#10435=DIRECTION('',(-0.707106781186549,0.707106781186546,0.));
#10436=DIRECTION('',(-0.707106781186546,-0.707106781186549,0.));
#10437=DIRECTION('',(0.,0.,1.));
#10438=DIRECTION('',(-1.,-1.29255108907422E-16,0.));
#10439=DIRECTION('',(1.29255108907422E-16,-1.,0.));
#10440=DIRECTION('',(1.29255108907422E-16,-1.,0.));
#10441=DIRECTION('',(0.,0.,1.));
#10442=DIRECTION('',(-1.29255108907422E-16,1.,0.));
#10443=DIRECTION('',(0.,0.,1.));
#10444=DIRECTION('',(1.,0.,0.));
#10445=DIRECTION('',(1.,0.,0.));
#10446=DIRECTION('',(0.,1.,0.));
#10447=DIRECTION('',(1.,-1.29255108907422E-16,0.));
#10448=DIRECTION('',(1.29255108907422E-16,1.,0.));
#10449=DIRECTION('',(0.,0.,-1.));
#10450=DIRECTION('',(1.29255108907422E-16,1.,0.));
#10451=DIRECTION('',(0.,0.,1.));
#10452=DIRECTION('',(1.,0.,0.));
#10453=DIRECTION('',(1.,0.,0.));
#10454=DIRECTION('',(0.707106781182741,0.707106781190354,0.));
#10455=DIRECTION('',(-0.707106781190354,0.707106781182741,0.));
#10456=DIRECTION('',(0.,0.,1.));
#10457=DIRECTION('',(-0.707106781190356,0.707106781182739,0.));
#10458=DIRECTION('',(0.,0.,-1.));
#10459=DIRECTION('',(0.707106781190354,-0.707106781182741,0.));
#10460=DIRECTION('',(0.,0.,1.));
#10461=DIRECTION('',(1.,0.,0.));
#10462=DIRECTION('',(0.707106781186871,-0.707106781186224,0.));
#10463=DIRECTION('',(0.707106781186546,0.707106781186549,0.));
#10464=DIRECTION('',(-0.707106781186221,-0.707106781186874,0.));
#10465=DIRECTION('',(0.707106781186874,-0.707106781186221,0.));
#10466=DIRECTION('',(0.,0.,-1.));
#10467=DIRECTION('',(0.707106781186871,-0.707106781186224,0.));
#10468=DIRECTION('',(0.,0.,-1.));
#10469=DIRECTION('',(0.,0.,1.));
#10470=DIRECTION('',(-0.707106781187381,0.707106781185714,0.));
#10471=DIRECTION('',(-0.707106781185714,-0.707106781187381,0.));
#10472=DIRECTION('',(0.,0.,-1.));
#10473=DIRECTION('',(0.,0.,1.));
#10474=DIRECTION('',(-0.707106781185714,-0.707106781187381,0.));
#10475=DIRECTION('',(0.,0.,-1.));
#10476=DIRECTION('',(0.707106781185714,0.707106781187381,0.));
#10477=DIRECTION('',(0.,0.,1.));
#10478=DIRECTION('',(1.,0.,0.));
#10479=DIRECTION('',(-0.707106781186547,0.707106781186548,0.));
#10480=DIRECTION('',(0.707106781182064,0.707106781191031,0.));
#10481=DIRECTION('',(0.70710678119103,-0.707106781182065,0.));
#10482=DIRECTION('',(0.707106781182065,0.70710678119103,0.));
#10483=DIRECTION('',(0.,0.,-1.));
#10484=DIRECTION('',(0.707106781182069,0.707106781191026,0.));
#10485=DIRECTION('',(0.,0.,-1.));
#10486=DIRECTION('',(0.,0.,1.));
#10487=DIRECTION('',(-0.707106781186547,-0.707106781186548,0.));
#10488=DIRECTION('',(0.707106781186548,-0.707106781186547,0.));
#10489=DIRECTION('',(0.707106781186549,-0.707106781186546,0.));
#10490=DIRECTION('',(0.707106781186546,0.707106781186549,0.));
#10491=DIRECTION('',(0.,0.,1.));
#10492=DIRECTION('',(1.,-1.29255108907422E-16,0.));
#10493=DIRECTION('',(1.29255108907422E-16,1.,0.));
#10494=DIRECTION('',(1.29255108907422E-16,1.,0.));
#10495=DIRECTION('',(0.,0.,1.));
#10496=DIRECTION('',(-1.29255108907422E-16,-1.,0.));
#10497=DIRECTION('',(0.,0.,1.));
#10498=DIRECTION('',(1.,0.,0.));
#10499=DIRECTION('',(-1.,0.,0.));
#10500=DIRECTION('',(0.,-1.,0.));
#10501=DIRECTION('',(-1.,-1.29255108907422E-16,0.));
#10502=DIRECTION('',(1.29255108907422E-16,-1.,0.));
#10503=DIRECTION('',(0.,0.,-1.));
#10504=DIRECTION('',(1.29255108907422E-16,-1.,0.));
#10505=DIRECTION('',(0.,0.,1.));
#10506=DIRECTION('',(1.,0.,0.));
#10507=DIRECTION('',(-1.,0.,0.));
#10508=DIRECTION('',(-0.707106781197882,-0.707106781175213,0.));
#10509=DIRECTION('',(0.707106781175213,-0.707106781197882,0.));
#10510=DIRECTION('',(0.,0.,1.));
#10511=DIRECTION('',(0.707106781175213,-0.707106781197882,0.));
#10512=DIRECTION('',(0.,0.,-1.));
#10513=DIRECTION('',(-0.707106781175213,0.707106781197882,0.));
#10514=DIRECTION('',(0.,0.,1.));
#10515=DIRECTION('',(1.,0.,0.));
#10516=DIRECTION('',(-0.707106781186546,-0.707106781186549,0.));
#10517=DIRECTION('',(-0.707106781175884,0.707106781197211,0.));
#10518=DIRECTION('',(0.707106781197214,0.707106781175881,0.));
#10519=DIRECTION('',(-0.707106781175881,0.707106781197214,0.));
#10520=DIRECTION('',(0.,0.,-1.));
#10521=DIRECTION('',(-0.707106781175879,0.707106781197216,0.));
#10522=DIRECTION('',(0.,0.,-1.));
#10523=DIRECTION('',(0.,0.,1.));
#10524=DIRECTION('',(0.,0.,1.));
#10525=DIRECTION('',(1.,0.,0.));
#10526=DIRECTION('',(0.,0.,1.));
#10527=DIRECTION('',(1.,0.,0.));
#10528=DIRECTION('',(0.499999999999472,0.866025403784744,-1.16204438618643E-15));
#10529=DIRECTION('',(-0.866025403784744,0.499999999999472,0.));
#10530=DIRECTION('',(-0.866025403784744,0.499999999999472,0.));
#10531=DIRECTION('',(0.5,0.866025403784439,-2.09421698291673E-16));
#10532=DIRECTION('',(0.866025403784439,-0.5,-5.42101086242752E-15));
#10533=DIRECTION('',(0.467915522605415,-0.270151152933861,-0.841470984807799));
#10534=DIRECTION('',(0.499999999999472,0.866025403784744,-1.16204438618643E-15));
#10535=DIRECTION('',(-0.866025403784744,0.499999999999472,-4.24012736556294E-30));
#10536=DIRECTION('',(5.81022193092603E-16,1.0063599587629E-15,1.));
#10537=DIRECTION('',(-0.499999999999836,-0.866025403784533,1.23481364173201E-13));
#10538=DIRECTION('',(0.866025403784533,-0.499999999999836,0.));
#10539=DIRECTION('',(-0.499999999999836,-0.866025403784533,1.23481364173201E-13));
#10540=DIRECTION('',(0.866025403784533,-0.499999999999836,5.99534287967969E-28));
#10541=DIRECTION('',(-0.46791552260525,0.270151152934147,0.841470984807799));
#10542=DIRECTION('',(-0.5,-0.866025403784439,2.09421698291673E-16));
#10543=DIRECTION('',(0.866025403784439,-0.5,4.93038065763132E-32));
#10544=DIRECTION('',(0.866025403784533,-0.499999999999836,0.));
#10545=DIRECTION('',(-6.17406820865803E-14,-1.06937998267962E-13,-1.));
#10546=DIRECTION('',(0.,-1.,0.));
#10547=DIRECTION('',(0.,0.,-1.));
#10548=DIRECTION('',(0.,0.,-1.));
#10549=DIRECTION('',(-1.,0.,0.));
#10550=DIRECTION('',(0.,0.,1.));
#10551=DIRECTION('',(-1.,5.32907051820075E-15,0.));
#10552=DIRECTION('',(3.72743278584695E-16,-6.45610296688494E-16,1.));
#10553=DIRECTION('',(0.,0.,-1.));
#10554=DIRECTION('',(-0.5,-0.866025403784439,0.));
#10555=DIRECTION('',(0.866025403784438,-0.5,0.));
#10556=DIRECTION('',(0.5,0.866025403784439,0.));
#10557=DIRECTION('',(0.866025403784439,-0.5,5.63785129692405E-13));
#10558=DIRECTION('',(0.5,0.866025403784439,0.));
#10559=DIRECTION('',(-0.5,-0.866025403784439,0.));
#10560=DIRECTION('',(0.866025403784439,-0.5,0.));
#10561=DIRECTION('',(0.,0.,-1.));
#10562=DIRECTION('',(-1.,0.,0.));
#10563=DIRECTION('',(4.35072918667751E-13,7.53568400129797E-13,1.));
#10564=DIRECTION('',(-0.75,0.433012701892217,-0.500000000000006));
#10565=DIRECTION('',(-0.554700196225235,2.40370335797944E-17,0.83205029433784));
#10566=DIRECTION('',(-0.5,-0.866025403784438,2.83560568188516E-15));
#10567=DIRECTION('',(0.866025403784438,-0.5,0.));
#10568=DIRECTION('',(0.5,0.866025403784438,0.));
#10569=DIRECTION('',(0.5,0.866025403784438,0.));
#10570=DIRECTION('',(-1.,0.,0.));
#10571=DIRECTION('',(0.,0.,1.));
#10572=DIRECTION('',(1.,0.,0.));
#10573=DIRECTION('',(0.,-3.49148133884313E-15,1.));
#10574=DIRECTION('',(0.,-1.,-3.49148133884313E-15));
#10575=DIRECTION('',(-6.44335600470864E-31,1.,1.18908946015364E-46));
#10576=DIRECTION('',(1.,0.,0.));
#10577=DIRECTION('',(1.,0.,0.));
#10578=DIRECTION('',(-1.,0.,0.));
#10579=DIRECTION('',(0.,0.,1.));
#10580=DIRECTION('',(1.,0.,0.));
#10581=DIRECTION('',(0.,-3.49148133884313E-15,1.));
#10582=DIRECTION('',(0.,-1.,-3.49148133884313E-15));
#10583=DIRECTION('',(-1.,0.,0.));
#10584=DIRECTION('',(6.44335600470864E-31,-1.,-1.18908946015364E-46));
#10585=DIRECTION('',(1.,0.,0.));
#10586=DIRECTION('',(-1.,0.,0.));
#10587=DIRECTION('',(0.,0.,1.));
#10588=DIRECTION('',(1.,0.,0.));
#10589=DIRECTION('',(0.,-3.49148133884313E-15,1.));
#10590=DIRECTION('',(0.,-1.,-3.49148133884313E-15));
#10591=DIRECTION('',(-1.,0.,0.));
#10592=DIRECTION('',(-6.44335600470864E-31,-1.,-1.18908946015364E-46));
#10593=DIRECTION('',(1.,0.,0.));
#10594=DIRECTION('',(-1.,0.,0.));
#10595=DIRECTION('',(0.,0.,1.));
#10596=DIRECTION('',(1.,0.,0.));
#10597=DIRECTION('',(0.,-3.49148133884313E-15,1.));
#10598=DIRECTION('',(0.,-1.,-3.49148133884313E-15));
#10599=DIRECTION('',(6.44335600470864E-31,1.,1.18908946015364E-46));
#10600=DIRECTION('',(-1.,0.,0.));
#10601=DIRECTION('',(1.,0.,0.));
#10602=DIRECTION('',(-1.,0.,0.));
#10603=DIRECTION('',(0.,0.,1.));
#10604=DIRECTION('',(1.,0.,0.));
#10605=DIRECTION('',(0.,-3.49148133884313E-15,1.));
#10606=DIRECTION('',(0.,-1.,-3.49148133884313E-15));
#10607=DIRECTION('',(-6.44335600470864E-31,1.,1.18908946015364E-46));
#10608=DIRECTION('',(1.,0.,0.));
#10609=DIRECTION('',(1.,0.,0.));
#10610=DIRECTION('',(-1.,0.,0.));
#10611=DIRECTION('',(0.,0.,1.));
#10612=DIRECTION('',(1.,0.,0.));
#10613=DIRECTION('',(0.,-3.49148133884313E-15,1.));
#10614=DIRECTION('',(0.,-1.,-3.49148133884313E-15));
#10615=DIRECTION('',(-1.,0.,0.));
#10616=DIRECTION('',(-6.44335600470864E-31,-1.,-1.18908946015364E-46));
#10617=DIRECTION('',(1.,0.,0.));
#10618=DIRECTION('',(0.,-1.,0.));
#10619=DIRECTION('',(0.,0.,-1.));
#10620=DIRECTION('',(-0.5,-0.866025403784439,0.));
#10621=DIRECTION('',(0.866025403784439,-0.5,0.));
#10622=DIRECTION('',(-0.5,-0.866025403784439,0.));
#10623=DIRECTION('',(0.866025403784439,-0.5,0.));
#10624=DIRECTION('',(0.5,0.866025403784439,0.));
#10625=DIRECTION('',(0.866025403784439,-0.5,0.));
#10626=DIRECTION('',(0.5,0.866025403784438,0.));
#10627=DIRECTION('',(0.,0.,-1.));
#10628=DIRECTION('',(-1.,0.,0.));
#10629=DIRECTION('',(3.17476430374037E-14,-5.49885307612755E-14,-1.));
#10630=DIRECTION('',(-0.5,0.866025403784438,0.));
#10631=DIRECTION('',(-0.866025403784438,-0.5,0.));
#10632=DIRECTION('',(-0.5,0.866025403784438,0.));
#10633=DIRECTION('',(-0.866025403784438,-0.5,0.));
#10634=DIRECTION('',(0.5,-0.866025403784438,0.));
#10635=DIRECTION('',(-0.866025403784438,-0.5,8.46206573647222E-15));
#10636=DIRECTION('',(0.5,-0.866025403784438,0.));
#10637=DIRECTION('',(0.5,0.866025403784439,0.));
#10638=DIRECTION('',(-0.866025403784439,0.5,0.));
#10639=DIRECTION('',(-0.5,-0.866025403784439,0.));
#10640=DIRECTION('',(0.5,0.866025403784439,0.));
#10641=DIRECTION('',(-0.866025403784439,0.5,0.));
#10642=DIRECTION('',(-0.5,-0.866025403784439,0.));
#10643=DIRECTION('',(-0.866025403784439,0.5,3.17327465117709E-15));
#10644=DIRECTION('',(0.,0.,-1.));
#10645=DIRECTION('',(-1.,0.,0.));
#10646=DIRECTION('',(-2.72876602229684E-16,-4.72636139258577E-16,1.));
#10647=DIRECTION('',(0.,0.,-1.));
#10648=DIRECTION('',(0.,0.,1.));
#10649=DIRECTION('',(-1.,-1.77635683940025E-15,0.));
#10650=DIRECTION('',(0.,0.,1.));
#10651=DIRECTION('',(-1.,0.,0.));
#10652=DIRECTION('',(1.,0.,0.));
#10653=DIRECTION('',(0.,0.,-1.));
#10654=DIRECTION('',(-1.,0.,0.));
#10655=DIRECTION('',(1.,0.,0.));
#10656=DIRECTION('',(0.,0.,-1.));
#10657=DIRECTION('',(-1.,0.,0.));
#10658=DIRECTION('',(0.,0.,-1.));
#10659=DIRECTION('',(0.,0.,-1.));
#10660=DIRECTION('',(-1.,0.,0.));
#10661=DIRECTION('',(0.,0.,1.));
#10662=DIRECTION('',(-1.,8.88178419700125E-14,0.));
#10663=DIRECTION('',(0.,0.,1.));
#10664=DIRECTION('',(-1.,-1.33670852164869E-12,0.));
#10665=DIRECTION('',(0.,0.,1.));
#10666=DIRECTION('',(-1.27476371764788E-15,2.20795552661152E-15,-1.));
#10667=DIRECTION('',(0.5,-0.866025403784439,0.));
#10668=DIRECTION('',(0.866025403784439,0.5,0.));
#10669=DIRECTION('',(-0.5,0.866025403784439,0.));
#10670=DIRECTION('',(0.5,-0.866025403784439,0.));
#10671=DIRECTION('',(0.866025403784439,0.5,0.));
#10672=DIRECTION('',(-0.5,0.866025403784439,0.));
#10673=DIRECTION('',(0.866025403784439,0.5,-3.17327465117709E-15));
#10674=DIRECTION('',(-0.866025403784438,-0.5,0.));
#10675=DIRECTION('',(0.5,-0.866025403784438,0.));
#10676=DIRECTION('',(0.,0.,1.));
#10677=DIRECTION('',(0.5,-0.866025403784438,0.));
#10678=DIRECTION('',(0.,0.,-1.));
#10679=DIRECTION('',(-0.5,0.866025403784438,0.));
#10680=DIRECTION('',(0.,0.,-1.));
#10681=DIRECTION('',(-0.5,0.866025403784441,0.));
#10682=DIRECTION('',(-0.866025403784441,-0.5,0.));
#10683=DIRECTION('',(-0.433012701892227,-0.25,-0.866025403784434));
#10684=DIRECTION('',(0.75,0.433012701892216,-0.500000000000006));
#10685=DIRECTION('',(-0.554700196225235,0.,-0.83205029433784));
#10686=DIRECTION('',(0.433012701892229,0.25,0.866025403784433));
#10687=DIRECTION('',(-0.5,0.866025403784438,0.));
#10688=DIRECTION('',(-0.866025403784438,-0.5,0.));
#10689=DIRECTION('',(0.5,-0.866025403784438,0.));
#10690=DIRECTION('',(-0.866025403784438,-0.5,9.1072982488773E-13));
#10691=DIRECTION('',(0.5,-0.866025403784438,0.));
#10692=DIRECTION('',(-0.5,0.866025403784438,0.));
#10693=DIRECTION('',(-0.866025403784438,-0.5,0.));
#10694=DIRECTION('',(0.499999999999928,-0.866025403784481,1.16204438619662E-15));
#10695=DIRECTION('',(0.866025403784481,0.499999999999928,0.));
#10696=DIRECTION('',(-5.81022193098226E-16,1.00635995877142E-15,1.));
#10697=DIRECTION('',(0.866025403784481,0.499999999999928,0.));
#10698=DIRECTION('',(0.5,-0.866025403784438,2.16936748935778E-30));
#10699=DIRECTION('',(-0.866025403784438,-0.5,3.46944695195361E-15));
#10700=DIRECTION('',(-0.467915522605289,-0.270151152934115,-0.841470984807788));
#10701=DIRECTION('',(-0.5,0.866025403784438,-2.16936748935778E-30));
#10702=DIRECTION('',(-0.866025403784438,-0.5,-1.75162308040602E-46));
#10703=DIRECTION('',(6.10458042961227E-15,3.4110752063593E-15,-1.));
#10704=DIRECTION('',(-1.,8.07259162519665E-45,-6.10458042961227E-15));
#10705=DIRECTION('',(6.10458042961227E-15,3.4110752063593E-15,-1.));
#10706=DIRECTION('',(-6.10458042961227E-15,-3.4110752063593E-15,1.));
#10707=DIRECTION('',(-1.,8.4077907859489E-45,-6.10458042961227E-15));
#10708=DIRECTION('',(-0.499999999999836,0.866025403784533,-1.22887703768522E-13));
#10709=DIRECTION('',(-0.866025403784533,-0.499999999999836,0.));
#10710=DIRECTION('',(0.5,-0.866025403784438,2.16936748935778E-30));
#10711=DIRECTION('',(-0.866025403784438,-0.5,-2.34187669256871E-13));
#10712=DIRECTION('',(0.467915522605281,0.270151152934165,0.841470984807776));
#10713=DIRECTION('',(-0.5,0.866025403784438,-2.16936748935778E-30));
#10714=DIRECTION('',(-0.866025403784438,-0.5,7.00649232162409E-46));
#10715=DIRECTION('',(-0.866025403784533,-0.499999999999836,0.));
#10716=DIRECTION('',(0.,1.,0.));
#10717=DIRECTION('',(0.,0.,1.));
#10718=DIRECTION('',(1.,0.,0.));
#10719=DIRECTION('',(0.,0.,1.));
#10720=DIRECTION('',(0.,0.,1.));
#10721=DIRECTION('',(1.,0.,0.));
#10722=DIRECTION('',(0.,0.,-1.));
#10723=DIRECTION('',(1.,0.,0.));
#10724=DIRECTION('',(0.,0.,-1.));
#10725=DIRECTION('',(1.64489952762723E-16,-1.,0.));
#10726=DIRECTION('',(1.,1.64489952762723E-16,0.));
#10727=DIRECTION('',(-1.,-1.64489952762723E-16,0.));
#10728=DIRECTION('',(0.,0.,1.));
#10729=DIRECTION('',(1.,0.,0.));
#10730=DIRECTION('',(0.,1.,0.));
#10731=DIRECTION('',(0.,0.,1.));
#10732=DIRECTION('',(1.,0.,0.));
#10733=DIRECTION('',(0.,0.,-1.));
#10734=DIRECTION('',(0.,0.,1.));
#10735=DIRECTION('',(1.,0.,0.));
#10736=DIRECTION('',(0.,1.,0.));
#10737=DIRECTION('',(0.5,0.866025403784439,0.));
#10738=DIRECTION('',(-0.866025403784439,0.5,0.));
#10739=DIRECTION('',(-0.5,-0.866025403784439,0.));
#10740=DIRECTION('',(-0.866025403784439,0.5,-4.33680868994157E-14));
#10741=DIRECTION('',(-0.5,-0.866025403784439,0.));
#10742=DIRECTION('',(0.5,0.866025403784439,0.));
#10743=DIRECTION('',(-0.866025403784439,0.5,0.));
#10744=DIRECTION('',(1.,0.,0.));
#10745=DIRECTION('',(0.,0.,-1.));
#10746=DIRECTION('',(0.,-1.,0.));
#10747=DIRECTION('',(-0.529998940003177,0.,0.84799830400509));
#10748=DIRECTION('',(0.84799830400509,0.,0.529998940003177));
#10749=DIRECTION('',(0.,1.,0.));
#10750=DIRECTION('',(0.,-1.,0.));
#10751=DIRECTION('',(0.84799830400509,0.,0.529998940003177));
#10752=DIRECTION('',(0.,1.,0.));
#10753=DIRECTION('',(0.,1.,0.));
#10754=DIRECTION('',(0.,0.,1.));
#10755=DIRECTION('',(1.,0.,0.));
#10756=DIRECTION('',(0.,0.,1.));
#10757=DIRECTION('',(1.,0.,0.));
#10758=DIRECTION('',(0.,0.,-1.));
#10759=DIRECTION('',(0.,0.,1.));
#10760=DIRECTION('',(1.,0.,0.));
#10761=DIRECTION('',(0.,0.,1.));
#10762=DIRECTION('',(1.,0.,0.));
#10763=DIRECTION('',(-0.847998304005088,0.,-0.52999894000318));
#10764=DIRECTION('',(-0.52999894000318,0.,0.847998304005088));
#10765=DIRECTION('',(0.,1.,0.));
#10766=DIRECTION('',(0.,-1.,0.));
#10767=DIRECTION('',(1.,0.,0.));
#10768=DIRECTION('',(0.,0.,-1.));
#10769=DIRECTION('',(0.,0.,1.));
#10770=DIRECTION('',(1.,0.,0.));
#10771=DIRECTION('',(0.,0.,-1.));
#10772=DIRECTION('',(0.,-1.,0.));
#10773=DIRECTION('',(0.,0.,-1.));
#10774=DIRECTION('',(0.,0.,1.));
#10775=DIRECTION('',(1.,0.,0.));
#10776=DIRECTION('',(0.,0.,-1.));
#10777=DIRECTION('',(1.,0.,0.));
#10778=DIRECTION('',(-0.847998304005088,0.,-0.52999894000318));
#10779=DIRECTION('',(-0.52999894000318,0.,0.847998304005088));
#10780=DIRECTION('',(0.,1.,0.));
#10781=DIRECTION('',(0.5,-0.866025403784439,0.));
#10782=DIRECTION('',(0.866025403784439,0.5,0.));
#10783=DIRECTION('',(-0.5,0.866025403784439,0.));
#10784=DIRECTION('',(0.866025403784439,0.5,-1.30104260698247E-13));
#10785=DIRECTION('',(-0.5,0.866025403784439,0.));
#10786=DIRECTION('',(0.5,-0.866025403784439,0.));
#10787=DIRECTION('',(0.866025403784439,0.5,0.));
#10788=DIRECTION('',(0.,0.,1.));
#10789=DIRECTION('',(1.,0.,0.));
#10790=DIRECTION('',(-1.,0.,0.));
#10791=DIRECTION('',(-1.3378706249871E-16,-1.,0.));
#10792=DIRECTION('',(0.,1.,0.));
#10793=DIRECTION('',(0.,0.,1.));
#10794=DIRECTION('',(0.,0.,1.));
#10795=DIRECTION('',(0.707106781186547,0.707106781186548,0.));
#10796=DIRECTION('',(-0.707106781186548,0.707106781186547,0.));
#10797=DIRECTION('',(0.,0.,1.));
#10798=DIRECTION('',(1.,0.,0.));
#10799=DIRECTION('',(0.,0.,1.));
#10800=DIRECTION('',(1.,0.,0.));
#10801=DIRECTION('',(0.707106781186548,0.707106781186547,0.));
#10802=DIRECTION('',(-0.707106781186547,0.707106781186548,0.));
#10803=DIRECTION('',(0.707106781186547,-0.707106781186548,0.));
#10804=DIRECTION('',(0.,0.,1.));
#10805=DIRECTION('',(1.,0.,0.));
#10806=DIRECTION('',(0.,0.,1.));
#10807=DIRECTION('',(1.,0.,0.));
#10808=DIRECTION('',(0.,0.,1.));
#10809=DIRECTION('',(1.,0.,0.));
#10810=DIRECTION('',(0.,0.,1.));
#10811=DIRECTION('',(1.,0.,0.));
#10812=DIRECTION('',(0.,0.,1.));
#10813=DIRECTION('',(1.,0.,0.));
#10814=DIRECTION('',(0.,0.,-1.));
#10815=DIRECTION('',(0.,0.,1.));
#10816=DIRECTION('',(0.,0.,1.));
#10817=DIRECTION('',(1.,0.,0.));
#10818=DIRECTION('',(0.,0.,1.));
#10819=DIRECTION('',(1.,0.,0.));
#10820=DIRECTION('',(0.,1.,0.));
#10821=DIRECTION('',(0.,0.,1.));
#10822=DIRECTION('',(-0.707106781186549,0.707106781186546,0.));
#10823=DIRECTION('',(-0.707106781186546,-0.707106781186549,0.));
#10824=DIRECTION('',(0.707106781186546,0.707106781186549,0.));
#10825=DIRECTION('',(-0.707106781186549,0.707106781186546,0.));
#10826=DIRECTION('',(-0.707106781186546,-0.707106781186549,0.));
#10827=DIRECTION('',(-0.707106781186547,-0.707106781186548,0.));
#10828=DIRECTION('',(0.707106781186548,-0.707106781186547,0.));
#10829=DIRECTION('',(-0.707106781186548,-0.707106781186547,0.));
#10830=DIRECTION('',(0.707106781186547,-0.707106781186548,0.));
#10831=DIRECTION('',(-0.707106781186547,0.707106781186548,0.));
#10832=DIRECTION('',(0.,-1.,0.));
#10833=DIRECTION('',(0.,0.,-1.));
#10834=DIRECTION('',(0.707106781186549,-0.707106781186546,0.));
#10835=DIRECTION('',(0.707106781186546,0.707106781186549,0.));
#10836=DIRECTION('',(-0.707106781186546,-0.707106781186549,0.));
#10837=DIRECTION('',(0.707106781186549,-0.707106781186546,0.));
#10838=DIRECTION('',(0.707106781186546,0.707106781186549,0.));
#10839=DIRECTION('',(-6.03200690714988E-15,3.27793709409853E-15,-1.));
#10840=DIRECTION('',(-1.,0.,6.03200690714988E-15));
#10841=DIRECTION('',(-0.5,-0.866025403784439,1.7722665807826E-16));
#10842=DIRECTION('',(0.866025403784438,-0.5,1.08420217248551E-15));
#10843=DIRECTION('',(-0.866025403784439,0.5,-1.0842021724855E-15));
#10844=DIRECTION('',(0.,0.,1.));
#10845=DIRECTION('',(1.,0.,0.));
#10846=DIRECTION('',(0.866025403784439,-0.5,-3.44169137633799E-15));
#10847=DIRECTION('',(0.5,0.866025403784439,0.));
#10848=DIRECTION('',(0.5,0.866025403784439,0.));
#10849=DIRECTION('',(-0.866025403784439,0.5,3.49148133884313E-15));
#10850=DIRECTION('',(-0.5,-0.866025403784439,-2.16936748935778E-30));
#10851=DIRECTION('',(-2.98059216389452E-15,1.72084568816899E-15,-1.));
#10852=DIRECTION('',(2.98059216389452E-15,-1.72084568816899E-15,1.));
#10853=DIRECTION('',(-0.866025403784439,0.5,3.49148133884313E-15));
#10854=DIRECTION('',(-0.5,-0.866025403784439,-2.16936748935778E-30));
#10855=DIRECTION('',(-0.5,-0.866025403784439,2.09421698291673E-16));
#10856=DIRECTION('',(0.866025403784439,-0.5,-4.65009582599037E-32));
#10857=DIRECTION('',(0.,-1.,-3.49148133884313E-15));
#10858=DIRECTION('',(0.,3.49148133884313E-15,-1.));
#10859=DIRECTION('',(0.,3.49148133884313E-15,-1.));
#10860=DIRECTION('',(0.500000000000011,4.33680868994202E-15,-0.866025403784432));
#10861=DIRECTION('',(1.,0.,0.));
#10862=DIRECTION('',(0.500000000000011,-4.33680868994206E-15,0.866025403784432));
#10863=DIRECTION('',(0.,-3.49148133884313E-15,1.));
#10864=DIRECTION('',(0.,-1.,-3.49148133884313E-15));
#10865=DIRECTION('',(0.,3.49148133884313E-15,-1.));
#10866=DIRECTION('',(1.,0.,0.));
#10867=DIRECTION('',(0.5,4.33680868994204E-15,-0.866025403784436));
#10868=DIRECTION('',(0.,3.49148133884313E-15,-1.));
#10869=DIRECTION('',(0.,-3.49148133884313E-15,1.));
#10870=DIRECTION('',(0.500000000000019,-4.33680868994208E-15,0.866025403784428));
#10871=DIRECTION('',(0.,-1.,-3.49148133884313E-15));
#10872=DIRECTION('',(0.,3.49148133884313E-15,-1.));
#10873=DIRECTION('',(1.,0.,0.));
#10874=DIRECTION('',(0.500000000000008,4.33680868994211E-15,-0.866025403784434));
#10875=DIRECTION('',(0.,3.49148133884313E-15,-1.));
#10876=DIRECTION('',(0.,-3.49148133884313E-15,1.));
#10877=DIRECTION('',(0.500000000000013,-4.33680868994201E-15,0.866025403784431));
#10878=DIRECTION('',(0.,-1.,-3.49148133884313E-15));
#10879=DIRECTION('',(0.,3.49148133884313E-15,-1.));
#10880=DIRECTION('',(0.,3.49148133884313E-15,-1.));
#10881=DIRECTION('',(0.500000000000013,4.33680868994205E-15,-0.866025403784431));
#10882=DIRECTION('',(1.,0.,0.));
#10883=DIRECTION('',(0.500000000000011,-4.33680868994206E-15,0.866025403784432));
#10884=DIRECTION('',(0.,-3.49148133884313E-15,1.));
#10885=DIRECTION('',(0.,-1.,-3.49148133884313E-15));
#10886=DIRECTION('',(0.,3.49148133884313E-15,-1.));
#10887=DIRECTION('',(0.,3.49148133884313E-15,-1.));
#10888=DIRECTION('',(0.50000000000001,4.33680868994219E-15,-0.866025403784433));
#10889=DIRECTION('',(1.,0.,0.));
#10890=DIRECTION('',(0.500000000000014,-4.33680868994214E-15,0.866025403784431));
#10891=DIRECTION('',(0.,-3.49148133884313E-15,1.));
#10892=DIRECTION('',(0.,-1.,-3.49148133884313E-15));
#10893=DIRECTION('',(0.,3.49148133884313E-15,-1.));
#10894=DIRECTION('',(1.,0.,0.));
#10895=DIRECTION('',(0.50000000000001,4.33680868994219E-15,-0.866025403784433));
#10896=DIRECTION('',(0.,3.49148133884313E-15,-1.));
#10897=DIRECTION('',(0.,-3.49148133884313E-15,1.));
#10898=DIRECTION('',(0.50000000000002,-4.33680868994212E-15,0.866025403784427));
#10899=DIRECTION('',(0.866025403784439,-0.5,-3.44169137633799E-15));
#10900=DIRECTION('',(0.5,0.866025403784439,0.));
#10901=DIRECTION('',(-2.98059216389452E-15,1.72084568816899E-15,-1.));
#10902=DIRECTION('',(-0.866025403784439,0.5,3.49148133884313E-15));
#10903=DIRECTION('',(-0.5,-0.866025403784439,-2.16936748935778E-30));
#10904=DIRECTION('',(0.5,0.866025403784439,0.));
#10905=DIRECTION('',(-0.866025403784439,0.5,3.49148133884313E-15));
#10906=DIRECTION('',(-0.5,-0.866025403784439,-2.16936748935778E-30));
#10907=DIRECTION('',(2.98059216389452E-15,-1.72084568816899E-15,1.));
#10908=DIRECTION('',(-0.866025403784438,-0.5,-3.52495810318487E-15));
#10909=DIRECTION('',(0.5,-0.866025403784438,0.));
#10910=DIRECTION('',(3.05270326463391E-15,1.76247905159244E-15,-1.));
#10911=DIRECTION('',(0.866025403784438,0.5,3.49148133884313E-15));
#10912=DIRECTION('',(-0.5,0.866025403784438,7.88860905221012E-31));
#10913=DIRECTION('',(0.5,-0.866025403784438,0.));
#10914=DIRECTION('',(0.866025403784438,0.5,3.49148133884313E-15));
#10915=DIRECTION('',(-0.5,0.866025403784438,7.88860905221012E-31));
#10916=DIRECTION('',(-3.05270326463391E-15,-1.76247905159244E-15,1.));
#10917=DIRECTION('',(0.,0.,1.));
#10918=DIRECTION('',(1.,0.,0.));
#10919=DIRECTION('',(0.,0.,1.));
#10920=DIRECTION('',(1.,0.,0.));
#10921=DIRECTION('',(-0.866025403784439,0.5,-3.58046925441613E-15));
#10922=DIRECTION('',(-0.5,-0.866025403784439,0.));
#10923=DIRECTION('',(3.1007773317935E-15,-1.79023462720806E-15,-1.));
#10924=DIRECTION('',(-0.5,-0.866025403784439,0.));
#10925=DIRECTION('',(3.1007773317935E-15,-1.79023462720806E-15,-1.));
#10926=DIRECTION('',(-0.866025403784439,0.5,-3.49148133884313E-15));
#10927=DIRECTION('',(-0.5,-0.866025403784439,4.73316543132607E-30));
#10928=DIRECTION('',(-3.1007773317935E-15,1.79023462720806E-15,1.));
#10929=DIRECTION('',(-0.5,-0.866025403784439,0.));
#10930=DIRECTION('',(-3.1007773317935E-15,1.79023462720806E-15,1.));
#10931=DIRECTION('',(0.,1.,-3.49148133884313E-15));
#10932=DIRECTION('',(0.,3.49148133884313E-15,1.));
#10933=DIRECTION('',(0.,-3.49148133884313E-15,-1.));
#10934=DIRECTION('',(0.,-1.,3.49148133884313E-15));
#10935=DIRECTION('',(0.,-3.49148133884313E-15,-1.));
#10936=DIRECTION('',(-1.,0.,0.));
#10937=DIRECTION('',(0.,-1.,3.49148133884313E-15));
#10938=DIRECTION('',(0.,-3.49148133884313E-15,-1.));
#10939=DIRECTION('',(0.,3.49148133884313E-15,1.));
#10940=DIRECTION('',(0.866025403784439,0.5,-3.60822483003176E-15));
#10941=DIRECTION('',(-0.5,0.866025403784439,0.));
#10942=DIRECTION('',(-3.12481436537329E-15,-1.80411241501588E-15,-1.));
#10943=DIRECTION('',(-0.5,0.866025403784439,0.));
#10944=DIRECTION('',(-3.12481436537329E-15,-1.80411241501588E-15,-1.));
#10945=DIRECTION('',(0.866025403784439,0.5,-3.49148133884313E-15));
#10946=DIRECTION('',(-0.5,0.866025403784439,-3.15544362088405E-30));
#10947=DIRECTION('',(3.12481436537329E-15,1.80411241501588E-15,1.));
#10948=DIRECTION('',(-0.5,0.866025403784439,0.));
#10949=DIRECTION('',(3.12481436537329E-15,1.80411241501588E-15,1.));
#10950=DIRECTION('',(0.,0.,1.));
#10951=DIRECTION('',(1.,0.,0.));
#10952=DIRECTION('',(0.,1.,0.));
#10953=DIRECTION('',(-1.,-3.12250225675825E-17,0.));
#10954=DIRECTION('',(-1.,-3.12250225675825E-17,0.));
#10955=DIRECTION('',(0.,-1.,0.));
#10956=DIRECTION('',(1.,3.12250225675825E-17,0.));
#10957=DIRECTION('',(1.,3.12250225675825E-17,0.));
#10958=DIRECTION('',(-0.5,0.866025403784441,0.));
#10959=DIRECTION('',(-0.866025403784441,-0.5,0.));
#10960=DIRECTION('',(-0.5,0.866025403784438,-2.16936748935778E-30));
#10961=DIRECTION('',(-0.866025403784438,-0.5,-1.20424086777914E-46));
#10962=DIRECTION('',(-0.5,0.866025403784438,-2.16936748935778E-30));
#10963=DIRECTION('',(0.,0.,1.));
#10964=DIRECTION('',(1.,0.,0.));
#10965=DIRECTION('',(-0.866025403784438,-0.5,-3.52495810318487E-15));
#10966=DIRECTION('',(0.5,-0.866025403784438,0.));
#10967=DIRECTION('',(0.866025403784438,0.5,3.49148133884313E-15));
#10968=DIRECTION('',(-0.5,0.866025403784438,7.88860905221012E-31));
#10969=DIRECTION('',(3.05270326463391E-15,1.76247905159244E-15,-1.));
#10970=DIRECTION('',(-3.05270326463391E-15,-1.76247905159244E-15,1.));
#10971=DIRECTION('',(0.866025403784438,0.5,3.49148133884313E-15));
#10972=DIRECTION('',(-0.5,0.866025403784438,7.88860905221012E-31));
#10973=DIRECTION('',(6.00152916983393E-15,3.48782969258054E-15,-1.));
#10974=DIRECTION('',(-1.,0.,-6.00152916983393E-15));
#10975=DIRECTION('',(-0.5,0.866025403784438,1.97845329314448E-17));
#10976=DIRECTION('',(-0.866025403784434,-0.500000000000009,0.));
#10977=DIRECTION('',(0.866025403784437,0.5,0.));
#10978=DIRECTION('',(-1.,-1.3378706249871E-16,0.));
#10979=DIRECTION('',(1.3378706249871E-16,-1.,0.));
#10980=DIRECTION('',(0.,-1.,0.));
#10981=DIRECTION('',(0.,-0.5,0.866025403784436));
#10982=DIRECTION('',(0.,0.,1.));
#10983=DIRECTION('',(-0.866025403784439,0.5,-3.58046925441613E-15));
#10984=DIRECTION('',(-0.5,-0.866025403784439,0.));
#10985=DIRECTION('',(-0.866025403784439,0.5,-3.49148133884313E-15));
#10986=DIRECTION('',(-0.5,-0.866025403784439,4.73316543132607E-30));
#10987=DIRECTION('',(3.1007773317935E-15,-1.79023462720806E-15,-1.));
#10988=DIRECTION('',(-0.5,-0.866025403784439,0.));
#10989=DIRECTION('',(3.1007773317935E-15,-1.79023462720806E-15,-1.));
#10990=DIRECTION('',(-3.1007773317935E-15,1.79023462720806E-15,1.));
#10991=DIRECTION('',(-0.5,-0.866025403784439,0.));
#10992=DIRECTION('',(-3.1007773317935E-15,1.79023462720806E-15,1.));
#10993=DIRECTION('',(0.866025403784439,0.5,-3.60822483003176E-15));
#10994=DIRECTION('',(-0.5,0.866025403784439,0.));
#10995=DIRECTION('',(0.866025403784439,0.5,-3.49148133884313E-15));
#10996=DIRECTION('',(-0.5,0.866025403784439,-3.15544362088405E-30));
#10997=DIRECTION('',(-3.12481436537329E-15,-1.80411241501588E-15,-1.));
#10998=DIRECTION('',(-0.5,0.866025403784439,0.));
#10999=DIRECTION('',(-3.12481436537329E-15,-1.80411241501588E-15,-1.));
#11000=DIRECTION('',(3.12481436537329E-15,1.80411241501588E-15,1.));
#11001=DIRECTION('',(-0.5,0.866025403784439,0.));
#11002=DIRECTION('',(3.12481436537329E-15,1.80411241501588E-15,1.));
#11003=DIRECTION('',(1.,-1.3378706249871E-16,0.));
#11004=DIRECTION('',(1.3378706249871E-16,1.,0.));
#11005=DIRECTION('',(0.,0.,-1.));
#11006=DIRECTION('',(0.,0.5,-0.866025403784436));
#11007=DIRECTION('',(0.,1.,0.));
#11008=DIRECTION('',(0.,0.,1.));
#11009=DIRECTION('',(1.,0.,0.));
#11010=DIRECTION('',(0.,0.,1.));
#11011=DIRECTION('',(1.,0.,0.));
#11012=DIRECTION('',(0.,0.,1.));
#11013=DIRECTION('',(1.,0.,0.));
#11014=DIRECTION('',(0.,0.,1.));
#11015=DIRECTION('',(1.,0.,0.));
#11016=DIRECTION('',(-0.5,-0.866025403784439,2.09421698291673E-16));
#11017=DIRECTION('',(0.866025403784439,-0.5,4.65009582599037E-32));
#11018=DIRECTION('',(-0.866025403784439,0.5,3.49148133884313E-15));
#11019=DIRECTION('',(-0.5,-0.866025403784439,-2.32579378345963E-30));
#11020=DIRECTION('',(0.866025403784438,-0.5,-3.49148133884313E-15));
#11021=DIRECTION('',(-0.866025403784439,0.5,3.49148133884313E-15));
#11022=DIRECTION('',(-0.5,-0.866025403784439,-2.32579378345963E-30));
#11023=DIRECTION('',(-0.866025403784438,0.5,3.49148133884313E-15));
#11024=DIRECTION('',(0.500000000000015,0.86602540378443,-8.70145837335477E-13));
#11025=DIRECTION('',(-0.86602540378443,0.500000000000015,0.));
#11026=DIRECTION('',(-0.500000000000594,-0.866025403784096,0.));
#11027=DIRECTION('',(0.866025403784096,-0.500000000000594,0.));
#11028=DIRECTION('',(0.866025403784436,-1.74574066942158E-15,0.5));
#11029=DIRECTION('',(0.5,0.,-0.866025403784436));
#11030=DIRECTION('',(-1.51185576813874E-15,-1.,-8.72870334710798E-16));
#11031=DIRECTION('',(1.51185576813874E-15,1.,8.72870334710798E-16));
#11032=DIRECTION('',(1.,6.44335600470864E-31,-1.84545050635831E-16));
#11033=DIRECTION('',(-1.84545050635831E-16,0.,-1.));
#11034=DIRECTION('',(-1.,-6.44335600470864E-31,1.84545050635831E-16));
#11035=DIRECTION('',(1.84545050635831E-16,0.,1.));
#11036=DIRECTION('',(6.44335600470864E-31,-1.,-1.18908946015364E-46));
#11037=DIRECTION('',(-0.866025403784436,-1.74574066942158E-15,0.5));
#11038=DIRECTION('',(0.5,0.,0.866025403784436));
#11039=DIRECTION('',(1.51185576813874E-15,-1.,-8.72870334710798E-16));
#11040=DIRECTION('',(0.,3.49148133884313E-15,-1.));
#11041=DIRECTION('',(0.,1.,3.49148133884313E-15));
#11042=DIRECTION('',(-0.866025403784436,-1.74574066942158E-15,0.5));
#11043=DIRECTION('',(0.5,0.,0.866025403784436));
#11044=DIRECTION('',(-1.51185576813874E-15,1.,8.72870334710798E-16));
#11045=DIRECTION('',(1.51185576813874E-15,-1.,-8.72870334710798E-16));
#11046=DIRECTION('',(0.,3.49148133884313E-15,-1.));
#11047=DIRECTION('',(0.,1.,3.49148133884313E-15));
#11048=DIRECTION('',(0.,1.,3.49148133884313E-15));
#11049=DIRECTION('',(0.866025403784436,-1.74574066942158E-15,0.5));
#11050=DIRECTION('',(0.5,0.,-0.866025403784436));
#11051=DIRECTION('',(-1.51185576813874E-15,-1.,-8.72870334710798E-16));
#11052=DIRECTION('',(1.,-6.44335600470864E-31,1.84545050635831E-16));
#11053=DIRECTION('',(1.84545050635831E-16,0.,-1.));
#11054=DIRECTION('',(-1.,6.44335600470864E-31,-1.84545050635831E-16));
#11055=DIRECTION('',(-1.84545050635831E-16,0.,1.));
#11056=DIRECTION('',(0.866025403784436,-1.74574066942158E-15,0.5));
#11057=DIRECTION('',(0.5,0.,-0.866025403784436));
#11058=DIRECTION('',(-1.51185576813874E-15,-1.,-8.72870334710798E-16));
#11059=DIRECTION('',(1.51185576813874E-15,1.,8.72870334710798E-16));
#11060=DIRECTION('',(1.,-6.44335600470864E-31,1.84545050635831E-16));
#11061=DIRECTION('',(1.84545050635831E-16,0.,-1.));
#11062=DIRECTION('',(-1.,-6.44335600470864E-31,1.84545050635831E-16));
#11063=DIRECTION('',(1.84545050635831E-16,0.,1.));
#11064=DIRECTION('',(6.44335600470864E-31,-1.,-1.18908946015364E-46));
#11065=DIRECTION('',(-0.866025403784436,-1.74574066942158E-15,0.5));
#11066=DIRECTION('',(0.5,0.,0.866025403784436));
#11067=DIRECTION('',(1.51185576813874E-15,-1.,-8.72870334710798E-16));
#11068=DIRECTION('',(0.,3.49148133884313E-15,-1.));
#11069=DIRECTION('',(0.,1.,3.49148133884313E-15));
#11070=DIRECTION('',(0.500000000000015,-0.86602540378443,-8.74464178959768E-14));
#11071=DIRECTION('',(0.86602540378443,0.500000000000015,0.));
#11072=DIRECTION('',(0.86602540378443,0.500000000000015,0.));
#11073=DIRECTION('',(-0.500000000000464,0.866025403784171,-6.34952860747485E-14));
#11074=DIRECTION('',(-0.866025403784171,-0.500000000000464,0.));
#11075=DIRECTION('',(-0.866025403784171,-0.500000000000464,0.));
#11076=DIRECTION('',(0.866025403784438,0.5,3.49148133884313E-15));
#11077=DIRECTION('',(-0.5,0.866025403784438,1.16289689172981E-30));
#11078=DIRECTION('',(-0.5,0.866025403784438,-2.16936748935778E-30));
#11079=DIRECTION('',(-0.866025403784438,-0.5,4.21484303722699E-45));
#11080=DIRECTION('',(0.866025403784438,0.5,3.49148133884313E-15));
#11081=DIRECTION('',(-0.5,0.866025403784438,1.16289689172981E-30));
#11082=DIRECTION('',(-2.92469981712996E-15,1.91723399752978E-15,1.));
#11083=DIRECTION('',(1.,0.,2.92469981712996E-15));
#11084=DIRECTION('',(0.866025403784439,-0.5,3.2526065174565E-15));
#11085=DIRECTION('',(-0.866025403784446,0.499999999999987,-3.52365706057793E-15));
#11086=DIRECTION('',(-0.5,-0.866025403784439,-5.45753204459369E-16));
#11087=DIRECTION('',(0.866025403784439,-0.5,0.));
#11088=DIRECTION('',(0.5,0.866025403784439,1.60164286847133E-16));
#11089=DIRECTION('',(-0.866025403784439,0.5,0.));
#11090=DIRECTION('',(-0.866025403784439,0.5,0.));
#11091=DIRECTION('',(-3.12272325542496E-15,1.57424734131335E-15,1.));
#11092=DIRECTION('',(1.,0.,3.12272325542496E-15));
#11093=DIRECTION('',(-0.866025403784439,0.5,-3.5236570605779E-15));
#11094=DIRECTION('',(0.5,0.866025403784439,-2.17591342437356E-16));
#11095=DIRECTION('',(-0.866025403784439,0.5,0.));
#11096=DIRECTION('',(-0.866025403784439,0.5,0.));
#11097=DIRECTION('',(-0.866025403784439,0.5,-3.49148133884313E-15));
#11098=DIRECTION('',(-0.5,-0.866025403784439,4.84540371554089E-30));
#11099=DIRECTION('',(0.866025403784439,-0.5,3.49148133884313E-15));
#11100=DIRECTION('',(-0.5,-0.866025403784439,-2.19846235226691E-16));
#11101=DIRECTION('',(0.866025403784439,-0.5,0.));
#11102=DIRECTION('',(0.,-1.,3.49148133884313E-15));
#11103=DIRECTION('',(0.,-3.49148133884313E-15,-1.));
#11104=DIRECTION('',(0.,-1.,3.49148133884313E-15));
#11105=DIRECTION('',(0.,1.,-3.49148133884313E-15));
#11106=DIRECTION('',(0.,-1.,3.49148133884313E-15));
#11107=DIRECTION('',(0.,-3.49148133884313E-15,-1.));
#11108=DIRECTION('',(-1.,0.,0.));
#11109=DIRECTION('',(0.,0.,1.));
#11110=DIRECTION('',(0.,0.,1.));
#11111=DIRECTION('',(0.,1.,0.));
#11112=DIRECTION('',(-1.,0.,0.));
#11113=DIRECTION('',(0.,0.,-1.));
#11114=DIRECTION('',(1.,0.,0.));
#11115=DIRECTION('',(0.,0.,-1.));
#11116=DIRECTION('',(0.,1.,0.));
#11117=DIRECTION('',(0.,0.,-1.));
#11118=DIRECTION('',(1.,0.,0.));
#11119=DIRECTION('',(0.,0.,-1.));
#11120=DIRECTION('',(0.,-1.,0.));
#11121=DIRECTION('',(0.,-1.,3.49148133884313E-15));
#11122=DIRECTION('',(0.,-3.49148133884313E-15,-1.));
#11123=DIRECTION('',(0.,1.,-3.49148133884313E-15));
#11124=DIRECTION('',(0.,1.,-3.49148133884313E-15));
#11125=DIRECTION('',(0.,-3.49148133884313E-15,-1.));
#11126=DIRECTION('',(1.,0.,0.));
#11127=DIRECTION('',(0.,0.,-1.));
#11128=DIRECTION('',(1.,0.,0.));
#11129=DIRECTION('',(0.,0.,-1.));
#11130=DIRECTION('',(-1.,0.,0.));
#11131=DIRECTION('',(0.,4.16333634234434E-14,-1.));
#11132=DIRECTION('',(-1.,0.,0.));
#11133=DIRECTION('',(2.93522926181718E-15,1.89899646435603E-15,1.));
#11134=DIRECTION('',(1.,0.,-2.93522926181718E-15));
#11135=DIRECTION('',(-0.86602540378444,-0.5,3.52365706057788E-15));
#11136=DIRECTION('',(0.866025403784444,0.49999999999999,-3.79470760369928E-15));
#11137=DIRECTION('',(-0.5,0.866025403784439,7.45486557169392E-16));
#11138=DIRECTION('',(-0.866025403784439,-0.5,0.));
#11139=DIRECTION('',(0.5,-0.866025403784439,-2.54952743529576E-15));
#11140=DIRECTION('',(0.866025403784439,0.5,0.));
#11141=DIRECTION('',(0.866025403784439,0.5,0.));
#11142=DIRECTION('',(3.11219381073774E-15,1.5924848744871E-15,1.));
#11143=DIRECTION('',(1.,0.,-3.11219381073774E-15));
#11144=DIRECTION('',(0.86602540378444,0.5,-3.52365706057787E-15));
#11145=DIRECTION('',(0.5,-0.866025403784439,-1.6830748910858E-17));
#11146=DIRECTION('',(0.866025403784439,0.5,0.));
#11147=DIRECTION('',(0.866025403784439,0.5,0.));
#11148=DIRECTION('',(0.866025403784439,0.5,-3.49148133884313E-15));
#11149=DIRECTION('',(-0.5,0.866025403784439,-3.48869067518944E-30));
#11150=DIRECTION('',(-0.866025403784439,-0.5,3.49148133884313E-15));
#11151=DIRECTION('',(-0.5,0.866025403784439,-2.17591342437359E-16));
#11152=DIRECTION('',(-0.866025403784439,-0.5,0.));
#11153=DIRECTION('',(1.,3.12250225675825E-17,0.));
#11154=DIRECTION('',(-3.12250225675825E-17,1.,0.));
#11155=DIRECTION('',(0.,0.,-1.));
#11156=DIRECTION('',(3.12250225675825E-17,-1.,0.));
#11157=DIRECTION('',(0.,0.,1.));
#11158=DIRECTION('',(-1.,-3.12250225675825E-17,0.));
#11159=DIRECTION('',(3.12250225675825E-17,-1.,0.));
#11160=DIRECTION('',(0.,0.,-1.));
#11161=DIRECTION('',(-3.12250225675825E-17,1.,0.));
#11162=DIRECTION('',(0.,0.,1.));
#11163=DIRECTION('',(0.,-1.,0.));
#11164=DIRECTION('',(0.,0.,-1.));
#11165=DIRECTION('',(-1.,0.,0.));
#11166=DIRECTION('',(0.,0.,1.));
#11167=DIRECTION('',(1.,0.,0.));
#11168=DIRECTION('',(0.,0.,-1.));
#11169=DIRECTION('',(0.,0.540302305868361,-0.841470984807754));
#11170=DIRECTION('',(0.,1.,-3.49148133884313E-15));
#11171=DIRECTION('',(0.,3.49148133884313E-15,1.));
#11172=DIRECTION('',(-1.,0.,0.));
#11173=DIRECTION('',(1.,0.,0.));
#11174=DIRECTION('',(0.,-0.540302305868361,0.841470984807754));
#11175=DIRECTION('',(0.,-6.98296267768627E-15,-1.));
#11176=DIRECTION('',(0.,1.,-6.98296267768627E-15));
#11177=DIRECTION('',(0.,-1.,6.98296267768627E-15));
#11178=DIRECTION('',(0.,-6.98296267768627E-15,-1.));
#11179=DIRECTION('',(0.,1.,-6.98296267768627E-15));
#11180=DIRECTION('',(0.,1.,-6.98296267768627E-15));
#11181=DIRECTION('',(-3.12250225675825E-17,1.,0.));
#11182=DIRECTION('',(-1.,-3.12250225675825E-17,0.));
#11183=DIRECTION('',(1.,3.12250225675825E-17,0.));
#11184=DIRECTION('',(3.12250225675825E-17,-1.,0.));
#11185=DIRECTION('',(1.,3.12250225675825E-17,0.));
#11186=DIRECTION('',(-1.,-3.12250225675825E-17,0.));
#11187=DIRECTION('',(0.,0.,-1.));
#11188=DIRECTION('',(-1.,0.,0.));
#11189=DIRECTION('',(3.12250225675825E-17,-1.,0.));
#11190=DIRECTION('',(1.,3.12250225675825E-17,0.));
#11191=DIRECTION('',(-1.,-3.12250225675825E-17,0.));
#11192=DIRECTION('',(0.,0.,1.));
#11193=DIRECTION('',(1.,0.,0.));
#11194=DIRECTION('',(-0.898794046299168,-0.438371146789076,0.));
#11195=DIRECTION('',(0.898794046299168,0.438371146789075,0.));
#11196=DIRECTION('',(0.,0.,-1.));
#11197=DIRECTION('',(1.,3.5527136788005E-15,0.));
#11198=DIRECTION('',(0.,0.,-1.));
#11199=DIRECTION('',(-1.,0.,0.));
#11200=DIRECTION('',(0.,0.,-1.));
#11201=DIRECTION('',(-1.,0.,0.));
#11202=DIRECTION('',(-0.829587747619415,-2.59038961412062E-17,-0.558376368589991));
#11203=DIRECTION('',(-0.558376368589991,0.,0.829587747619415));
#11204=DIRECTION('',(-3.12250225675825E-17,1.,0.));
#11205=DIRECTION('',(-2.14895548543505E-17,1.,-1.4464123459659E-17));
#11206=DIRECTION('',(2.14895548543505E-17,-1.,1.4464123459659E-17));
#11207=DIRECTION('',(-0.558376368589991,0.,0.829587747619415));
#11208=DIRECTION('',(-1.,6.57013624384152E-19,0.));
#11209=DIRECTION('',(-6.57013624384152E-19,-1.,0.));
#11210=DIRECTION('',(0.,0.,1.));
#11211=DIRECTION('',(-6.57013624384152E-19,-1.,0.));
#11212=DIRECTION('',(0.,0.,1.));
#11213=DIRECTION('',(1.,0.,0.));
#11214=DIRECTION('',(0.,1.,0.));
#11215=DIRECTION('',(-1.,-3.12250225675825E-17,0.));
#11216=DIRECTION('',(1.,6.31070587595492E-17,0.));
#11217=DIRECTION('',(-6.31070587595492E-17,1.,0.));
#11218=DIRECTION('',(0.,0.,-1.));
#11219=DIRECTION('',(6.31070587595492E-17,-1.,0.));
#11220=DIRECTION('',(0.829587747619415,2.59038961412062E-17,-0.558376368589991));
#11221=DIRECTION('',(-0.558376368589991,0.,-0.829587747619415));
#11222=DIRECTION('',(-0.558376368589991,0.,-0.829587747619415));
#11223=DIRECTION('',(0.,1.,0.));
#11224=DIRECTION('',(3.12250225675825E-17,-1.,0.));
#11225=DIRECTION('',(0.,0.,-1.));
#11226=DIRECTION('',(-1.,0.,0.));
#11227=DIRECTION('',(0.,0.,-1.));
#11228=DIRECTION('',(-1.,0.,0.));
#11229=DIRECTION('',(0.,0.,1.));
#11230=DIRECTION('',(1.,0.,0.));
#11231=DIRECTION('',(0.,0.,-1.));
#11232=DIRECTION('',(1.,0.,0.));
#11233=DIRECTION('',(0.707106781186546,-0.707106781186549,0.));
#11234=DIRECTION('',(-0.707106781186546,0.707106781186549,0.));
#11235=DIRECTION('',(0.,0.,-1.));
#11236=DIRECTION('',(-1.,0.,0.));
#11237=DIRECTION('',(0.,0.,-1.));
#11238=DIRECTION('',(-1.,0.,0.));
#11239=DIRECTION('',(-3.12250225675825E-17,1.,0.));
#11240=DIRECTION('',(-1.,-3.12250225675825E-17,0.));
#11241=DIRECTION('',(1.,3.12250225675825E-17,0.));
#11242=DIRECTION('',(0.,0.,-1.));
#11243=DIRECTION('',(-1.,0.,0.));
#11244=DIRECTION('',(0.,0.,1.));
#11245=DIRECTION('',(1.,0.,0.));
#11246=DIRECTION('',(0.,0.,-1.));
#11247=DIRECTION('',(1.,0.,0.));
#11248=DIRECTION('',(0.898794046299168,0.438371146789075,0.));
#11249=DIRECTION('',(-0.898794046299168,-0.438371146789076,0.));
#11250=DIRECTION('',(0.,0.,-1.));
#11251=DIRECTION('',(-1.,0.,0.));
#11252=DIRECTION('',(0.,0.,-1.));
#11253=DIRECTION('',(-1.,0.,0.));
#11254=DIRECTION('',(0.829587747619415,2.59038961412062E-17,-0.558376368589991));
#11255=DIRECTION('',(-0.558376368589991,0.,-0.829587747619415));
#11256=DIRECTION('',(3.12250225675825E-17,-1.,0.));
#11257=DIRECTION('',(2.14895548543505E-17,-1.,-1.4464123459659E-17));
#11258=DIRECTION('',(-2.14895548543505E-17,1.,1.4464123459659E-17));
#11259=DIRECTION('',(0.558376368589992,0.,0.829587747619415));
#11260=DIRECTION('',(1.,6.31070587595492E-17,0.));
#11261=DIRECTION('',(-6.31070587595492E-17,1.,0.));
#11262=DIRECTION('',(0.,0.,1.));
#11263=DIRECTION('',(-6.31070587595492E-17,1.,0.));
#11264=DIRECTION('',(0.,0.,1.));
#11265=DIRECTION('',(1.,0.,0.));
#11266=DIRECTION('',(0.,-1.,0.));
#11267=DIRECTION('',(1.,3.12250225675825E-17,0.));
#11268=DIRECTION('',(-1.,6.57013624384152E-19,0.));
#11269=DIRECTION('',(-6.57013624384152E-19,-1.,0.));
#11270=DIRECTION('',(0.,0.,-1.));
#11271=DIRECTION('',(6.57013624384152E-19,1.,0.));
#11272=DIRECTION('',(-0.829587747619415,-2.59038961412062E-17,-0.558376368589991));
#11273=DIRECTION('',(-0.558376368589991,0.,0.829587747619415));
#11274=DIRECTION('',(-3.12250225675825E-17,1.,0.));
#11275=DIRECTION('',(0.558376368589992,0.,-0.829587747619414));
#11276=DIRECTION('',(-2.14895548543505E-17,1.,-1.4464123459659E-17));
#11277=DIRECTION('',(0.,0.,-1.));
#11278=DIRECTION('',(-1.,0.,0.));
#11279=DIRECTION('',(0.,0.,-1.));
#11280=DIRECTION('',(-1.,0.,0.));
#11281=DIRECTION('',(0.,0.,1.));
#11282=DIRECTION('',(1.,0.,0.));
#11283=DIRECTION('',(-0.707106781186547,0.707106781186548,0.));
#11284=DIRECTION('',(0.707106781186545,-0.70710678118655,0.));
#11285=DIRECTION('',(0.,0.,-1.));
#11286=DIRECTION('',(1.,0.,0.));
#11287=DIRECTION('',(0.,0.866025403784436,0.5));
#11288=DIRECTION('',(0.,-0.5,0.866025403784436));
#11289=DIRECTION('',(1.,0.,0.));
#11290=DIRECTION('',(1.,0.,0.));
#11291=DIRECTION('',(0.,0.,-1.));
#11292=DIRECTION('',(-1.,0.,0.));
#11293=DIRECTION('',(0.,0.,1.));
#11294=DIRECTION('',(1.,0.,0.));
#11295=DIRECTION('',(0.,0.,-1.));
#11296=DIRECTION('',(0.,0.,1.));
#11297=DIRECTION('',(1.,0.,0.));
#11298=DIRECTION('',(1.,0.,0.));
#11299=DIRECTION('',(0.,0.,-1.));
#11300=DIRECTION('',(1.,0.,0.));
#11301=DIRECTION('',(0.,-6.98296267768627E-15,-1.));
#11302=DIRECTION('',(0.,1.,-6.98296267768627E-15));
#11303=DIRECTION('',(0.,-6.98296267768627E-15,-1.));
#11304=DIRECTION('',(0.,6.98296267768627E-15,1.));
#11305=DIRECTION('',(0.,-6.98296267768627E-15,-1.));
#11306=DIRECTION('',(0.,1.,-6.98296267768627E-15));
#11307=DIRECTION('',(-1.,0.,0.));
#11308=DIRECTION('',(0.,0.,1.));
#11309=DIRECTION('',(0.,1.,0.));
#11310=DIRECTION('',(0.,1.,0.));
#11311=DIRECTION('',(1.,0.,0.));
#11312=DIRECTION('',(0.,0.,-1.));
#11313=DIRECTION('',(0.,-1.,0.));
#11314=DIRECTION('',(0.,-1.,0.));
#11315=DIRECTION('',(-0.707106781186548,-0.707106781186547,0.));
#11316=DIRECTION('',(0.707106781186547,-0.707106781186548,0.));
#11317=DIRECTION('',(-0.707106781186547,0.707106781186548,0.));
#11318=DIRECTION('',(0.,0.,1.));
#11319=DIRECTION('',(0.,0.,-1.));
#11320=DIRECTION('',(-1.,0.,0.));
#11321=DIRECTION('',(0.,0.,1.));
#11322=DIRECTION('',(1.,0.,0.));
#11323=DIRECTION('',(-0.707106781186552,0.707106781186543,0.));
#11324=DIRECTION('',(0.,0.,-1.));
#11325=DIRECTION('',(1.,0.,0.));
#11326=DIRECTION('',(-0.898794046299166,-0.438371146789078,0.));
#11327=DIRECTION('',(0.,0.,-1.));
#11328=DIRECTION('',(1.,3.5527136788005E-15,0.));
#11329=DIRECTION('',(0.89879404629917,0.438371146789072,0.));
#11330=DIRECTION('',(-0.438371146789076,0.898794046299168,0.));
#11331=DIRECTION('',(-0.898794046299168,-0.438371146789076,0.));
#11332=DIRECTION('',(0.,0.,-1.));
#11333=DIRECTION('',(0.,0.,1.));
#11334=DIRECTION('',(1.,0.,0.));
#11335=DIRECTION('',(0.,0.,1.));
#11336=DIRECTION('',(0.438371146789076,-0.898794046299168,0.));
#11337=DIRECTION('',(0.898794046299168,0.438371146789076,0.));
#11338=DIRECTION('',(0.,0.,1.));
#11339=DIRECTION('',(1.,0.,0.));
#11340=DIRECTION('',(0.,0.,1.));
#11341=DIRECTION('',(1.,0.,0.));
#11342=DIRECTION('',(0.,0.,1.));
#11343=DIRECTION('',(0.,0.,-1.));
#11344=DIRECTION('',(0.,0.,-1.));
#11345=DIRECTION('',(-1.,0.,0.));
#11346=DIRECTION('',(0.707106781186541,-0.707106781186554,0.));
#11347=DIRECTION('',(0.,0.,-1.));
#11348=DIRECTION('',(1.,0.,0.));
#11349=DIRECTION('',(-0.707106781186548,0.707106781186548,0.));
#11350=DIRECTION('',(0.898794046299169,0.438371146789074,0.));
#11351=DIRECTION('',(0.,0.,-1.));
#11352=DIRECTION('',(1.,-1.77635683940025E-15,0.));
#11353=DIRECTION('',(-0.898794046299166,-0.43837114678908,0.));
#11354=DIRECTION('',(-0.707106781186548,-0.707106781186547,0.));
#11355=DIRECTION('',(0.707106781186547,-0.707106781186548,0.));
#11356=DIRECTION('',(0.,0.,-1.));
#11357=DIRECTION('',(0.,0.,1.));
#11358=DIRECTION('',(1.,0.,0.));
#11359=DIRECTION('',(0.,0.,1.));
#11360=DIRECTION('',(0.707106781186549,0.707106781186546,0.));
#11361=DIRECTION('',(-0.707106781186546,0.707106781186549,0.));
#11362=DIRECTION('',(0.438371146789075,-0.898794046299168,0.));
#11363=DIRECTION('',(0.898794046299168,0.438371146789075,0.));
#11364=DIRECTION('',(0.,0.,-1.));
#11365=DIRECTION('',(0.,0.,1.));
#11366=DIRECTION('',(1.,0.,0.));
#11367=DIRECTION('',(0.,0.,1.));
#11368=DIRECTION('',(-0.438371146789075,0.898794046299168,0.));
#11369=DIRECTION('',(-0.898794046299168,-0.438371146789075,0.));
#11370=DIRECTION('',(0.707106781186548,0.707106781186547,0.));
#11371=DIRECTION('',(-0.707106781186547,0.707106781186548,0.));
#11372=DIRECTION('',(0.,0.,-1.));
#11373=DIRECTION('',(0.,0.,1.));
#11374=DIRECTION('',(1.,0.,0.));
#11375=DIRECTION('',(0.,0.,1.));
#11376=DIRECTION('',(1.,0.,0.));
#11377=DIRECTION('',(0.,0.,-1.));
#11378=DIRECTION('',(-1.,0.,0.));
#11379=DIRECTION('',(0.,-6.98296267768627E-15,-1.));
#11380=DIRECTION('',(0.,1.,-6.98296267768627E-15));
#11381=DIRECTION('',(0.,-6.98296267768627E-15,-1.));
#11382=DIRECTION('',(0.,1.,-6.98296267768627E-15));
#11383=DIRECTION('',(0.,0.,1.));
#11384=DIRECTION('',(1.,0.,0.));
#11385=DIRECTION('',(-3.12250225675825E-17,1.,0.));
#11386=DIRECTION('',(-3.12250225675825E-17,1.,0.));
#11387=DIRECTION('',(1.,0.,0.));
#11388=DIRECTION('',(3.12250225675825E-17,-1.,0.));
#11389=DIRECTION('',(3.12250225675825E-17,-1.,0.));
#11390=DIRECTION('',(-1.,0.,0.));
#11391=DIRECTION('',(3.12250225675825E-17,-1.,0.));
#11392=DIRECTION('',(1.,3.12250225675825E-17,0.));
#11393=DIRECTION('',(1.,3.12250225675825E-17,0.));
#11394=DIRECTION('',(0.,0.,1.));
#11395=DIRECTION('',(0.,0.,-1.));
#11396=DIRECTION('',(-3.12250225675825E-17,1.,0.));
#11397=DIRECTION('',(-1.,-3.12250225675825E-17,0.));
#11398=DIRECTION('',(0.,0.,1.));
#11399=DIRECTION('',(0.,0.,-1.));
#11400=DIRECTION('',(-1.,-3.12250225675825E-17,0.));
#11401=DIRECTION('',(0.,0.,1.));
#11402=DIRECTION('',(1.,0.,0.));
#11403=DIRECTION('',(-1.,0.,0.));
#11404=DIRECTION('',(3.12250225675825E-17,-1.,0.));
#11405=DIRECTION('',(-3.12250225675825E-17,1.,0.));
#11406=DIRECTION('',(0.,0.,1.));
#11407=DIRECTION('',(1.,0.,0.));
#11408=DIRECTION('',(3.12250225675825E-17,-1.,0.));
#11409=DIRECTION('',(1.,0.,0.));
#11410=DIRECTION('',(-3.12250225675825E-17,1.,0.));
#11411=DIRECTION('',(-3.12250225675825E-17,1.,0.));
#11412=DIRECTION('',(-1.,-3.12250225675825E-17,0.));
#11413=DIRECTION('',(0.,0.,-1.));
#11414=DIRECTION('',(0.,0.,1.));
#11415=DIRECTION('',(3.12250225675825E-17,-1.,0.));
#11416=DIRECTION('',(1.,3.12250225675825E-17,0.));
#11417=DIRECTION('',(0.,0.,-1.));
#11418=DIRECTION('',(0.,0.,1.));
#11419=DIRECTION('',(-1.,-3.12250225675825E-17,0.));
#11420=DIRECTION('',(3.12250225675825E-17,-1.,0.));
#11421=DIRECTION('',(1.,3.12250225675825E-17,0.));
#11422=DIRECTION('',(-3.12250225675825E-17,1.,0.));
#11423=DIRECTION('',(1.,3.12250225675825E-17,0.));
#11424=DIRECTION('',(-3.12250225675825E-17,1.,0.));
#11425=DIRECTION('',(-1.,-3.12250225675825E-17,0.));
#11426=DIRECTION('',(3.12250225675825E-17,-1.,0.));
#11427=DIRECTION('',(0.,0.,-1.));
#11428=DIRECTION('',(-1.,0.,0.));
#11429=DIRECTION('',(0.,0.,1.));
#11430=DIRECTION('',(1.,0.,0.));
#11431=DIRECTION('',(0.,0.,1.));
#11432=DIRECTION('',(1.,0.,0.));
#11433=DIRECTION('',(-1.,0.,0.));
#11434=DIRECTION('',(0.,0.,-1.));
#11435=DIRECTION('',(-1.,0.,0.));
#11436=DIRECTION('',(1.,0.,0.));
#11437=DIRECTION('',(0.,-1.,0.));
#11438=DIRECTION('',(0.,0.,-1.));
#11439=CARTESIAN_POINT('',(0.,0.,0.));
#11440=CARTESIAN_POINT('',(0.,-0.008,-0.0007));
#11441=CARTESIAN_POINT('',(0.,-0.008,-0.0007));
#11442=CARTESIAN_POINT('',(0.000875,-0.008,-0.0007));
#11443=CARTESIAN_POINT('',(0.,-0.008,-0.0009));
#11444=CARTESIAN_POINT('',(-0.000675,-0.008,-0.0009));
#11445=CARTESIAN_POINT('',(0.00855,0.004,-0.0007));
#11446=CARTESIAN_POINT('',(0.00855,0.004,-0.0007));
#11447=CARTESIAN_POINT('',(0.009425,0.004,-0.0007));
#11448=CARTESIAN_POINT('',(0.00855,0.004,-0.0009));
#11449=CARTESIAN_POINT('',(0.007875,0.004,-0.0009));
#11450=CARTESIAN_POINT('',(0.0085,-4.89858719658941E-20,-0.0018));
#11451=CARTESIAN_POINT('',(0.0085,0.,-0.0018));
#11452=CARTESIAN_POINT('',(0.0095,0.,-0.0018));
#11453=CARTESIAN_POINT('',(0.0085,5.14351655641888E-20,-0.002));
#11454=CARTESIAN_POINT('',(0.0077,-7.82409039907315E-35,-0.002));
#11455=CARTESIAN_POINT('',(-0.0085,-6.12323399573677E-20,-0.0018));
#11456=CARTESIAN_POINT('',(-0.0085,5.14351655641888E-20,-0.002));
#11457=CARTESIAN_POINT('',(-0.0093,1.02870331128378E-19,-0.002));
#11458=CARTESIAN_POINT('',(-0.0085,0.,-0.0018));
#11459=CARTESIAN_POINT('',(-0.0075,0.,-0.0018));
#11460=CARTESIAN_POINT('',(-0.00855,0.004,-0.0007));
#11461=CARTESIAN_POINT('',(-0.00855,0.004,-0.0009));
#11462=CARTESIAN_POINT('',(-0.009225,0.004,-0.0009));
#11463=CARTESIAN_POINT('',(-0.00855,0.004,-0.0007));
#11464=CARTESIAN_POINT('',(-0.007675,0.004,-0.0007));
#11465=CARTESIAN_POINT('',(0.,-3.53610439218208E-19,0.0084));
#11466=CARTESIAN_POINT('',(0.,0.,0.00842643274401821));
#11467=CARTESIAN_POINT('',(0.00597314230079762,0.,0.00842643274401821));
#11468=CARTESIAN_POINT('',(-2.58040512484113E-24,-4.18538547568396E-8,0.0086));
#11469=CARTESIAN_POINT('',(-0.0057748967206611,7.12076494739602E-19,0.0086));
#11470=CARTESIAN_POINT('',(0.0057748967206611,0.,0.0086));
#11471=CARTESIAN_POINT('',(2.58040512460756E-24,4.18538547537631E-8,0.0086));
#11472=CARTESIAN_POINT('',(0.,-0.008,-0.0009));
#11473=CARTESIAN_POINT('',(0.,-0.008,0.));
#11474=CARTESIAN_POINT('',(0.000875,-0.008,0.));
#11475=CARTESIAN_POINT('',(0.00855,0.004,-0.0009));
#11476=CARTESIAN_POINT('',(0.00855,0.004,0.));
#11477=CARTESIAN_POINT('',(0.009425,0.004,0.));
#11478=CARTESIAN_POINT('',(0.0085,0.,-0.002));
#11479=CARTESIAN_POINT('',(0.0085,0.,0.));
#11480=CARTESIAN_POINT('',(0.0095,0.,0.));
#11481=CARTESIAN_POINT('',(0.0062,0.0058,0.0008));
#11482=CARTESIAN_POINT('',(0.0062,0.0058,0.));
#11483=CARTESIAN_POINT('',(0.0047,0.0058,0.));
#11484=CARTESIAN_POINT('',(0.0062,0.0058,0.0008));
#11485=CARTESIAN_POINT('',(0.0047,0.0058,0.0008));
#11486=CARTESIAN_POINT('',(-0.0062,0.0058,0.0008));
#11487=CARTESIAN_POINT('',(-0.0062,0.0058,0.));
#11488=CARTESIAN_POINT('',(-0.0077,0.0058,0.));
#11489=CARTESIAN_POINT('',(-0.0062,0.0058,0.0008));
#11490=CARTESIAN_POINT('',(-0.0077,0.0058,0.0008));
#11491=CARTESIAN_POINT('',(0.,0.,5.6843418860808E-14));
#11492=CARTESIAN_POINT('',(0.,0.,-5.6843418860808E-14));
#11493=CARTESIAN_POINT('',(-0.00602500000002237,0.,-5.6843418860808E-14));
#11494=CARTESIAN_POINT('',(0.,0.,0.0005));
#11495=CARTESIAN_POINT('',(0.00544865484129311,-0.000915306189385823,0.000499999999994089));
#11496=CARTESIAN_POINT('',(0.00544865484129312,0.000915306189385779,0.000499999999994089));
#11497=CARTESIAN_POINT('',(0.,0.,0.000499999999988177));
#11498=CARTESIAN_POINT('',(0.00505602801397759,0.00222760088924132,0.000499999999994089));
#11499=CARTESIAN_POINT('',(0.,0.,0.000499999999988177));
#11500=CARTESIAN_POINT('',(0.00222760088923572,0.00505602801398006,0.000499999999994088));
#11501=CARTESIAN_POINT('',(0.,0.,0.000499999999988176));
#11502=CARTESIAN_POINT('',(0.000915306189385776,0.00544865484129312,0.000499999999994088));
#11503=CARTESIAN_POINT('',(0.,0.,0.000499999999988177));
#11504=CARTESIAN_POINT('',(-0.000915306189385801,0.00544865484129312,0.000499999999994088));
#11505=CARTESIAN_POINT('',(0.,0.,0.000499999999988177));
#11506=CARTESIAN_POINT('',(-0.0022276008892356,0.00505602801398011,0.000499999999994088));
#11507=CARTESIAN_POINT('',(0.,0.,0.000499999999988177));
#11508=CARTESIAN_POINT('',(-0.00505602801398071,0.00222760088923422,0.000499999999994088));
#11509=CARTESIAN_POINT('',(0.,0.,0.000499999999988176));
#11510=CARTESIAN_POINT('',(-0.00544865484129312,0.000915306189385781,0.000499999999994088));
#11511=CARTESIAN_POINT('',(0.,0.,0.0005));
#11512=CARTESIAN_POINT('',(-0.00544865484129312,-0.000915306189385779,0.000499999999994089));
#11513=CARTESIAN_POINT('',(0.,0.,0.000499999999988177));
#11514=CARTESIAN_POINT('',(-0.00505602801398039,-0.00222760088923496,0.000499999999994089));
#11515=CARTESIAN_POINT('',(0.,0.,0.000499999999988177));
#11516=CARTESIAN_POINT('',(-0.00222760088923162,-0.00505602801398186,0.000499999999994088));
#11517=CARTESIAN_POINT('',(0.,0.,0.000499999999988176));
#11518=CARTESIAN_POINT('',(-0.000915306189385777,-0.00544865484129312,0.000499999999994088));
#11519=CARTESIAN_POINT('',(0.,0.,0.000499999999988177));
#11520=CARTESIAN_POINT('',(0.000915306189385841,-0.00544865484129311,0.000499999999994088));
#11521=CARTESIAN_POINT('',(0.,0.,0.000499999999988176));
#11522=CARTESIAN_POINT('',(0.00222760088922857,-0.00505602801398321,0.000499999999994088));
#11523=CARTESIAN_POINT('',(0.,0.,0.000499999999988177));
#11524=CARTESIAN_POINT('',(0.00505602801397822,-0.00222760088923988,0.000499999999994089));
#11525=CARTESIAN_POINT('',(0.,0.,0.000499999999988177));
#11526=CARTESIAN_POINT('',(-0.0085,0.,-0.002));
#11527=CARTESIAN_POINT('',(-0.0085,0.,0.));
#11528=CARTESIAN_POINT('',(-0.0075,0.,0.));
#11529=CARTESIAN_POINT('',(-0.00855,0.004,-0.0009));
#11530=CARTESIAN_POINT('',(-0.00855,0.004,0.));
#11531=CARTESIAN_POINT('',(-0.007675,0.004,0.));
#11532=CARTESIAN_POINT('',(-0.002,0.0068,0.));
#11533=CARTESIAN_POINT('',(-0.002,0.0068,0.));
#11534=CARTESIAN_POINT('',(-0.00274999999999181,0.0068,0.));
#11535=CARTESIAN_POINT('',(-0.002,0.0068,0.000800000000026557));
#11536=CARTESIAN_POINT('',(-0.00268000906917152,0.0068,0.000800000000026557));
#11537=CARTESIAN_POINT('',(0.002,0.0068,0.));
#11538=CARTESIAN_POINT('',(0.002,0.0068,0.));
#11539=CARTESIAN_POINT('',(0.00125000000000819,0.0068,0.));
#11540=CARTESIAN_POINT('',(0.002,0.0068,0.000800000000026557));
#11541=CARTESIAN_POINT('',(0.00131999093082848,0.0068,0.000800000000026557));
#11542=CARTESIAN_POINT('',(-0.0028,-0.0068,0.));
#11543=CARTESIAN_POINT('',(-0.0028,-0.0068,0.));
#11544=CARTESIAN_POINT('',(-0.00354999999999706,-0.0068,0.));
#11545=CARTESIAN_POINT('',(-0.0028,-0.0068,0.000800000000026557));
#11546=CARTESIAN_POINT('',(-0.00348000906917676,-0.0068,0.000800000000026557));
#11547=CARTESIAN_POINT('',(0.0028,-0.0068,0.));
#11548=CARTESIAN_POINT('',(0.0028,-0.0068,0.));
#11549=CARTESIAN_POINT('',(0.0020500000000041,-0.0068,0.));
#11550=CARTESIAN_POINT('',(0.0028,-0.0068,0.000800000000026557));
#11551=CARTESIAN_POINT('',(0.0021199909308244,-0.0068,0.000800000000026557));
#11552=CARTESIAN_POINT('',(0.0034,-0.009,0.));
#11553=CARTESIAN_POINT('',(0.0034,-0.009,0.));
#11554=CARTESIAN_POINT('',(0.00265000000000271,-0.009,0.));
#11555=CARTESIAN_POINT('',(0.0034,-0.009,0.000800000000026557));
#11556=CARTESIAN_POINT('',(0.002719990930823,-0.009,0.000800000000026557));
#11557=CARTESIAN_POINT('',(-0.0034,-0.009,1.13686837721616E-13));
#11558=CARTESIAN_POINT('',(-0.0034,-0.009,0.));
#11559=CARTESIAN_POINT('',(-0.00415000000000724,-0.009,0.));
#11560=CARTESIAN_POINT('',(-0.0034,-0.009,0.000800000000026557));
#11561=CARTESIAN_POINT('',(-0.00408000906917984,-0.009,0.000800000000026557));
#11562=CARTESIAN_POINT('',(0.,-0.0099,0.));
#11563=CARTESIAN_POINT('',(0.,-0.0099,0.));
#11564=CARTESIAN_POINT('',(-0.000749999999996476,-0.0099,0.));
#11565=CARTESIAN_POINT('',(0.,-0.0099,0.000800000000026557));
#11566=CARTESIAN_POINT('',(-0.000680009069176179,-0.0099,0.000800000000026557));
#11567=CARTESIAN_POINT('',(0.006,-0.0038,1.13686837721616E-13));
#11568=CARTESIAN_POINT('',(0.006,-0.0038,0.));
#11569=CARTESIAN_POINT('',(0.00630053541333388,-0.00448715243567961,3.08619577362733E-12));
#11570=CARTESIAN_POINT('',(0.00674535918033659,-0.00371669518436579,5.77381380707038E-16));
#11571=CARTESIAN_POINT('',(0.00674535918033659,-0.00371669518436579,5.77381380707038E-16));
#11572=CARTESIAN_POINT('',(0.00673948259827424,-0.00374479683583764,0.000102431058111713));
#11573=CARTESIAN_POINT('',(0.00673288002030817,-0.00377254968297282,0.00019568226343977));
#11574=CARTESIAN_POINT('',(0.00672552473002241,-0.0038,0.000279753616069911));
#11575=CARTESIAN_POINT('',(0.00672552473002241,-0.0038,0.000279753616069911));
#11576=CARTESIAN_POINT('',(0.00503415108758165,-0.00654733227046778,-0.000761597209712372));
#11577=CARTESIAN_POINT('',(0.00671380885182005,-0.00384133288716331,0.000400000000013917));
#11578=CARTESIAN_POINT('',(0.006,-0.0038,0.000400000000013279));
#11579=CARTESIAN_POINT('',(0.00639268653943579,-0.00439751745633952,0.000400000507201683));
#11580=CARTESIAN_POINT('',(0.00630083456366065,-0.00448702961934524,-8.47946274079567E-8));
#11581=CARTESIAN_POINT('',(0.00632880319370345,-0.00446188747115112,0.000134932808220001));
#11582=CARTESIAN_POINT('',(0.00635824372431593,-0.00443390690370095,0.000268974335445841));
#11583=CARTESIAN_POINT('',(0.00639305305113887,-0.0043972944789096,0.000399840852703391));
#11584=CARTESIAN_POINT('',(0.006,-0.0038,0.000800000000026557));
#11585=CARTESIAN_POINT('',(0.0053199909308141,-0.0038,0.000800000000026557));
#11586=CARTESIAN_POINT('',(-0.006,-0.0038,1.13686837721616E-13));
#11587=CARTESIAN_POINT('',(-0.00503415111723623,-0.00654733224972932,-0.000761597199282213));
#11588=CARTESIAN_POINT('',(-0.00672552473002544,-0.00379999999999634,0.000279753616000716));
#11589=CARTESIAN_POINT('',(-0.00671380885182069,-0.00384133288716328,0.000400000000006639));
#11590=CARTESIAN_POINT('',(-0.00674535918033014,-0.00371669518436752,-1.80072794719631E-20));
#11591=CARTESIAN_POINT('',(-0.00673946563417424,-0.0037448779576333,0.000102726748601449));
#11592=CARTESIAN_POINT('',(-0.00673285415073983,-0.00377264622950756,0.000195977953928338));
#11593=CARTESIAN_POINT('',(-0.00672552473002544,-0.00379999999999634,0.000279753616000716));
#11594=CARTESIAN_POINT('',(-0.00674535918033014,-0.00371669518436752,-1.80072794719631E-20));
#11595=CARTESIAN_POINT('',(-0.006,-0.0038,0.));
#11596=CARTESIAN_POINT('',(-0.00630053546824701,-0.00448715241107421,5.84441490633628E-21));
#11597=CARTESIAN_POINT('',(-0.00639268592933224,-0.00439751647703883,0.00040000101250869));
#11598=CARTESIAN_POINT('',(-0.00638287858905692,-0.0044079022206123,0.000362387616352118));
#11599=CARTESIAN_POINT('',(-0.00637343183285648,-0.00441759886101966,0.000324485046629624));
#11600=CARTESIAN_POINT('',(-0.00636427623606602,-0.00442677434247624,0.000286395731133355));
#11601=CARTESIAN_POINT('',(-0.00635512100676294,-0.00443594945564731,0.000248307944466157));
#11602=CARTESIAN_POINT('',(-0.00634625562324836,-0.00444460388903437,0.000210022074323285));
#11603=CARTESIAN_POINT('',(-0.00633762024286095,-0.0044528537641211,0.000171602675771014));
#11604=CARTESIAN_POINT('',(-0.00632482204200924,-0.00446508062079964,0.000114662603971611));
#11605=CARTESIAN_POINT('',(-0.00631252763477657,-0.00447642481531569,5.74157514978902E-5));
#11606=CARTESIAN_POINT('',(-0.00630053546923533,-0.00448715241333393,1.16888298126726E-20));
#11607=CARTESIAN_POINT('',(-0.00639268656400589,-0.00439751744276725,0.000400000506260984));
#11608=CARTESIAN_POINT('',(-0.006,-0.0038,0.000400000000013279));
#11609=CARTESIAN_POINT('',(-0.006,-0.0038,0.000800000000026557));
#11610=CARTESIAN_POINT('',(-0.0066800090691859,-0.0038,0.000800000000026557));
#11611=CARTESIAN_POINT('',(0.,0.,0.0086));
#11612=CARTESIAN_POINT('',(0.,0.,0.0016));
#11613=CARTESIAN_POINT('',(-0.0108467737138746,-0.0015,0.0016));
#11614=CARTESIAN_POINT('',(-0.0108467737138746,0.0015,0.0016));
#11615=CARTESIAN_POINT('',(-0.0108467737138746,0.0015,0.0086));
#11616=CARTESIAN_POINT('',(-0.0108467737138746,0.0015,0.0032));
#11617=CARTESIAN_POINT('',(0.,0.,0.0032));
#11618=CARTESIAN_POINT('',(-0.0017,0.0108172316236642,0.0032));
#11619=CARTESIAN_POINT('',(-0.0017,0.0108172316236642,0.0086));
#11620=CARTESIAN_POINT('',(-0.0017,0.0108172316236642,0.));
#11621=CARTESIAN_POINT('',(0.,0.,0.));
#11622=CARTESIAN_POINT('',(-0.003,0.0105310255910809,0.));
#11623=CARTESIAN_POINT('',(-0.000231380759012412,-1.26892642550935,-0.0316454633551439));
#11624=CARTESIAN_POINT('',(-0.00306999093082074,0.010510835156384,0.0008));
#11625=CARTESIAN_POINT('',(0.,0.,0.0008));
#11626=CARTESIAN_POINT('',(-0.0035,0.0103755722733737,0.0008));
#11627=CARTESIAN_POINT('',(-0.0035,0.0103755722733737,0.0086));
#11628=CARTESIAN_POINT('',(-0.0035,0.0103755722733737,0.0011));
#11629=CARTESIAN_POINT('',(0.,0.,0.0011));
#11630=CARTESIAN_POINT('',(-0.0045,0.00998260987918491,0.0011));
#11631=CARTESIAN_POINT('',(-0.0045,0.00998260987918491,0.0086));
#11632=CARTESIAN_POINT('',(-0.0045,0.00998260987918491,0.0008));
#11633=CARTESIAN_POINT('',(0.,0.,0.0008));
#11634=CARTESIAN_POINT('',(-0.00483000906917926,0.00982718232209244,0.0008));
#11635=CARTESIAN_POINT('',(-0.000953039946458478,-1.0286291914662,0.0451139601090517));
#11636=CARTESIAN_POINT('',(-0.0049,0.00979247159812068,0.));
#11637=CARTESIAN_POINT('',(0.,0.,0.));
#11638=CARTESIAN_POINT('',(-0.0108324743249176,-0.0016,0.));
#11639=CARTESIAN_POINT('',(1.38299604277104,-3.61719169904215E-5,-0.0178746361602699));
#11640=CARTESIAN_POINT('',(-0.0108219051137485,-0.00166999093082074,0.0008));
#11641=CARTESIAN_POINT('',(0.,0.,0.0008));
#11642=CARTESIAN_POINT('',(-0.0107267189764625,-0.0022,0.0008));
#11643=CARTESIAN_POINT('',(-0.0107267189764625,-0.0022,0.0086));
#11644=CARTESIAN_POINT('',(-0.0107267189764625,-0.0022,0.0011));
#11645=CARTESIAN_POINT('',(0.,0.,0.0011));
#11646=CARTESIAN_POINT('',(-0.0104719864400218,-0.0032,0.0011));
#11647=CARTESIAN_POINT('',(-0.0104719864400218,-0.0032,0.0086));
#11648=CARTESIAN_POINT('',(-0.0104719864400218,-0.0032,0.0008));
#11649=CARTESIAN_POINT('',(0.,0.,0.0008));
#11650=CARTESIAN_POINT('',(-0.0102786684818952,-0.00377511248035009,0.0008));
#11651=CARTESIAN_POINT('',(1.18706407729471,0.685410812379641,-0.019989594127416));
#11652=CARTESIAN_POINT('',(-0.0102539764271672,-0.00384167508140644,0.));
#11653=CARTESIAN_POINT('',(0.,0.,0.));
#11654=CARTESIAN_POINT('',(-0.0100659107366202,-0.00431044557353342,0.));
#11655=CARTESIAN_POINT('',(-0.0100659107366202,-0.00431044557353343,0.0086));
#11656=CARTESIAN_POINT('',(-0.0100659107366202,-0.00431044557353342,0.00272791708698967));
#11657=CARTESIAN_POINT('',(-0.0100659107366202,-0.00431044557353343,0.0086));
#11658=CARTESIAN_POINT('',(-0.0100659107366202,-0.00431044557353342,0.0032));
#11659=CARTESIAN_POINT('',(0.,0.,0.0032));
#11660=CARTESIAN_POINT('',(-0.0108467737138746,-0.0015,0.0032));
#11661=CARTESIAN_POINT('',(-0.0108467737138746,-0.0015,0.0086));
#11662=CARTESIAN_POINT('',(0.00763941697855281,-0.00441061944901926,0.000399999999999958));
#11663=CARTESIAN_POINT('',(0.00763941697855281,-0.00441061944901926,0.000399999999999956));
#11664=CARTESIAN_POINT('',(0.00808941697855281,-0.00363119658561327,0.000399999999999978));
#11665=CARTESIAN_POINT('',(0.00718941697855249,-0.00519004231242582,0.000399999999999956));
#11666=CARTESIAN_POINT('',(0.00808941697855281,-0.00363119658561327,0.000399999999999958));
#11667=CARTESIAN_POINT('',(0.00808941697855262,-0.00363119658561343,-4.51089574672494E-17));
#11668=CARTESIAN_POINT('',(0.00763941697855281,-0.00441061944901926,-4.49401800495242E-17));
#11669=CARTESIAN_POINT('',(0.00718941697855239,-0.00519004231242652,-5.10055651235917E-17));
#11670=CARTESIAN_POINT('',(0.00718941697855216,-0.00519004231242638,0.000499999999999944));
#11671=CARTESIAN_POINT('',(0.,0.,0.0032));
#11672=CARTESIAN_POINT('',(0.,0.,0.0036));
#11673=CARTESIAN_POINT('',(-0.0101872930440884,0.00414958557374919,0.0036));
#11674=CARTESIAN_POINT('',(-0.0101095190152566,-0.00433562282494294,0.0036));
#11675=CARTESIAN_POINT('',(-0.0101872930440884,0.00414958557374919,0.00421261986977525));
#11676=CARTESIAN_POINT('',(-0.0101872930440884,0.00414958557374919,0.0032));
#11677=CARTESIAN_POINT('',(0.,0.,0.0032));
#11678=CARTESIAN_POINT('',(-0.0108972473588517,0.0015,0.0032));
#11679=CARTESIAN_POINT('',(0.,0.,0.0032));
#11680=CARTESIAN_POINT('',(-0.011,-1.34711147906209E-18,0.0032));
#11681=CARTESIAN_POINT('',(0.,0.,0.0032));
#11682=CARTESIAN_POINT('',(-0.0108972473588517,-0.0015,0.0032));
#11683=CARTESIAN_POINT('',(0.,0.,0.0032));
#11684=CARTESIAN_POINT('',(-0.0101095190152566,-0.00433562282494291,0.0032));
#11685=CARTESIAN_POINT('',(-0.0101095190152566,-0.00433562282494291,0.00319));
#11686=CARTESIAN_POINT('',(0.,0.,0.0032));
#11687=CARTESIAN_POINT('',(0.,0.,0.0036));
#11688=CARTESIAN_POINT('',(0.00895,0.,0.0036));
#11689=CARTESIAN_POINT('',(0.,0.,0.0032));
#11690=CARTESIAN_POINT('',(0.00895,0.,0.0032));
#11691=CARTESIAN_POINT('',(-0.0118,0.,-0.002));
#11692=CARTESIAN_POINT('',(-0.0118,0.,0.0016));
#11693=CARTESIAN_POINT('',(-0.0118,0.00075,0.0016));
#11694=CARTESIAN_POINT('',(-0.0118,-0.00075,0.0016));
#11695=CARTESIAN_POINT('',(-0.0118,-0.00075,0.0016));
#11696=CARTESIAN_POINT('',(-0.0118,-0.00075,0.0027));
#11697=CARTESIAN_POINT('',(-0.0118,-2.56503955068389E-17,0.0027));
#11698=CARTESIAN_POINT('',(-0.01105,0.,0.00316875));
#11699=CARTESIAN_POINT('',(-0.0118,7.6013027608575E-17,0.00270000000000004));
#11700=CARTESIAN_POINT('',(-0.0118,0.00075,0.0027));
#11701=CARTESIAN_POINT('',(-0.0118,0.00075,0.0016));
#11702=CARTESIAN_POINT('',(0.,0.,0.));
#11703=CARTESIAN_POINT('',(0.00544865484130692,0.00091530618937198,0.));
#11704=CARTESIAN_POINT('',(0.00544865484130692,0.000915306189371979,0.0086));
#11705=CARTESIAN_POINT('',(0.00544865484130691,-0.000915306189372022,0.));
#11706=CARTESIAN_POINT('',(0.00544865484130691,-0.000915306189372022,0.0086));
#11707=CARTESIAN_POINT('',(0.,0.,0.0086));
#11708=CARTESIAN_POINT('',(0.,0.,0.00710000000015043));
#11709=CARTESIAN_POINT('',(0.,0.,0.0070999999999799));
#11710=CARTESIAN_POINT('',(-0.00615000000000521,0.,0.0070999999999799));
#11711=CARTESIAN_POINT('',(2.76977639434434E-19,2.18959124914501E-18,0.00305));
#11712=CARTESIAN_POINT('',(2.76977639434434E-19,2.18959124914501E-18,0.0076));
#11713=CARTESIAN_POINT('',(0.00817740722643692,0.00231948508359446,0.0076));
#11714=CARTESIAN_POINT('',(0.00697673995487943,-0.0048554196113198,0.0076));
#11715=CARTESIAN_POINT('',(2.76977639434434E-19,2.18959124914501E-18,0.0076));
#11716=CARTESIAN_POINT('',(0.00485541961131978,-0.00697673995487944,0.0076));
#11717=CARTESIAN_POINT('',(2.76977639434434E-19,2.18959124914501E-18,0.0076));
#11718=CARTESIAN_POINT('',(0.00182692307692308,-0.00830134640109698,0.0076));
#11719=CARTESIAN_POINT('',(0.00182692307692308,-0.00830134640109698,0.0076));
#11720=CARTESIAN_POINT('',(0.00147173569054951,-0.0083795144477541,0.00707229302595927));
#11721=CARTESIAN_POINT('',(0.00111226861895093,-0.00843475707073143,0.00653822766244138));
#11722=CARTESIAN_POINT('',(0.00075,-0.00846684711093804,0.006));
#11723=CARTESIAN_POINT('',(0.00075,-0.00846684711093804,0.006));
#11724=CARTESIAN_POINT('',(0.00075,-0.00846684711093804,0.00305));
#11725=CARTESIAN_POINT('',(0.00075,-0.00846684711093804,0.0045));
#11726=CARTESIAN_POINT('',(2.76977639434434E-19,2.18959124914501E-18,0.0045));
#11727=CARTESIAN_POINT('',(-0.00075,-0.00846684711093804,0.0045));
#11728=CARTESIAN_POINT('',(-0.00075,-0.00846684711093804,0.00305));
#11729=CARTESIAN_POINT('',(-0.00075,-0.00846684711093804,0.006));
#11730=CARTESIAN_POINT('',(-0.00075,-0.00846684711093804,0.006));
#11731=CARTESIAN_POINT('',(-0.00111226861895093,-0.00843475707073143,0.00653822766244137));
#11732=CARTESIAN_POINT('',(-0.00147173569054951,-0.0083795144477541,0.00707229302595926));
#11733=CARTESIAN_POINT('',(-0.00182692307692307,-0.00830134640109698,0.0076));
#11734=CARTESIAN_POINT('',(-0.00182692307692308,-0.00830134640109698,0.0076));
#11735=CARTESIAN_POINT('',(2.76977639434434E-19,2.18959124914501E-18,0.0076));
#11736=CARTESIAN_POINT('',(-0.00686229378606969,-0.00501586722249196,0.0076));
#11737=CARTESIAN_POINT('',(2.76977639434434E-19,2.18959124914501E-18,0.0076));
#11738=CARTESIAN_POINT('',(-0.00817740722643692,-0.00231948508359445,0.0076));
#11739=CARTESIAN_POINT('',(2.76977639434434E-19,2.18959124914501E-18,0.0076));
#11740=CARTESIAN_POINT('',(-0.00697673995487943,0.0048554196113198,0.0076));
#11741=CARTESIAN_POINT('',(2.76977639434434E-19,2.18959124914501E-18,0.0076));
#11742=CARTESIAN_POINT('',(-0.00485541961131978,0.00697673995487944,0.0076));
#11743=CARTESIAN_POINT('',(2.76977639434434E-19,2.18959124914501E-18,0.0076));
#11744=CARTESIAN_POINT('',(-0.00182692307692308,0.00830134640109699,0.0076));
#11745=CARTESIAN_POINT('',(-0.00182692307692308,0.00830134640109699,0.0076));
#11746=CARTESIAN_POINT('',(-0.00147173569054951,0.0083795144477541,0.00707229302595927));
#11747=CARTESIAN_POINT('',(-0.00111226861895093,0.00843475707073143,0.00653822766244138));
#11748=CARTESIAN_POINT('',(-0.00075,0.00846684711093804,0.006));
#11749=CARTESIAN_POINT('',(-0.00075,0.00846684711093804,0.006));
#11750=CARTESIAN_POINT('',(-0.00075,0.00846684711093805,0.00305));
#11751=CARTESIAN_POINT('',(-0.00075,0.00846684711093805,0.0045));
#11752=CARTESIAN_POINT('',(2.76977639434434E-19,2.18959124914501E-18,0.0045));
#11753=CARTESIAN_POINT('',(0.00075,0.00846684711093805,0.0045));
#11754=CARTESIAN_POINT('',(0.00075,0.00846684711093805,0.00305));
#11755=CARTESIAN_POINT('',(0.00075,0.00846684711093804,0.006));
#11756=CARTESIAN_POINT('',(0.00075,0.00846684711093804,0.006));
#11757=CARTESIAN_POINT('',(0.00111226861895093,0.00843475707073143,0.00653822766244137));
#11758=CARTESIAN_POINT('',(0.00147173569054951,0.0083795144477541,0.00707229302595927));
#11759=CARTESIAN_POINT('',(0.00182692307692308,0.00830134640109699,0.0076));
#11760=CARTESIAN_POINT('',(0.00182692307692308,0.00830134640109699,0.0076));
#11761=CARTESIAN_POINT('',(2.76977639434434E-19,2.18959124914501E-18,0.0076));
#11762=CARTESIAN_POINT('',(0.0068622937860697,0.00501586722249196,0.0076));
#11763=CARTESIAN_POINT('',(2.76977639434434E-19,2.18959124914501E-18,0.0076));
#11764=CARTESIAN_POINT('',(2.76977639434434E-19,2.18959124914501E-18,0.0066));
#11765=CARTESIAN_POINT('',(-0.00836660026534075,0.0015,0.0066));
#11766=CARTESIAN_POINT('',(-0.00836660026534075,-0.0015,0.0066));
#11767=CARTESIAN_POINT('',(-0.00836660026534075,-0.0015,0.00305));
#11768=CARTESIAN_POINT('',(-0.00836660026534075,-0.0015,0.0032));
#11769=CARTESIAN_POINT('',(2.76977639434434E-19,2.18959124914501E-18,0.0032));
#11770=CARTESIAN_POINT('',(0.00836660026534075,-0.0015,0.0032));
#11771=CARTESIAN_POINT('',(0.00836660026534075,-0.0015,0.00305));
#11772=CARTESIAN_POINT('',(0.00836660026534075,-0.0015,0.0066));
#11773=CARTESIAN_POINT('',(2.76977639434434E-19,2.18959124914501E-18,0.0066));
#11774=CARTESIAN_POINT('',(0.00836660026534075,0.0015,0.0066));
#11775=CARTESIAN_POINT('',(0.00836660026534075,0.0015,0.00305));
#11776=CARTESIAN_POINT('',(0.00836660026534075,0.0015,0.0032));
#11777=CARTESIAN_POINT('',(2.76977639434434E-19,2.18959124914501E-18,0.0032));
#11778=CARTESIAN_POINT('',(-0.00836660026534075,0.0015,0.0032));
#11779=CARTESIAN_POINT('',(-0.00836660026534075,0.0015,0.00305));
#11780=CARTESIAN_POINT('',(0.,0.,0.0032));
#11781=CARTESIAN_POINT('',(0.,0.,0.0042));
#11782=CARTESIAN_POINT('',(0.00615,0.,0.0042));
#11783=CARTESIAN_POINT('',(0.,2.18959124914501E-18,0.0076));
#11784=CARTESIAN_POINT('',(0.,2.18959124914501E-18,0.0086));
#11785=CARTESIAN_POINT('',(-0.0072623171120368,-0.00187316581332706,0.0086));
#11786=CARTESIAN_POINT('',(-0.00625681259448644,0.00413549225092681,0.0086));
#11787=CARTESIAN_POINT('',(-0.00625681259448644,0.00413549225092681,0.0086));
#11788=CARTESIAN_POINT('',(-0.0064970759850376,0.00437575564147797,0.0082670812802933));
#11789=CARTESIAN_POINT('',(-0.00673701766069377,0.00461569731713414,0.00793369793369177));
#11790=CARTESIAN_POINT('',(-0.00697673995487943,0.0048554196113198,0.0076));
#11791=CARTESIAN_POINT('',(-0.00817740722643692,-0.00231948508359445,0.0076));
#11792=CARTESIAN_POINT('',(-0.00787269939939884,-0.00217086914635689,0.00793369793369177));
#11793=CARTESIAN_POINT('',(-0.00756771271948476,-0.00202211720348429,0.0082670812802933));
#11794=CARTESIAN_POINT('',(-0.0072623171120368,-0.00187316581332706,0.0086));
#11795=CARTESIAN_POINT('',(2.76977639434434E-19,2.18959124914501E-18,0.00305));
#11796=CARTESIAN_POINT('',(2.76977639434434E-19,2.18959124914501E-18,0.0045));
#11797=CARTESIAN_POINT('',(0.0009,-0.00694190175672344,0.0045));
#11798=CARTESIAN_POINT('',(0.0009,0.00694190175672344,0.0045));
#11799=CARTESIAN_POINT('',(0.0009,-0.00694190175672344,0.0086));
#11800=CARTESIAN_POINT('',(0.0009,-0.00694190175672344,0.00622285714285714));
#11801=CARTESIAN_POINT('',(0.0009,-0.00694190175672344,0.00622285714285714));
#11802=CARTESIAN_POINT('',(0.00144801731031901,-0.00687085269890447,0.00703705428961682));
#11803=CARTESIAN_POINT('',(0.0019838405615555,-0.00673570690925262,0.00783313454859674));
#11804=CARTESIAN_POINT('',(0.0025,-0.00653834841531101,0.0086));
#11805=CARTESIAN_POINT('',(0.0025,-0.00653834841531101,0.0086));
#11806=CARTESIAN_POINT('',(2.76977639434434E-19,2.18959124914501E-18,0.0086));
#11807=CARTESIAN_POINT('',(0.0025,0.00653834841531101,0.0086));
#11808=CARTESIAN_POINT('',(0.0025,0.00653834841531101,0.0086));
#11809=CARTESIAN_POINT('',(0.0019838405615555,0.00673570690925262,0.00783313454859674));
#11810=CARTESIAN_POINT('',(0.00144801731031901,0.00687085269890447,0.00703705428961682));
#11811=CARTESIAN_POINT('',(0.0009,0.00694190175672344,0.00622285714285714));
#11812=CARTESIAN_POINT('',(0.0009,0.00694190175672344,0.00622285714285714));
#11813=CARTESIAN_POINT('',(0.0009,0.00694190175672345,0.0086));
#11814=CARTESIAN_POINT('',(2.76977639434434E-19,2.18959124914501E-18,-0.0167489898732233));
#11815=CARTESIAN_POINT('',(2.76977639434434E-19,2.18959124914501E-18,0.0045));
#11816=CARTESIAN_POINT('',(0.0062,2.18959124914501E-18,0.0045));
#11817=CARTESIAN_POINT('',(2.76977639434434E-19,2.18959124914501E-18,0.0042));
#11818=CARTESIAN_POINT('',(0.0062,2.18959124914501E-18,0.0042));
#11819=CARTESIAN_POINT('',(-0.0015,0.0094,1.13686837721616E-13));
#11820=CARTESIAN_POINT('',(-0.0015,0.0094,0.));
#11821=CARTESIAN_POINT('',(-0.00109999999999828,0.00876557112297098,2.81285684286413E-16));
#11822=CARTESIAN_POINT('',(-0.00109999999999829,0.010034428877029,2.8123508470592E-16));
#11823=CARTESIAN_POINT('',(-0.00109999999999829,0.010034428877029,2.8123508470592E-16));
#11824=CARTESIAN_POINT('',(-0.00108769411659525,0.0100121225690635,0.000140656890913933));
#11825=CARTESIAN_POINT('',(-0.00107602896145847,0.0099898014658146,0.000273990224247204));
#11826=CARTESIAN_POINT('',(-0.00106500453458867,0.00996745962813283,0.000400000000006639));
#11827=CARTESIAN_POINT('',(-0.00106500453458867,0.00996745962813283,0.000400000000006639));
#11828=CARTESIAN_POINT('',(-0.0015,0.0094,0.000400000000013279));
#11829=CARTESIAN_POINT('',(-0.0009,0.00978888492447765,0.000400000000006614));
#11830=CARTESIAN_POINT('',(-0.0015,0.0094,0.000400000000013279));
#11831=CARTESIAN_POINT('',(-0.0009,0.00901111507552235,0.000400000000006616));
#11832=CARTESIAN_POINT('',(-0.0015,0.0094,0.000400000000013279));
#11833=CARTESIAN_POINT('',(-0.00106500453458833,0.00883254037186746,0.000400000000006826));
#11834=CARTESIAN_POINT('',(-0.00106500453458833,0.00883254037186746,0.000400000000006826));
#11835=CARTESIAN_POINT('',(-0.00107602896145847,0.0088101985341854,0.000273990224247201));
#11836=CARTESIAN_POINT('',(-0.00108769411659525,0.00878787743093652,0.000140656890913931));
#11837=CARTESIAN_POINT('',(-0.00109999999999828,0.00876557112297098,2.81285684286413E-16));
#11838=CARTESIAN_POINT('',(-0.0015,0.0094,0.000800000000026557));
#11839=CARTESIAN_POINT('',(-0.00218000906917908,0.0094,0.000800000000026557));
#11840=CARTESIAN_POINT('',(0.0015,0.0094,1.13686837721616E-13));
#11841=CARTESIAN_POINT('',(0.0015,0.0094,0.000400000000013279));
#11842=CARTESIAN_POINT('',(0.0009,0.00901111507552235,0.000400000000006616));
#11843=CARTESIAN_POINT('',(0.0009,0.00978888492447979,0.000400000000006614));
#11844=CARTESIAN_POINT('',(0.0015,0.0094,0.000400000000013279));
#11845=CARTESIAN_POINT('',(0.00106500453458833,0.00996745962813254,0.000400000000006826));
#11846=CARTESIAN_POINT('',(0.00106500453458833,0.00996745962813254,0.000400000000006826));
#11847=CARTESIAN_POINT('',(0.00107602896145847,0.0099898014658146,0.000273990224247208));
#11848=CARTESIAN_POINT('',(0.00108769411659525,0.0100121225690635,0.000140656890913937));
#11849=CARTESIAN_POINT('',(0.00109999999999829,0.010034428877029,2.8123508470592E-16));
#11850=CARTESIAN_POINT('',(0.00109999999999829,0.010034428877029,2.8123508470592E-16));
#11851=CARTESIAN_POINT('',(0.0015,0.0094,0.));
#11852=CARTESIAN_POINT('',(0.00109999999999829,0.00876557112297098,2.81285684286413E-16));
#11853=CARTESIAN_POINT('',(0.00109999999999829,0.00876557112297098,2.81285684286413E-16));
#11854=CARTESIAN_POINT('',(0.00108769411659525,0.00878787743093652,0.00014065689091393));
#11855=CARTESIAN_POINT('',(0.00107602896145847,0.0088101985341854,0.000273990224247201));
#11856=CARTESIAN_POINT('',(0.00106500453458833,0.00883254037186746,0.000400000000006826));
#11857=CARTESIAN_POINT('',(0.00106500453458833,0.00883254037186746,0.000400000000006826));
#11858=CARTESIAN_POINT('',(0.0015,0.0094,0.000400000000013279));
#11859=CARTESIAN_POINT('',(0.0015,0.0094,0.000800000000026557));
#11860=CARTESIAN_POINT('',(0.000819990930820923,0.0094,0.000800000000026557));
#11861=CARTESIAN_POINT('',(-0.004,-0.0115,0.0032));
#11862=CARTESIAN_POINT('',(-0.004,-0.0115,0.0032));
#11863=CARTESIAN_POINT('',(-0.004,-0.0115,0.0032));
#11864=CARTESIAN_POINT('',(-0.004,-0.0115,0.0036));
#11865=CARTESIAN_POINT('',(-0.004,-0.0115,0.0032));
#11866=CARTESIAN_POINT('',(0.004,-0.0115,0.0032));
#11867=CARTESIAN_POINT('',(0.004,-0.0115,0.0032));
#11868=CARTESIAN_POINT('',(0.004,-0.0115,0.0036));
#11869=CARTESIAN_POINT('',(-0.004,-0.0115,0.0036));
#11870=CARTESIAN_POINT('',(0.,0.,0.));
#11871=CARTESIAN_POINT('',(0.00773603355853732,-0.00319623046526488,0.));
#11872=CARTESIAN_POINT('',(0.00773603355853732,-0.00319623046526488,0.));
#11873=CARTESIAN_POINT('',(0.0100762794416286,-0.00454737205583754,6.32451267283211E-19));
#11874=CARTESIAN_POINT('',(0.0069195371997121,-0.00341501000523505,1.35525271560688E-20));
#11875=CARTESIAN_POINT('',(0.00709487868982722,-0.00311130963568083,0.));
#11876=CARTESIAN_POINT('',(0.00743233318898309,-0.00302088897514976,0.));
#11877=CARTESIAN_POINT('',(0.00773603355853732,-0.00319623046526488,0.));
#11878=CARTESIAN_POINT('',(0.0069195371997121,-0.00341501000523505,1.35525271560688E-20));
#11879=CARTESIAN_POINT('',(0.00674535918032442,-0.00371669518437624,0.));
#11880=CARTESIAN_POINT('',(0.00690574542205659,-0.00456207979502736,0.));
#11881=CARTESIAN_POINT('',(0.00659747822372938,-0.00507922990799979,3.64864794496383E-10));
#11882=CARTESIAN_POINT('',(0.00897627944162858,-0.0064526279441633,0.));
#11883=CARTESIAN_POINT('',(0.00897627944162858,-0.0064526279441633,6.1076786467885E-19));
#11884=CARTESIAN_POINT('',(0.0101762794416288,-0.00437416697508024,8.67361737988404E-19));
#11885=CARTESIAN_POINT('',(0.00887627944162881,-0.00662583302491978,2.89120579329468E-19));
#11886=CARTESIAN_POINT('',(0.00887627944162881,-0.00662583302491978,0.));
#11887=CARTESIAN_POINT('',(0.00876591073662021,-0.00656211162337296,0.));
#11888=CARTESIAN_POINT('',(0.,0.,0.));
#11889=CARTESIAN_POINT('',(0.00475,-0.00986610358753647,0.));
#11890=CARTESIAN_POINT('',(0.00475,-0.00986610358753648,0.));
#11891=CARTESIAN_POINT('',(0.00475,-0.0115,0.));
#11892=CARTESIAN_POINT('',(0.,-0.0115,0.));
#11893=CARTESIAN_POINT('',(-0.00475,-0.0115,0.));
#11894=CARTESIAN_POINT('',(-0.00475,-0.00986610358753648,0.));
#11895=CARTESIAN_POINT('',(-0.00475,-0.00986610358753647,0.));
#11896=CARTESIAN_POINT('',(0.,0.,0.));
#11897=CARTESIAN_POINT('',(-0.00876591073662021,-0.00656211162337296,0.));
#11898=CARTESIAN_POINT('',(-0.00887627944162881,-0.00662583302491978,0.));
#11899=CARTESIAN_POINT('',(-0.00887627944162881,-0.00662583302491978,2.89120579329468E-19));
#11900=CARTESIAN_POINT('',(-0.0101762794416288,-0.00437416697508024,8.67361737988404E-19));
#11901=CARTESIAN_POINT('',(-0.0089762794416291,-0.00645262794416241,5.60171122450844E-19));
#11902=CARTESIAN_POINT('',(-0.00659747972010205,-0.00507922728459056,0.));
#11903=CARTESIAN_POINT('',(-0.00659747972011951,-0.00507922728456032,4.64775479437926E-20));
#11904=CARTESIAN_POINT('',(-0.00630053543797485,-0.00448715240937576,-1.9568399907304E-20));
#11905=CARTESIAN_POINT('',(-0.00627088908904944,-0.00472129090672419,-1.9568399907304E-20));
#11906=CARTESIAN_POINT('',(-0.00639315560348671,-0.00496125658978103,-5.08093646373557E-17));
#11907=CARTESIAN_POINT('',(-0.00659747972013667,-0.00507922728452991,-5.08093646373557E-17));
#11908=CARTESIAN_POINT('',(-0.00691953719971313,-0.00341501000523445,0.));
#11909=CARTESIAN_POINT('',(-0.00691953719971313,-0.00341501000523445,-4.79613225769071E-21));
#11910=CARTESIAN_POINT('',(-0.00773603355853835,-0.00319623046526428,6.7762635780344E-21));
#11911=CARTESIAN_POINT('',(-0.00743233318898413,-0.00302088897514917,0.));
#11912=CARTESIAN_POINT('',(-0.00709487868982826,-0.00311130963568024,0.));
#11913=CARTESIAN_POINT('',(-0.00691953719971313,-0.00341501000523445,-4.79613225769071E-21));
#11914=CARTESIAN_POINT('',(-0.00773603355853835,-0.00319623046526428,6.7762635780344E-21));
#11915=CARTESIAN_POINT('',(-0.0100762794416291,-0.00454737205583664,0.));
#11916=CARTESIAN_POINT('',(-0.0100762794416291,-0.00454737205583664,5.78241158658936E-19));
#11917=CARTESIAN_POINT('',(-0.0101762794416288,-0.00437416697508024,8.67361737988404E-19));
#11918=CARTESIAN_POINT('',(-0.0101762794416288,-0.00437416697508024,7.2280144832367E-19));
#11919=CARTESIAN_POINT('',(-0.0101762794416288,-0.00437416697508024,0.));
#11920=CARTESIAN_POINT('',(-0.00840412386624847,-0.0027736622073989,0.));
#11921=CARTESIAN_POINT('',(-0.00840412386624847,-0.00277366220739889,5.74985978478001E-19));
#11922=CARTESIAN_POINT('',(0.,4.86189809336831E-21,8.67361737988404E-19));
#11923=CARTESIAN_POINT('',(-0.00870416566937923,-0.0016,6.86689182054532E-19));
#11924=CARTESIAN_POINT('',(0.,-0.0016,0.));
#11925=CARTESIAN_POINT('',(-0.0049,0.,0.));
#11926=CARTESIAN_POINT('',(-0.0049,0.00736970148649184,-2.68460282378088E-18));
#11927=CARTESIAN_POINT('',(0.,4.86189809336836E-21,-4.55364912443912E-18));
#11928=CARTESIAN_POINT('',(-0.003,0.00832601345182675,-3.73344241288292E-18));
#11929=CARTESIAN_POINT('',(-0.003,0.,0.));
#11930=CARTESIAN_POINT('',(-0.0017,0.0115,0.));
#11931=CARTESIAN_POINT('',(-0.0017,0.0115,0.));
#11932=CARTESIAN_POINT('',(-0.0017,0.0115,0.));
#11933=CARTESIAN_POINT('',(-0.001325,0.0115,0.));
#11934=CARTESIAN_POINT('',(-0.001325,0.012620787768617,0.));
#11935=CARTESIAN_POINT('',(-0.001325,0.011,0.));
#11936=CARTESIAN_POINT('',(-0.001325,0.011,0.));
#11937=CARTESIAN_POINT('',(-0.0011,0.011,0.));
#11938=CARTESIAN_POINT('',(-0.0011,0.,0.));
#11939=CARTESIAN_POINT('',(-0.0011,0.,0.));
#11940=CARTESIAN_POINT('',(-0.0011,0.00819809734904587,3.01087140738907E-21));
#11941=CARTESIAN_POINT('',(-0.000601902650954127,0.0077,1.35525271560688E-20));
#11942=CARTESIAN_POINT('',(-0.000894138467812656,0.0077,0.));
#11943=CARTESIAN_POINT('',(-0.0011,0.00790586153218735,0.));
#11944=CARTESIAN_POINT('',(-0.0011,0.00819809734904587,3.01087140738907E-21));
#11945=CARTESIAN_POINT('',(-0.000601902650954127,0.0077,1.35525271560688E-20));
#11946=CARTESIAN_POINT('',(0.,0.0077,0.));
#11947=CARTESIAN_POINT('',(0.000601902650954127,0.0077,0.));
#11948=CARTESIAN_POINT('',(0.0011,0.00819809734904587,6.7762635780344E-21));
#11949=CARTESIAN_POINT('',(0.0011,0.00790586153218735,0.));
#11950=CARTESIAN_POINT('',(0.000894138467812656,0.0077,0.));
#11951=CARTESIAN_POINT('',(0.000601902650954127,0.0077,0.));
#11952=CARTESIAN_POINT('',(0.0011,0.00819809734904587,6.7762635780344E-21));
#11953=CARTESIAN_POINT('',(0.0011,0.,0.));
#11954=CARTESIAN_POINT('',(0.0011,0.,0.));
#11955=CARTESIAN_POINT('',(0.0011,0.011,-1.80700362080917E-20));
#11956=CARTESIAN_POINT('',(-0.001325,0.011,0.));
#11957=CARTESIAN_POINT('',(0.001325,0.011,0.));
#11958=CARTESIAN_POINT('',(0.001325,0.012620787768617,0.));
#11959=CARTESIAN_POINT('',(0.001325,0.0115,0.));
#11960=CARTESIAN_POINT('',(-0.0017,0.0115,0.));
#11961=CARTESIAN_POINT('',(0.0017,0.0115,0.));
#11962=CARTESIAN_POINT('',(0.0017,0.0115,0.));
#11963=CARTESIAN_POINT('',(0.0017,0.0108172316236642,0.));
#11964=CARTESIAN_POINT('',(0.,0.,0.));
#11965=CARTESIAN_POINT('',(0.003,0.0105310255910809,0.));
#11966=CARTESIAN_POINT('',(0.003,0.,0.));
#11967=CARTESIAN_POINT('',(0.003,0.00832601345182675,-2.70324520368122E-18));
#11968=CARTESIAN_POINT('',(0.,4.86189809336836E-21,-4.55364912443912E-18));
#11969=CARTESIAN_POINT('',(0.0049,0.00736970148649184,-3.58678177088977E-18));
#11970=CARTESIAN_POINT('',(0.0049,0.,0.));
#11971=CARTESIAN_POINT('',(0.0049,0.00979247159812068,0.));
#11972=CARTESIAN_POINT('',(0.,0.,0.));
#11973=CARTESIAN_POINT('',(0.0108324743249176,-0.0016,0.));
#11974=CARTESIAN_POINT('',(0.,-0.0016,0.));
#11975=CARTESIAN_POINT('',(0.00870416566937923,-0.0016,6.83462269671369E-19));
#11976=CARTESIAN_POINT('',(0.,4.86189809336831E-21,1.0842021724855E-18));
#11977=CARTESIAN_POINT('',(0.00840412386624847,-0.00277366220739889,8.26206218820953E-19));
#11978=CARTESIAN_POINT('',(0.0102539764271672,-0.00384167508140644,0.));
#11979=CARTESIAN_POINT('',(0.0102539764271672,-0.00384167508140644,-8.86098558445439E-19));
#11980=CARTESIAN_POINT('',(0.,0.,0.));
#11981=CARTESIAN_POINT('',(0.0100659107366202,-0.00431044557353342,0.));
#11982=CARTESIAN_POINT('',(0.0101762794416288,-0.00437416697508024,0.));
#11983=CARTESIAN_POINT('',(0.0101762794416288,-0.00437416697508024,2.89120579329468E-19));
#11984=CARTESIAN_POINT('',(0.0101762794416288,-0.00437416697508024,8.67361737988404E-19));
#11985=CARTESIAN_POINT('',(0.0112490150865302,-0.00522445129610978,0.));
#11986=CARTESIAN_POINT('',(0.00773603355853732,-0.00319623046526488,1.10269815286337E-19));
#11987=CARTESIAN_POINT('',(0.00774884278789477,-0.00324403516003271,0.0004));
#11988=CARTESIAN_POINT('',(0.0100587817089234,-0.00457767901790018,0.0004));
#11989=CARTESIAN_POINT('',(0.0100587817089234,-0.00457767901790018,0.0004));
#11990=CARTESIAN_POINT('',(0.0112315173538251,-0.00525475825817242,0.0004));
#11991=CARTESIAN_POINT('',(0.00744836854828179,-0.00375564274908185,0.000297248243695209));
#11992=CARTESIAN_POINT('',(0.0069307305988841,-0.00345678433965433,0.000349541689343804));
#11993=CARTESIAN_POINT('',(0.00693234642906956,-0.00346281470000288,0.0004));
#11994=CARTESIAN_POINT('',(0.00693234642906956,-0.00346281470000288,0.0004));
#11995=CARTESIAN_POINT('',(0.00710768791918467,-0.00315911433044866,0.0004));
#11996=CARTESIAN_POINT('',(0.00744514241834055,-0.0030686936699176,0.0004));
#11997=CARTESIAN_POINT('',(0.00774884278789477,-0.00324403516003271,0.0004));
#11998=CARTESIAN_POINT('',(0.00611839560913963,-0.00480262794416312,0.));
#11999=CARTESIAN_POINT('',(0.00614870257120227,-0.00482012567686831,0.0004));
#12000=CARTESIAN_POINT('',(0.00690219959934471,-0.00456200252894685,-1.93869613883252E-5));
#12001=CARTESIAN_POINT('',(0.00659747973827723,-0.00507922728499783,9.98521533191898E-11));
#12002=CARTESIAN_POINT('',(0.00662175051094111,-0.0050797702744285,0.0001333333023594));
#12003=CARTESIAN_POINT('',(0.006646021283605,-0.00508031326385918,0.000266666504866647));
#12004=CARTESIAN_POINT('',(0.00667029205626888,-0.00508085625328986,0.000399999707373893));
#12005=CARTESIAN_POINT('',(0.00667034067835262,-0.00508077214347314,0.00039999119917955));
#12006=CARTESIAN_POINT('',(0.00697890433831695,-0.00456367398153164,0.0004));
#12007=CARTESIAN_POINT('',(0.0101490150865302,-0.00712970718443554,0.));
#12008=CARTESIAN_POINT('',(0.0101665128192354,-0.0070994002223729,0.0004));
#12009=CARTESIAN_POINT('',(0.00899377717433377,-0.00642232098210066,0.0004));
#12010=CARTESIAN_POINT('',(0.00897627944162858,-0.0064526279441633,8.67361737988404E-19));
#12011=CARTESIAN_POINT('',(0.,0.,0.0086));
#12012=CARTESIAN_POINT('',(0.,0.,0.0032));
#12013=CARTESIAN_POINT('',(0.00876591073662021,-0.00656211162337296,0.0032));
#12014=CARTESIAN_POINT('',(0.00475,-0.00986610358753647,0.0032));
#12015=CARTESIAN_POINT('',(0.00475,-0.00986610358753647,0.0086));
#12016=CARTESIAN_POINT('',(0.00876591073662022,-0.00656211162337296,0.0086));
#12017=CARTESIAN_POINT('',(0.00876591073662022,-0.00656211162337296,0.00272791708698966));
#12018=CARTESIAN_POINT('',(0.00876591073662022,-0.00656211162337296,0.0086));
#12019=CARTESIAN_POINT('',(-0.004,-0.0115,0.0032));
#12020=CARTESIAN_POINT('',(0.004,-0.0115,0.0032));
#12021=CARTESIAN_POINT('',(0.004,-0.0115,0.0008));
#12022=CARTESIAN_POINT('',(0.004,-0.0115,0.0011));
#12023=CARTESIAN_POINT('',(-0.004,-0.0115,0.0008));
#12024=CARTESIAN_POINT('',(0.002,-0.0115,0.0008));
#12025=CARTESIAN_POINT('',(0.002,-0.0115,0.0032));
#12026=CARTESIAN_POINT('',(0.002,-0.0115,0.0011));
#12027=CARTESIAN_POINT('',(-0.004,-0.0115,0.0011));
#12028=CARTESIAN_POINT('',(-0.004,-0.0115,0.0032));
#12029=CARTESIAN_POINT('',(-0.004,-0.0115,0.0011));
#12030=CARTESIAN_POINT('',(-0.004,-0.0115,0.0008));
#12031=CARTESIAN_POINT('',(-0.004,-0.0115,0.0011));
#12032=CARTESIAN_POINT('',(-0.002,-0.0115,0.0011));
#12033=CARTESIAN_POINT('',(-0.002,-0.0115,0.0032));
#12034=CARTESIAN_POINT('',(-0.002,-0.0115,0.0008));
#12035=CARTESIAN_POINT('',(-0.004,-0.0115,0.0008));
#12036=CARTESIAN_POINT('',(0.001,-0.0115,0.0032));
#12037=CARTESIAN_POINT('',(0.001,-0.0115,0.0008));
#12038=CARTESIAN_POINT('',(0.001,-0.0115,0.0011));
#12039=CARTESIAN_POINT('',(-0.004,-0.0115,0.0008));
#12040=CARTESIAN_POINT('',(-0.001,-0.0115,0.0008));
#12041=CARTESIAN_POINT('',(-0.001,-0.0115,0.0032));
#12042=CARTESIAN_POINT('',(-0.001,-0.0115,0.0011));
#12043=CARTESIAN_POINT('',(-0.004,-0.0115,0.0011));
#12044=CARTESIAN_POINT('',(-0.00405,-0.0115,0.00318));
#12045=CARTESIAN_POINT('',(-0.00405,-0.0115,0.00318));
#12046=CARTESIAN_POINT('',(0.00405,-0.0115,0.00318));
#12047=CARTESIAN_POINT('',(-0.00405,-0.0115,0.0032));
#12048=CARTESIAN_POINT('',(-0.00405,-0.0115,0.00355));
#12049=CARTESIAN_POINT('',(-0.004,-0.0115,0.00355));
#12050=CARTESIAN_POINT('',(-0.00475,-0.0115,0.00355));
#12051=CARTESIAN_POINT('',(-0.00475,-0.0115,0.0032));
#12052=CARTESIAN_POINT('',(0.00475,-0.0115,0.0032));
#12053=CARTESIAN_POINT('',(0.00475,-0.0115,0.00355));
#12054=CARTESIAN_POINT('',(-0.004,-0.0115,0.00355));
#12055=CARTESIAN_POINT('',(0.00405,-0.0115,0.00355));
#12056=CARTESIAN_POINT('',(0.00405,-0.0115,0.0032));
#12057=CARTESIAN_POINT('',(0.,0.,0.0086));
#12058=CARTESIAN_POINT('',(-0.00475,-0.00986610358753647,0.0086));
#12059=CARTESIAN_POINT('',(-0.00475,-0.00986610358753647,0.0032));
#12060=CARTESIAN_POINT('',(0.,0.,0.0032));
#12061=CARTESIAN_POINT('',(-0.00876591073662021,-0.00656211162337296,0.0032));
#12062=CARTESIAN_POINT('',(-0.00876591073662021,-0.00656211162337296,0.0086));
#12063=CARTESIAN_POINT('',(-0.00876591073662021,-0.00656211162337296,0.00272791708698969));
#12064=CARTESIAN_POINT('',(-0.00876591073662021,-0.00656211162337296,0.0086));
#12065=CARTESIAN_POINT('',(-0.0101490150865313,-0.00712970718443494,0.));
#12066=CARTESIAN_POINT('',(-0.00659747972010205,-0.00507922728459056,-1.04935797050368E-19));
#12067=CARTESIAN_POINT('',(-0.00667029210953698,-0.00508085625448097,0.0004));
#12068=CARTESIAN_POINT('',(-0.00899377717433428,-0.00642232098209976,0.0004));
#12069=CARTESIAN_POINT('',(-0.00899377717433428,-0.00642232098209976,0.0004));
#12070=CARTESIAN_POINT('',(-0.0101665128192365,-0.0070994002223723,0.0004));
#12071=CARTESIAN_POINT('',(-0.00630033834294811,-0.00448367690457445,-3.41708962913427E-6));
#12072=CARTESIAN_POINT('',(-0.00628691110668032,-0.00459342492470999,-1.54576437075099E-6));
#12073=CARTESIAN_POINT('',(-0.00630315515655616,-0.00471681766137267,-5.22577470512949E-6));
#12074=CARTESIAN_POINT('',(-0.00640712616349996,-0.00493325965923471,-2.56103909466101E-5));
#12075=CARTESIAN_POINT('',(-0.00649273504407863,-0.0050229863692584,-4.19057333170214E-5));
#12076=CARTESIAN_POINT('',(-0.00658649949913794,-0.00507890068023964,-5.95192863546105E-5));
#12077=CARTESIAN_POINT('',(-0.00633250712838298,-0.00445500379129459,0.000149683230208658));
#12078=CARTESIAN_POINT('',(-0.00631325312976379,-0.00456818349444088,0.000152614058163595));
#12079=CARTESIAN_POINT('',(-0.00632540103497046,-0.00469808630788802,0.000149690680603534));
#12080=CARTESIAN_POINT('',(-0.0064287844947738,-0.00492690129124122,0.000129490247941627));
#12081=CARTESIAN_POINT('',(-0.00651764005336356,-0.00502174933172745,0.000112672128827123));
#12082=CARTESIAN_POINT('',(-0.00661492510027852,-0.00507975215111632,9.45052994309638E-5));
#12083=CARTESIAN_POINT('',(-0.00636700979478342,-0.00442237903880929,0.000302854752828849));
#12084=CARTESIAN_POINT('',(-0.00634068072062033,-0.00453911107117599,0.000307163264522417));
#12085=CARTESIAN_POINT('',(-0.00634763255266397,-0.00467642094817135,0.000305205221970097));
#12086=CARTESIAN_POINT('',(-0.00644977798259751,-0.00491953172759641,0.000285105971347581));
#12087=CARTESIAN_POINT('',(-0.00654227033505209,-0.00502032855741435,0.000267498673736896));
#12088=CARTESIAN_POINT('',(-0.00664348674763162,-0.00508068369229287,0.000248514799747422));
#12089=CARTESIAN_POINT('',(-0.00640747857193524,-0.00437865779026703,0.000450134679219146));
#12090=CARTESIAN_POINT('',(-0.00637038855736518,-0.0044982839815611,0.000456561466568102));
#12091=CARTESIAN_POINT('',(-0.00636813019070934,-0.00464501214311986,0.000456793854645583));
#12092=CARTESIAN_POINT('',(-0.00646663132412652,-0.00490810097148241,0.000439064083414068));
#12093=CARTESIAN_POINT('',(-0.00656425110438253,-0.00501744473337033,0.000421665499515079));
#12094=CARTESIAN_POINT('',(-0.00667077769447624,-0.00508085948118571,0.000402743190393828));
#12095=CARTESIAN_POINT('',(-0.00639268576118216,-0.00439751642799203,0.000399999999999936));
#12096=CARTESIAN_POINT('',(-0.00631776745940429,-0.00465436411716341,0.000399999999999936));
#12097=CARTESIAN_POINT('',(-0.00643865227177101,-0.00494711891111576,0.0004));
#12098=CARTESIAN_POINT('',(-0.00667029210953698,-0.00508085625448096,0.0004));
#12099=CARTESIAN_POINT('',(-0.00721839560914066,-0.00289737205583676,0.));
#12100=CARTESIAN_POINT('',(-0.00691953719971313,-0.00341501000523445,-4.70708360108588E-20));
#12101=CARTESIAN_POINT('',(-0.00693234642907059,-0.00346281470000228,0.0004));
#12102=CARTESIAN_POINT('',(-0.0072487025712033,-0.00291486978854195,0.0004));
#12103=CARTESIAN_POINT('',(-0.0074355258013565,-0.00370771296504349,-0.000103798425637575));
#12104=CARTESIAN_POINT('',(-0.00773438421078403,-0.00319007501564579,-5.15049799889801E-5));
#12105=CARTESIAN_POINT('',(-0.00774884278789581,-0.00324403516003211,0.0004));
#12106=CARTESIAN_POINT('',(-0.00774884278789581,-0.00324403516003211,0.0004));
#12107=CARTESIAN_POINT('',(-0.00744514241834158,-0.00306869366991699,0.0004));
#12108=CARTESIAN_POINT('',(-0.0071076879191857,-0.00315911433044806,0.0004));
#12109=CARTESIAN_POINT('',(-0.00693234642907059,-0.00346281470000228,0.0004));
#12110=CARTESIAN_POINT('',(-0.0112490150865313,-0.00522445129610918,0.));
#12111=CARTESIAN_POINT('',(-0.0112315173538261,-0.00525475825817182,0.0004));
#12112=CARTESIAN_POINT('',(-0.0100587817089239,-0.00457767901789928,0.0004));
#12113=CARTESIAN_POINT('',(-0.0100762794416291,-0.00454737205583664,8.67361737988404E-19));
#12114=CARTESIAN_POINT('',(-0.0135631880665459,-0.00575224931220716,0.));
#12115=CARTESIAN_POINT('',(1.50073357999377,0.881007759823998,0.123539559289923));
#12116=CARTESIAN_POINT('',(-0.008488274825624,-0.00274142822094655,0.0008));
#12117=CARTESIAN_POINT('',(-0.0135981835319563,-0.00569163538808188,0.0008));
#12118=CARTESIAN_POINT('',(0.,0.,0.0008));
#12119=CARTESIAN_POINT('',(0.,1.04413077851925E-35,0.0008));
#12120=CARTESIAN_POINT('',(-0.00876226959736464,-0.00166999093082074,0.0008));
#12121=CARTESIAN_POINT('',(1.66820740476907,-0.0122098262351649,0.121270868638791));
#12122=CARTESIAN_POINT('',(-0.00870416566937923,-0.0016,0.));
#12123=CARTESIAN_POINT('',(-0.00870416566937923,-0.00166999093082074,0.0008));
#12124=CARTESIAN_POINT('',(-0.0049,0.0114967427688593,0.));
#12125=CARTESIAN_POINT('',(-0.000741166877721095,-0.286096776264001,0.0475356801080123));
#12126=CARTESIAN_POINT('',(-0.00483000906917926,0.00749914999167041,0.0008));
#12127=CARTESIAN_POINT('',(-0.00483000906917926,0.0114967427688593,0.0008));
#12128=CARTESIAN_POINT('',(0.,0.,0.0008));
#12129=CARTESIAN_POINT('',(0.,2.86101095941985E-35,0.0008));
#12130=CARTESIAN_POINT('',(-0.00306999093082074,0.00837504590379078,0.0008));
#12131=CARTESIAN_POINT('',(-0.0149992185925428,-2.23993073777675,0.137151695168598));
#12132=CARTESIAN_POINT('',(-0.003,0.0114967427688593,0.));
#12133=CARTESIAN_POINT('',(-0.00306999093082074,0.0114967427688593,0.0008));
#12134=CARTESIAN_POINT('',(-0.0011,0.0123541584805448,0.));
#12135=CARTESIAN_POINT('',(-0.0011,0.011,0.));
#12136=CARTESIAN_POINT('',(-0.00106500453458963,0.011,0.0004));
#12137=CARTESIAN_POINT('',(-0.00106500453458963,0.0123541584805448,0.0004));
#12138=CARTESIAN_POINT('',(-0.0011,0.0123541584805448,0.));
#12139=CARTESIAN_POINT('',(-0.0011,0.00819809734904587,1.20434856295563E-20));
#12140=CARTESIAN_POINT('',(-0.00106500453458963,0.00823309281445624,0.0004));
#12141=CARTESIAN_POINT('',(-0.00106500453458963,0.,0.0004));
#12142=CARTESIAN_POINT('',(-0.000570570698729483,0.00822942930127052,0.000314547981301471));
#12143=CARTESIAN_POINT('',(-0.000570570698729483,0.00773133195222464,0.0003581258526753));
#12144=CARTESIAN_POINT('',(-0.000566907185543757,0.00773499546541037,0.0004));
#12145=CARTESIAN_POINT('',(-0.000566907185543757,0.00773499546541037,0.0004));
#12146=CARTESIAN_POINT('',(-0.000859143002402285,0.00773499546541037,0.0004));
#12147=CARTESIAN_POINT('',(-0.00106500453458963,0.00794085699759771,0.0004));
#12148=CARTESIAN_POINT('',(-0.00106500453458963,0.00823309281445624,0.0004));
#12149=CARTESIAN_POINT('',(0.0011,0.0077,0.));
#12150=CARTESIAN_POINT('',(0.,0.00773499546541037,0.0004));
#12151=CARTESIAN_POINT('',(0.000566907185543757,0.00773499546541037,0.0004));
#12152=CARTESIAN_POINT('',(0.000601902650954127,0.0077,0.));
#12153=CARTESIAN_POINT('',(0.000605657735840931,0.00819434226415907,-8.64986880313125E-5));
#12154=CARTESIAN_POINT('',(0.0011037550848868,0.00819434226415907,-4.29208166574832E-5));
#12155=CARTESIAN_POINT('',(0.00106500453458963,0.00823309281445624,0.0004));
#12156=CARTESIAN_POINT('',(0.00106500453458963,0.00823309281445624,0.0004));
#12157=CARTESIAN_POINT('',(0.00106500453458963,0.00794085699759771,0.0004));
#12158=CARTESIAN_POINT('',(0.000859143002402287,0.00773499546541037,0.0004));
#12159=CARTESIAN_POINT('',(0.000566907185543757,0.00773499546541037,0.0004));
#12160=CARTESIAN_POINT('',(0.0011,0.0123541584805448,0.));
#12161=CARTESIAN_POINT('',(0.00106500453458963,0.,0.0004));
#12162=CARTESIAN_POINT('',(0.0011,0.0123541584805448,0.));
#12163=CARTESIAN_POINT('',(0.00106500453458963,0.0123541584805448,0.0004));
#12164=CARTESIAN_POINT('',(0.00106500453458963,0.011,0.0004));
#12165=CARTESIAN_POINT('',(0.00106500453458963,0.011,0.0004));
#12166=CARTESIAN_POINT('',(0.003,0.0114967427688593,0.));
#12167=CARTESIAN_POINT('',(0.0149992187475759,-2.23993076417615,0.137151696773068));
#12168=CARTESIAN_POINT('',(0.00306999093082074,0.00837504590379078,0.0008));
#12169=CARTESIAN_POINT('',(0.00023138078940928,-1.2689264232507,-0.0316454633007993));
#12170=CARTESIAN_POINT('',(0.00306999093082074,0.010510835156384,0.0008));
#12171=CARTESIAN_POINT('',(0.00306999093082074,0.0114967427688593,0.0008));
#12172=CARTESIAN_POINT('',(0.,0.,0.0008));
#12173=CARTESIAN_POINT('',(0.,2.8642460334909E-35,0.0008));
#12174=CARTESIAN_POINT('',(0.00483000906917926,0.00749914999167041,0.0008));
#12175=CARTESIAN_POINT('',(0.000741166877627374,-0.286096776279246,0.0475356801104708));
#12176=CARTESIAN_POINT('',(0.0049,0.0114967427688593,0.));
#12177=CARTESIAN_POINT('',(0.00483000906917926,0.0114967427688593,0.0008));
#12178=CARTESIAN_POINT('',(0.00483000906917926,0.00982718232209244,0.0008));
#12179=CARTESIAN_POINT('',(0.000953039882754677,-1.02862920463573,0.0451139606748832));
#12180=CARTESIAN_POINT('',(0.,0.,0.0086));
#12181=CARTESIAN_POINT('',(0.0045,0.00998260987918491,0.0086));
#12182=CARTESIAN_POINT('',(0.0045,0.00998260987918491,0.0008));
#12183=CARTESIAN_POINT('',(0.0045,0.00998260987918491,0.0011));
#12184=CARTESIAN_POINT('',(0.,0.,0.0011));
#12185=CARTESIAN_POINT('',(0.0035,0.0103755722733736,0.0011));
#12186=CARTESIAN_POINT('',(0.0035,0.0103755722733736,0.0086));
#12187=CARTESIAN_POINT('',(0.0035,0.0103755722733736,0.0008));
#12188=CARTESIAN_POINT('',(0.,0.,0.0008));
#12189=CARTESIAN_POINT('',(0.0017,0.0108172316236642,0.0086));
#12190=CARTESIAN_POINT('',(0.0017,0.0108172316236642,0.0032));
#12191=CARTESIAN_POINT('',(0.,0.,0.0032));
#12192=CARTESIAN_POINT('',(0.0108467737138746,0.0015,0.0032));
#12193=CARTESIAN_POINT('',(0.0108467737138746,0.0015,0.0086));
#12194=CARTESIAN_POINT('',(0.0108467737138746,0.0015,0.0016));
#12195=CARTESIAN_POINT('',(0.,0.,0.0016));
#12196=CARTESIAN_POINT('',(0.0108467737138746,-0.0015,0.0016));
#12197=CARTESIAN_POINT('',(0.0108467737138746,-0.0015,0.0086));
#12198=CARTESIAN_POINT('',(0.0108467737138746,-0.0015,0.0032));
#12199=CARTESIAN_POINT('',(0.,0.,0.0032));
#12200=CARTESIAN_POINT('',(0.0100659107366202,-0.00431044557353342,0.0032));
#12201=CARTESIAN_POINT('',(0.0100659107366202,-0.00431044557353342,0.0086));
#12202=CARTESIAN_POINT('',(0.0100659107366202,-0.00431044557353342,0.00272791708698966));
#12203=CARTESIAN_POINT('',(0.0100659107366202,-0.00431044557353342,0.0086));
#12204=CARTESIAN_POINT('',(-1.18706408489465,0.68541081675968,-0.0199895942572768));
#12205=CARTESIAN_POINT('',(0.0102786684818952,-0.00377511248035009,0.0008));
#12206=CARTESIAN_POINT('',(0.,0.,0.0008));
#12207=CARTESIAN_POINT('',(0.0104719864400218,-0.0032,0.0008));
#12208=CARTESIAN_POINT('',(0.0104719864400218,-0.0032,0.0086));
#12209=CARTESIAN_POINT('',(0.0104719864400218,-0.0032,0.0011));
#12210=CARTESIAN_POINT('',(0.,0.,0.0011));
#12211=CARTESIAN_POINT('',(0.0107267189764625,-0.0022,0.0011));
#12212=CARTESIAN_POINT('',(0.0107267189764625,-0.0022,0.0086));
#12213=CARTESIAN_POINT('',(0.0107267189764625,-0.0022,0.0008));
#12214=CARTESIAN_POINT('',(0.,0.,0.0008));
#12215=CARTESIAN_POINT('',(0.0108219051137485,-0.00166999093082074,0.0008));
#12216=CARTESIAN_POINT('',(-1.38299604986806,-3.61719162568105E-5,-0.0178746362539681));
#12217=CARTESIAN_POINT('',(0.,0.,0.0008));
#12218=CARTESIAN_POINT('',(0.0146454239501041,-0.0016,0.));
#12219=CARTESIAN_POINT('',(-1.66820739702675,-0.0122098261860183,0.121270868080766));
#12220=CARTESIAN_POINT('',(0.00876226959736464,-0.00166999093082074,0.0008));
#12221=CARTESIAN_POINT('',(0.0146454239501041,-0.00166999093082074,0.0008));
#12222=CARTESIAN_POINT('',(0.,0.,0.0008));
#12223=CARTESIAN_POINT('',(0.,1.04808807407011E-35,0.0008));
#12224=CARTESIAN_POINT('',(0.008488274825624,-0.00274142822094654,0.0008));
#12225=CARTESIAN_POINT('',(-1.50073358433407,0.881007762378643,0.12353955964353));
#12226=CARTESIAN_POINT('',(0.00840412386624847,-0.00277366220739889,0.));
#12227=CARTESIAN_POINT('',(0.00843911933165884,-0.00271304828327361,0.0008));
#12228=CARTESIAN_POINT('',(0.0062,0.0058,0.0008));
#12229=CARTESIAN_POINT('',(-0.0062,0.0058,0.0008));
#12230=CARTESIAN_POINT('',(0.,0.,0.0005));
#12231=CARTESIAN_POINT('',(0.00544865484130692,0.000915306189371979,0.0005));
#12232=CARTESIAN_POINT('',(0.00459619407771474,0.00176776695296416,0.0005));
#12233=CARTESIAN_POINT('',(0.00282842712480555,-5.49532360550281E-18,0.0005));
#12234=CARTESIAN_POINT('',(0.,0.,0.0110503033891226));
#12235=CARTESIAN_POINT('',(0.00505602801398618,0.00222760088924991,0.0110503033891226));
#12236=CARTESIAN_POINT('',(0.00505602801398618,0.00222760088924991,0.0058));
#12237=CARTESIAN_POINT('',(0.,0.,0.0058));
#12238=CARTESIAN_POINT('',(0.00222760088924431,0.00505602801398865,0.0058));
#12239=CARTESIAN_POINT('',(0.00222760088924431,0.00505602801398865,0.0110503033891226));
#12240=CARTESIAN_POINT('',(0.,0.,0.0005));
#12241=CARTESIAN_POINT('',(0.00222760088924431,0.00505602801398865,0.0005));
#12242=CARTESIAN_POINT('',(0.00176776695296594,0.00459619407771296,0.0005));
#12243=CARTESIAN_POINT('',(0.00544865484130692,0.000915306189371979,0.0005));
#12244=CARTESIAN_POINT('',(0.,0.,0.));
#12245=CARTESIAN_POINT('',(0.000915306189371976,0.00544865484130692,0.));
#12246=CARTESIAN_POINT('',(0.000915306189371976,0.00544865484130692,0.0086));
#12247=CARTESIAN_POINT('',(0.,0.,0.0086));
#12248=CARTESIAN_POINT('',(-0.000915306189372,0.00544865484130692,0.0086));
#12249=CARTESIAN_POINT('',(-0.000915306189372,0.00544865484130692,0.));
#12250=CARTESIAN_POINT('',(0.,0.,0.0066));
#12251=CARTESIAN_POINT('',(0.0005,0.00550232905231957,0.0066));
#12252=CARTESIAN_POINT('',(-0.0005,0.00550232905231957,0.0066));
#12253=CARTESIAN_POINT('',(0.0005,0.00550232905231957,0.));
#12254=CARTESIAN_POINT('',(0.0005,0.00550232905231957,0.002));
#12255=CARTESIAN_POINT('',(0.,0.,0.002));
#12256=CARTESIAN_POINT('',(-0.0005,0.00550232905231957,0.002));
#12257=CARTESIAN_POINT('',(-0.0005,0.00550232905231957,0.));
#12258=CARTESIAN_POINT('',(0.,0.,0.0005));
#12259=CARTESIAN_POINT('',(-0.000915306189372,0.00544865484130692,0.0005));
#12260=CARTESIAN_POINT('',(-0.00176776695296472,0.00459619407771419,0.0005));
#12261=CARTESIAN_POINT('',(5.57540125178946E-15,0.00282842712476292,0.0005));
#12262=CARTESIAN_POINT('',(0.,0.,0.0110503033891226));
#12263=CARTESIAN_POINT('',(-0.00222760088924419,0.0050560280139887,0.0110503033891226));
#12264=CARTESIAN_POINT('',(-0.00222760088924419,0.0050560280139887,0.0058));
#12265=CARTESIAN_POINT('',(0.,0.,0.0058));
#12266=CARTESIAN_POINT('',(-0.0050560280139893,0.00222760088924281,0.0058));
#12267=CARTESIAN_POINT('',(-0.0050560280139893,0.00222760088924281,0.0110503033891226));
#12268=CARTESIAN_POINT('',(0.,0.,0.0005));
#12269=CARTESIAN_POINT('',(-0.00505602801398931,0.00222760088924281,0.0005));
#12270=CARTESIAN_POINT('',(-0.00459619407771249,0.00176776695296642,0.0005));
#12271=CARTESIAN_POINT('',(-0.00544865484130692,0.000915306189371981,0.0005));
#12272=CARTESIAN_POINT('',(0.,0.,0.0005));
#12273=CARTESIAN_POINT('',(-0.00544865484130692,-0.000915306189371979,0.0005));
#12274=CARTESIAN_POINT('',(-0.0045961940777127,-0.0017677669529662,0.0005));
#12275=CARTESIAN_POINT('',(-0.00473761543394986,-0.00190918830920368,0.0005));
#12276=CARTESIAN_POINT('',(0.,0.,0.0110503033891226));
#12277=CARTESIAN_POINT('',(-0.00505602801398898,-0.00222760088924355,0.0110503033891226));
#12278=CARTESIAN_POINT('',(-0.00505602801398898,-0.00222760088924355,0.0058));
#12279=CARTESIAN_POINT('',(0.,0.,0.0058));
#12280=CARTESIAN_POINT('',(-0.00222760088924021,-0.00505602801399045,0.0058));
#12281=CARTESIAN_POINT('',(-0.00222760088924021,-0.00505602801399045,0.0110503033891226));
#12282=CARTESIAN_POINT('',(0.,0.,0.0005));
#12283=CARTESIAN_POINT('',(-0.00222760088924021,-0.00505602801399045,0.0005));
#12284=CARTESIAN_POINT('',(-0.00176776695296724,-0.00459619407771165,0.0005));
#12285=CARTESIAN_POINT('',(-0.00544865484130692,-0.000915306189371979,0.0005));
#12286=CARTESIAN_POINT('',(0.,0.,0.));
#12287=CARTESIAN_POINT('',(-0.000915306189371976,-0.00544865484130692,0.));
#12288=CARTESIAN_POINT('',(-0.000915306189371976,-0.00544865484130692,0.0086));
#12289=CARTESIAN_POINT('',(0.,0.,0.0086));
#12290=CARTESIAN_POINT('',(0.000915306189372042,-0.00544865484130691,0.0086));
#12291=CARTESIAN_POINT('',(0.000915306189372042,-0.00544865484130691,0.));
#12292=CARTESIAN_POINT('',(0.,0.,0.0066));
#12293=CARTESIAN_POINT('',(-0.0005,-0.00550232905231957,0.0066));
#12294=CARTESIAN_POINT('',(0.0005,-0.00550232905231957,0.0066));
#12295=CARTESIAN_POINT('',(-0.0005,-0.00550232905231957,0.));
#12296=CARTESIAN_POINT('',(-0.0005,-0.00550232905231957,0.002));
#12297=CARTESIAN_POINT('',(0.,0.,0.002));
#12298=CARTESIAN_POINT('',(0.0005,-0.00550232905231957,0.002));
#12299=CARTESIAN_POINT('',(0.0005,-0.00550232905231957,0.));
#12300=CARTESIAN_POINT('',(0.,0.,0.0005));
#12301=CARTESIAN_POINT('',(0.000915306189372042,-0.00544865484130691,0.0005));
#12302=CARTESIAN_POINT('',(0.00176776695296952,-0.00459619407770943,0.0005));
#12303=CARTESIAN_POINT('',(0.00190918830920456,-0.004737615433949,0.0005));
#12304=CARTESIAN_POINT('',(0.,0.,0.0110503033891226));
#12305=CARTESIAN_POINT('',(0.00222760088923716,-0.0050560280139918,0.0110503033891226));
#12306=CARTESIAN_POINT('',(0.00222760088923715,-0.0050560280139918,0.0058));
#12307=CARTESIAN_POINT('',(0.,0.,0.0058));
#12308=CARTESIAN_POINT('',(0.00505602801398681,-0.00222760088924847,0.0058));
#12309=CARTESIAN_POINT('',(0.00505602801398681,-0.00222760088924847,0.0110503033891226));
#12310=CARTESIAN_POINT('',(0.,0.,0.0005));
#12311=CARTESIAN_POINT('',(0.00505602801398681,-0.00222760088924848,0.0005));
#12312=CARTESIAN_POINT('',(0.00459619407771557,-0.00176776695296336,0.0005));
#12313=CARTESIAN_POINT('',(0.00544865484130691,-0.000915306189372022,0.0005));
#12314=CARTESIAN_POINT('',(-0.002,0.0068,0.0008));
#12315=CARTESIAN_POINT('',(0.002,0.0068,0.0008));
#12316=CARTESIAN_POINT('',(-0.0028,-0.0068,0.0008));
#12317=CARTESIAN_POINT('',(0.0028,-0.0068,0.0008));
#12318=CARTESIAN_POINT('',(0.0034,-0.009,0.0008));
#12319=CARTESIAN_POINT('',(-0.0034,-0.009,0.0008));
#12320=CARTESIAN_POINT('',(0.,-0.0099,0.0008));
#12321=CARTESIAN_POINT('',(0.,0.,0.0004));
#12322=CARTESIAN_POINT('',(0.0101762794416288,-0.00437416697508024,0.0004));
#12323=CARTESIAN_POINT('',(0.00997627944162882,-0.00472057713659401,0.0004));
#12324=CARTESIAN_POINT('',(0.00997627944162882,-0.00472057713659401,0.0004));
#12325=CARTESIAN_POINT('',(0.00718941697855281,-0.00519004231242526,0.0004));
#12326=CARTESIAN_POINT('',(0.00907627944162884,-0.00627942286340597,0.0004));
#12327=CARTESIAN_POINT('',(0.0101762794416288,-0.00437416697508024,0.0004));
#12328=CARTESIAN_POINT('',(0.006,-0.0038,0.0008));
#12329=CARTESIAN_POINT('',(0.00475,-0.00986610358753648,-0.00963948222087998));
#12330=CARTESIAN_POINT('',(0.00475,-0.00986610358753648,0.00355));
#12331=CARTESIAN_POINT('',(0.00475,-0.0105,0.00355));
#12332=CARTESIAN_POINT('',(0.00475,-0.00986610358753648,0.0032));
#12333=CARTESIAN_POINT('',(0.00475,-0.00992156741649221,0.0032));
#12334=CARTESIAN_POINT('',(0.00475,-0.00986610358753648,0.0032));
#12335=CARTESIAN_POINT('',(0.00475,-0.0105,0.0032));
#12336=CARTESIAN_POINT('',(0.00475,-0.0105,-0.00963948222087998));
#12337=CARTESIAN_POINT('',(0.,0.,0.0032));
#12338=CARTESIAN_POINT('',(0.,-0.0015,0.0032));
#12339=CARTESIAN_POINT('',(0.0108972473588517,-0.0015,0.0032));
#12340=CARTESIAN_POINT('',(0.,0.,0.0032));
#12341=CARTESIAN_POINT('',(0.0101095190152566,-0.00433562282494284,0.0032));
#12342=CARTESIAN_POINT('',(0.0102109204577802,-0.00439416697508017,0.0032));
#12343=CARTESIAN_POINT('',(0.0102109204577802,-0.00439416697508017,0.0032));
#12344=CARTESIAN_POINT('',(0.00891092045778025,-0.0066458330249197,0.0032));
#12345=CARTESIAN_POINT('',(0.00891092045778025,-0.00664583302491971,0.0032));
#12346=CARTESIAN_POINT('',(0.00891092045778025,-0.0066458330249197,0.0032));
#12347=CARTESIAN_POINT('',(0.00880951901525659,-0.00658728887478245,0.0032));
#12348=CARTESIAN_POINT('',(0.,0.,0.0032));
#12349=CARTESIAN_POINT('',(0.00852986928011505,-0.00642583302491979,0.0032));
#12350=CARTESIAN_POINT('',(0.00852986928011505,-0.00642583302491979,0.0032));
#12351=CARTESIAN_POINT('',(0.00982986928011503,-0.00417416697508025,0.0032));
#12352=CARTESIAN_POINT('',(0.00982986928011503,-0.00417416697508024,0.0032));
#12353=CARTESIAN_POINT('',(0.0100659107366202,-0.00431044557353342,0.0032));
#12354=CARTESIAN_POINT('',(0.00852986928011504,-0.00642583302491979,0.0024));
#12355=CARTESIAN_POINT('',(0.00852986928011505,-0.00642583302491979,0.0032));
#12356=CARTESIAN_POINT('',(0.00887627944162881,-0.00662583302491978,-0.00271111765405064));
#12357=CARTESIAN_POINT('',(0.00887627944162881,-0.00662583302491978,-0.00271111765405064));
#12358=CARTESIAN_POINT('',(0.00887627944162882,-0.00662583302491979,0.00250717967697247));
#12359=CARTESIAN_POINT('',(0.00887627944162881,-0.00662583302491978,0.00250717967697247));
#12360=CARTESIAN_POINT('',(0.,0.,0.0011));
#12361=CARTESIAN_POINT('',(0.002,0.,0.0011));
#12362=CARTESIAN_POINT('',(0.002,-0.01255,0.0011));
#12363=CARTESIAN_POINT('',(0.,-0.01255,0.0011));
#12364=CARTESIAN_POINT('',(0.004,-0.01255,0.0011));
#12365=CARTESIAN_POINT('',(0.004,0.,0.0011));
#12366=CARTESIAN_POINT('',(0.004,-0.01285,-0.000543141652942295));
#12367=CARTESIAN_POINT('',(0.004,-0.01255,0.0005));
#12368=CARTESIAN_POINT('',(0.004,-0.01285,0.0005));
#12369=CARTESIAN_POINT('',(0.004,-0.01255,0.0008));
#12370=CARTESIAN_POINT('',(0.004,-0.01285,0.0008));
#12371=CARTESIAN_POINT('',(0.004,-0.01255,0.0005));
#12372=CARTESIAN_POINT('',(0.004,-0.01315,0.0005));
#12373=CARTESIAN_POINT('',(0.004,-0.01315,0.0137568583470577));
#12374=CARTESIAN_POINT('',(0.004,-0.01315,-0.000543141652942296));
#12375=CARTESIAN_POINT('',(0.004,-0.01285,-0.000543141652942295));
#12376=CARTESIAN_POINT('',(0.004,-0.01285,-0.000543141652942295));
#12377=CARTESIAN_POINT('',(0.004,-0.01285,0.0137568583470577));
#12378=CARTESIAN_POINT('',(0.,0.,0.0008));
#12379=CARTESIAN_POINT('',(0.,-0.01255,0.0008));
#12380=CARTESIAN_POINT('',(0.002,-0.01255,0.0008));
#12381=CARTESIAN_POINT('',(0.002,0.,0.0008));
#12382=CARTESIAN_POINT('',(0.002,-0.01285,0.00360193343349975));
#12383=CARTESIAN_POINT('',(0.002,-0.01255,0.0005));
#12384=CARTESIAN_POINT('',(0.002,-0.01315,0.0005));
#12385=CARTESIAN_POINT('',(0.002,-0.01255,0.0005));
#12386=CARTESIAN_POINT('',(0.002,-0.01285,0.0005));
#12387=CARTESIAN_POINT('',(0.002,-0.01285,0.0137568583470577));
#12388=CARTESIAN_POINT('',(0.002,-0.01285,-0.000543141652942296));
#12389=CARTESIAN_POINT('',(0.002,-0.01285,-0.000543141652942297));
#12390=CARTESIAN_POINT('',(0.002,-0.01315,-0.000543141652942296));
#12391=CARTESIAN_POINT('',(0.002,-0.01315,0.0137568583470577));
#12392=CARTESIAN_POINT('',(0.,0.,0.0008));
#12393=CARTESIAN_POINT('',(-0.002,0.,0.0008));
#12394=CARTESIAN_POINT('',(-0.002,-0.01255,0.0008));
#12395=CARTESIAN_POINT('',(0.,-0.01255,0.0008));
#12396=CARTESIAN_POINT('',(-0.004,-0.01255,0.0008));
#12397=CARTESIAN_POINT('',(-0.004,0.,0.0008));
#12398=CARTESIAN_POINT('',(-0.004,-0.01285,-0.000543141652942295));
#12399=CARTESIAN_POINT('',(-0.004,-0.01255,0.0005));
#12400=CARTESIAN_POINT('',(-0.004,-0.01255,0.0011));
#12401=CARTESIAN_POINT('',(-0.004,-0.01315,0.0005));
#12402=CARTESIAN_POINT('',(-0.004,-0.01285,0.0011));
#12403=CARTESIAN_POINT('',(-0.004,-0.01255,0.0005));
#12404=CARTESIAN_POINT('',(-0.004,-0.01285,0.0005));
#12405=CARTESIAN_POINT('',(-0.004,-0.01285,0.0137568583470577));
#12406=CARTESIAN_POINT('',(-0.004,-0.01285,-0.000543141652942294));
#12407=CARTESIAN_POINT('',(-0.004,-0.01285,-0.000543141652942297));
#12408=CARTESIAN_POINT('',(-0.004,-0.01315,-0.000543141652942296));
#12409=CARTESIAN_POINT('',(-0.004,-0.01315,0.0137568583470577));
#12410=CARTESIAN_POINT('',(0.,0.,0.0011));
#12411=CARTESIAN_POINT('',(0.,-0.01255,0.0011));
#12412=CARTESIAN_POINT('',(-0.002,-0.01255,0.0011));
#12413=CARTESIAN_POINT('',(-0.002,0.,0.0011));
#12414=CARTESIAN_POINT('',(-0.002,-0.01285,0.00360193343349975));
#12415=CARTESIAN_POINT('',(-0.002,-0.01255,0.0005));
#12416=CARTESIAN_POINT('',(-0.002,-0.01285,0.0005));
#12417=CARTESIAN_POINT('',(-0.002,-0.01255,0.0005));
#12418=CARTESIAN_POINT('',(-0.002,-0.01315,0.0005));
#12419=CARTESIAN_POINT('',(-0.002,-0.01315,0.0137568583470577));
#12420=CARTESIAN_POINT('',(-0.002,-0.01315,-0.000543141652942296));
#12421=CARTESIAN_POINT('',(-0.002,-0.01285,-0.000543141652942295));
#12422=CARTESIAN_POINT('',(-0.002,-0.01285,-0.000543141652942294));
#12423=CARTESIAN_POINT('',(-0.002,-0.01285,0.0137568583470577));
#12424=CARTESIAN_POINT('',(0.,0.,0.0011));
#12425=CARTESIAN_POINT('',(-0.001,0.,0.0011));
#12426=CARTESIAN_POINT('',(-0.001,-0.01255,0.0011));
#12427=CARTESIAN_POINT('',(0.,-0.01255,0.0011));
#12428=CARTESIAN_POINT('',(0.001,-0.01255,0.0011));
#12429=CARTESIAN_POINT('',(0.001,0.,0.0011));
#12430=CARTESIAN_POINT('',(0.001,-0.01285,0.0032568583470577));
#12431=CARTESIAN_POINT('',(0.001,-0.01255,0.0005));
#12432=CARTESIAN_POINT('',(0.001,-0.01285,0.0005));
#12433=CARTESIAN_POINT('',(0.001,-0.01255,0.0008));
#12434=CARTESIAN_POINT('',(0.001,-0.01285,0.0008));
#12435=CARTESIAN_POINT('',(0.001,-0.01255,0.0005));
#12436=CARTESIAN_POINT('',(0.001,-0.01315,0.0005));
#12437=CARTESIAN_POINT('',(0.001,-0.01315,0.0137568583470577));
#12438=CARTESIAN_POINT('',(0.001,-0.01315,-0.000543141652942296));
#12439=CARTESIAN_POINT('',(0.001,-0.01285,-0.000543141652942295));
#12440=CARTESIAN_POINT('',(0.001,-0.01285,-0.000543141652942295));
#12441=CARTESIAN_POINT('',(0.001,-0.01285,0.0137568583470577));
#12442=CARTESIAN_POINT('',(0.,0.,0.0008));
#12443=CARTESIAN_POINT('',(0.,-0.01255,0.0008));
#12444=CARTESIAN_POINT('',(-0.001,-0.01255,0.0008));
#12445=CARTESIAN_POINT('',(-0.001,0.,0.0008));
#12446=CARTESIAN_POINT('',(-0.001,-0.01285,0.0032568583470577));
#12447=CARTESIAN_POINT('',(-0.001,-0.01255,0.0005));
#12448=CARTESIAN_POINT('',(-0.001,-0.01315,0.0005));
#12449=CARTESIAN_POINT('',(-0.001,-0.01255,0.0005));
#12450=CARTESIAN_POINT('',(-0.001,-0.01285,0.0005));
#12451=CARTESIAN_POINT('',(-0.001,-0.01285,0.0137568583470577));
#12452=CARTESIAN_POINT('',(-0.001,-0.01285,-0.000543141652942296));
#12453=CARTESIAN_POINT('',(-0.001,-0.01285,-0.000543141652942297));
#12454=CARTESIAN_POINT('',(-0.001,-0.01315,-0.000543141652942296));
#12455=CARTESIAN_POINT('',(-0.001,-0.01315,0.0137568583470577));
#12456=CARTESIAN_POINT('',(-0.004,-0.0102469507659596,0.0032));
#12457=CARTESIAN_POINT('',(-0.004,-0.0102469507659596,0.0032));
#12458=CARTESIAN_POINT('',(-0.004,-0.01025,0.0032));
#12459=CARTESIAN_POINT('',(-0.004,-0.0102469507659596,0.0036));
#12460=CARTESIAN_POINT('',(-0.004,-0.0102469507659596,0.0036));
#12461=CARTESIAN_POINT('',(-0.004,-0.0102469507659596,0.0032));
#12462=CARTESIAN_POINT('',(-0.004,-0.0102469507659596,0.0032));
#12463=CARTESIAN_POINT('',(-0.004,-0.0102469507659596,0.0032));
#12464=CARTESIAN_POINT('',(0.,0.,0.0032));
#12465=CARTESIAN_POINT('',(-0.00405,-0.01025,0.0032));
#12466=CARTESIAN_POINT('',(-0.00405,-0.01025,0.0032));
#12467=CARTESIAN_POINT('',(-0.00405,-0.0105,0.0032));
#12468=CARTESIAN_POINT('',(-0.00405,-0.01025,0.0032));
#12469=CARTESIAN_POINT('',(0.,0.,0.0032));
#12470=CARTESIAN_POINT('',(-0.00475,-0.00992156741649221,0.0032));
#12471=CARTESIAN_POINT('',(-0.00475,0.,0.0032));
#12472=CARTESIAN_POINT('',(-0.00475,-0.0105,0.0032));
#12473=CARTESIAN_POINT('',(0.,-0.0105,0.0032));
#12474=CARTESIAN_POINT('',(-0.00405,-0.0115,0.00355));
#12475=CARTESIAN_POINT('',(-0.00405,-0.0105,0.00355));
#12476=CARTESIAN_POINT('',(-0.00405,-0.0105,0.00355));
#12477=CARTESIAN_POINT('',(-0.00405,-0.0115,0.00355));
#12478=CARTESIAN_POINT('',(-0.00405,-0.01025,0.00318));
#12479=CARTESIAN_POINT('',(-0.00405,-0.01025,0.00318));
#12480=CARTESIAN_POINT('',(-0.00405,-0.01025,0.0032));
#12481=CARTESIAN_POINT('',(0.,0.,0.00355));
#12482=CARTESIAN_POINT('',(0.,-0.0105,0.00355));
#12483=CARTESIAN_POINT('',(-0.00475,-0.0105,0.00355));
#12484=CARTESIAN_POINT('',(-0.00475,0.,0.00355));
#12485=CARTESIAN_POINT('',(-0.00475,-0.00986610358753648,-0.00963948222087998));
#12486=CARTESIAN_POINT('',(-0.00475,-0.00986610358753648,0.0032));
#12487=CARTESIAN_POINT('',(-0.00475,-0.0105,-0.00963948222087998));
#12488=CARTESIAN_POINT('',(0.,0.,0.00355));
#12489=CARTESIAN_POINT('',(0.00405,0.,0.00355));
#12490=CARTESIAN_POINT('',(0.00405,-0.0105,0.00355));
#12491=CARTESIAN_POINT('',(0.,-0.0105,0.00355));
#12492=CARTESIAN_POINT('',(0.00405,-0.0115,0.00355));
#12493=CARTESIAN_POINT('',(0.00405,-0.0105,0.00355));
#12494=CARTESIAN_POINT('',(0.00405,-0.0105,0.0032));
#12495=CARTESIAN_POINT('',(0.00405,-0.01025,0.0032));
#12496=CARTESIAN_POINT('',(0.00405,-0.01025,0.0032));
#12497=CARTESIAN_POINT('',(0.00405,-0.01025,0.0032));
#12498=CARTESIAN_POINT('',(0.00405,-0.01025,0.00318));
#12499=CARTESIAN_POINT('',(0.00405,-0.01025,0.00318));
#12500=CARTESIAN_POINT('',(0.,0.,0.0032));
#12501=CARTESIAN_POINT('',(0.,-0.0105,0.0032));
#12502=CARTESIAN_POINT('',(0.,0.,0.0032));
#12503=CARTESIAN_POINT('',(0.004,-0.0102469507659596,0.0032));
#12504=CARTESIAN_POINT('',(0.004,0.,0.0032));
#12505=CARTESIAN_POINT('',(0.004,-0.01025,0.0032));
#12506=CARTESIAN_POINT('',(-0.00405,-0.01025,0.0032));
#12507=CARTESIAN_POINT('',(0.004,-0.0102469507659596,0.0032));
#12508=CARTESIAN_POINT('',(0.004,-0.0102469507659596,0.0032));
#12509=CARTESIAN_POINT('',(0.004,-0.0102469507659596,0.0036));
#12510=CARTESIAN_POINT('',(0.004,-0.0102469507659596,0.0036));
#12511=CARTESIAN_POINT('',(0.004,-0.0102469507659596,0.0032));
#12512=CARTESIAN_POINT('',(0.,0.,0.0036));
#12513=CARTESIAN_POINT('',(0.0102109204577802,-0.00439416697508017,0.0036));
#12514=CARTESIAN_POINT('',(0.0102109204577802,-0.00439416697508017,0.0036));
#12515=CARTESIAN_POINT('',(0.0101095190152566,-0.00433562282494284,0.0036));
#12516=CARTESIAN_POINT('',(0.,0.,0.0036));
#12517=CARTESIAN_POINT('',(0.0101872930440884,0.00414958557374919,0.0036));
#12518=CARTESIAN_POINT('',(0.0111423048454133,0.00470096189432337,0.0036));
#12519=CARTESIAN_POINT('',(0.0107872344298616,0.00449596189432335,0.0036));
#12520=CARTESIAN_POINT('',(0.0107872344298616,0.00449596189432335,0.0036));
#12521=CARTESIAN_POINT('',(0.00928723442986174,0.00709403810567673,0.0036));
#12522=CARTESIAN_POINT('',(0.00929589468389949,0.00709903810567668,0.0036));
#12523=CARTESIAN_POINT('',(0.00868729304408843,0.00674766178510252,0.0036));
#12524=CARTESIAN_POINT('',(0.,0.,0.0036));
#12525=CARTESIAN_POINT('',(0.0013,0.0109229116997255,0.0036));
#12526=CARTESIAN_POINT('',(0.0013,0.01104,0.0036));
#12527=CARTESIAN_POINT('',(0.0013,0.01104,0.0036));
#12528=CARTESIAN_POINT('',(0.,0.01104,0.0036));
#12529=CARTESIAN_POINT('',(-0.0013,0.01104,0.0036));
#12530=CARTESIAN_POINT('',(-0.0013,0.01104,0.0036));
#12531=CARTESIAN_POINT('',(-0.0013,0.0109229116997255,0.0036));
#12532=CARTESIAN_POINT('',(0.,0.,0.0036));
#12533=CARTESIAN_POINT('',(-0.00868729304408843,0.0067476617851025,0.0036));
#12534=CARTESIAN_POINT('',(-0.00929589468389948,0.00709903810567666,0.0036));
#12535=CARTESIAN_POINT('',(-0.00928723442986163,0.00709403810567666,0.0036));
#12536=CARTESIAN_POINT('',(-0.00928723442986163,0.00709403810567666,0.0036));
#12537=CARTESIAN_POINT('',(-0.0107872344298617,0.00449596189432336,0.0036));
#12538=CARTESIAN_POINT('',(-0.0107958946838995,0.00450096189432334,0.0036));
#12539=CARTESIAN_POINT('',(-0.0102109204577802,-0.0043941669750802,0.0036));
#12540=CARTESIAN_POINT('',(-0.0102109204577802,-0.00439416697508019,0.0036));
#12541=CARTESIAN_POINT('',(-0.0102109204577802,-0.00439416697508017,0.0036));
#12542=CARTESIAN_POINT('',(-0.00891092045778025,-0.0066458330249197,0.0036));
#12543=CARTESIAN_POINT('',(-0.00891092045778025,-0.00664583302491969,0.0036));
#12544=CARTESIAN_POINT('',(-0.00880951901525663,-0.00658728887478238,0.0036));
#12545=CARTESIAN_POINT('',(0.,0.,0.0036));
#12546=CARTESIAN_POINT('',(0.,0.,0.0036));
#12547=CARTESIAN_POINT('',(0.00880951901525678,-0.00658728887478216,0.0036));
#12548=CARTESIAN_POINT('',(0.00891092045778042,-0.0066458330249194,0.0036));
#12549=CARTESIAN_POINT('',(0.00891092045778033,-0.00664583302491956,0.0036));
#12550=CARTESIAN_POINT('',(0.00891092045778024,-0.00664583302491971,0.0036));
#12551=CARTESIAN_POINT('',(-0.00887627944162881,-0.00662583302491978,-0.00271111765405064));
#12552=CARTESIAN_POINT('',(-0.00887627944162881,-0.00662583302491978,-0.00271111765405064));
#12553=CARTESIAN_POINT('',(-0.00887627944162881,-0.00662583302491978,0.0025071796769725));
#12554=CARTESIAN_POINT('',(-0.00876591073662021,-0.00656211162337296,0.00272791708698969));
#12555=CARTESIAN_POINT('',(-0.00974230484541325,-0.00712583302491979,0.0024));
#12556=CARTESIAN_POINT('',(-0.00852986928011506,-0.00642583302491977,0.0032));
#12557=CARTESIAN_POINT('',(-0.00852986928011505,-0.00642583302491978,0.0032));
#12558=CARTESIAN_POINT('',(-0.00974230484541325,-0.00712583302491979,0.0032));
#12559=CARTESIAN_POINT('',(0.,0.,0.0032));
#12560=CARTESIAN_POINT('',(-0.00982986928011505,-0.00417416697508025,0.0032));
#12561=CARTESIAN_POINT('',(-0.00982986928011505,-0.00417416697508025,0.0032));
#12562=CARTESIAN_POINT('',(-0.00852986928011506,-0.00642583302491977,0.0032));
#12563=CARTESIAN_POINT('',(0.,0.,0.0032));
#12564=CARTESIAN_POINT('',(-0.00880951901525661,-0.00658728887478241,0.0032));
#12565=CARTESIAN_POINT('',(-0.00891092045778024,-0.00664583302491971,0.0032));
#12566=CARTESIAN_POINT('',(-0.00891092045778024,-0.00664583302491971,0.0032));
#12567=CARTESIAN_POINT('',(-0.0102109204577802,-0.00439416697508017,0.0032));
#12568=CARTESIAN_POINT('',(-0.0102109204577802,-0.00439416697508017,0.0032));
#12569=CARTESIAN_POINT('',(-0.0102109204577802,-0.00439416697508017,0.0032));
#12570=CARTESIAN_POINT('',(-0.0108467737138746,-0.0015,0.0032));
#12571=CARTESIAN_POINT('',(0.,0.,0.0004));
#12572=CARTESIAN_POINT('',(-0.00899377717433428,-0.00642232098209976,0.0004));
#12573=CARTESIAN_POINT('',(-0.00907627944162882,-0.006279422863406,0.0004));
#12574=CARTESIAN_POINT('',(-0.00907627944162882,-0.006279422863406,0.0004));
#12575=CARTESIAN_POINT('',(-0.00718941697855281,-0.00519004231242526,0.000399999999999986));
#12576=CARTESIAN_POINT('',(-0.00763941697855281,-0.00441061944901927,0.000399999999999972));
#12577=CARTESIAN_POINT('',(-0.00808941697855277,-0.00363119658561335,0.000399999999999972));
#12578=CARTESIAN_POINT('',(-0.00808941697855281,-0.00363119658561327,0.0004));
#12579=CARTESIAN_POINT('',(-0.00997627944162882,-0.004720577136594,0.0004));
#12580=CARTESIAN_POINT('',(-0.00997627944162882,-0.004720577136594,0.0004));
#12581=CARTESIAN_POINT('',(-0.006,-0.0038,0.0008));
#12582=CARTESIAN_POINT('',(0.,0.,0.0008));
#12583=CARTESIAN_POINT('',(0.,-0.0032,0.0008));
#12584=CARTESIAN_POINT('',(-0.0105765069848225,-0.0032,0.0008));
#12585=CARTESIAN_POINT('',(0.,0.,0.0008));
#12586=CARTESIAN_POINT('',(-0.0108287810948417,-0.0022,0.0008));
#12587=CARTESIAN_POINT('',(0.,-0.0022,0.0008));
#12588=CARTESIAN_POINT('',(-0.0045,0.0123,0.0008));
#12589=CARTESIAN_POINT('',(-0.0045,0.0123,0.0011));
#12590=CARTESIAN_POINT('',(-0.0045,0.0100921999583837,0.0011));
#12591=CARTESIAN_POINT('',(-0.0045,0.0100921999583837,0.0008));
#12592=CARTESIAN_POINT('',(-0.0045,0.0100921999583837,0.0008));
#12593=CARTESIAN_POINT('',(-0.0045,0.0123,0.0008));
#12594=CARTESIAN_POINT('',(0.,0.,0.0011));
#12595=CARTESIAN_POINT('',(0.,0.,0.0011));
#12596=CARTESIAN_POINT('',(-0.0035,0.0104810543362774,0.0011));
#12597=CARTESIAN_POINT('',(-0.0035,0.,0.0011));
#12598=CARTESIAN_POINT('',(-0.0035,0.0123,0.0008));
#12599=CARTESIAN_POINT('',(-0.0035,0.0123,0.0008));
#12600=CARTESIAN_POINT('',(-0.0035,0.0104810543362774,0.0008));
#12601=CARTESIAN_POINT('',(-0.0035,0.0104810543362774,0.0008));
#12602=CARTESIAN_POINT('',(-0.0017,0.0115,-0.00963948222087998));
#12603=CARTESIAN_POINT('',(-0.0017,0.0115,0.0032));
#12604=CARTESIAN_POINT('',(-0.0017,0.0108678424721745,0.0032));
#12605=CARTESIAN_POINT('',(-0.0017,0.0115,0.0032));
#12606=CARTESIAN_POINT('',(-0.0017,0.0115,-0.00963948222087998));
#12607=CARTESIAN_POINT('',(-0.0017,0.0115,0.0032));
#12608=CARTESIAN_POINT('',(0.,0.,0.0032));
#12609=CARTESIAN_POINT('',(-0.0107958946838995,0.00450096189432334,0.0032));
#12610=CARTESIAN_POINT('',(-0.0107872344298616,0.00449596189432334,0.0032));
#12611=CARTESIAN_POINT('',(-0.00928723442986163,0.00709403810567666,0.0032));
#12612=CARTESIAN_POINT('',(-0.00928723442986163,0.00709403810567666,0.0032));
#12613=CARTESIAN_POINT('',(-0.00929589468389948,0.00709903810567666,0.0032));
#12614=CARTESIAN_POINT('',(-0.00868729304408843,0.0067476617851025,0.0032));
#12615=CARTESIAN_POINT('',(0.,0.,0.0032));
#12616=CARTESIAN_POINT('',(0.,0.0015,0.0032));
#12617=CARTESIAN_POINT('',(-0.0108467737138746,0.0015,0.0016));
#12618=CARTESIAN_POINT('',(-0.011,0.0015,0.0032));
#12619=CARTESIAN_POINT('',(-0.011,0.0015,0.0032));
#12620=CARTESIAN_POINT('',(-0.0118,0.0015,0.0027));
#12621=CARTESIAN_POINT('',(0.,0.0015,0.0032));
#12622=CARTESIAN_POINT('',(-0.0108467737138746,0.0015,0.0016));
#12623=CARTESIAN_POINT('',(-0.0118,0.0015,0.0016));
#12624=CARTESIAN_POINT('',(-0.0118,0.0015,0.0016));
#12625=CARTESIAN_POINT('',(0.,0.,0.0016));
#12626=CARTESIAN_POINT('',(-0.0118,0.,0.0016));
#12627=CARTESIAN_POINT('',(0.,-0.0015,0.0016));
#12628=CARTESIAN_POINT('',(-0.0118,-0.0015,0.0016));
#12629=CARTESIAN_POINT('',(-0.0118,0.,0.0016));
#12630=CARTESIAN_POINT('',(0.,0.,0.0008));
#12631=CARTESIAN_POINT('',(0.,0.,0.0008));
#12632=CARTESIAN_POINT('',(0.,0.,0.0004));
#12633=CARTESIAN_POINT('',(-0.001325,0.011,0.0004));
#12634=CARTESIAN_POINT('',(-0.0009,0.011,0.0004));
#12635=CARTESIAN_POINT('',(-0.0009,0.01095,0.0004));
#12636=CARTESIAN_POINT('',(0.,0.,0.0004));
#12637=CARTESIAN_POINT('',(-0.001325,0.011,0.0004));
#12638=CARTESIAN_POINT('',(0.0009,0.011,0.000399999999999966));
#12639=CARTESIAN_POINT('',(0.0009,0.01095,0.000399999999999948));
#12640=CARTESIAN_POINT('',(0.,0.,0.0008));
#12641=CARTESIAN_POINT('',(0.0045,0.,0.0008));
#12642=CARTESIAN_POINT('',(0.0045,0.0100921999583837,0.0008));
#12643=CARTESIAN_POINT('',(0.0035,0.,0.0008));
#12644=CARTESIAN_POINT('',(0.0035,0.0104810543362774,0.0008));
#12645=CARTESIAN_POINT('',(0.,0.,0.0008));
#12646=CARTESIAN_POINT('',(0.,0.,0.0011));
#12647=CARTESIAN_POINT('',(0.,0.,0.0011));
#12648=CARTESIAN_POINT('',(0.0045,0.0100921999583837,0.0011));
#12649=CARTESIAN_POINT('',(0.0035,0.0104810543362774,0.0011));
#12650=CARTESIAN_POINT('',(0.0035,0.,0.0011));
#12651=CARTESIAN_POINT('',(0.0045,0.,0.0011));
#12652=CARTESIAN_POINT('',(0.0045,0.0123,0.0008));
#12653=CARTESIAN_POINT('',(0.0045,0.0100921999583837,0.0008));
#12654=CARTESIAN_POINT('',(0.0101134811019747,-0.0022,0.0008));
#12655=CARTESIAN_POINT('',(0.0101134811019747,-0.0022,0.0011));
#12656=CARTESIAN_POINT('',(0.0108287810948417,-0.0022,0.0011));
#12657=CARTESIAN_POINT('',(0.0108287810948417,-0.0022,0.0008));
#12658=CARTESIAN_POINT('',(0.0108287810948417,-0.0022,0.0008));
#12659=CARTESIAN_POINT('',(0.0101134811019747,-0.0022,0.0008));
#12660=CARTESIAN_POINT('',(0.,0.,0.0011));
#12661=CARTESIAN_POINT('',(0.,0.,0.0011));
#12662=CARTESIAN_POINT('',(0.0105765069848225,-0.0032,0.0011));
#12663=CARTESIAN_POINT('',(0.,-0.0032,0.0011));
#12664=CARTESIAN_POINT('',(0.01275,-0.0032,0.0008));
#12665=CARTESIAN_POINT('',(0.01275,-0.0032,0.0008));
#12666=CARTESIAN_POINT('',(0.0105765069848225,-0.0032,0.0008));
#12667=CARTESIAN_POINT('',(0.0105765069848225,-0.0032,0.0008));
#12668=CARTESIAN_POINT('',(0.0101762794416288,-0.00437416697508024,-0.00271111765405064));
#12669=CARTESIAN_POINT('',(0.0101762794416288,-0.00437416697508024,-0.00271111765405064));
#12670=CARTESIAN_POINT('',(0.0101762794416288,-0.00437416697508024,0.00250717967697246));
#12671=CARTESIAN_POINT('',(0.0100659107366202,-0.00431044557353342,0.00272791708698966));
#12672=CARTESIAN_POINT('',(0.0110423048454133,-0.00487416697508024,0.0024));
#12673=CARTESIAN_POINT('',(0.0100659107366202,-0.00431044557353342,0.00272791708698966));
#12674=CARTESIAN_POINT('',(0.0108467737138746,-0.0015,0.0016));
#12675=CARTESIAN_POINT('',(0.0108467737138746,-0.0015,0.0016));
#12676=CARTESIAN_POINT('',(0.0118,-0.0015,0.0016));
#12677=CARTESIAN_POINT('',(0.0118,-0.0015,0.0016));
#12678=CARTESIAN_POINT('',(0.0118,-0.0015,0.0024));
#12679=CARTESIAN_POINT('',(0.0118,-0.0015,0.0024));
#12680=CARTESIAN_POINT('',(0.0113,-0.0015,0.0032));
#12681=CARTESIAN_POINT('',(0.,-0.0015,0.0032));
#12682=CARTESIAN_POINT('',(0.,0.,0.0016));
#12683=CARTESIAN_POINT('',(0.0118,0.,0.0016));
#12684=CARTESIAN_POINT('',(0.0118,-0.00075,0.0016));
#12685=CARTESIAN_POINT('',(0.0118,0.00075,0.0016));
#12686=CARTESIAN_POINT('',(0.0118,0.,0.0016));
#12687=CARTESIAN_POINT('',(0.,0.0015,0.0016));
#12688=CARTESIAN_POINT('',(0.0118,0.0015,0.0016));
#12689=CARTESIAN_POINT('',(0.0118,0.,0.0016));
#12690=CARTESIAN_POINT('',(0.0108467737138746,0.0015,0.0016));
#12691=CARTESIAN_POINT('',(0.0108467737138746,0.0015,0.0032));
#12692=CARTESIAN_POINT('',(0.0108972473588517,0.0015,0.0032));
#12693=CARTESIAN_POINT('',(0.,0.0015,0.0032));
#12694=CARTESIAN_POINT('',(0.0113,0.0015,0.0032));
#12695=CARTESIAN_POINT('',(0.0113,0.0015,0.0032));
#12696=CARTESIAN_POINT('',(0.0118,0.0015,0.0024));
#12697=CARTESIAN_POINT('',(0.0118,0.0015,0.0016));
#12698=CARTESIAN_POINT('',(0.,0.,0.0032));
#12699=CARTESIAN_POINT('',(0.0017,0.,0.0032));
#12700=CARTESIAN_POINT('',(0.0017,0.0108678424721745,0.0032));
#12701=CARTESIAN_POINT('',(0.,0.,0.0032));
#12702=CARTESIAN_POINT('',(0.00868729304408843,0.00674766178510252,0.0032));
#12703=CARTESIAN_POINT('',(0.00929589468389949,0.00709903810567668,0.0032));
#12704=CARTESIAN_POINT('',(0.00928723442986164,0.00709403810567668,0.0032));
#12705=CARTESIAN_POINT('',(0.0107872344298616,0.00449596189432335,0.0032));
#12706=CARTESIAN_POINT('',(0.0107872344298616,0.00449596189432335,0.0032));
#12707=CARTESIAN_POINT('',(0.0111423048454133,0.00470096189432337,0.0032));
#12708=CARTESIAN_POINT('',(0.0101872930440884,0.00414958557374919,0.0032));
#12709=CARTESIAN_POINT('',(0.,0.,0.0032));
#12710=CARTESIAN_POINT('',(0.0017,0.0115,-0.00963948222087998));
#12711=CARTESIAN_POINT('',(0.0017,0.0115,-0.00963948222087998));
#12712=CARTESIAN_POINT('',(0.0017,0.0115,0.0032));
#12713=CARTESIAN_POINT('',(0.0017,0.0115,0.0032));
#12714=CARTESIAN_POINT('',(0.0035,0.0123,0.0008));
#12715=CARTESIAN_POINT('',(0.0035,0.0104810543362774,0.0008));
#12716=CARTESIAN_POINT('',(0.,0.,0.0008));
#12717=CARTESIAN_POINT('',(0.,0.,0.0008));
#12718=CARTESIAN_POINT('',(0.,-0.008,-0.0009));
#12719=CARTESIAN_POINT('',(0.00855,0.004,-0.0009));
#12720=CARTESIAN_POINT('',(0.0085,0.,-0.002));
#12721=CARTESIAN_POINT('',(0.00282842712480555,-5.49532360550281E-18,0.));
#12722=CARTESIAN_POINT('',(0.00459619407771474,0.00176776695296416,0.));
#12723=CARTESIAN_POINT('',(0.00459619407771474,0.00176776695296416,0.0086));
#12724=CARTESIAN_POINT('',(0.00282842712480555,-5.49532360550281E-18,0.0086));
#12725=CARTESIAN_POINT('',(0.00505602801398618,0.00222760088924991,0.0086));
#12726=CARTESIAN_POINT('',(0.00505602801398618,0.00222760088924991,0.));
#12727=CARTESIAN_POINT('',(0.00505602801398618,0.00222760088924991,0.0066));
#12728=CARTESIAN_POINT('',(0.00473761543394986,0.00190918830920368,0.0066));
#12729=CARTESIAN_POINT('',(0.00473761543394986,0.00190918830920368,0.0066));
#12730=CARTESIAN_POINT('',(0.00473761543394986,0.00190918830920368,0.));
#12731=CARTESIAN_POINT('',(0.00473761543394986,0.00190918830920368,0.0058));
#12732=CARTESIAN_POINT('',(0.00282842712480555,-5.49532360550281E-18,0.0058));
#12733=CARTESIAN_POINT('',(0.,0.,0.0058));
#12734=CARTESIAN_POINT('',(0.00190918830920367,0.00473761543394987,0.0058));
#12735=CARTESIAN_POINT('',(0.00190918830920367,0.00473761543394987,0.0058));
#12736=CARTESIAN_POINT('',(0.00222760088924431,0.00505602801398865,0.0058));
#12737=CARTESIAN_POINT('',(5.57540125178946E-15,0.00282842712476292,0.));
#12738=CARTESIAN_POINT('',(0.00190918830920367,0.00473761543394987,0.));
#12739=CARTESIAN_POINT('',(0.00190918830920367,0.00473761543394987,0.0066));
#12740=CARTESIAN_POINT('',(0.00222760088924431,0.00505602801398865,0.0066));
#12741=CARTESIAN_POINT('',(0.00222760088924431,0.00505602801398865,0.0066));
#12742=CARTESIAN_POINT('',(0.00222760088924431,0.00505602801398865,0.));
#12743=CARTESIAN_POINT('',(0.00222760088924431,0.00505602801398865,0.0086));
#12744=CARTESIAN_POINT('',(5.57540125178946E-15,0.00282842712476292,0.0086));
#12745=CARTESIAN_POINT('',(0.00176776695296594,0.00459619407771296,0.0086));
#12746=CARTESIAN_POINT('',(0.00176776695296594,0.00459619407771296,0.));
#12747=CARTESIAN_POINT('',(0.00544865484130692,0.000915306189371979,0.));
#12748=CARTESIAN_POINT('',(0.00544865484130692,0.000915306189371979,0.0086));
#12749=CARTESIAN_POINT('',(0.,0.,0.0086));
#12750=CARTESIAN_POINT('',(-0.000915306189371975,-0.00544865484130692,0.0086));
#12751=CARTESIAN_POINT('',(-0.00176776695296724,-0.00459619407771165,0.0086));
#12752=CARTESIAN_POINT('',(-0.00176776695296724,-0.00459619407771165,0.0086));
#12753=CARTESIAN_POINT('',(-0.00222760088924021,-0.00505602801399045,0.0086));
#12754=CARTESIAN_POINT('',(0.,0.,0.0086));
#12755=CARTESIAN_POINT('',(-0.00505602801398898,-0.00222760088924355,0.0086));
#12756=CARTESIAN_POINT('',(-0.00505602801398898,-0.00222760088924355,0.0086));
#12757=CARTESIAN_POINT('',(-0.0045961940777127,-0.0017677669529662,0.0086));
#12758=CARTESIAN_POINT('',(-0.00544865484130692,-0.000915306189371979,0.0086));
#12759=CARTESIAN_POINT('',(-0.00544865484130692,-0.000915306189371978,0.0086));
#12760=CARTESIAN_POINT('',(0.,0.,0.0086));
#12761=CARTESIAN_POINT('',(-0.00544865484130692,0.000915306189371981,0.0086));
#12762=CARTESIAN_POINT('',(-0.00544865484130692,0.000915306189371981,0.0086));
#12763=CARTESIAN_POINT('',(-0.00459619407771249,0.00176776695296642,0.0086));
#12764=CARTESIAN_POINT('',(-0.00459619407771249,0.00176776695296642,0.0086));
#12765=CARTESIAN_POINT('',(-0.00505602801398931,0.00222760088924281,0.0086));
#12766=CARTESIAN_POINT('',(0.,0.,0.0086));
#12767=CARTESIAN_POINT('',(-0.00222760088924419,0.0050560280139887,0.0086));
#12768=CARTESIAN_POINT('',(-0.00222760088924419,0.0050560280139887,0.0086));
#12769=CARTESIAN_POINT('',(-0.00176776695296472,0.00459619407771419,0.0086));
#12770=CARTESIAN_POINT('',(-0.00176776695296472,0.00459619407771419,0.0086));
#12771=CARTESIAN_POINT('',(0.,0.,0.0086));
#12772=CARTESIAN_POINT('',(0.00459619407771474,0.00176776695296416,0.0086));
#12773=CARTESIAN_POINT('',(0.00544865484130691,-0.000915306189372022,0.0086));
#12774=CARTESIAN_POINT('',(0.00459619407771557,-0.00176776695296336,0.0086));
#12775=CARTESIAN_POINT('',(0.00459619407771557,-0.00176776695296336,0.0086));
#12776=CARTESIAN_POINT('',(0.00505602801398681,-0.00222760088924848,0.0086));
#12777=CARTESIAN_POINT('',(0.,0.,0.0086));
#12778=CARTESIAN_POINT('',(0.00222760088923715,-0.0050560280139918,0.0086));
#12779=CARTESIAN_POINT('',(0.00222760088923715,-0.0050560280139918,0.0086));
#12780=CARTESIAN_POINT('',(0.00176776695296952,-0.00459619407770943,0.0086));
#12781=CARTESIAN_POINT('',(0.00176776695296952,-0.00459619407770943,0.0086));
#12782=CARTESIAN_POINT('',(-0.00544865484130692,0.000915306189371981,0.));
#12783=CARTESIAN_POINT('',(-0.00176776695296472,0.00459619407771419,0.));
#12784=CARTESIAN_POINT('',(-0.0005,0.00580074216549126,-0.0117858122874731));
#12785=CARTESIAN_POINT('',(-0.0005,0.00580074216549126,0.002));
#12786=CARTESIAN_POINT('',(-0.0005,0.00435,0.002));
#12787=CARTESIAN_POINT('',(-0.0005,0.00435,-0.0117858122874731));
#12788=CARTESIAN_POINT('',(-0.0005,0.00435,0.0066));
#12789=CARTESIAN_POINT('',(-0.0005,0.00580074216549126,0.0066));
#12790=CARTESIAN_POINT('',(0.,0.,0.0066));
#12791=CARTESIAN_POINT('',(0.,0.00435,0.0066));
#12792=CARTESIAN_POINT('',(0.0005,0.00435,0.0066));
#12793=CARTESIAN_POINT('',(0.0005,0.,0.0066));
#12794=CARTESIAN_POINT('',(0.0005,0.00580074216549126,-0.0117858122874731));
#12795=CARTESIAN_POINT('',(0.0005,0.00435,-0.0117858122874731));
#12796=CARTESIAN_POINT('',(0.0005,0.00435,0.002));
#12797=CARTESIAN_POINT('',(0.0005,0.00580074216549126,0.002));
#12798=CARTESIAN_POINT('',(0.,0.,0.002));
#12799=CARTESIAN_POINT('',(0.,0.00435,0.002));
#12800=CARTESIAN_POINT('',(5.57540125178946E-15,0.00282842712476292,0.));
#12801=CARTESIAN_POINT('',(-0.00222760088924419,0.0050560280139887,0.));
#12802=CARTESIAN_POINT('',(-0.00222760088924419,0.0050560280139887,0.0066));
#12803=CARTESIAN_POINT('',(-0.00190918830920281,0.00473761543395075,0.0066));
#12804=CARTESIAN_POINT('',(-0.0019091883092028,0.00473761543395075,0.0066));
#12805=CARTESIAN_POINT('',(-0.0019091883092028,0.00473761543395075,0.));
#12806=CARTESIAN_POINT('',(-0.00190918830920281,0.00473761543395075,0.0058));
#12807=CARTESIAN_POINT('',(5.57540125178946E-15,0.00282842712476292,0.0058));
#12808=CARTESIAN_POINT('',(0.,0.,0.0058));
#12809=CARTESIAN_POINT('',(-0.00505602801398931,0.00222760088924281,0.0058));
#12810=CARTESIAN_POINT('',(-0.00473761543394987,0.00190918830920367,0.0058));
#12811=CARTESIAN_POINT('',(-0.00473761543394987,0.00190918830920367,0.0058));
#12812=CARTESIAN_POINT('',(-0.00282842712474756,3.12011701197878E-15,0.));
#12813=CARTESIAN_POINT('',(-0.00473761543394987,0.00190918830920367,0.));
#12814=CARTESIAN_POINT('',(-0.00473761543394987,0.00190918830920367,0.0066));
#12815=CARTESIAN_POINT('',(-0.00505602801398931,0.00222760088924281,0.0066));
#12816=CARTESIAN_POINT('',(-0.00505602801398931,0.00222760088924281,0.0066));
#12817=CARTESIAN_POINT('',(-0.00505602801398931,0.00222760088924281,0.));
#12818=CARTESIAN_POINT('',(-0.00459619407771249,0.00176776695296642,0.));
#12819=CARTESIAN_POINT('',(-0.00473761543394986,-0.00190918830920368,0.));
#12820=CARTESIAN_POINT('',(-0.0045961940777127,-0.0017677669529662,0.));
#12821=CARTESIAN_POINT('',(-0.00505602801398898,-0.00222760088924355,0.));
#12822=CARTESIAN_POINT('',(-0.00505602801398898,-0.00222760088924355,0.0066));
#12823=CARTESIAN_POINT('',(-0.00473761543394986,-0.00190918830920368,0.0066));
#12824=CARTESIAN_POINT('',(-0.00473761543394986,-0.00190918830920368,0.0066));
#12825=CARTESIAN_POINT('',(-0.00473761543394986,-0.00190918830920368,0.));
#12826=CARTESIAN_POINT('',(-0.00473761543394986,-0.00190918830920368,0.0058));
#12827=CARTESIAN_POINT('',(-0.00473761543394986,-0.00190918830920368,0.0058));
#12828=CARTESIAN_POINT('',(0.,0.,0.0058));
#12829=CARTESIAN_POINT('',(-0.00190918830920367,-0.00473761543394987,0.0058));
#12830=CARTESIAN_POINT('',(-0.00190918830920367,-0.00473761543394987,0.0058));
#12831=CARTESIAN_POINT('',(-0.00222760088924021,-0.00505602801399045,0.0058));
#12832=CARTESIAN_POINT('',(-0.00190918830920367,-0.00473761543394987,0.));
#12833=CARTESIAN_POINT('',(-0.00190918830920367,-0.00473761543394987,0.));
#12834=CARTESIAN_POINT('',(-0.00190918830920367,-0.00473761543394987,0.0066));
#12835=CARTESIAN_POINT('',(-0.00222760088924022,-0.00505602801399045,0.0066));
#12836=CARTESIAN_POINT('',(-0.00222760088924021,-0.00505602801399045,0.0066));
#12837=CARTESIAN_POINT('',(-0.00222760088924021,-0.00505602801399045,0.));
#12838=CARTESIAN_POINT('',(-0.00176776695296724,-0.00459619407771165,0.));
#12839=CARTESIAN_POINT('',(-0.00544865484130692,-0.000915306189371979,0.));
#12840=CARTESIAN_POINT('',(0.00544865484130691,-0.000915306189372022,0.));
#12841=CARTESIAN_POINT('',(0.00176776695296952,-0.00459619407770943,0.));
#12842=CARTESIAN_POINT('',(0.0005,0.00580074216549126,-0.0117858122874731));
#12843=CARTESIAN_POINT('',(0.0005,0.00580074216549126,0.002));
#12844=CARTESIAN_POINT('',(0.0005,-0.00435,0.002));
#12845=CARTESIAN_POINT('',(0.0005,-0.00435,-0.0117858122874731));
#12846=CARTESIAN_POINT('',(0.0005,-0.00435,0.0066));
#12847=CARTESIAN_POINT('',(0.0005,0.00580074216549126,0.0066));
#12848=CARTESIAN_POINT('',(0.,0.,0.0066));
#12849=CARTESIAN_POINT('',(0.,-0.00435,0.0066));
#12850=CARTESIAN_POINT('',(-0.0005,-0.00435,0.0066));
#12851=CARTESIAN_POINT('',(-0.0005,0.,0.0066));
#12852=CARTESIAN_POINT('',(-0.0005,0.00580074216549126,-0.0117858122874731));
#12853=CARTESIAN_POINT('',(-0.0005,-0.00435,-0.0117858122874731));
#12854=CARTESIAN_POINT('',(-0.0005,-0.00435,0.002));
#12855=CARTESIAN_POINT('',(-0.0005,0.00580074216549126,0.002));
#12856=CARTESIAN_POINT('',(0.,0.,0.002));
#12857=CARTESIAN_POINT('',(0.,-0.00435,0.002));
#12858=CARTESIAN_POINT('',(0.00190918830920456,-0.004737615433949,0.));
#12859=CARTESIAN_POINT('',(0.00222760088923715,-0.0050560280139918,0.));
#12860=CARTESIAN_POINT('',(0.00222760088923715,-0.0050560280139918,0.0066));
#12861=CARTESIAN_POINT('',(0.00190918830920456,-0.004737615433949,0.0066));
#12862=CARTESIAN_POINT('',(0.00190918830920456,-0.004737615433949,0.0066));
#12863=CARTESIAN_POINT('',(0.00190918830920456,-0.004737615433949,0.));
#12864=CARTESIAN_POINT('',(0.00190918830920456,-0.004737615433949,0.0058));
#12865=CARTESIAN_POINT('',(0.00190918830920456,-0.004737615433949,0.0058));
#12866=CARTESIAN_POINT('',(0.,0.,0.0058));
#12867=CARTESIAN_POINT('',(0.00473761543395074,-0.0019091883092028,0.0058));
#12868=CARTESIAN_POINT('',(0.00473761543395074,-0.0019091883092028,0.0058));
#12869=CARTESIAN_POINT('',(0.00505602801398681,-0.00222760088924847,0.0058));
#12870=CARTESIAN_POINT('',(0.00473761543395074,-0.0019091883092028,0.));
#12871=CARTESIAN_POINT('',(0.00473761543395074,-0.0019091883092028,0.));
#12872=CARTESIAN_POINT('',(0.00473761543395074,-0.0019091883092028,0.0066));
#12873=CARTESIAN_POINT('',(0.00505602801398681,-0.00222760088924848,0.0066));
#12874=CARTESIAN_POINT('',(0.00505602801398681,-0.00222760088924848,0.0066));
#12875=CARTESIAN_POINT('',(0.00505602801398681,-0.00222760088924847,0.));
#12876=CARTESIAN_POINT('',(0.00459619407771557,-0.00176776695296336,0.));
#12877=CARTESIAN_POINT('',(-0.0085,0.,-0.002));
#12878=CARTESIAN_POINT('',(-0.00855,0.004,-0.0009));
#12879=CARTESIAN_POINT('',(0.0090329781714396,-0.006254422863406,0.000499999999999944));
#12880=CARTESIAN_POINT('',(0.0090329781714396,-0.006254422863406,-5.72458747072346E-17));
#12881=CARTESIAN_POINT('',(0.0090329781714396,-0.006254422863406,-5.76253454676046E-17));
#12882=CARTESIAN_POINT('',(0.0090329781714396,-0.006254422863406,0.000499999999999944));
#12883=CARTESIAN_POINT('',(0.00926693593274226,-0.006389498439873,7.92645075960442E-5));
#12884=CARTESIAN_POINT('',(0.00907976972370014,-0.00628143797869938,0.000415852901519164));
#12885=CARTESIAN_POINT('',(0.00907976972370014,-0.00628143797869938,0.000415852901519165));
#12886=CARTESIAN_POINT('',(0.0090329781714396,-0.006254422863406,0.000499999999999944));
#12887=CARTESIAN_POINT('',(0.00907627944162884,-0.00627942286340597,0.000413397459621503));
#12888=CARTESIAN_POINT('',(0.00907627944162884,-0.00627942286340597,0.000499999999999944));
#12889=CARTESIAN_POINT('',(0.0099329781714396,-0.004695577136594,0.000499999999999944));
#12890=CARTESIAN_POINT('',(0.0099329781714396,-0.004695577136594,0.000499999999999944));
#12891=CARTESIAN_POINT('',(0.00997627944162882,-0.00472057713659401,0.000413397459621504));
#12892=CARTESIAN_POINT('',(0.00997976972370012,-0.00472259225188742,0.000415852901519164));
#12893=CARTESIAN_POINT('',(0.0101669359327422,-0.00483065271306108,7.92645075960437E-5));
#12894=CARTESIAN_POINT('',(0.0101669359327422,-0.00483065271306108,7.92645075960438E-5));
#12895=CARTESIAN_POINT('',(0.0099329781714396,-0.00469557713659401,0.000499999999999944));
#12896=CARTESIAN_POINT('',(0.00993297817143958,-0.00469557713659403,-5.50144128733894E-17));
#12897=CARTESIAN_POINT('',(0.00993297817143957,-0.00469557713659406,-4.5102810375397E-17));
#12898=CARTESIAN_POINT('',(0.00997627944162883,-0.004720577136594,0.000499999999999944));
#12899=CARTESIAN_POINT('',(0.00475,-0.0105,0.00355));
#12900=CARTESIAN_POINT('',(0.,0.,0.0036));
#12901=CARTESIAN_POINT('',(0.,0.,0.0032));
#12902=CARTESIAN_POINT('',(0.0101872930440884,0.00414958557374918,0.0151098672286269));
#12903=CARTESIAN_POINT('',(0.0101095190152566,-0.00433562282494284,0.00319));
#12904=CARTESIAN_POINT('',(0.0110198853363697,-0.0029929987038245,0.00319));
#12905=CARTESIAN_POINT('',(0.0102109204577802,-0.00439416697508017,0.00319));
#12906=CARTESIAN_POINT('',(0.0102195807118181,-0.00439916697508014,0.00319));
#12907=CARTESIAN_POINT('',(0.00956958071181805,-0.005525,0.00319));
#12908=CARTESIAN_POINT('',(0.00891958071181809,-0.00665083302491971,0.00319));
#12909=CARTESIAN_POINT('',(0.00891092045778025,-0.00664583302491971,0.00319));
#12910=CARTESIAN_POINT('',(0.,0.,0.0032));
#12911=CARTESIAN_POINT('',(0.00880951901525658,-0.00658728887478246,0.00319));
#12912=CARTESIAN_POINT('',(0.00957986928011506,-0.00553094010767585,0.0024));
#12913=CARTESIAN_POINT('',(0.0101762794416288,-0.00437416697508024,0.00250717967697246));
#12914=CARTESIAN_POINT('',(0.0101762794416288,-0.00437416697508024,-0.00271111765405064));
#12915=CARTESIAN_POINT('',(0.0101762794416288,-0.00437416697508024,0.000413397459621504));
#12916=CARTESIAN_POINT('',(0.00514234654591762,-0.01255,0.0005));
#12917=CARTESIAN_POINT('',(0.00514234654591762,-0.01315,0.0005));
#12918=CARTESIAN_POINT('',(0.004,-0.01285,-0.000543141652942295));
#12919=CARTESIAN_POINT('',(0.00335,-0.01285,-0.000543141652942297));
#12920=CARTESIAN_POINT('',(0.00335,-0.01315,-0.000543141652942296));
#12921=CARTESIAN_POINT('',(0.00335,-0.01285,-0.000543141652942295));
#12922=CARTESIAN_POINT('',(0.,-0.01285,-0.000543141652942294));
#12923=CARTESIAN_POINT('',(0.004,-0.01315,-0.000543141652942296));
#12924=CARTESIAN_POINT('',(0.00514234654591762,-0.01255,0.0005));
#12925=CARTESIAN_POINT('',(0.00514234654591762,-0.01285,0.0005));
#12926=CARTESIAN_POINT('',(0.00265,-0.01285,-0.000543141652942295));
#12927=CARTESIAN_POINT('',(0.00265,-0.01285,-0.000543141652942295));
#12928=CARTESIAN_POINT('',(0.00265,-0.01285,-0.000543141652942295));
#12929=CARTESIAN_POINT('',(0.00265,-0.01285,-0.000543141652942295));
#12930=CARTESIAN_POINT('',(0.00265,-0.01315,-0.000543141652942296));
#12931=CARTESIAN_POINT('',(0.00265,-0.01315,-0.000543141652942296));
#12932=CARTESIAN_POINT('',(-0.00085765345408238,-0.01255,0.0005));
#12933=CARTESIAN_POINT('',(-0.00085765345408238,-0.01285,0.0005));
#12934=CARTESIAN_POINT('',(-0.004,-0.01285,-0.000543141652942295));
#12935=CARTESIAN_POINT('',(-0.004,-0.01285,-0.000543141652942295));
#12936=CARTESIAN_POINT('',(-0.00335,-0.01285,-0.000543141652942295));
#12937=CARTESIAN_POINT('',(-0.00335,-0.01285,-0.000543141652942295));
#12938=CARTESIAN_POINT('',(-0.00335,-0.01315,-0.000543141652942296));
#12939=CARTESIAN_POINT('',(0.,-0.01315,-0.000543141652942296));
#12940=CARTESIAN_POINT('',(-0.00085765345408238,-0.01255,0.0005));
#12941=CARTESIAN_POINT('',(-0.00085765345408238,-0.01315,0.0005));
#12942=CARTESIAN_POINT('',(-0.00265,-0.01285,-0.000543141652942295));
#12943=CARTESIAN_POINT('',(-0.00265,-0.01285,-0.000543141652942297));
#12944=CARTESIAN_POINT('',(-0.00265,-0.01315,-0.000543141652942296));
#12945=CARTESIAN_POINT('',(-0.00265,-0.01285,-0.000543141652942296));
#12946=CARTESIAN_POINT('',(-0.00265,-0.01285,-0.000543141652942295));
#12947=CARTESIAN_POINT('',(-0.00265,-0.01315,-0.000543141652942296));
#12948=CARTESIAN_POINT('',(0.00214234654591762,-0.01255,0.0005));
#12949=CARTESIAN_POINT('',(0.00214234654591762,-0.01315,0.0005));
#12950=CARTESIAN_POINT('',(0.001,-0.01285,-0.000543141652942295));
#12951=CARTESIAN_POINT('',(0.00035,-0.01285,-0.000543141652942297));
#12952=CARTESIAN_POINT('',(0.000349999999999996,-0.01315,-0.000543141652942296));
#12953=CARTESIAN_POINT('',(0.00035,-0.01285,-0.000543141652942295));
#12954=CARTESIAN_POINT('',(0.,-0.01285,-0.000543141652942294));
#12955=CARTESIAN_POINT('',(0.001,-0.01315,-0.000543141652942296));
#12956=CARTESIAN_POINT('',(0.00214234654591762,-0.01255,0.0005));
#12957=CARTESIAN_POINT('',(0.00214234654591762,-0.01285,0.0005));
#12958=CARTESIAN_POINT('',(-0.001,-0.01285,-0.000543141652942295));
#12959=CARTESIAN_POINT('',(-0.001,-0.01285,-0.000543141652942295));
#12960=CARTESIAN_POINT('',(-0.00035,-0.01285,-0.000543141652942295));
#12961=CARTESIAN_POINT('',(-0.00035,-0.01285,-0.000543141652942295));
#12962=CARTESIAN_POINT('',(-0.00035,-0.01315,-0.000543141652942296));
#12963=CARTESIAN_POINT('',(-0.001,-0.01315,-0.000543141652942296));
#12964=CARTESIAN_POINT('',(-0.00475,-0.0105,0.00355));
#12965=CARTESIAN_POINT('',(0.0110198853363697,-0.0029929987038245,0.00319));
#12966=CARTESIAN_POINT('',(0.0102109204577802,-0.00439416697508018,0.00319));
#12967=CARTESIAN_POINT('',(0.0105659908733319,-0.00459916697508009,0.00319));
#12968=CARTESIAN_POINT('',(0.00891092045778024,-0.00664583302491972,0.00319));
#12969=CARTESIAN_POINT('',(0.00926599087333186,-0.00685083302491971,0.00319));
#12970=CARTESIAN_POINT('',(0.0113749557519213,-0.00319799870382451,0.00319));
#12971=CARTESIAN_POINT('',(0.,0.,0.0032));
#12972=CARTESIAN_POINT('',(-0.00880951901525661,-0.0065872888747824,0.00319));
#12973=CARTESIAN_POINT('',(-0.00810195557919082,-0.00804700129617538,0.00319));
#12974=CARTESIAN_POINT('',(-0.00891092045778024,-0.00664583302491971,0.00319));
#12975=CARTESIAN_POINT('',(-0.00926599087333186,-0.00685083302491971,0.00319));
#12976=CARTESIAN_POINT('',(-0.0102109204577802,-0.00439416697508017,0.00319));
#12977=CARTESIAN_POINT('',(-0.0105659908733319,-0.00459916697508017,0.00319));
#12978=CARTESIAN_POINT('',(-0.00845702599474244,-0.00825200129617538,0.00319));
#12979=CARTESIAN_POINT('',(-0.011694253801182,0.00292495825974734,0.00319));
#12980=CARTESIAN_POINT('',(-0.0120493242167336,0.00312995825974734,0.00319));
#12981=CARTESIAN_POINT('',(-0.00964230484541325,0.00729903810567666,0.00319));
#12982=CARTESIAN_POINT('',(-0.0111423048454133,0.00470096189432333,0.00319));
#12983=CARTESIAN_POINT('',(-0.0107872344298616,0.00449596189432334,0.00319));
#12984=CARTESIAN_POINT('',(-0.00928723442986164,0.00709403810567666,0.00319));
#12985=CARTESIAN_POINT('',(0.,0.,0.0032));
#12986=CARTESIAN_POINT('',(-0.00868729304408843,0.0067476617851025,0.00421261986977526));
#12987=CARTESIAN_POINT('',(-0.0013,0.0109229116997255,0.00319));
#12988=CARTESIAN_POINT('',(-0.0013,0.0109229116997255,0.0032));
#12989=CARTESIAN_POINT('',(0.,0.,0.0032));
#12990=CARTESIAN_POINT('',(-0.001325,0.0109199072798261,0.0032));
#12991=CARTESIAN_POINT('',(0.,0.,0.0032));
#12992=CARTESIAN_POINT('',(-0.00265119074917706,0.01104,0.00319));
#12993=CARTESIAN_POINT('',(-0.00265119074917706,0.01145,0.00319));
#12994=CARTESIAN_POINT('',(0.0013,0.01145,0.00319));
#12995=CARTESIAN_POINT('',(-0.0013,0.01145,0.00319));
#12996=CARTESIAN_POINT('',(-0.0013,0.01104,0.00319));
#12997=CARTESIAN_POINT('',(0.0013,0.01104,0.00319));
#12998=CARTESIAN_POINT('',(0.,0.,0.0032));
#12999=CARTESIAN_POINT('',(0.,0.,0.0032));
#13000=CARTESIAN_POINT('',(0.001325,0.0109199072798261,0.0032));
#13001=CARTESIAN_POINT('',(0.,0.,0.0032));
#13002=CARTESIAN_POINT('',(0.0013,0.0109229116997255,0.0032));
#13003=CARTESIAN_POINT('',(0.0013,0.0109229116997255,0.00319));
#13004=CARTESIAN_POINT('',(0.00868729304408843,0.00674766178510251,0.00421261986977527));
#13005=CARTESIAN_POINT('',(0.0083802150585413,0.00866504174025268,0.00319));
#13006=CARTESIAN_POINT('',(0.00873528547409292,0.00887004174025268,0.00319));
#13007=CARTESIAN_POINT('',(0.0111423048454133,0.00470096189432335,0.00319));
#13008=CARTESIAN_POINT('',(0.00964230484541325,0.00729903810567669,0.00319));
#13009=CARTESIAN_POINT('',(0.00928723442986164,0.00709403810567668,0.00319));
#13010=CARTESIAN_POINT('',(0.0107872344298616,0.00449596189432335,0.00319));
#13011=CARTESIAN_POINT('',(-0.0101762794416288,-0.00437416697508024,-0.00271111765405064));
#13012=CARTESIAN_POINT('',(-0.00997627944162882,-0.004720577136594,-0.00271111765405064));
#13013=CARTESIAN_POINT('',(-0.00997627944162882,-0.004720577136594,0.000413397459621518));
#13014=CARTESIAN_POINT('',(-0.0101762794416288,-0.00437416697508024,0.000413397459621518));
#13015=CARTESIAN_POINT('',(-0.00907627944162882,-0.006279422863406,0.000413397459621518));
#13016=CARTESIAN_POINT('',(-0.00907627944162882,-0.006279422863406,-0.00271111765405064));
#13017=CARTESIAN_POINT('',(-0.0101762794416288,-0.00437416697508024,0.0025071796769725));
#13018=CARTESIAN_POINT('',(-0.0101762794416288,-0.00437416697508024,0.00250717967697249));
#13019=CARTESIAN_POINT('',(-0.0101762794416288,-0.00437416697508024,-0.00271111765405064));
#13020=CARTESIAN_POINT('',(-0.00982986928011505,-0.00417416697508025,0.0024));
#13021=CARTESIAN_POINT('',(-0.00982986928011505,-0.00417416697508025,0.0032));
#13022=CARTESIAN_POINT('',(-0.00957986928011508,-0.00553094010767584,0.0024));
#13023=CARTESIAN_POINT('',(-0.0101762794416288,-0.00437416697508024,0.00250717967697248));
#13024=CARTESIAN_POINT('',(-0.00810195557919082,-0.00804700129617538,0.00319));
#13025=CARTESIAN_POINT('',(-0.00891092045778024,-0.00664583302491971,0.00319));
#13026=CARTESIAN_POINT('',(-0.00891958071181811,-0.00665083302491967,0.00319));
#13027=CARTESIAN_POINT('',(-0.00956958071181804,-0.005525,0.00319));
#13028=CARTESIAN_POINT('',(-0.0102195807118181,-0.00439916697508017,0.00319));
#13029=CARTESIAN_POINT('',(-0.0102109204577802,-0.00439416697508017,0.00319));
#13030=CARTESIAN_POINT('',(-0.0099329781714396,-0.004695577136594,0.000499999999999958));
#13031=CARTESIAN_POINT('',(-0.00808941697855272,-0.00363119658561342,0.000499999999999958));
#13032=CARTESIAN_POINT('',(-0.00808941697855269,-0.00363119658561341,-3.4864175871164E-17));
#13033=CARTESIAN_POINT('',(-0.0099329781714396,-0.00469557713659401,-4.35849273339173E-17));
#13034=CARTESIAN_POINT('',(-0.0099329781714396,-0.004695577136594,-4.08744219027035E-17));
#13035=CARTESIAN_POINT('',(-0.0099329781714396,-0.004695577136594,0.000499999999999958));
#13036=CARTESIAN_POINT('',(-0.0101669359327422,-0.00483065271306107,7.9264507596062E-5));
#13037=CARTESIAN_POINT('',(-0.00997976972370012,-0.00472259225188742,0.000415852901519178));
#13038=CARTESIAN_POINT('',(-0.00997976972370012,-0.00472259225188741,0.000415852901519178));
#13039=CARTESIAN_POINT('',(-0.0099329781714396,-0.004695577136594,0.000499999999999958));
#13040=CARTESIAN_POINT('',(-0.00763941697855281,-0.00441061944901926,-2.94902990916057E-17));
#13041=CARTESIAN_POINT('',(-0.00718941697855281,-0.00519004231242526,-2.9401907902914E-17));
#13042=CARTESIAN_POINT('',(-0.00718941697855277,-0.0051900423124255,-2.60208521396527E-17));
#13043=CARTESIAN_POINT('',(-0.00763941697855281,-0.00441061944901926,-2.61092433283439E-17));
#13044=CARTESIAN_POINT('',(-0.0090329781714396,-0.00625442286340599,0.000499999999999958));
#13045=CARTESIAN_POINT('',(-0.0090329781714396,-0.00625442286340599,0.000499999999999958));
#13046=CARTESIAN_POINT('',(-0.00907976972370012,-0.00628143797869941,0.00041585290151918));
#13047=CARTESIAN_POINT('',(-0.00926693593274224,-0.00638949843987308,7.92645075960692E-5));
#13048=CARTESIAN_POINT('',(-0.00926693593274223,-0.00638949843987308,7.92645075960683E-5));
#13049=CARTESIAN_POINT('',(-0.0090329781714396,-0.006254422863406,0.000499999999999958));
#13050=CARTESIAN_POINT('',(-0.00903297817143958,-0.00625442286340602,-3.49611477041765E-17));
#13051=CARTESIAN_POINT('',(-0.00903297817143956,-0.00625442286340605,-2.60208521396521E-17));
#13052=CARTESIAN_POINT('',(-0.01275,-0.0032,0.0008));
#13053=CARTESIAN_POINT('',(-0.01275,-0.0032,0.0011));
#13054=CARTESIAN_POINT('',(-0.0105765069848225,-0.0032,0.0011));
#13055=CARTESIAN_POINT('',(-0.0105765069848225,-0.0032,0.0008));
#13056=CARTESIAN_POINT('',(0.,0.,0.0008));
#13057=CARTESIAN_POINT('',(0.,0.,0.0011));
#13058=CARTESIAN_POINT('',(-0.0108287810948417,-0.0022,0.0011));
#13059=CARTESIAN_POINT('',(-0.0108287810948417,-0.0022,0.0008));
#13060=CARTESIAN_POINT('',(-0.0101134811019747,-0.0022,0.0008));
#13061=CARTESIAN_POINT('',(-0.0101134811019747,-0.0022,0.0011));
#13062=CARTESIAN_POINT('',(0.,0.,0.0008));
#13063=CARTESIAN_POINT('',(-0.0017,0.0115,-0.00963948222087998));
#13064=CARTESIAN_POINT('',(-0.0017,0.0115,0.0032));
#13065=CARTESIAN_POINT('',(-0.001325,0.0115,0.0032));
#13066=CARTESIAN_POINT('',(-0.001325,0.0115,-0.00963948222087998));
#13067=CARTESIAN_POINT('',(0.,0.,0.0032));
#13068=CARTESIAN_POINT('',(-0.001325,0.,0.0032));
#13069=CARTESIAN_POINT('',(-0.011694253801182,0.00292495825974734,0.00319));
#13070=CARTESIAN_POINT('',(-0.0107872344298616,0.00449596189432334,0.00319));
#13071=CARTESIAN_POINT('',(-0.0107958946838995,0.00450096189432334,0.00319));
#13072=CARTESIAN_POINT('',(-0.0100458946838995,0.0058,0.00319));
#13073=CARTESIAN_POINT('',(-0.00929589468389948,0.00709903810567666,0.00319));
#13074=CARTESIAN_POINT('',(-0.00928723442986164,0.00709403810567666,0.00319));
#13075=CARTESIAN_POINT('',(-0.0118,0.0015,0.0016));
#13076=CARTESIAN_POINT('',(-0.0118,0.0015,0.0027));
#13077=CARTESIAN_POINT('',(-0.0118,0.0015,0.0027));
#13078=CARTESIAN_POINT('',(-0.011,0.0015,0.0032));
#13079=CARTESIAN_POINT('',(-0.0118,0.0015,0.0027));
#13080=CARTESIAN_POINT('',(-0.0118,-0.0015,0.0027));
#13081=CARTESIAN_POINT('',(-0.0118,-0.0015,0.0027));
#13082=CARTESIAN_POINT('',(-0.011,-0.0015,0.0032));
#13083=CARTESIAN_POINT('',(-0.011,0.0015,0.0032));
#13084=CARTESIAN_POINT('',(-0.0108467737138746,-0.0015,0.0016));
#13085=CARTESIAN_POINT('',(-0.0108467737138746,-0.0015,0.0032));
#13086=CARTESIAN_POINT('',(-0.0118,-0.0015,0.0016));
#13087=CARTESIAN_POINT('',(-0.0118,0.0015,0.0016));
#13088=CARTESIAN_POINT('',(0.,0.,0.0008));
#13089=CARTESIAN_POINT('',(0.,0.,0.0008));
#13090=CARTESIAN_POINT('',(0.0113,0.,0.0032));
#13091=CARTESIAN_POINT('',(0.0113,0.,0.0032));
#13092=CARTESIAN_POINT('',(0.0113,-0.000559016994374942,0.0032));
#13093=CARTESIAN_POINT('',(0.0118,0.,0.0024));
#13094=CARTESIAN_POINT('',(0.0118,-0.00075,0.0024));
#13095=CARTESIAN_POINT('',(0.0113,-0.000559016994374942,0.0032));
#13096=CARTESIAN_POINT('',(0.0114390834308757,-0.000683416996767673,0.00297746651059898));
#13097=CARTESIAN_POINT('',(0.0116133999964109,-0.000750000000000001,0.00269856000574254));
#13098=CARTESIAN_POINT('',(0.0118,-0.00075,0.0024));
#13099=CARTESIAN_POINT('',(0.0118,0.0015,0.0016));
#13100=CARTESIAN_POINT('',(0.0118,-0.00075,0.0016));
#13101=CARTESIAN_POINT('',(0.0118,0.0015,0.0016));
#13102=CARTESIAN_POINT('',(0.0118,0.0015,0.0024));
#13103=CARTESIAN_POINT('',(0.0118,0.00075,0.0024));
#13104=CARTESIAN_POINT('',(0.0118,0.00075,0.0016));
#13105=CARTESIAN_POINT('',(0.0118,0.,-0.002));
#13106=CARTESIAN_POINT('',(0.0113,0.000559016994374942,0.0032));
#13107=CARTESIAN_POINT('',(0.0114390834308757,0.000683416996767673,0.00297746651059898));
#13108=CARTESIAN_POINT('',(0.0116133999964109,0.000750000000000001,0.00269856000574254));
#13109=CARTESIAN_POINT('',(0.0118,0.00075,0.0024));
#13110=CARTESIAN_POINT('',(0.0113,0.000559016994374942,0.0032));
#13111=CARTESIAN_POINT('',(0.0118,0.,0.0032));
#13112=CARTESIAN_POINT('',(0.0113,0.,0.0032));
#13113=CARTESIAN_POINT('',(0.0113,0.,0.0032));
#13114=CARTESIAN_POINT('',(0.0083802150585413,0.00866504174025268,0.00319));
#13115=CARTESIAN_POINT('',(0.00928723442986164,0.00709403810567668,0.00319));
#13116=CARTESIAN_POINT('',(0.00929589468389947,0.00709903810567669,0.00319));
#13117=CARTESIAN_POINT('',(0.0100458946838995,0.0058,0.00319));
#13118=CARTESIAN_POINT('',(0.0107958946838995,0.00450096189432335,0.00319));
#13119=CARTESIAN_POINT('',(0.0107872344298616,0.00449596189432335,0.00319));
#13120=CARTESIAN_POINT('',(0.,0.,0.0032));
#13121=CARTESIAN_POINT('',(0.,0.0115,0.0032));
#13122=CARTESIAN_POINT('',(0.001325,0.0115,0.0032));
#13123=CARTESIAN_POINT('',(0.001325,0.012620787768617,0.0032));
#13124=CARTESIAN_POINT('',(-0.0017,0.0115,-0.00963948222087998));
#13125=CARTESIAN_POINT('',(0.001325,0.0115,-0.00963948222087998));
#13126=CARTESIAN_POINT('',(0.00544865484130692,0.000915306189371979,0.));
#13127=CARTESIAN_POINT('',(0.,0.,0.0066));
#13128=CARTESIAN_POINT('',(0.,0.,0.0066));
#13129=CARTESIAN_POINT('',(0.00473761543394986,0.00190918830920368,0.));
#13130=CARTESIAN_POINT('',(0.00473761543394986,0.00190918830920368,0.0066));
#13131=CARTESIAN_POINT('',(0.,0.,0.0066));
#13132=CARTESIAN_POINT('',(0.,0.,0.0066));
#13133=CARTESIAN_POINT('',(0.,0.,0.0066));
#13134=CARTESIAN_POINT('',(0.,0.,0.0066));
#13135=CARTESIAN_POINT('',(0.,0.,0.));
#13136=CARTESIAN_POINT('',(-0.00544865484130692,0.000915306189371981,0.));
#13137=CARTESIAN_POINT('',(-0.00544865484130692,-0.000915306189371977,0.));
#13138=CARTESIAN_POINT('',(0.,0.,0.0066));
#13139=CARTESIAN_POINT('',(0.,0.,0.0066));
#13140=CARTESIAN_POINT('',(-0.00121971595655806,0.00435,0.));
#13141=CARTESIAN_POINT('',(-0.00473761543394987,0.00190918830920367,0.));
#13142=CARTESIAN_POINT('',(-0.00473761543394987,0.00190918830920367,0.0066));
#13143=CARTESIAN_POINT('',(-0.00544865484130692,0.000915306189371981,0.));
#13144=CARTESIAN_POINT('',(-0.00544865484130692,-0.000915306189371979,0.));
#13145=CARTESIAN_POINT('',(-0.00473761543394986,-0.00190918830920368,0.));
#13146=CARTESIAN_POINT('',(-0.00473761543394986,-0.00190918830920368,0.0066));
#13147=CARTESIAN_POINT('',(-0.00121971595655806,-0.00435,0.));
#13148=CARTESIAN_POINT('',(0.00473761543395074,-0.0019091883092028,0.));
#13149=CARTESIAN_POINT('',(0.00473761543395074,-0.0019091883092028,0.0066));
#13150=CARTESIAN_POINT('',(0.00544865484130691,-0.000915306189372022,0.));
#13151=CARTESIAN_POINT('',(0.0220672852222196,-0.0127405530633327,-1.57859836313889E-16));
#13152=CARTESIAN_POINT('',(0.00993297817143959,-0.004695577136594,-5.82946873587205E-17));
#13153=CARTESIAN_POINT('',(0.00926880759483264,-0.0063905790444848,7.58986236568125E-5));
#13154=CARTESIAN_POINT('',(0.00931875787214554,-0.00644549189187429,0.00012130396719939));
#13155=CARTESIAN_POINT('',(0.00935857543695013,-0.00649453158863632,0.000184652593344683));
#13156=CARTESIAN_POINT('',(0.00940575733433778,-0.00657389712613437,0.000332086463742247));
#13157=CARTESIAN_POINT('',(0.00941303293158871,-0.00660414870916933,0.000415963076504672));
#13158=CARTESIAN_POINT('',(0.00940174254050022,-0.00662370424017192,0.000499999999999944));
#13159=CARTESIAN_POINT('',(0.00926693593274222,-0.00638949843987307,7.92645075960437E-5));
#13160=CARTESIAN_POINT('',(0.00931640017092112,-0.0064441306013532,0.000124309466903283));
#13161=CARTESIAN_POINT('',(0.00935581219824384,-0.00649293623202541,0.000187155350540359));
#13162=CARTESIAN_POINT('',(0.00940244050270395,-0.00657198215249772,0.000333419110855404));
#13163=CARTESIAN_POINT('',(0.00940956879919308,-0.00660214876248271,0.00041663008131184));
#13164=CARTESIAN_POINT('',(0.00939827843888508,-0.00662170424017192,0.000499999999999944));
#13165=CARTESIAN_POINT('',(0.00907976972370012,-0.00628143797869941,0.000415852901519164));
#13166=CARTESIAN_POINT('',(0.00908063004847839,-0.00630800154924421,0.000424859437292575));
#13167=CARTESIAN_POINT('',(0.00907948832761465,-0.00633340057093412,0.000437431070108027));
#13168=CARTESIAN_POINT('',(0.00907075733932087,-0.00638048478883283,0.000466683822171036));
#13169=CARTESIAN_POINT('',(0.00906315555963025,-0.00640215409382006,0.000483330562028664));
#13170=CARTESIAN_POINT('',(0.0090518682773713,-0.00642170424017192,0.000499999999999944));
#13171=CARTESIAN_POINT('',(0.0090778793449888,-0.00628034656804156,0.000419252444297787));
#13172=CARTESIAN_POINT('',(0.00907824877024172,-0.00630662664581791,0.000427894991993506));
#13173=CARTESIAN_POINT('',(0.00907669745652129,-0.0063317892607571,0.000439958854875661));
#13174=CARTESIAN_POINT('',(0.0090674073393707,-0.00637855066545982,0.000468029795755324));
#13175=CARTESIAN_POINT('',(0.00905965678591066,-0.00640013414766656,0.000484004236883904));
#13176=CARTESIAN_POINT('',(0.00904836953474001,-0.00641968424017192,0.000499999999999944));
#13177=CARTESIAN_POINT('',(0.00939827843888508,-0.00662170424017192,0.000499999999999944));
#13178=CARTESIAN_POINT('',(0.00942104870939139,-0.00658226497475291,0.000331860494365912));
#13179=CARTESIAN_POINT('',(0.00936669485021636,-0.00649967996675353,0.000170110673302769));
#13180=CARTESIAN_POINT('',(0.00926693593274222,-0.00638949843987307,7.92645075960437E-5));
#13181=CARTESIAN_POINT('',(0.00939827843888508,-0.00662170424017192,0.000499999999999944));
#13182=CARTESIAN_POINT('',(0.00922507335812819,-0.00652170424017192,0.000499999999999944));
#13183=CARTESIAN_POINT('',(0.0090518682773713,-0.00642170424017192,0.000499999999999944));
#13184=CARTESIAN_POINT('',(0.00907976972370012,-0.00628143797869938,0.000415852901519165));
#13185=CARTESIAN_POINT('',(0.00908149008719757,-0.00633455628736816,0.000433862978381438));
#13186=CARTESIAN_POINT('',(0.00907443908885353,-0.0063826104479166,0.000466666666666617));
#13187=CARTESIAN_POINT('',(0.00905186827737128,-0.00642170424017192,0.000499999999999944));
#13188=CARTESIAN_POINT('',(0.0104371674093937,-0.00483029575982808,0.000499999999999944));
#13189=CARTESIAN_POINT('',(0.0104258770183052,-0.00484985129083066,0.000415963076504675));
#13190=CARTESIAN_POINT('',(0.0103960405802668,-0.00485867623030114,0.000332086463742247));
#13191=CARTESIAN_POINT('',(0.0103037170599146,-0.00485749827731371,0.000184652593344683));
#13192=CARTESIAN_POINT('',(0.0102413386543225,-0.00484753510305712,0.000121303967199382));
#13193=CARTESIAN_POINT('',(0.0101688075948326,-0.00483173331767281,7.5898623656812E-5));
#13194=CARTESIAN_POINT('',(0.0104337033077786,-0.00482829575982808,0.000499999999999944));
#13195=CARTESIAN_POINT('',(0.0104224129474706,-0.00484785123751729,0.000416630081311843));
#13196=CARTESIAN_POINT('',(0.0103927237486329,-0.00485676125666449,0.000333419110855403));
#13197=CARTESIAN_POINT('',(0.0103009538212083,-0.0048559029207028,0.00018715535054036));
#13198=CARTESIAN_POINT('',(0.0102389808915371,-0.00484617391916278,0.000124309466903275));
#13199=CARTESIAN_POINT('',(0.0101669359327422,-0.00483065271306108,7.92645075960432E-5));
#13200=CARTESIAN_POINT('',(0.0100872931462648,-0.00462829575982808,0.000499999999999944));
#13201=CARTESIAN_POINT('',(0.0100760058640058,-0.00464784590617994,0.000483330562028664));
#13202=CARTESIAN_POINT('',(0.0100610405852499,-0.00466526389299961,0.000466683822171036));
#13203=CARTESIAN_POINT('',(0.0100246299505791,-0.00469636725961152,0.000437431070108027));
#13204=CARTESIAN_POINT('',(0.0100032046129963,-0.0047100555297285,0.000424859437292573));
#13205=CARTESIAN_POINT('',(0.00997976972370012,-0.00472259225188742,0.000415852901519164));
#13206=CARTESIAN_POINT('',(0.0100837944036335,-0.00462627575982808,0.000499999999999944));
#13207=CARTESIAN_POINT('',(0.0100725071524628,-0.00464582585233343,0.000484004236883904));
#13208=CARTESIAN_POINT('',(0.0100576905852997,-0.0046633297696266,0.000468029795755323));
#13209=CARTESIAN_POINT('',(0.0100218390794858,-0.00469475594943449,0.00043995885487566));
#13210=CARTESIAN_POINT('',(0.010000823272583,-0.00470868073399522,0.000427894991993505));
#13211=CARTESIAN_POINT('',(0.0099778793449888,-0.00472150084122956,0.000419252444297787));
#13212=CARTESIAN_POINT('',(0.0100872931462648,-0.00462829575982808,0.000499999999999944));
#13213=CARTESIAN_POINT('',(0.0100647223347825,-0.00466738955208339,0.000466666666666616));
#13214=CARTESIAN_POINT('',(0.010026631710162,-0.00469752297604557,0.000433862978381437));
#13215=CARTESIAN_POINT('',(0.0099797697237001,-0.00472259225188742,0.000415852901519164));
#13216=CARTESIAN_POINT('',(0.0100872931462648,-0.00462829575982808,0.000499999999999944));
#13217=CARTESIAN_POINT('',(0.0102604982270217,-0.00472829575982808,0.000499999999999944));
#13218=CARTESIAN_POINT('',(0.0104337033077786,-0.00482829575982808,0.000499999999999944));
#13219=CARTESIAN_POINT('',(0.0101669359327422,-0.00483065271306108,7.92645075960436E-5));
#13220=CARTESIAN_POINT('',(0.0103122353878192,-0.00486195570533754,0.000170110670197661));
#13221=CARTESIAN_POINT('',(0.010410933036494,-0.00486773502659512,0.000331860488618931));
#13222=CARTESIAN_POINT('',(0.0104337033077786,-0.00482829575982808,0.000499999999999944));
#13223=CARTESIAN_POINT('',(0.,0.,0.0032));
#13224=CARTESIAN_POINT('',(0.00956958071181809,-0.005525,0.014559867228627));
#13225=CARTESIAN_POINT('',(0.00956958071181804,-0.005525,0.000499999999999945));
#13226=CARTESIAN_POINT('',(0.00891958071181804,-0.00665083302491977,0.000200000000000004));
#13227=CARTESIAN_POINT('',(0.0089195807118181,-0.00665083302491967,0.0006));
#13228=CARTESIAN_POINT('',(0.00891958071181812,-0.00665083302491973,0.014559867228627));
#13229=CARTESIAN_POINT('',(0.0102195807118182,-0.00439916697508012,0.014559867228627));
#13230=CARTESIAN_POINT('',(0.0102195807118181,-0.00439916697508005,0.0006));
#13231=CARTESIAN_POINT('',(0.010219580711818,-0.00439916697508023,0.000200000000000004));
#13232=CARTESIAN_POINT('',(0.0107184144830105,-0.00333516153884367,0.000499999999999943));
#13233=CARTESIAN_POINT('',(0.,-0.01315,0.0137568583470577));
#13234=CARTESIAN_POINT('',(0.00265,-0.01315,0.0137568583470577));
#13235=CARTESIAN_POINT('',(0.00265,-0.01315,-0.00409673149142852));
#13236=CARTESIAN_POINT('',(0.00265,-0.01315,-0.00409673149142852));
#13237=CARTESIAN_POINT('',(0.00285,-0.01315,-0.0044431416529423));
#13238=CARTESIAN_POINT('',(0.,-0.01315,-0.0044431416529423));
#13239=CARTESIAN_POINT('',(0.00315,-0.01315,-0.0044431416529423));
#13240=CARTESIAN_POINT('',(0.00315,-0.01315,-0.0044431416529423));
#13241=CARTESIAN_POINT('',(0.00335,-0.01315,-0.00409673149142853));
#13242=CARTESIAN_POINT('',(0.00335,-0.01315,0.0137568583470577));
#13243=CARTESIAN_POINT('',(0.,-0.01285,0.0137568583470577));
#13244=CARTESIAN_POINT('',(0.,-0.01285,-0.00444314165294229));
#13245=CARTESIAN_POINT('',(0.00285,-0.01285,-0.0044431416529423));
#13246=CARTESIAN_POINT('',(0.00315,-0.01285,-0.0044431416529423));
#13247=CARTESIAN_POINT('',(0.00265,-0.01285,-0.00409673149142852));
#13248=CARTESIAN_POINT('',(0.00265,-0.01285,-0.00409673149142852));
#13249=CARTESIAN_POINT('',(0.00265,-0.01285,0.0137568583470577));
#13250=CARTESIAN_POINT('',(0.00335,-0.01285,0.0137568583470577));
#13251=CARTESIAN_POINT('',(0.00335,-0.01285,-0.00409673149142853));
#13252=CARTESIAN_POINT('',(0.00315,-0.01285,-0.0044431416529423));
#13253=CARTESIAN_POINT('',(0.,-0.01285,0.0137568583470577));
#13254=CARTESIAN_POINT('',(0.,-0.01285,-0.00444314165294229));
#13255=CARTESIAN_POINT('',(-0.00315,-0.01285,-0.0044431416529423));
#13256=CARTESIAN_POINT('',(-0.00285,-0.01285,-0.0044431416529423));
#13257=CARTESIAN_POINT('',(-0.00335,-0.01285,-0.00409673149142853));
#13258=CARTESIAN_POINT('',(-0.00335,-0.01285,-0.00409673149142852));
#13259=CARTESIAN_POINT('',(-0.00335,-0.01285,0.0137568583470577));
#13260=CARTESIAN_POINT('',(-0.00265,-0.01285,0.0137568583470577));
#13261=CARTESIAN_POINT('',(-0.00265,-0.01285,-0.00409673149142852));
#13262=CARTESIAN_POINT('',(-0.00285,-0.01285,-0.0044431416529423));
#13263=CARTESIAN_POINT('',(0.,-0.01315,0.0137568583470577));
#13264=CARTESIAN_POINT('',(-0.00335,-0.01315,0.0137568583470577));
#13265=CARTESIAN_POINT('',(-0.00335,-0.01315,-0.00409673149142852));
#13266=CARTESIAN_POINT('',(-0.00335,-0.01315,-0.00409673149142853));
#13267=CARTESIAN_POINT('',(-0.00315,-0.01315,-0.0044431416529423));
#13268=CARTESIAN_POINT('',(0.,-0.01315,-0.0044431416529423));
#13269=CARTESIAN_POINT('',(-0.00285,-0.01315,-0.0044431416529423));
#13270=CARTESIAN_POINT('',(-0.00285,-0.01315,-0.0044431416529423));
#13271=CARTESIAN_POINT('',(-0.00265,-0.01315,-0.00409673149142853));
#13272=CARTESIAN_POINT('',(-0.00265,-0.01315,0.0137568583470577));
#13273=CARTESIAN_POINT('',(0.,-0.01315,0.0137568583470577));
#13274=CARTESIAN_POINT('',(-0.00035,-0.01315,0.0137568583470577));
#13275=CARTESIAN_POINT('',(-0.00035,-0.01315,-0.00409673149142853));
#13276=CARTESIAN_POINT('',(-0.000349999999999994,-0.01315,-0.00409673149142854));
#13277=CARTESIAN_POINT('',(-0.000149999999999998,-0.01315,-0.0044431416529423));
#13278=CARTESIAN_POINT('',(0.,-0.01315,-0.0044431416529423));
#13279=CARTESIAN_POINT('',(0.000149999999999996,-0.01315,-0.0044431416529423));
#13280=CARTESIAN_POINT('',(0.000149999999999994,-0.01315,-0.0044431416529423));
#13281=CARTESIAN_POINT('',(0.00035,-0.01315,-0.00409673149142854));
#13282=CARTESIAN_POINT('',(0.000349999999999994,-0.01315,0.0137568583470577));
#13283=CARTESIAN_POINT('',(0.,-0.01285,0.0137568583470577));
#13284=CARTESIAN_POINT('',(0.,-0.01285,-0.00444314165294229));
#13285=CARTESIAN_POINT('',(-0.00015,-0.01285,-0.0044431416529423));
#13286=CARTESIAN_POINT('',(0.000149999999999996,-0.01285,-0.0044431416529423));
#13287=CARTESIAN_POINT('',(-0.000349999999999994,-0.01285,-0.00409673149142853));
#13288=CARTESIAN_POINT('',(-0.00035,-0.01285,-0.00409673149142853));
#13289=CARTESIAN_POINT('',(-0.00035,-0.01285,0.0137568583470577));
#13290=CARTESIAN_POINT('',(0.00035,-0.01285,0.0137568583470577));
#13291=CARTESIAN_POINT('',(0.00035,-0.01285,-0.00409673149142854));
#13292=CARTESIAN_POINT('',(0.000149999999999994,-0.01285,-0.0044431416529423));
#13293=CARTESIAN_POINT('',(0.00991599087333186,-0.005725,0.0145598672286269));
#13294=CARTESIAN_POINT('',(0.00926599087333189,-0.00685083302491973,0.0145598672286269));
#13295=CARTESIAN_POINT('',(0.00926599087333187,-0.00685083302491967,0.0006));
#13296=CARTESIAN_POINT('',(0.00926599087333181,-0.00685083302491977,0.0002));
#13297=CARTESIAN_POINT('',(0.00991599087333182,-0.005725,0.000499999999999943));
#13298=CARTESIAN_POINT('',(0.0105659908733318,-0.00459916697508023,0.0002));
#13299=CARTESIAN_POINT('',(0.010565990873332,-0.00459916697508,0.0006));
#13300=CARTESIAN_POINT('',(0.010565990873332,-0.00459916697508002,0.0145598672286269));
#13301=CARTESIAN_POINT('',(-0.00991599087333185,-0.005725,0.0145598672286269));
#13302=CARTESIAN_POINT('',(-0.0105659908733319,-0.00459916697508019,0.0145598672286269));
#13303=CARTESIAN_POINT('',(-0.0105659908733319,-0.00459916697508007,0.000600000000000018));
#13304=CARTESIAN_POINT('',(-0.0105659908733318,-0.00459916697508023,0.000200000000000018));
#13305=CARTESIAN_POINT('',(-0.0104337033077785,-0.00482829575982808,0.000499999999999957));
#13306=CARTESIAN_POINT('',(-0.00991599087333181,-0.005725,0.000499999999999957));
#13307=CARTESIAN_POINT('',(-0.00939827843888508,-0.00662170424017192,0.000499999999999957));
#13308=CARTESIAN_POINT('',(-0.00926599087333181,-0.00685083302491977,0.000200000000000018));
#13309=CARTESIAN_POINT('',(-0.00926599087333175,-0.00685083302491987,0.000600000000000019));
#13310=CARTESIAN_POINT('',(-0.00926599087333189,-0.00685083302491973,0.0145598672286269));
#13311=CARTESIAN_POINT('',(0.,0.,0.0032));
#13312=CARTESIAN_POINT('',(0.,0.,0.0032));
#13313=CARTESIAN_POINT('',(-0.0103923048454133,0.006,0.0151098672286269));
#13314=CARTESIAN_POINT('',(-0.00964230484541329,0.00729903810567668,0.0151098672286269));
#13315=CARTESIAN_POINT('',(-0.00964230484541324,0.00729903810567665,-0.000799999999999982));
#13316=CARTESIAN_POINT('',(-0.0103923048454132,0.006,-0.00079999999999998));
#13317=CARTESIAN_POINT('',(-0.0101423048454132,0.0064330127018922,-0.000799999999999981));
#13318=CARTESIAN_POINT('',(-0.0101423048454133,0.00643301270189223,0.0151098672286269));
#13319=CARTESIAN_POINT('',(-0.0101423048454132,0.0064330127018922,-0.004));
#13320=CARTESIAN_POINT('',(-0.0103923048454132,0.006,-0.004));
#13321=CARTESIAN_POINT('',(-0.0106423048454132,0.00556698729810776,-0.004));
#13322=CARTESIAN_POINT('',(-0.0106423048454133,0.00556698729810779,0.0151098672286269));
#13323=CARTESIAN_POINT('',(-0.0106423048454132,0.00556698729810776,-0.000799999999999984));
#13324=CARTESIAN_POINT('',(-0.0103923048454132,0.006,-0.000799999999999983));
#13325=CARTESIAN_POINT('',(-0.0111423048454132,0.00470096189432332,-0.000799999999999982));
#13326=CARTESIAN_POINT('',(-0.0111423048454133,0.00470096189432334,0.0151098672286269));
#13327=CARTESIAN_POINT('',(0.,0.01145,0.0145598672286269));
#13328=CARTESIAN_POINT('',(0.0013,0.01145,0.0145598672286269));
#13329=CARTESIAN_POINT('',(0.0013,0.01145,0.000600000000000018));
#13330=CARTESIAN_POINT('',(0.0013,0.01145,0.000200000000000018));
#13331=CARTESIAN_POINT('',(0.00103542486889345,0.01145,0.00049999999999994));
#13332=CARTESIAN_POINT('',(0.,0.01145,0.00049999999999994));
#13333=CARTESIAN_POINT('',(-0.00103542486889345,0.01145,0.00049999999999994));
#13334=CARTESIAN_POINT('',(-0.0013,0.01145,0.000200000000000018));
#13335=CARTESIAN_POINT('',(-0.0013,0.01145,0.000600000000000018));
#13336=CARTESIAN_POINT('',(-0.0013,0.01145,0.0145598672286269));
#13337=CARTESIAN_POINT('',(0.0103923048454133,0.006,0.015109867228627));
#13338=CARTESIAN_POINT('',(0.0111423048454133,0.00470096189432337,0.015109867228627));
#13339=CARTESIAN_POINT('',(0.0111423048454133,0.00470096189432334,-0.0008));
#13340=CARTESIAN_POINT('',(0.0103923048454133,0.006,-0.0008));
#13341=CARTESIAN_POINT('',(0.0106423048454133,0.00556698729810776,-0.0008));
#13342=CARTESIAN_POINT('',(0.0106423048454133,0.00556698729810779,0.015109867228627));
#13343=CARTESIAN_POINT('',(0.0106423048454133,0.00556698729810776,-0.004));
#13344=CARTESIAN_POINT('',(0.0103923048454133,0.006,-0.004));
#13345=CARTESIAN_POINT('',(0.0101423048454133,0.0064330127018922,-0.004));
#13346=CARTESIAN_POINT('',(0.0101423048454133,0.00643301270189223,0.015109867228627));
#13347=CARTESIAN_POINT('',(0.0101423048454133,0.0064330127018922,-0.0008));
#13348=CARTESIAN_POINT('',(0.0103923048454133,0.006,-0.0008));
#13349=CARTESIAN_POINT('',(0.00964230484541324,0.00729903810567669,-0.0008));
#13350=CARTESIAN_POINT('',(0.00964230484541328,0.00729903810567672,0.015109867228627));
#13351=CARTESIAN_POINT('',(0.,0.,0.0032));
#13352=CARTESIAN_POINT('',(-0.00765,0.,0.0032));
#13353=CARTESIAN_POINT('',(-0.00765,-0.0015,0.0032));
#13354=CARTESIAN_POINT('',(-0.00765,0.0015,0.0032));
#13355=CARTESIAN_POINT('',(-0.0120537742936152,0.0015,0.0032));
#13356=CARTESIAN_POINT('',(0.0120537742936152,0.0015,0.0032));
#13357=CARTESIAN_POINT('',(0.00765,0.0015,0.0032));
#13358=CARTESIAN_POINT('',(0.00765,0.,0.0032));
#13359=CARTESIAN_POINT('',(0.00765,-0.0015,0.0032));
#13360=CARTESIAN_POINT('',(0.0120537742936152,-0.0015,0.0032));
#13361=CARTESIAN_POINT('',(-0.0120537742936152,-0.0015,0.0032));
#13362=CARTESIAN_POINT('',(-0.0101762794416288,-0.00437416697508024,-0.00271111765405064));
#13363=CARTESIAN_POINT('',(-0.00824754185986868,-0.00761483846115632,0.000499999999999958));
#13364=CARTESIAN_POINT('',(-0.00997976972370012,-0.00472259225188741,0.000415852901519176));
#13365=CARTESIAN_POINT('',(-0.0100266317101621,-0.00469752297604557,0.000433862978381449));
#13366=CARTESIAN_POINT('',(-0.0100647223347825,-0.00466738955208339,0.00046666666666663));
#13367=CARTESIAN_POINT('',(-0.0100872931462648,-0.00462829575982809,0.000499999999999958));
#13368=CARTESIAN_POINT('',(-0.0100872931462648,-0.00462829575982808,0.000499999999999957));
#13369=CARTESIAN_POINT('',(-0.00833414440024712,-0.00766483846115632,0.000499999999999958));
#13370=CARTESIAN_POINT('',(-0.00905186827737131,-0.00642170424017192,0.000499999999999958));
#13371=CARTESIAN_POINT('',(-0.00905186827737131,-0.00642170424017191,0.000499999999999958));
#13372=CARTESIAN_POINT('',(-0.00907443908885355,-0.00638261044791661,0.000466666666666632));
#13373=CARTESIAN_POINT('',(-0.00908149008719757,-0.00633455628736818,0.000433862978381452));
#13374=CARTESIAN_POINT('',(-0.00907976972370012,-0.00628143797869941,0.000415852901519179));
#13375=CARTESIAN_POINT('',(0.,0.,0.0011));
#13376=CARTESIAN_POINT('',(-0.00956958071181808,-0.005525,0.0145598672286269));
#13377=CARTESIAN_POINT('',(-0.010219580711818,-0.00439916697508023,0.00020000000000002));
#13378=CARTESIAN_POINT('',(-0.0102195807118181,-0.00439916697508007,0.000600000000000019));
#13379=CARTESIAN_POINT('',(-0.0102195807118181,-0.00439916697508019,0.0145598672286269));
#13380=CARTESIAN_POINT('',(-0.00891958071181816,-0.00665083302491965,0.0145598672286269));
#13381=CARTESIAN_POINT('',(-0.00891958071181806,-0.00665083302491974,0.00060000000000002));
#13382=CARTESIAN_POINT('',(-0.00891958071181804,-0.00665083302491977,0.00020000000000002));
#13383=CARTESIAN_POINT('',(-0.0220672852222196,-0.0127405530633327,-1.38777878078145E-16));
#13384=CARTESIAN_POINT('',(-0.0090329781714396,-0.006254422863406,-3.79295866030686E-17));
#13385=CARTESIAN_POINT('',(-0.0101688263114536,-0.00483174412371894,7.58649648174397E-5));
#13386=CARTESIAN_POINT('',(-0.0102413622319504,-0.00484754871489607,0.00012127391220236));
#13387=CARTESIAN_POINT('',(-0.0103037446923017,-0.00485751423087983,0.000184627565772748));
#13388=CARTESIAN_POINT('',(-0.0103960737485831,-0.00485869538003751,0.000332073137271133));
#13389=CARTESIAN_POINT('',(-0.0104259116590135,-0.0048498712913638,0.000415956406456616));
#13390=CARTESIAN_POINT('',(-0.0104372020504098,-0.00483031575982808,0.000499999999999958));
#13391=CARTESIAN_POINT('',(-0.0101669359327422,-0.00483065271306108,7.92645075960632E-5));
#13392=CARTESIAN_POINT('',(-0.0102389808915371,-0.00484617391916278,0.000124309466903292));
#13393=CARTESIAN_POINT('',(-0.0103009538212083,-0.0048559029207028,0.000187155350540381));
#13394=CARTESIAN_POINT('',(-0.0103927237486329,-0.0048567612566645,0.000333419110855421));
#13395=CARTESIAN_POINT('',(-0.0104224129474706,-0.0048478512375173,0.000416630081311856));
#13396=CARTESIAN_POINT('',(-0.0104337033077785,-0.00482829575982808,0.000499999999999958));
#13397=CARTESIAN_POINT('',(-0.00997976972370012,-0.00472259225188742,0.000415852901519179));
#13398=CARTESIAN_POINT('',(-0.0100032046129963,-0.0047100555297285,0.000424859437292589));
#13399=CARTESIAN_POINT('',(-0.0100246299505791,-0.00469636725961152,0.000437431070108042));
#13400=CARTESIAN_POINT('',(-0.0100610405852499,-0.00466526389299961,0.00046668382217105));
#13401=CARTESIAN_POINT('',(-0.0100760058640058,-0.00464784590617994,0.000483330562028679));
#13402=CARTESIAN_POINT('',(-0.0100872931462648,-0.00462829575982808,0.000499999999999958));
#13403=CARTESIAN_POINT('',(-0.0099778980616097,-0.00472151164727568,0.00041921878545841));
#13404=CARTESIAN_POINT('',(-0.0100008468502109,-0.00470869434583416,0.000427864936996482));
#13405=CARTESIAN_POINT('',(-0.0100218667118728,-0.0046947719030006,0.000439933827303719));
#13406=CARTESIAN_POINT('',(-0.010057723753616,-0.00466334891936296,0.000468016469284206));
#13407=CARTESIAN_POINT('',(-0.0100725417931712,-0.00464584585286657,0.000483997566835847));
#13408=CARTESIAN_POINT('',(-0.0100838290446496,-0.00462629575982808,0.000499999999999958));
#13409=CARTESIAN_POINT('',(-0.0104337033077785,-0.00482829575982808,0.000499999999999958));
#13410=CARTESIAN_POINT('',(-0.0104111212999293,-0.00486740894475984,0.00033325065747694));
#13411=CARTESIAN_POINT('',(-0.0103110340672428,-0.00486169689549751,0.000169359563702729));
#13412=CARTESIAN_POINT('',(-0.0101669359327422,-0.00483065271306108,7.92645075960632E-5));
#13413=CARTESIAN_POINT('',(-0.0102604982270217,-0.00472829575982808,0.000499999999999958));
#13414=CARTESIAN_POINT('',(-0.00940177718151637,-0.00662372424017192,0.000499999999999958));
#13415=CARTESIAN_POINT('',(-0.00941306757291266,-0.0066041687086362,0.000415956406456615));
#13416=CARTESIAN_POINT('',(-0.00940579050265412,-0.00657391627587073,0.000332073137271137));
#13417=CARTESIAN_POINT('',(-0.0093586030693372,-0.00649454754220243,0.000184627565772753));
#13418=CARTESIAN_POINT('',(-0.00931878144915779,-0.00644550550477949,0.000121273912202371));
#13419=CARTESIAN_POINT('',(-0.00926882631145356,-0.00639058985053093,7.58649648174463E-5));
#13420=CARTESIAN_POINT('',(-0.00939827843888508,-0.00662170424017192,0.000499999999999958));
#13421=CARTESIAN_POINT('',(-0.00940956879919308,-0.0066021487624827,0.000416630081311855));
#13422=CARTESIAN_POINT('',(-0.00940244050270395,-0.00657198215249771,0.000333419110855425));
#13423=CARTESIAN_POINT('',(-0.00935581219824385,-0.00649293623202541,0.000187155350540387));
#13424=CARTESIAN_POINT('',(-0.00931640017092112,-0.00644413060135319,0.000124309466903302));
#13425=CARTESIAN_POINT('',(-0.00926693593274224,-0.00638949843987308,7.92645075960697E-5));
#13426=CARTESIAN_POINT('',(-0.0090518682773713,-0.00642170424017191,0.000499999999999958));
#13427=CARTESIAN_POINT('',(-0.00906315555963025,-0.00640215409382005,0.00048333056202868));
#13428=CARTESIAN_POINT('',(-0.00907075733932088,-0.00638048478883283,0.000466683822171051));
#13429=CARTESIAN_POINT('',(-0.00907948832761465,-0.00633340057093412,0.000437431070108043));
#13430=CARTESIAN_POINT('',(-0.00908063004847839,-0.00630800154924421,0.000424859437292591));
#13431=CARTESIAN_POINT('',(-0.00907976972370012,-0.00628143797869941,0.00041585290151918));
#13432=CARTESIAN_POINT('',(-0.00904840417575617,-0.00641970424017191,0.000499999999999958));
#13433=CARTESIAN_POINT('',(-0.00905969142723462,-0.00640015414713343,0.000483997566835848));
#13434=CARTESIAN_POINT('',(-0.00906744050768704,-0.00637856981519618,0.000468016469284207));
#13435=CARTESIAN_POINT('',(-0.00907672508890836,-0.00633180521432321,0.00043993382730372));
#13436=CARTESIAN_POINT('',(-0.00907827234725396,-0.00630664025872312,0.000427864936996484));
#13437=CARTESIAN_POINT('',(-0.0090778980616097,-0.00628035737408767,0.000419218785458411));
#13438=CARTESIAN_POINT('',(-0.00926693593274224,-0.00638949843987308,7.92645075960701E-5));
#13439=CARTESIAN_POINT('',(-0.00936587004860228,-0.00649876899153934,0.000169359561863276));
#13440=CARTESIAN_POINT('',(-0.0094208604471954,-0.00658259105444151,0.000333250654072447));
#13441=CARTESIAN_POINT('',(-0.00939827843888508,-0.00662170424017192,0.000499999999999958));
#13442=CARTESIAN_POINT('',(-0.00922507335812819,-0.00652170424017192,0.000499999999999958));
#13443=CARTESIAN_POINT('',(-0.001325,0.012620787768617,0.));
#13444=CARTESIAN_POINT('',(-0.001325,0.,0.0032));
#13445=CARTESIAN_POINT('',(-0.001325,0.0106,0.0032));
#13446=CARTESIAN_POINT('',(-0.001325,0.011,0.00250717967697246));
#13447=CARTESIAN_POINT('',(-0.001325,0.011,0.00250717967697246));
#13448=CARTESIAN_POINT('',(-0.001325,0.011,0.));
#13449=CARTESIAN_POINT('',(-0.0100458946838995,0.0058,0.0151098672286269));
#13450=CARTESIAN_POINT('',(-0.0100458946838995,0.0058,-0.004));
#13451=CARTESIAN_POINT('',(-0.00979589468389946,0.0062330127018922,-0.004));
#13452=CARTESIAN_POINT('',(-0.0102958946838995,0.00536698729810776,-0.004));
#13453=CARTESIAN_POINT('',(-0.00979589468389952,0.00623301270189223,0.0151098672286269));
#13454=CARTESIAN_POINT('',(-0.00979589468389947,0.0062330127018922,-0.000799999999999981));
#13455=CARTESIAN_POINT('',(-0.0100458946838995,0.0058,-0.000799999999999981));
#13456=CARTESIAN_POINT('',(-0.00929589468389947,0.00709903810567666,-0.000799999999999982));
#13457=CARTESIAN_POINT('',(-0.00929589468389952,0.00709903810567668,0.0151098672286269));
#13458=CARTESIAN_POINT('',(-0.0107958946838995,0.00450096189432337,0.0151098672286269));
#13459=CARTESIAN_POINT('',(-0.0107958946838995,0.00450096189432334,-0.000799999999999981));
#13460=CARTESIAN_POINT('',(-0.0100458946838995,0.0058,-0.000799999999999981));
#13461=CARTESIAN_POINT('',(-0.0102958946838995,0.00536698729810776,-0.000799999999999981));
#13462=CARTESIAN_POINT('',(-0.0102958946838995,0.00536698729810779,0.0151098672286269));
#13463=CARTESIAN_POINT('',(0.0100458946838995,0.0058,0.015109867228627));
#13464=CARTESIAN_POINT('',(0.0100458946838995,0.0058,-0.004));
#13465=CARTESIAN_POINT('',(0.0102958946838995,0.00536698729810776,-0.004));
#13466=CARTESIAN_POINT('',(0.00979589468389947,0.0062330127018922,-0.004));
#13467=CARTESIAN_POINT('',(0.0102958946838995,0.00536698729810779,0.015109867228627));
#13468=CARTESIAN_POINT('',(0.0102958946838995,0.00536698729810777,-0.0008));
#13469=CARTESIAN_POINT('',(0.0100458946838995,0.0058,-0.0008));
#13470=CARTESIAN_POINT('',(0.0107958946838995,0.00450096189432334,-0.0008));
#13471=CARTESIAN_POINT('',(0.0107958946838995,0.00450096189432337,0.015109867228627));
#13472=CARTESIAN_POINT('',(0.0092958946838995,0.00709903810567673,0.015109867228627));
#13473=CARTESIAN_POINT('',(0.00929589468389946,0.00709903810567669,-0.0008));
#13474=CARTESIAN_POINT('',(0.0100458946838995,0.0058,-0.0008));
#13475=CARTESIAN_POINT('',(0.00979589468389949,0.0062330127018922,-0.0008));
#13476=CARTESIAN_POINT('',(0.00979589468389953,0.00623301270189223,0.015109867228627));
#13477=CARTESIAN_POINT('',(0.001325,0.012620787768617,0.));
#13478=CARTESIAN_POINT('',(0.001325,0.011,0.));
#13479=CARTESIAN_POINT('',(0.001325,0.011,0.00250717967697246));
#13480=CARTESIAN_POINT('',(0.001325,0.011,0.00250717967697246));
#13481=CARTESIAN_POINT('',(0.001325,0.0106,0.0032));
#13482=CARTESIAN_POINT('',(0.001325,0.,0.0032));
#13483=CARTESIAN_POINT('',(0.,0.,0.0066));
#13484=CARTESIAN_POINT('',(0.,0.,0.0066));
#13485=CARTESIAN_POINT('',(0.,0.,0.0066));
#13486=CARTESIAN_POINT('',(0.,0.,0.0066));
#13487=CARTESIAN_POINT('',(0.0107184144830105,-0.00333516153884367,0.000499999999999943));
#13488=CARTESIAN_POINT('',(0.00891958071181804,-0.00665083302491977,0.000200000000000004));
#13489=CARTESIAN_POINT('',(0.00891958071181812,-0.00665083302491963,0.0006));
#13490=CARTESIAN_POINT('',(0.010219580711818,-0.00439916697508023,0.000200000000000004));
#13491=CARTESIAN_POINT('',(0.0102195807118182,-0.00439916697508,0.0006));
#13492=CARTESIAN_POINT('',(0.00891092045778024,-0.00664583302491971,0.00319));
#13493=CARTESIAN_POINT('',(0.0102109204577802,-0.00439416697508017,0.00319));
#13494=CARTESIAN_POINT('',(-0.00574333117443845,-0.01315,0.0104409445474505));
#13495=CARTESIAN_POINT('',(0.00265,-0.01315,-0.00409673149142852));
#13496=CARTESIAN_POINT('',(0.00285,-0.01315,-0.0044431416529423));
#13497=CARTESIAN_POINT('',(0.00265,-0.01285,-0.000543141652942295));
#13498=CARTESIAN_POINT('',(0.00335,-0.01285,-0.000543141652942295));
#13499=CARTESIAN_POINT('',(0.00335,-0.01285,-0.00409673149142853));
#13500=CARTESIAN_POINT('',(0.0102433311744384,-0.01285,0.00784286833609713));
#13501=CARTESIAN_POINT('',(0.00315,-0.01285,-0.0044431416529423));
#13502=CARTESIAN_POINT('',(-0.00702634873393802,-0.01285,-0.0044431416529423));
#13503=CARTESIAN_POINT('',(0.00574333117443845,-0.01285,0.0104409445474505));
#13504=CARTESIAN_POINT('',(-0.00265,-0.01285,-0.00409673149142853));
#13505=CARTESIAN_POINT('',(-0.00285,-0.01285,-0.0044431416529423));
#13506=CARTESIAN_POINT('',(-0.00702634873393802,-0.01285,-0.0044431416529423));
#13507=CARTESIAN_POINT('',(-0.00315,-0.01285,-0.0044431416529423));
#13508=CARTESIAN_POINT('',(-0.0102433311744384,-0.01315,0.00784286833609713));
#13509=CARTESIAN_POINT('',(-0.00335,-0.01315,-0.00409673149142853));
#13510=CARTESIAN_POINT('',(-0.00335,-0.01285,-0.000543141652942295));
#13511=CARTESIAN_POINT('',(-0.00265,-0.01285,-0.000543141652942295));
#13512=CARTESIAN_POINT('',(-0.00799333117443844,-0.01315,0.00914190644177379));
#13513=CARTESIAN_POINT('',(-0.000349999999999994,-0.01315,-0.00409673149142854));
#13514=CARTESIAN_POINT('',(-0.00015,-0.01315,-0.0044431416529423));
#13515=CARTESIAN_POINT('',(-0.00035,-0.01285,-0.000543141652942295));
#13516=CARTESIAN_POINT('',(0.00035,-0.01285,-0.000543141652942295));
#13517=CARTESIAN_POINT('',(0.00035,-0.01285,-0.00409673149142854));
#13518=CARTESIAN_POINT('',(0.00799333117443844,-0.01285,0.00914190644177379));
#13519=CARTESIAN_POINT('',(0.000149999999999997,-0.01285,-0.0044431416529423));
#13520=CARTESIAN_POINT('',(-0.00702634873393802,-0.01285,-0.0044431416529423));
#13521=CARTESIAN_POINT('',(-0.0102109204577802,-0.00439416697508017,0.00319));
#13522=CARTESIAN_POINT('',(-0.0102109204577804,-0.00439416697507997,0.000600000000000018));
#13523=CARTESIAN_POINT('',(-0.00891092045778024,-0.00664583302491971,0.00319));
#13524=CARTESIAN_POINT('',(-0.00891092045778016,-0.00664583302491985,0.00060000000000002));
#13525=CARTESIAN_POINT('',(-0.00891958071181804,-0.00665083302491977,0.00020000000000002));
#13526=CARTESIAN_POINT('',(-0.00824754185986868,-0.00761483846115632,0.000499999999999958));
#13527=CARTESIAN_POINT('',(-0.010219580711818,-0.00439916697508023,0.00020000000000002));
#13528=CARTESIAN_POINT('',(-0.00760584651218696,0.0100262874063216,-0.000799999999999982));
#13529=CARTESIAN_POINT('',(-0.0101423048454133,0.00643301270189221,-0.000799999999999983));
#13530=CARTESIAN_POINT('',(-0.00929589468389946,0.00709903810567666,-0.000799999999999981));
#13531=CARTESIAN_POINT('',(-0.00929589468389948,0.00709903810567666,0.00421261986977526));
#13532=CARTESIAN_POINT('',(-0.0107958946838995,0.00450096189432334,0.00421261986977525));
#13533=CARTESIAN_POINT('',(-0.0107958946838995,0.00450096189432334,-0.000799999999999981));
#13534=CARTESIAN_POINT('',(-0.012485942855612,0.00157371259367836,-0.000799999999999982));
#13535=CARTESIAN_POINT('',(-0.0102958946838995,0.00536698729810777,-0.000799999999999981));
#13536=CARTESIAN_POINT('',(-0.0102958946838995,0.00536698729810776,-0.0045));
#13537=CARTESIAN_POINT('',(-0.0102958946838995,0.00536698729810776,-0.004));
#13538=CARTESIAN_POINT('',(-0.0103923048454132,0.006,-0.004));
#13539=CARTESIAN_POINT('',(-0.0101423048454132,0.0064330127018922,-0.004));
#13540=CARTESIAN_POINT('',(-0.00979589468389946,0.0062330127018922,-0.0045));
#13541=CARTESIAN_POINT('',(0.0013,0.01105,0.000200000000000019));
#13542=CARTESIAN_POINT('',(0.00103542486889345,0.01105,0.000499999999999941));
#13543=CARTESIAN_POINT('',(0.00103542486889345,0.01105,0.00049999999999994));
#13544=CARTESIAN_POINT('',(0.0013,0.01105,0.000600000000000019));
#13545=CARTESIAN_POINT('',(0.0013,0.01105,0.000600000000000019));
#13546=CARTESIAN_POINT('',(0.0013,0.01105,0.000200000000000019));
#13547=CARTESIAN_POINT('',(0.0013,0.01104,0.00319));
#13548=CARTESIAN_POINT('',(0.0013,0.01105,0.00319));
#13549=CARTESIAN_POINT('',(0.0013,0.01105,0.00319));
#13550=CARTESIAN_POINT('',(0.0013,0.,0.0032));
#13551=CARTESIAN_POINT('',(0.0013,0.01104,0.0032));
#13552=CARTESIAN_POINT('',(0.0013,0.01104,0.00319));
#13553=CARTESIAN_POINT('',(-0.0013,0.01104,0.00319));
#13554=CARTESIAN_POINT('',(-0.0013,0.01104,0.00060000000000002));
#13555=CARTESIAN_POINT('',(-0.0013,0.01105,0.000600000000000019));
#13556=CARTESIAN_POINT('',(-0.0013,0.01105,0.00319));
#13557=CARTESIAN_POINT('',(-0.0013,0.01105,0.00319));
#13558=CARTESIAN_POINT('',(-0.0013,0.01104,0.00319));
#13559=CARTESIAN_POINT('',(-0.0013,0.01104,0.0032));
#13560=CARTESIAN_POINT('',(-0.0013,0.,0.0032));
#13561=CARTESIAN_POINT('',(-0.0013,0.01105,0.000200000000000019));
#13562=CARTESIAN_POINT('',(-0.00103542486889345,0.01105,0.00049999999999994));
#13563=CARTESIAN_POINT('',(-0.00103542486889345,0.01105,0.000499999999999941));
#13564=CARTESIAN_POINT('',(-0.0013,0.01105,0.000200000000000019));
#13565=CARTESIAN_POINT('',(-0.00216113043001033,0.01095,0.000499999999999942));
#13566=CARTESIAN_POINT('',(-0.0009,0.01095,0.000499999999999942));
#13567=CARTESIAN_POINT('',(-0.0009,0.01095,-5.8116024344383E-17));
#13568=CARTESIAN_POINT('',(-0.0009,0.0112201511529342,7.92645075960648E-5));
#13569=CARTESIAN_POINT('',(-0.0009,0.0112201511529342,7.9264507596065E-5));
#13570=CARTESIAN_POINT('',(-0.000945540541012613,0.0113616356683251,0.000170110670197688));
#13571=CARTESIAN_POINT('',(-0.000989884326324286,0.01145,0.00033186048861896));
#13572=CARTESIAN_POINT('',(-0.00103542486889345,0.01145,0.000499999999999933));
#13573=CARTESIAN_POINT('',(0.00103542486889345,0.01145,0.000499999999999933));
#13574=CARTESIAN_POINT('',(0.000989884327880853,0.01145,0.000331860494365933));
#13575=CARTESIAN_POINT('',(0.000945540542569175,0.011361635673161,0.000170110673302786));
#13576=CARTESIAN_POINT('',(0.0009,0.0112201511529342,7.92645075960649E-5));
#13577=CARTESIAN_POINT('',(0.0009,0.0112201511529342,7.92645075960648E-5));
#13578=CARTESIAN_POINT('',(0.0009,0.01095,0.000499999999999942));
#13579=CARTESIAN_POINT('',(0.0009,0.01095,-5.8116024344383E-17));
#13580=CARTESIAN_POINT('',(-0.00216113043001033,0.01095,-5.8113236445223E-17));
#13581=CARTESIAN_POINT('',(0.0127465599252686,0.00112231058771334,-0.0008));
#13582=CARTESIAN_POINT('',(0.0106423048454133,0.00556698729810777,-0.0008));
#13583=CARTESIAN_POINT('',(0.0107958946838995,0.00450096189432335,-0.0008));
#13584=CARTESIAN_POINT('',(0.0111423048454133,0.00470096189432336,0.0151098672286269));
#13585=CARTESIAN_POINT('',(0.00929589468389949,0.00709903810567668,0.00421261986977527));
#13586=CARTESIAN_POINT('',(0.00929589468389948,0.00709903810567669,-0.0008));
#13587=CARTESIAN_POINT('',(0.00734522944253034,0.0104776894122866,-0.0008));
#13588=CARTESIAN_POINT('',(0.00979589468389949,0.00623301270189221,-0.0008));
#13589=CARTESIAN_POINT('',(0.00979589468389949,0.00623301270189221,-0.0008));
#13590=CARTESIAN_POINT('',(0.00979589468389949,0.00623301270189221,-0.004));
#13591=CARTESIAN_POINT('',(0.0100458946838995,0.0058,-0.004));
#13592=CARTESIAN_POINT('',(0.0102958946838995,0.00536698729810776,-0.004));
#13593=CARTESIAN_POINT('',(0.0102958946838995,0.00536698729810777,-0.0008));
#13594=CARTESIAN_POINT('',(-0.00765,-0.0015,0.013928529631062));
#13595=CARTESIAN_POINT('',(-0.00765,-0.0015,0.013928529631062));
#13596=CARTESIAN_POINT('',(-0.00765,-0.0015,0.0066));
#13597=CARTESIAN_POINT('',(-0.00765,-0.0015,0.0066));
#13598=CARTESIAN_POINT('',(-0.00765,0.0015,0.0066));
#13599=CARTESIAN_POINT('',(-0.00765,0.0015,0.013928529631062));
#13600=CARTESIAN_POINT('',(0.00765,-0.0015,0.013928529631062));
#13601=CARTESIAN_POINT('',(0.00765,0.0015,0.013928529631062));
#13602=CARTESIAN_POINT('',(0.00765,0.0015,0.0066));
#13603=CARTESIAN_POINT('',(0.00765,-0.0015,0.0066));
#13604=CARTESIAN_POINT('',(0.00765,-0.0015,0.0066));
#13605=CARTESIAN_POINT('',(0.00765,-0.0015,0.013928529631062));
#13606=CARTESIAN_POINT('',(-0.001325,0.011,0.));
#13607=CARTESIAN_POINT('',(-0.001325,0.011,0.00250717967697246));
#13608=CARTESIAN_POINT('',(0.0009,0.011,0.000499999999999942));
#13609=CARTESIAN_POINT('',(0.0009,0.011,0.000413397459621503));
#13610=CARTESIAN_POINT('',(-0.001325,0.011,0.000413397459621503));
#13611=CARTESIAN_POINT('',(-0.0009,0.011,0.000413397459621503));
#13612=CARTESIAN_POINT('',(-0.0009,0.011,0.000499999999999942));
#13613=CARTESIAN_POINT('',(0.0009,0.0112223123621576,7.58986236568339E-5));
#13614=CARTESIAN_POINT('',(0.000922580782176975,0.0112930269949314,0.000121303967199406));
#13615=CARTESIAN_POINT('',(0.000945141622964486,0.01135202986595,0.000184652593344702));
#13616=CARTESIAN_POINT('',(0.00099028324592897,0.0114325733564355,0.000332086463742253));
#13617=CARTESIAN_POINT('',(0.00101284408671648,0.011454,0.00041596307650467));
#13618=CARTESIAN_POINT('',(0.00103542486889345,0.011454,0.000499999999999933));
#13619=CARTESIAN_POINT('',(0.0009,0.0112201511529342,7.92645075960649E-5));
#13620=CARTESIAN_POINT('',(0.000922580720615994,0.011290304520516,0.000124309466903299));
#13621=CARTESIAN_POINT('',(0.000945141622964486,0.0113488391527282,0.000187155350540378));
#13622=CARTESIAN_POINT('',(0.00099028324592897,0.0114287434091622,0.000333419110855409));
#13623=CARTESIAN_POINT('',(0.00101284414827746,0.01145,0.000416630081311839));
#13624=CARTESIAN_POINT('',(0.00103542486889345,0.01145,0.000499999999999933));
#13625=CARTESIAN_POINT('',(0.0009,0.0110040302305868,0.000415852901519167));
#13626=CARTESIAN_POINT('',(0.000922574564517888,0.0110180570789727,0.000424859437292578));
#13627=CARTESIAN_POINT('',(0.000945141622964486,0.0110297678305456,0.000437431070108029));
#13628=CARTESIAN_POINT('',(0.00099028324592897,0.0110457486818324,0.000466683822171036));
#13629=CARTESIAN_POINT('',(0.00101285030437557,0.01105,0.000483330562028663));
#13630=CARTESIAN_POINT('',(0.00103542486889345,0.01105,0.00049999999999994));
#13631=CARTESIAN_POINT('',(0.0009,0.0110018474092711,0.00041925244429779));
#13632=CARTESIAN_POINT('',(0.000922574502341297,0.0110153073798131,0.00042789499199351));
#13633=CARTESIAN_POINT('',(0.000945141622964486,0.0110265452101916,0.000439958854875663));
#13634=CARTESIAN_POINT('',(0.00099028324592897,0.0110418804350864,0.000468029795755323));
#13635=CARTESIAN_POINT('',(0.00101285036655216,0.01104596,0.000484004236883902));
#13636=CARTESIAN_POINT('',(0.00103542486889345,0.01104596,0.00049999999999994));
#13637=CARTESIAN_POINT('',(0.0009,0.0110040302305868,0.000415852901519167));
#13638=CARTESIAN_POINT('',(0.000945141622964484,0.0110320792634138,0.00043386297838144));
#13639=CARTESIAN_POINT('',(0.000990283245928967,0.01105,0.000466666666666616));
#13640=CARTESIAN_POINT('',(0.00103542486889345,0.01105,0.00049999999999994));
#13641=CARTESIAN_POINT('',(0.0009,0.0110040302305868,0.000415852901519166));
#13642=CARTESIAN_POINT('',(0.0009,0.0110040302305868,0.000415852901519166));
#13643=CARTESIAN_POINT('',(0.,0.01105,0.0145598672286269));
#13644=CARTESIAN_POINT('',(0.,0.01105,0.00049999999999994));
#13645=CARTESIAN_POINT('',(0.,0.01105,0.00319));
#13646=CARTESIAN_POINT('',(-0.00103542486889345,0.011454,0.000499999999999933));
#13647=CARTESIAN_POINT('',(-0.00101284408671648,0.011454,0.000415963076504671));
#13648=CARTESIAN_POINT('',(-0.00099028324592897,0.0114325733564355,0.000332086463742253));
#13649=CARTESIAN_POINT('',(-0.000945141622964486,0.01135202986595,0.000184652593344702));
#13650=CARTESIAN_POINT('',(-0.000922580782176976,0.0112930269949314,0.000121303967199408));
#13651=CARTESIAN_POINT('',(-0.0009,0.0112223123621576,7.58986236568339E-5));
#13652=CARTESIAN_POINT('',(-0.00103542486889345,0.01145,0.000499999999999933));
#13653=CARTESIAN_POINT('',(-0.00101284414827746,0.01145,0.00041663008131184));
#13654=CARTESIAN_POINT('',(-0.00099028324592897,0.0114287434091622,0.000333419110855409));
#13655=CARTESIAN_POINT('',(-0.000945141622964486,0.0113488391527282,0.000187155350540378));
#13656=CARTESIAN_POINT('',(-0.000922580720615995,0.011290304520516,0.000124309466903301));
#13657=CARTESIAN_POINT('',(-0.0009,0.0112201511529342,7.92645075960649E-5));
#13658=CARTESIAN_POINT('',(-0.00103542486889345,0.01105,0.00049999999999994));
#13659=CARTESIAN_POINT('',(-0.00101285030437557,0.01105,0.000483330562028663));
#13660=CARTESIAN_POINT('',(-0.00099028324592897,0.0110457486818324,0.000466683822171036));
#13661=CARTESIAN_POINT('',(-0.000945141622964486,0.0110297678305456,0.000437431070108029));
#13662=CARTESIAN_POINT('',(-0.000922574564517886,0.0110180570789727,0.000424859437292577));
#13663=CARTESIAN_POINT('',(-0.0009,0.0110040302305868,0.000415852901519167));
#13664=CARTESIAN_POINT('',(-0.00103542486889345,0.01104596,0.00049999999999994));
#13665=CARTESIAN_POINT('',(-0.00101285036655216,0.01104596,0.000484004236883902));
#13666=CARTESIAN_POINT('',(-0.00099028324592897,0.0110418804350864,0.000468029795755323));
#13667=CARTESIAN_POINT('',(-0.000945141622964486,0.0110265452101916,0.000439958854875663));
#13668=CARTESIAN_POINT('',(-0.000922574502341295,0.0110153073798131,0.000427894991993509));
#13669=CARTESIAN_POINT('',(-0.0009,0.0110018474092711,0.00041925244429779));
#13670=CARTESIAN_POINT('',(-0.0009,0.0112201511529342,7.92645075960645E-5));
#13671=CARTESIAN_POINT('',(-0.0009,0.0110040302305868,0.000415852901519166));
#13672=CARTESIAN_POINT('',(-0.00103542486889346,0.01105,0.00049999999999994));
#13673=CARTESIAN_POINT('',(-0.000990283245928976,0.01105,0.000466666666666616));
#13674=CARTESIAN_POINT('',(-0.000945141622964493,0.0110320792634138,0.00043386297838144));
#13675=CARTESIAN_POINT('',(-0.00090000000000001,0.0110040302305868,0.000415852901519167));
#13676=CARTESIAN_POINT('',(0.,0.0254811061266655,-1.59594559789866E-16));
#13677=CARTESIAN_POINT('',(0.0009,0.0254811061266655,-1.59594559789866E-16));
#13678=CARTESIAN_POINT('',(0.0009,0.00882123889803854,-4.41811540375304E-17));
#13679=CARTESIAN_POINT('',(-5.42101086242752E-20,0.00882123889803854,-4.5102810375397E-17));
#13680=CARTESIAN_POINT('',(-0.0009,0.00882123889803854,-4.41811540375304E-17));
#13681=CARTESIAN_POINT('',(-0.0009,0.0254811061266655,-1.59594559789866E-16));
#13682=CARTESIAN_POINT('',(-0.0120537742936152,0.0015,0.013928529631062));
#13683=CARTESIAN_POINT('',(-0.0120537742936152,0.0015,0.0066));
#13684=CARTESIAN_POINT('',(-0.0120537742936152,-0.0015,0.013928529631062));
#13685=CARTESIAN_POINT('',(-0.0120537742936152,-0.0015,0.0066));
#13686=CARTESIAN_POINT('',(2.76977639434434E-19,2.18959124914501E-18,0.0066));
#13687=CARTESIAN_POINT('',(0.0120537742936152,-0.0015,0.013928529631062));
#13688=CARTESIAN_POINT('',(0.0120537742936152,-0.0015,0.0066));
#13689=CARTESIAN_POINT('',(2.76977639434434E-19,2.18959124914501E-18,0.0076));
#13690=CARTESIAN_POINT('',(-0.00707874670727408,-0.00178363254462805,0.0076));
#13691=CARTESIAN_POINT('',(-0.00707874670727408,-0.00178363254462805,0.0076));
#13692=CARTESIAN_POINT('',(-0.00686229378606969,-0.00501586722249195,0.0076));
#13693=CARTESIAN_POINT('',(-0.00576363326690686,-0.00448001468352556,0.0076));
#13694=CARTESIAN_POINT('',(2.76977639434434E-19,2.18959124914501E-18,0.0076));
#13695=CARTESIAN_POINT('',(0.,2.18959124914501E-18,0.0076));
#13696=CARTESIAN_POINT('',(-0.00594720367166958,-0.00456954795222456,0.0086));
#13697=CARTESIAN_POINT('',(-0.00625259927911753,-0.0047184993423818,0.0082670812802933));
#13698=CARTESIAN_POINT('',(-0.00655758595903161,-0.00486725128525439,0.00793369793369177));
#13699=CARTESIAN_POINT('',(-0.00686229378606969,-0.00501586722249196,0.0076));
#13700=CARTESIAN_POINT('',(-0.00594720367166958,-0.00456954795222456,0.0086));
#13701=CARTESIAN_POINT('',(-0.00182692307692307,-0.00830134640109698,0.0076));
#13702=CARTESIAN_POINT('',(-0.00205683311356726,-0.00790099408342608,0.00794158062587137));
#13703=CARTESIAN_POINT('',(-0.00228182526321063,-0.00749201226401782,0.00827585467677008));
#13704=CARTESIAN_POINT('',(-0.0025,-0.00707106781186546,0.0086));
#13705=CARTESIAN_POINT('',(-0.0025,-0.00707106781186546,0.0086));
#13706=CARTESIAN_POINT('',(0.,2.18959124914501E-18,0.0086));
#13707=CARTESIAN_POINT('',(-0.00075,0.0085,0.006));
#13708=CARTESIAN_POINT('',(-0.0009,-0.00655,0.00622285714285714));
#13709=CARTESIAN_POINT('',(-0.0009,-0.00775,0.00622285714285714));
#13710=CARTESIAN_POINT('',(-0.0009,-0.00694190175672344,0.00622285714285714));
#13711=CARTESIAN_POINT('',(-0.0025,-0.00653834841531101,0.0086));
#13712=CARTESIAN_POINT('',(-0.00198384056155549,-0.00673570690925262,0.00783313454859673));
#13713=CARTESIAN_POINT('',(-0.00144801731031901,-0.00687085269890447,0.00703705428961682));
#13714=CARTESIAN_POINT('',(-0.0009,-0.00694190175672344,0.00622285714285714));
#13715=CARTESIAN_POINT('',(-0.0025,-0.00653834841531101,0.0086));
#13716=CARTESIAN_POINT('',(-0.0025,0.0085,0.0086));
#13717=CARTESIAN_POINT('',(-0.00075,0.0085,0.006));
#13718=CARTESIAN_POINT('',(-0.00075,-0.00775,0.006));
#13719=CARTESIAN_POINT('',(-0.00075,-0.00775,0.006));
#13720=CARTESIAN_POINT('',(-0.00075,-0.0111450719822813,0.0045));
#13721=CARTESIAN_POINT('',(-0.00075,-0.00775,0.0086));
#13722=CARTESIAN_POINT('',(-0.00075,-0.00775,0.0045));
#13723=CARTESIAN_POINT('',(-0.00075,-0.0111450719822813,0.0045));
#13724=CARTESIAN_POINT('',(2.76977639434434E-19,2.18959124914501E-18,0.0045));
#13725=CARTESIAN_POINT('',(0.00075,2.18959124914501E-18,0.0045));
#13726=CARTESIAN_POINT('',(0.00075,-0.00775,0.0045));
#13727=CARTESIAN_POINT('',(-0.0009,-0.00775,0.0045));
#13728=CARTESIAN_POINT('',(0.00075,-0.0111450719822813,0.0045));
#13729=CARTESIAN_POINT('',(0.00075,-0.00775,0.0086));
#13730=CARTESIAN_POINT('',(0.00075,-0.00775,0.006));
#13731=CARTESIAN_POINT('',(0.00075,-0.0111450719822813,0.006));
#13732=CARTESIAN_POINT('',(0.00075,0.0085,0.006));
#13733=CARTESIAN_POINT('',(0.0009,-0.00775,0.00622285714285714));
#13734=CARTESIAN_POINT('',(0.0009,-0.00775,0.00622285714285714));
#13735=CARTESIAN_POINT('',(0.0025,-0.00707106781186546,0.0086));
#13736=CARTESIAN_POINT('',(0.00228182526321063,-0.00749201226401781,0.00827585467677008));
#13737=CARTESIAN_POINT('',(0.00205683311356727,-0.00790099408342608,0.00794158062587137));
#13738=CARTESIAN_POINT('',(0.00182692307692308,-0.00830134640109698,0.0076));
#13739=CARTESIAN_POINT('',(0.0025,-0.00707106781186546,0.0086));
#13740=CARTESIAN_POINT('',(0.0025,2.18959124914501E-18,0.0086));
#13741=CARTESIAN_POINT('',(0.0009,-0.00655,0.00622285714285714));
#13742=CARTESIAN_POINT('',(0.,2.18959124914501E-18,0.0076));
#13743=CARTESIAN_POINT('',(0.00485541961131978,-0.00697673995487944,0.0076));
#13744=CARTESIAN_POINT('',(0.00461569731713412,-0.00673701766069378,0.00793369793369177));
#13745=CARTESIAN_POINT('',(0.00437575564147795,-0.00649707598503761,0.0082670812802933));
#13746=CARTESIAN_POINT('',(0.00413549225092679,-0.00625681259448645,0.0086));
#13747=CARTESIAN_POINT('',(0.00413549225092679,-0.00625681259448645,0.0086));
#13748=CARTESIAN_POINT('',(0.,2.18959124914501E-18,0.0086));
#13749=CARTESIAN_POINT('',(2.76977639434434E-19,2.18959124914501E-18,0.0076));
#13750=CARTESIAN_POINT('',(2.76977639434434E-19,2.18959124914501E-18,0.0076));
#13751=CARTESIAN_POINT('',(0.00611239254790585,-0.00399107220434622,0.0076));
#13752=CARTESIAN_POINT('',(0.00399107220434621,-0.00611239254790586,0.0076));
#13753=CARTESIAN_POINT('',(0.00399107220434621,-0.00611239254790586,0.0076));
#13754=CARTESIAN_POINT('',(0.00697673995487943,-0.0048554196113198,0.0076));
#13755=CARTESIAN_POINT('',(0.,2.18959124914501E-18,0.0076));
#13756=CARTESIAN_POINT('',(0.00625681259448644,-0.00413549225092681,0.0086));
#13757=CARTESIAN_POINT('',(0.0064970759850376,-0.00437575564147797,0.0082670812802933));
#13758=CARTESIAN_POINT('',(0.00673701766069377,-0.00461569731713414,0.00793369793369177));
#13759=CARTESIAN_POINT('',(0.00697673995487943,-0.0048554196113198,0.0076));
#13760=CARTESIAN_POINT('',(0.00625681259448644,-0.00413549225092681,0.0086));
#13761=CARTESIAN_POINT('',(0.00817740722643692,0.00231948508359446,0.0076));
#13762=CARTESIAN_POINT('',(0.00787269939939884,0.00217086914635689,0.00793369793369177));
#13763=CARTESIAN_POINT('',(0.00756771271948476,0.0020221172034843,0.0082670812802933));
#13764=CARTESIAN_POINT('',(0.0072623171120368,0.00187316581332706,0.0086));
#13765=CARTESIAN_POINT('',(0.0072623171120368,0.00187316581332706,0.0086));
#13766=CARTESIAN_POINT('',(0.,2.18959124914501E-18,0.0086));
#13767=CARTESIAN_POINT('',(0.0120537742936152,0.0015,0.013928529631062));
#13768=CARTESIAN_POINT('',(0.0120537742936152,0.0015,0.0066));
#13769=CARTESIAN_POINT('',(2.76977639434434E-19,2.18959124914501E-18,0.0066));
#13770=CARTESIAN_POINT('',(2.76977639434434E-19,2.18959124914501E-18,0.0076));
#13771=CARTESIAN_POINT('',(2.76977639434434E-19,2.18959124914501E-18,0.0076));
#13772=CARTESIAN_POINT('',(0.00576363326690686,0.00448001468352556,0.0076));
#13773=CARTESIAN_POINT('',(0.00707874670727408,0.00178363254462806,0.0076));
#13774=CARTESIAN_POINT('',(0.00707874670727408,0.00178363254462806,0.0076));
#13775=CARTESIAN_POINT('',(0.0068622937860697,0.00501586722249196,0.0076));
#13776=CARTESIAN_POINT('',(0.,2.18959124914501E-18,0.0076));
#13777=CARTESIAN_POINT('',(0.00594720367166958,0.00456954795222457,0.0086));
#13778=CARTESIAN_POINT('',(0.00625259927911754,0.0047184993423818,0.0082670812802933));
#13779=CARTESIAN_POINT('',(0.00655758595903161,0.0048672512852544,0.00793369793369177));
#13780=CARTESIAN_POINT('',(0.0068622937860697,0.00501586722249196,0.0076));
#13781=CARTESIAN_POINT('',(0.00594720367166958,0.00456954795222457,0.0086));
#13782=CARTESIAN_POINT('',(0.00182692307692308,0.00830134640109698,0.0076));
#13783=CARTESIAN_POINT('',(0.00205683311356727,0.00790099408342609,0.00794158062587137));
#13784=CARTESIAN_POINT('',(0.00228182526321063,0.00749201226401782,0.00827585467677008));
#13785=CARTESIAN_POINT('',(0.0025,0.00707106781186547,0.0086));
#13786=CARTESIAN_POINT('',(0.0025,0.00707106781186547,0.0086));
#13787=CARTESIAN_POINT('',(0.,2.18959124914501E-18,0.0086));
#13788=CARTESIAN_POINT('',(0.00075,0.0085,0.006));
#13789=CARTESIAN_POINT('',(0.0009,0.00655,0.00622285714285714));
#13790=CARTESIAN_POINT('',(0.0009,0.00775,0.00622285714285714));
#13791=CARTESIAN_POINT('',(0.0025,0.0085,0.0086));
#13792=CARTESIAN_POINT('',(0.00075,0.0085,0.006));
#13793=CARTESIAN_POINT('',(0.00075,0.00775,0.006));
#13794=CARTESIAN_POINT('',(0.00075,0.00775,0.006));
#13795=CARTESIAN_POINT('',(0.00075,-0.0111450719822813,0.0045));
#13796=CARTESIAN_POINT('',(0.00075,0.00775,0.0086));
#13797=CARTESIAN_POINT('',(0.00075,0.00775,0.0045));
#13798=CARTESIAN_POINT('',(0.00075,-0.0111450719822813,0.0045));
#13799=CARTESIAN_POINT('',(2.76977639434434E-19,2.18959124914501E-18,0.0045));
#13800=CARTESIAN_POINT('',(-0.00075,2.18959124914501E-18,0.0045));
#13801=CARTESIAN_POINT('',(-0.00075,0.00775,0.0045));
#13802=CARTESIAN_POINT('',(-0.0009,0.00775,0.0045));
#13803=CARTESIAN_POINT('',(-0.00075,-0.0111450719822813,0.0045));
#13804=CARTESIAN_POINT('',(-0.00075,0.00775,0.0086));
#13805=CARTESIAN_POINT('',(-0.00075,0.00775,0.006));
#13806=CARTESIAN_POINT('',(-0.00075,-0.0111450719822813,0.006));
#13807=CARTESIAN_POINT('',(-0.00075,0.0085,0.006));
#13808=CARTESIAN_POINT('',(-0.0009,0.00655,0.00622285714285714));
#13809=CARTESIAN_POINT('',(-0.0009,0.00694190175672344,0.00622285714285714));
#13810=CARTESIAN_POINT('',(-0.0009,0.00775,0.00622285714285714));
#13811=CARTESIAN_POINT('',(-0.0009,0.00775,0.00622285714285714));
#13812=CARTESIAN_POINT('',(-0.0025,0.00707106781186546,0.0086));
#13813=CARTESIAN_POINT('',(-0.00228182526321063,0.00749201226401782,0.00827585467677007));
#13814=CARTESIAN_POINT('',(-0.00205683311356726,0.00790099408342609,0.00794158062587137));
#13815=CARTESIAN_POINT('',(-0.00182692307692307,0.00830134640109699,0.0076));
#13816=CARTESIAN_POINT('',(-0.0025,0.00707106781186546,0.0086));
#13817=CARTESIAN_POINT('',(-0.0025,0.0085,0.0086));
#13818=CARTESIAN_POINT('',(-0.0025,0.00653834841531101,0.0086));
#13819=CARTESIAN_POINT('',(-0.0009,0.00694190175672344,0.00622285714285714));
#13820=CARTESIAN_POINT('',(-0.00144801731031901,0.00687085269890447,0.00703705428961682));
#13821=CARTESIAN_POINT('',(-0.0019838405615555,0.00673570690925262,0.00783313454859674));
#13822=CARTESIAN_POINT('',(-0.0025,0.00653834841531101,0.0086));
#13823=CARTESIAN_POINT('',(0.,2.18959124914501E-18,0.0076));
#13824=CARTESIAN_POINT('',(-0.00485541961131978,0.00697673995487944,0.0076));
#13825=CARTESIAN_POINT('',(-0.00461569731713412,0.00673701766069379,0.00793369793369177));
#13826=CARTESIAN_POINT('',(-0.00437575564147795,0.00649707598503762,0.0082670812802933));
#13827=CARTESIAN_POINT('',(-0.00413549225092679,0.00625681259448645,0.0086));
#13828=CARTESIAN_POINT('',(-0.00413549225092679,0.00625681259448645,0.0086));
#13829=CARTESIAN_POINT('',(0.,2.18959124914501E-18,0.0086));
#13830=CARTESIAN_POINT('',(2.76977639434434E-19,2.18959124914501E-18,0.0076));
#13831=CARTESIAN_POINT('',(-0.0039910722043462,0.00611239254790587,0.0076));
#13832=CARTESIAN_POINT('',(-0.0039910722043462,0.00611239254790587,0.0076));
#13833=CARTESIAN_POINT('',(-0.00697673995487942,0.0048554196113198,0.0076));
#13834=CARTESIAN_POINT('',(-0.00611239254790585,0.00399107220434623,0.0076));
#13835=CARTESIAN_POINT('',(2.76977639434434E-19,2.18959124914501E-18,0.0076));
#13836=CARTESIAN_POINT('',(-0.001325,0.011,0.00250717967697246));
#13837=CARTESIAN_POINT('',(-0.001325,0.0106,0.0032));
#13838=CARTESIAN_POINT('',(-0.00216113043001033,0.01095,0.000499999999999942));
#13839=CARTESIAN_POINT('',(0.0009,0.01095,0.000499999999999942));
#13840=CARTESIAN_POINT('',(-0.0009,0.01095,0.000499999999999942));
#13841=CARTESIAN_POINT('',(0.,0.,0.0042));
#13842=CARTESIAN_POINT('',(-0.00265119074917706,0.01104,0.00319));
#13843=CARTESIAN_POINT('',(-0.00265119074917706,0.01104,0.0032));
#13844=CARTESIAN_POINT('',(-5.42101086242752E-20,0.00882123889803854,0.000399999999999954));
#13845=CARTESIAN_POINT('',(-0.0009,0.00882123889803854,0.000399999999999954));
#13846=CARTESIAN_POINT('',(-0.0009,0.00882123889803854,0.000399999999999954));
#13847=CARTESIAN_POINT('',(0.0009,0.00882123889803854,0.000399999999999954));
#13848=CARTESIAN_POINT('',(0.0009,0.00882123889803854,0.000399999999999954));
#13849=CARTESIAN_POINT('',(-5.42101086242752E-20,0.00882123889803854,0.000399999999999954));
#13850=CARTESIAN_POINT('',(0.0009,0.01095,0.000499999999999942));
#13851=CARTESIAN_POINT('',(0.0009,0.01095,0.000399999999999954));
#13852=CARTESIAN_POINT('',(0.0009,0.01095,0.000399999999999954));
#13853=CARTESIAN_POINT('',(-0.0009,0.01095,0.000499999999999942));
#13854=CARTESIAN_POINT('',(-0.0009,0.01095,0.000399999999999954));
#13855=CARTESIAN_POINT('',(-0.0009,0.01095,0.000399999999999948));
#13856=CARTESIAN_POINT('',(-0.00924568497700994,0.00712436463345033,0.0076));
#13857=CARTESIAN_POINT('',(-0.00924568497700994,0.00712436463345033,0.0086));
#13858=CARTESIAN_POINT('',(-0.00611239254790585,0.00399107220434623,0.0086));
#13859=CARTESIAN_POINT('',(-0.00611239254790585,0.00399107220434623,0.0076));
#13860=CARTESIAN_POINT('',(2.76977639434434E-19,2.18959124914501E-18,0.0086));
#13861=CARTESIAN_POINT('',(2.76977639434434E-19,2.18959124914501E-18,0.0086));
#13862=CARTESIAN_POINT('',(-0.0039910722043462,0.00611239254790587,0.0086));
#13863=CARTESIAN_POINT('',(-0.0039910722043462,0.00611239254790587,0.0086));
#13864=CARTESIAN_POINT('',(2.76977639434434E-19,2.18959124914501E-18,0.0086));
#13865=CARTESIAN_POINT('',(-0.00707874670727408,-0.00178363254462805,0.0086));
#13866=CARTESIAN_POINT('',(-0.00707874670727408,-0.00178363254462805,0.0086));
#13867=CARTESIAN_POINT('',(2.76977639434434E-19,2.18959124914501E-18,0.0086));
#13868=CARTESIAN_POINT('',(-0.00576363326690686,-0.00448001468352556,0.0086));
#13869=CARTESIAN_POINT('',(-0.00594720367166958,-0.00456954795222456,0.0086));
#13870=CARTESIAN_POINT('',(-0.0117561235592557,-0.00406494166434309,0.0076));
#13871=CARTESIAN_POINT('',(-0.00707874670727408,-0.00178363254462805,0.0076));
#13872=CARTESIAN_POINT('',(2.76977639434434E-19,2.18959124914501E-18,0.0076));
#13873=CARTESIAN_POINT('',(-0.00576363326690686,-0.00448001468352556,0.0076));
#13874=CARTESIAN_POINT('',(-0.0104410101188885,-0.00676132380324059,0.0076));
#13875=CARTESIAN_POINT('',(2.76977639434434E-19,2.18959124914501E-18,0.00305));
#13876=CARTESIAN_POINT('',(2.76977639434434E-19,2.18959124914501E-18,0.0045));
#13877=CARTESIAN_POINT('',(-0.0009,0.00694190175672344,0.0045));
#13878=CARTESIAN_POINT('',(-0.0009,-0.00694190175672344,0.0045));
#13879=CARTESIAN_POINT('',(-0.0009,0.00694190175672344,0.0086));
#13880=CARTESIAN_POINT('',(-0.0009,-0.00694190175672344,0.0086));
#13881=CARTESIAN_POINT('',(2.76977639434434E-19,2.18959124914501E-18,0.0086));
#13882=CARTESIAN_POINT('',(0.00399107220434621,-0.00611239254790586,0.0086));
#13883=CARTESIAN_POINT('',(0.00399107220434621,-0.00611239254790586,0.0086));
#13884=CARTESIAN_POINT('',(2.76977639434434E-19,2.18959124914501E-18,0.0086));
#13885=CARTESIAN_POINT('',(0.00611239254790585,-0.00399107220434622,0.0086));
#13886=CARTESIAN_POINT('',(0.00625681259448644,-0.00413549225092681,0.0086));
#13887=CARTESIAN_POINT('',(0.00707874670727408,0.00178363254462806,0.0086));
#13888=CARTESIAN_POINT('',(0.00707874670727408,0.00178363254462806,0.0086));
#13889=CARTESIAN_POINT('',(2.76977639434434E-19,2.18959124914501E-18,0.0086));
#13890=CARTESIAN_POINT('',(0.00576363326690686,0.00448001468352556,0.0086));
#13891=CARTESIAN_POINT('',(0.00594720367166958,0.00456954795222456,0.0086));
#13892=CARTESIAN_POINT('',(0.0071243646334503,-0.00924568497700996,0.0076));
#13893=CARTESIAN_POINT('',(0.00399107220434621,-0.00611239254790586,0.0076));
#13894=CARTESIAN_POINT('',(2.76977639434434E-19,2.18959124914501E-18,0.0076));
#13895=CARTESIAN_POINT('',(0.00611239254790585,-0.00399107220434622,0.0076));
#13896=CARTESIAN_POINT('',(0.00924568497700994,-0.00712436463345032,0.0076));
#13897=CARTESIAN_POINT('',(0.0117561235592557,0.00406494166434309,0.0076));
#13898=CARTESIAN_POINT('',(0.00707874670727408,0.00178363254462806,0.0076));
#13899=CARTESIAN_POINT('',(2.76977639434434E-19,2.18959124914501E-18,0.0076));
#13900=CARTESIAN_POINT('',(0.00576363326690686,0.00448001468352556,0.0076));
#13901=CARTESIAN_POINT('',(0.0104410101188885,0.00676132380324059,0.0076));
#13902=CARTESIAN_POINT('',(-0.0071243646334503,0.00924568497700997,0.0076));
#13903=CARTESIAN_POINT('',(-0.0039910722043462,0.00611239254790587,0.0076));
#13904=CARTESIAN_POINT('',(2.76977639434434E-19,2.18959124914501E-18,0.0076));
#13905=CARTESIAN_POINT('',(0.,0.,0.0032));
#13906=CARTESIAN_POINT('',(0.,0.,0.0004));
#13907=CARTESIAN_POINT('',(0.,0.0254811061266655,0.00039999999999984));
#13908=CARTESIAN_POINT('',(0.,0.0254811061266655,0.00039999999999984));
#13909=CARTESIAN_POINT('',(2.76977639434434E-19,2.18959124914501E-18,0.0045));
#13910=CARTESIAN_POINT('',(-0.0009,0.00655,0.0045));
#13911=CARTESIAN_POINT('',(-0.0009,0.00655,0.0045));
#13912=CARTESIAN_POINT('',(-0.0009,-0.00655,0.0045));
#13913=CARTESIAN_POINT('',(-0.0009,-0.00655,0.0045));
#13914=CARTESIAN_POINT('',(2.76977639434434E-19,-0.00655,0.0045));
#13915=CARTESIAN_POINT('',(0.0009,-0.00655,0.0045));
#13916=CARTESIAN_POINT('',(0.0009,-0.00655,0.0045));
#13917=CARTESIAN_POINT('',(0.0009,0.00655,0.0045));
#13918=CARTESIAN_POINT('',(0.0009,0.00655,0.0045));
#13919=CARTESIAN_POINT('',(2.76977639434434E-19,0.00655,0.0045));
#13920=CARTESIAN_POINT('',(-0.0009,0.00655,0.0086));
#13921=CARTESIAN_POINT('',(-0.0009,0.00655,0.0042));
#13922=CARTESIAN_POINT('',(-0.0009,0.00655,0.0042));
#13923=CARTESIAN_POINT('',(0.0009,0.00655,0.0042));
#13924=CARTESIAN_POINT('',(-0.0009,0.00655,0.0086));
#13925=CARTESIAN_POINT('',(0.0009,0.00655,0.0086));
#13926=CARTESIAN_POINT('',(-0.0009,-0.00655,0.0086));
#13927=CARTESIAN_POINT('',(0.0009,-0.00655,0.0086));
#13928=CARTESIAN_POINT('',(0.0009,-0.00655,0.0042));
#13929=CARTESIAN_POINT('',(-0.0009,-0.00655,0.0086));
#13930=CARTESIAN_POINT('',(-0.0009,-0.00655,0.0042));
#13931=CARTESIAN_POINT('',(-0.0009,-0.00655,0.0042));
#13932=CARTESIAN_POINT('',(0.,0.,0.0042));
#13933=CARTESIAN_POINT('',(0.,0.00775,0.0042));
#13934=CARTESIAN_POINT('',(0.0009,0.00775,0.0042));
#13935=CARTESIAN_POINT('',(-0.0009,0.00775,0.0042));
#13936=CARTESIAN_POINT('',(-0.0009,0.00655,0.0042));
#13937=CARTESIAN_POINT('',(0.0009,0.00655,0.0042));
#13938=CARTESIAN_POINT('',(0.,0.,0.0042));
#13939=CARTESIAN_POINT('',(-0.0009,-0.00655,0.0042));
#13940=CARTESIAN_POINT('',(-0.0009,-0.00775,0.0042));
#13941=CARTESIAN_POINT('',(0.,-0.00775,0.0042));
#13942=CARTESIAN_POINT('',(0.0009,-0.00775,0.0042));
#13943=CARTESIAN_POINT('',(0.0009,-0.00655,0.0042));
#13944=CARTESIAN_POINT('',(-0.0009,0.00775,0.0086));
#13945=CARTESIAN_POINT('',(0.0009,0.00775,0.0086));
#13946=CARTESIAN_POINT('',(-0.0009,0.00775,0.0086));
#13947=CARTESIAN_POINT('',(-0.0009,-0.00775,0.0086));
#13948=CARTESIAN_POINT('',(-0.0009,-0.00775,0.0086));
#13949=CARTESIAN_POINT('',(0.0009,-0.00775,0.0086));
#13950=CARTESIAN_POINT('',(-0.0009,0.00655,0.0086));
#13951=CARTESIAN_POINT('',(0.0009,0.00655,0.0086));
#13952=CARTESIAN_POINT('',(0.0009,-0.00655,0.0086));
#13953=CARTESIAN_POINT('',(-0.0009,-0.00655,0.0086));
#13954=CARTESIAN_POINT('',(-0.0015,0.0094,0.0008));
#13955=CARTESIAN_POINT('',(0.0015,0.0094,0.0008));
#13956=CARTESIAN_POINT('',(-0.00405,-0.01025,0.0032));
#13957=CARTESIAN_POINT('',(-0.00405,-0.01025,0.0032));
#13958=CARTESIAN_POINT('',(-0.00405,-0.01025,0.00318));
#13959=CARTESIAN_POINT('',(-0.00405,-0.01025,0.00318));
#13960=CARTESIAN_POINT('',(0.,-0.01025,0.));
#13961=MECHANICAL_DESIGN_GEOMETRIC_PRESENTATION_REPRESENTATION('',(#7659,
#331,#332,#333,#334,#335,#336,#337,#338,#339,#340,#341,#342,#343,#344,#345,
#346,#347,#348,#349,#350,#351,#352,#353,#354,#355,#356,#357,#358,#359,#360,
#361,#362,#363,#364,#365,#366,#367,#368,#369,#370,#371,#372,#373,#374,#375,
#376,#377,#378,#379,#380,#381,#382,#383,#384,#385,#386,#387,#388,#389,#390,
#391,#392,#393,#394,#395,#396,#397,#398,#399,#400,#401,#402,#403,#404,#405,
#406,#407,#408,#409,#410,#411,#412,#413,#414,#415,#416,#417,#418,#419,#420,
#421,#422,#423,#424,#425,#426,#427,#428,#429,#430,#431,#432,#433,#434,#435,
#436,#437,#438,#439,#440,#441,#442,#443,#444,#445,#446,#447,#448,#449,#450,
#451,#452,#453,#454,#455,#456,#457,#458,#459,#460,#461,#462,#463,#464,#465,
#466,#467,#468,#469,#470,#471,#472,#473,#474,#475,#476,#477,#478,#479,#480,
#481,#482,#483,#484,#485,#486,#487,#488,#489,#490,#491),#13962);
#13962=(
GEOMETRIC_REPRESENTATION_CONTEXT(3)
GLOBAL_UNCERTAINTY_ASSIGNED_CONTEXT((#13963))
GLOBAL_UNIT_ASSIGNED_CONTEXT((#13966,#13965,#13964))
REPRESENTATION_CONTEXT('Part 1','TOP_LEVEL_ASSEMBLY_PART')
);
#13963=UNCERTAINTY_MEASURE_WITH_UNIT(LENGTH_MEASURE(2.E-5),#13966,
'DISTANCE_ACCURACY_VALUE','Maximum Tolerance applied to model');
#13964=(
NAMED_UNIT(*)
SI_UNIT($,.STERADIAN.)
SOLID_ANGLE_UNIT()
);
#13965=(
NAMED_UNIT(*)
PLANE_ANGLE_UNIT()
SI_UNIT($,.RADIAN.)
);
#13966=(
LENGTH_UNIT()
NAMED_UNIT(*)
SI_UNIT($,.METRE.)
);
#13967=PRODUCT_DEFINITION_SHAPE('','',#13968);
#13968=PRODUCT_DEFINITION('','',#13970,#13969);
#13969=PRODUCT_DEFINITION_CONTEXT('',#13976,'design');
#13970=PRODUCT_DEFINITION_FORMATION_WITH_SPECIFIED_SOURCE('','',#13972,
 .NOT_KNOWN.);
#13971=PRODUCT_RELATED_PRODUCT_CATEGORY('','',(#13972));
#13972=PRODUCT('Part 1','Part 1','Part 1',(#13974));
#13973=PRODUCT_CATEGORY('','');
#13974=PRODUCT_CONTEXT('',#13976,'mechanical');
#13975=APPLICATION_PROTOCOL_DEFINITION('international standard',
'ap242_managed_model_based_3d_engineering',2020,#13976);
#13976=APPLICATION_CONTEXT('managed model based 3d engineering');
ENDSEC;
END-ISO-10303-21;
